workflow_name,workflow_family,operating_systems,industries_using_this_workflow,industry_count,objective,trigger,end_outcome,primary_actors,major_decisions,major_handoffs,systems_of_record_involved,where_money_is_lost,where_time_is_lost,where_human_judgment_dominates,where_people_leave_the_system_of_record,what_software_exists_today,why_hasnt_this_been_solved,primary_reason,representative_vendors,researched_vendor_links,validation_status,missing_fields
"Access, Admissions, and Throughput Management","Access, Intake, and Contracting",Care Delivery and Reimbursement,Hospitals | Nursing and residential care facilities,2,"Move a person into service with the right eligibility, timing, and required intake information captured up front.","A person requests entry into care, education, or a case-based program.","The person is cleared for service, scheduled or enrolled, and visible to downstream service teams.",intake coordinator; participant or patient; authorization or eligibility staff; service scheduler,"Is the person eligible and appropriately prioritized?; What slot, program, or service path should they enter?; What information gap blocks progression into service?",front-door intake -> authorization or scheduling; eligibility review -> service owner; admitted participant -> ongoing service team,EHR and Care Management | Revenue Cycle Management | HCM / Workforce Management | ERP,"Leakage starts with avoidable denials, no-shows, unused capacity, and mis-routed participants.","Teams repeatedly collect the same history and chase coverage, paperwork, and schedule coordination.","Staff balance urgency, fit, and operational constraints under incomplete documentation.","Phone calls, scanned documents, and message threads still carry the real intake context.","Typical stacks combine EHR and Care Management, Revenue Cycle Management, HCM / Workforce Management, ERP; representative software in market today includes Epic, Oracle Health EHR, Meditech, PointClickCare, athenahealth RCM, R1 RCM.","Eligibility and access rules can be encoded, but edge cases and capacity realities still require manual orchestration. It typically spans 1 operating-system context and 4 systems-of-record categories.",Organizational,Epic; Oracle Health EHR; Meditech; PointClickCare; athenahealth RCM; R1 RCM; Optum; Workday Workforce Management,Epic: https://www.epic.com/; Oracle Health EHR: https://www.oracle.com/health/clinical-suite/electronic-health-record/; athenahealth RCM: https://www.athenahealth.com/solutions/revenue-cycle-management; R1 RCM: https://www.r1rcm.com/enterprise-partnerships; Workday Workforce Management: https://forms.workday.com/en-us/quick-demos/managing-your-workforce-with-workday-demo/form.html?step=step1_default; Deputy: https://www.deputy.com/; Legion: https://legion.co/en-gb/products/; SAP Cloud ERP: https://www.sap.com/products/erp.html?dfa=1&gad=1; Acumatica Cloud ERP: https://www.acumatica.com/cloud-erp-software/,Complete,
"Access, Intake, and Scheduling","Access, Intake, and Contracting",Care Delivery and Reimbursement,Ambulatory health care services,1,"Move a person into service with the right eligibility, timing, and required intake information captured up front.","A person requests entry into care, education, or a case-based program.","The person is cleared for service, scheduled or enrolled, and visible to downstream service teams.",intake coordinator; participant or patient; authorization or eligibility staff; service scheduler,"Is the person eligible and appropriately prioritized?; What slot, program, or service path should they enter?; What information gap blocks progression into service?",front-door intake -> authorization or scheduling; eligibility review -> service owner; admitted participant -> ongoing service team,EHR and Care Management | Revenue Cycle Management | Practice Management,"Leakage starts with avoidable denials, no-shows, unused capacity, and mis-routed participants.","Teams repeatedly collect the same history and chase coverage, paperwork, and schedule coordination.","Staff balance urgency, fit, and operational constraints under incomplete documentation.","Phone calls, scanned documents, and message threads still carry the real intake context.","Typical stacks combine EHR and Care Management, Revenue Cycle Management, Practice Management; representative software in market today includes Epic, Oracle Health EHR, Meditech, PointClickCare, athenahealth RCM, R1 RCM.","Eligibility and access rules can be encoded, but edge cases and capacity realities still require manual orchestration. It typically spans 1 operating-system context and 3 systems-of-record categories.",Organizational,Epic; Oracle Health EHR; Meditech; PointClickCare; athenahealth RCM; R1 RCM; Optum; eClinicalWorks,Epic: https://www.epic.com/; Oracle Health EHR: https://www.oracle.com/health/clinical-suite/electronic-health-record/; athenahealth RCM: https://www.athenahealth.com/solutions/revenue-cycle-management; R1 RCM: https://www.r1rcm.com/enterprise-partnerships,Complete,
Account and Loan Onboarding,"Access, Intake, and Contracting","Deposit, Credit, and Payment Intermediation","Federal Reserve banks, credit intermediation, and related activities",1,"Stand up a new account, relationship, or fund record while satisfying verification, risk, and setup requirements.","A new customer, borrower, investor, or fund relationship is approved for activation.","The relationship is activated in the necessary systems with required checks, documents, and controls completed.",onboarding specialist; customer or counterparty; risk or compliance reviewer; operations setup team,Is the relationship verified enough to activate?; What documentation or control gap still blocks go-live?; Which setup path fits the relationship complexity and risk level?,"sales or relationship owner -> onboarding team; onboarding -> risk, compliance, or legal review; approved setup -> servicing or operations team",Core Banking | Loan Origination and Servicing | Payments | Risk and Compliance | CRM,"Slow onboarding delays revenue start dates and increases abandonment, while weak controls raise risk and rework.","Teams chase documents, approvals, signatures, and duplicate data entry across systems.","Analysts still judge risk, beneficial ownership complexity, and what counts as a satisfactory exception path.","Onboarding packets, emails, shared checklists, and external verification portals carry the real process state.","Typical stacks combine Core Banking, Loan Origination and Servicing, Payments, Risk and Compliance, and adjacent specialist systems; representative software in market today includes Temenos, Finastra Phoenix, Fiserv, FIS, Jack Henry, nCino Commercial Lending.","Verification is partly automatable, but high-value or high-risk relationships still require context-heavy review and layered approvals. It typically spans 1 operating-system context and 5 systems-of-record categories.",Regulatory,Temenos; Finastra Phoenix; Fiserv; FIS; Jack Henry; nCino Commercial Lending; nCino; Dealertrack,Temenos: https://www.temenos.com/; Finastra Phoenix: https://www.finastra.com/us-mid-market/solutions/phoenix-banking-core; nCino Commercial Lending: https://www.ncino.com/solutions/commercial-lending?nxtPslug=commercial-loan-origination-system; Salesforce CRM: https://www.salesforce.com/crm/; Microsoft Dynamics 365 Sales: https://www.microsoft.com/en-us/dynamics-365/products/sales; HubSpot CRM: https://www.hubspot.com/products/crm?gh_jid=5988617,Complete,
Admissions and Enrollment,"Access, Intake, and Contracting",Education Delivery and Administration,Educational services,1,"Move a person into service with the right eligibility, timing, and required intake information captured up front.","A person requests entry into care, education, or a case-based program.","The person is cleared for service, scheduled or enrolled, and visible to downstream service teams.",intake coordinator; participant or patient; authorization or eligibility staff; service scheduler,"Is the person eligible and appropriately prioritized?; What slot, program, or service path should they enter?; What information gap blocks progression into service?",front-door intake -> authorization or scheduling; eligibility review -> service owner; admitted participant -> ongoing service team,Learning Management System | Student Information System | ERP | HCM / Workforce Management,"Leakage starts with avoidable denials, no-shows, unused capacity, and mis-routed participants.","Teams repeatedly collect the same history and chase coverage, paperwork, and schedule coordination.","Staff balance urgency, fit, and operational constraints under incomplete documentation.","Phone calls, scanned documents, and message threads still carry the real intake context.","Typical stacks combine Learning Management System, Student Information System, ERP, HCM / Workforce Management; representative software in market today includes Canvas LMS, D2L Brightspace, Blackboard, Ellucian Student, PowerSchool, Workday Student.","Eligibility and access rules can be encoded, but edge cases and capacity realities still require manual orchestration. It typically spans 1 operating-system context and 4 systems-of-record categories.",Organizational,Canvas LMS; D2L Brightspace; Blackboard; Ellucian Student; PowerSchool; Workday Student; SAP Cloud ERP; Acumatica Cloud ERP,Canvas LMS: https://www.instructure.com/canvas; D2L Brightspace: https://www.d2l.com/brightspace/; Ellucian Student: https://www.ellucian.com/student; SAP Cloud ERP: https://www.sap.com/products/erp.html?dfa=1&gad=1; Acumatica Cloud ERP: https://www.acumatica.com/cloud-erp-software/; Deputy: https://www.deputy.com/; Legion: https://legion.co/en-gb/products/,Complete,
Aftermarket Service and Field Support,Customer and Experience Operations,Product Manufacturing and Lifecycle Operations,"Motor vehicles, bodies and trailers, and parts | Machinery | Other transportation equipment",3,"Resolve customer issues quickly without sacrificing margin, service quality, or downstream operational clarity.","A customer asks for support, raises an issue, or requires live service intervention.",The issue is resolved or routed correctly and the account or service record reflects the outcome.,support or service agent; customer; operations team; account owner,"What is the true root cause and who owns it?; Should the issue be fixed, compensated, escalated, or monitored?; What follow-up best protects future retention?","customer-facing channel -> support queue; support -> operations, field, or finance; resolution -> account owner or retention motion",Manufacturing Execution System | Maintenance Management | Project and Construction Management | Supply Chain Planning | PLM and Engineering Design | ERP,"Repeat contacts, credits, field callbacks, and unresolved issues raise support cost and churn risk.",Agents and operations teams waste time on status chasing and duplicate handoffs.,"Good service recovery depends on empathy, prioritization, and contextual interpretation.","The most important context often lives in conversations, notes, and side chats rather than system fields.","Typical stacks combine Manufacturing Execution System, Maintenance Management, Project and Construction Management, Supply Chain Planning, and adjacent specialist systems; representative software in market today includes Siemens Opcenter, Rockwell FactoryTalk MES, Plex, Epicor, Rockwell FactoryTalk, IFS Enterprise Asset Management.","Support flows cross channels and teams, and the edge cases that matter most remain unstructured. It typically spans 1 operating-system context and 6 systems-of-record categories.",Legacy Architecture,Siemens Opcenter; Rockwell FactoryTalk MES; Plex; Epicor; Rockwell FactoryTalk; IFS Enterprise Asset Management; Yardi; ServiceTitan,Siemens Opcenter: https://www.siemens.com/en-us/products/opcenter/; Rockwell FactoryTalk MES: https://www.rockwellautomation.com/en-us/products/software/factorytalk/operationsuite/mes.html; IFS Enterprise Asset Management: https://www.ifs.com/en/products/alm/eam; Procore: https://www.procore.com/what-is-procore; Procore Financial Management: https://www.procore.com/financial-management; Blue Yonder Integrated Business Planning: https://blueyonder.com/solutions/supply-chain-planning/integrated-business-planning; Kinaxis: https://www.kinaxis.com/en; o9 Solutions: https://o9solutions.com/; SAP Cloud ERP: https://www.sap.com/products/erp.html?dfa=1&gad=1; Acumatica Cloud ERP: https://www.acumatica.com/cloud-erp-software/,Complete,
Assembly and Test,Production and Asset Operations,Product Manufacturing and Lifecycle Operations,"Machinery | Electrical equipment, appliances, and components",2,Run the physical process or line at the required throughput and quality with clear status and escalation control.,"A production run, asset cycle, or operating shift is ready to execute.","Output is produced, status is recorded, and any exception is handed to the right follow-up owner.",operations supervisor; machine or process operator; quality or maintenance staff; planner,What run order or operating mode best fits current conditions?; What issue should stop the line versus be worked around?; When is output acceptable enough to release or continue?,"plan -> line or field operators; execution -> quality or maintenance team; completed output -> logistics, inventory, or finance",Manufacturing Execution System | Maintenance Management | PLM and Engineering Design | Shop Floor Control and Quality | ERP,"Scrap, slow cycles, poor yields, and unplanned downtime are the main leakages.","Operators lose time to waiting, restarts, manual data capture, and coordination across shifts.","Supervisors balance throughput, quality, and risk when conditions diverge from the ideal run.","Operational nuance lives in shift notes, whiteboards, and tribal knowledge outside MES and ERP fields.","Typical stacks combine Manufacturing Execution System, Maintenance Management, PLM and Engineering Design, Shop Floor Control and Quality, and adjacent specialist systems; representative software in market today includes Siemens Opcenter, Rockwell FactoryTalk MES, Plex, Epicor, Rockwell FactoryTalk, IFS Enterprise Asset Management.","Even with modern MES, the last mile of execution still depends on local conditions and human adaptation. It typically spans 1 operating-system context and 5 systems-of-record categories.",Legacy Architecture,Siemens Opcenter; Rockwell FactoryTalk MES; Plex; Epicor; Rockwell FactoryTalk; IFS Enterprise Asset Management; Yardi; ServiceTitan,Siemens Opcenter: https://www.siemens.com/en-us/products/opcenter/; Rockwell FactoryTalk MES: https://www.rockwellautomation.com/en-us/products/software/factorytalk/operationsuite/mes.html; IFS Enterprise Asset Management: https://www.ifs.com/en/products/alm/eam; SAP Cloud ERP: https://www.sap.com/products/erp.html?dfa=1&gad=1; Acumatica Cloud ERP: https://www.acumatica.com/cloud-erp-software/,Complete,
"Assembly, Test, and Certification",Production and Asset Operations,Product Manufacturing and Lifecycle Operations,Other transportation equipment,1,Run the physical process or line at the required throughput and quality with clear status and escalation control.,"A production run, asset cycle, or operating shift is ready to execute.","Output is produced, status is recorded, and any exception is handed to the right follow-up owner.",operations supervisor; machine or process operator; quality or maintenance staff; planner,What run order or operating mode best fits current conditions?; What issue should stop the line versus be worked around?; When is output acceptable enough to release or continue?,"plan -> line or field operators; execution -> quality or maintenance team; completed output -> logistics, inventory, or finance",Project and Construction Management | PLM and Engineering Design | ERP,"Scrap, slow cycles, poor yields, and unplanned downtime are the main leakages.","Operators lose time to waiting, restarts, manual data capture, and coordination across shifts.","Supervisors balance throughput, quality, and risk when conditions diverge from the ideal run.","Operational nuance lives in shift notes, whiteboards, and tribal knowledge outside MES and ERP fields.","Typical stacks combine Project and Construction Management, PLM and Engineering Design, ERP; representative software in market today includes Procore, Procore Financial Management, Autodesk Construction Cloud, Oracle Primavera, Siemens Teamcenter, Dassault 3DEXPERIENCE.","Even with modern MES, the last mile of execution still depends on local conditions and human adaptation. It typically spans 1 operating-system context and 3 systems-of-record categories.",Legacy Architecture,Procore; Procore Financial Management; Autodesk Construction Cloud; Oracle Primavera; Siemens Teamcenter; Dassault 3DEXPERIENCE; PTC Windchill; Cadence,Procore: https://www.procore.com/what-is-procore; Procore Financial Management: https://www.procore.com/financial-management; SAP Cloud ERP: https://www.sap.com/products/erp.html?dfa=1&gad=1; Acumatica Cloud ERP: https://www.acumatica.com/cloud-erp-software/,Complete,
Asset Acquisition and Setup,Planning and Allocation,Asset Utilization and Lease Management,Rental and leasing services and lessors of intangible assets,1,"Set the next operating baseline for capacity, demand, production, or resource use under uncertain conditions.",A planning horizon opens or enough signal changes that the current plan no longer fits reality.,A practical baseline plan is published with assumptions and accountable owners documented.,planner; operations leader; commercial or finance partner; downstream execution owner,"What demand and capacity assumptions should the organization trust right now?; Which tradeoff between service, cost, and utilization is acceptable?; When should the baseline be changed rather than managed through exceptions?","market or operating signals -> planning team; published plan -> procurement, labor, or execution teams; plan variance -> management review",Maintenance Management | Rental Operations Management | ERP,"Forecast error and poor allocation create excess cost, missed revenue, and avoidable firefighting.",Planning teams spend time rebuilding assumptions and chasing sign-off across functions.,Planners still decide which signals to trust and when the model output does not fit local reality.,"Scenario analysis and negotiation happen in spreadsheets, slides, and side conversations.","Typical stacks combine Maintenance Management, Rental Operations Management, ERP; representative software in market today includes IFS Enterprise Asset Management, Yardi, ServiceTitan, Oracle Utilities, IFS, AssetWorks.","The hard problem is not math alone; it is aligning noisy signals, local constraints, and organizational trust. It typically spans 1 operating-system context and 3 systems-of-record categories.",Technical,IFS Enterprise Asset Management; Yardi; ServiceTitan; Oracle Utilities; IFS; AssetWorks; LeaseQuery; Oracle,IFS Enterprise Asset Management: https://www.ifs.com/en/products/alm/eam; SAP Cloud ERP: https://www.sap.com/products/erp.html?dfa=1&gad=1; Acumatica Cloud ERP: https://www.acumatica.com/cloud-erp-software/,Complete,
Asset Maintenance and Outage Management,Production and Asset Operations,Network Infrastructure Operations,Utilities,1,"Restore or preserve asset readiness with the right work orders, parts, sequencing, and outage discipline.","An asset reaches a maintenance threshold, fails, turns over, or must be prepared for the next use.",The asset returns to service or readiness with maintenance history and follow-up actions captured.,maintenance planner; technician; operations owner; parts or contractor support,"What work is urgent now versus deferrable?; What outage, turnover, or turnaround scope is required to restore readiness?; What issue should be repaired, monitored, or replaced entirely?",operations signal -> maintenance planning; planned work -> technicians or contractors; returned asset -> operations and finance history,Maintenance Management | Utility Operations and Billing | Industrial Automation and SCADA | ERP,"Leakage comes from downtime, repeat failures, poor work scope, and weak turnover discipline.","Teams chase parts, permits, technician availability, and asset-history context.","Maintenance leaders still assess condition, risk, and repair tradeoffs beyond simple rules.","Readiness and outage details are frequently tracked in calls, notes, and local sheets outside the CMMS.","Typical stacks combine Maintenance Management, Utility Operations and Billing, Industrial Automation and SCADA, ERP; representative software in market today includes IFS Enterprise Asset Management, Yardi, ServiceTitan, Oracle Utilities, IFS, Oracle Utilities Customer to Meter.","Maintenance systems track work orders, but true readiness still depends on fragmented context and field judgment. It typically spans 1 operating-system context and 4 systems-of-record categories.",Legacy Architecture,IFS Enterprise Asset Management; Yardi; ServiceTitan; Oracle Utilities; IFS; Oracle Utilities Customer to Meter; SAP; GE Vernova,IFS Enterprise Asset Management: https://www.ifs.com/en/products/alm/eam; Oracle Utilities Customer to Meter: https://docs.oracle.com/en/industries/energy-water/advanced-meter/index.html; Acumatica Cloud ERP: https://www.acumatica.com/cloud-erp-software/,Complete,
Asset Maintenance and Turnover,Production and Asset Operations,Asset Utilization and Lease Management,Rental and leasing services and lessors of intangible assets,1,"Restore or preserve asset readiness with the right work orders, parts, sequencing, and outage discipline.","An asset reaches a maintenance threshold, fails, turns over, or must be prepared for the next use.",The asset returns to service or readiness with maintenance history and follow-up actions captured.,maintenance planner; technician; operations owner; parts or contractor support,"What work is urgent now versus deferrable?; What outage, turnover, or turnaround scope is required to restore readiness?; What issue should be repaired, monitored, or replaced entirely?",operations signal -> maintenance planning; planned work -> technicians or contractors; returned asset -> operations and finance history,Maintenance Management | Rental Operations Management | ERP,"Leakage comes from downtime, repeat failures, poor work scope, and weak turnover discipline.","Teams chase parts, permits, technician availability, and asset-history context.","Maintenance leaders still assess condition, risk, and repair tradeoffs beyond simple rules.","Readiness and outage details are frequently tracked in calls, notes, and local sheets outside the CMMS.","Typical stacks combine Maintenance Management, Rental Operations Management, ERP; representative software in market today includes IFS Enterprise Asset Management, Yardi, ServiceTitan, Oracle Utilities, IFS, AssetWorks.","Maintenance systems track work orders, but true readiness still depends on fragmented context and field judgment. It typically spans 1 operating-system context and 3 systems-of-record categories.",Legacy Architecture,IFS Enterprise Asset Management; Yardi; ServiceTitan; Oracle Utilities; IFS; AssetWorks; LeaseQuery; Oracle,IFS Enterprise Asset Management: https://www.ifs.com/en/products/alm/eam; SAP Cloud ERP: https://www.sap.com/products/erp.html?dfa=1&gad=1; Acumatica Cloud ERP: https://www.acumatica.com/cloud-erp-software/,Complete,
Asset Maintenance and Uptime Management,Production and Asset Operations,Process Manufacturing and Throughput Control,Primary metals | Paper products,2,"Restore or preserve asset readiness with the right work orders, parts, sequencing, and outage discipline.","An asset reaches a maintenance threshold, fails, turns over, or must be prepared for the next use.",The asset returns to service or readiness with maintenance history and follow-up actions captured.,maintenance planner; technician; operations owner; parts or contractor support,"What work is urgent now versus deferrable?; What outage, turnover, or turnaround scope is required to restore readiness?; What issue should be repaired, monitored, or replaced entirely?",operations signal -> maintenance planning; planned work -> technicians or contractors; returned asset -> operations and finance history,Maintenance Management | Supply Chain Planning | Industrial Automation and SCADA | Shop Floor Control and Quality | ERP,"Leakage comes from downtime, repeat failures, poor work scope, and weak turnover discipline.","Teams chase parts, permits, technician availability, and asset-history context.","Maintenance leaders still assess condition, risk, and repair tradeoffs beyond simple rules.","Readiness and outage details are frequently tracked in calls, notes, and local sheets outside the CMMS.","Typical stacks combine Maintenance Management, Supply Chain Planning, Industrial Automation and SCADA, Shop Floor Control and Quality, and adjacent specialist systems; representative software in market today includes IFS Enterprise Asset Management, Yardi, ServiceTitan, Oracle Utilities, IFS, Blue Yonder Integrated Business Planning.","Maintenance systems track work orders, but true readiness still depends on fragmented context and field judgment. It typically spans 1 operating-system context and 5 systems-of-record categories.",Legacy Architecture,IFS Enterprise Asset Management; Yardi; ServiceTitan; Oracle Utilities; IFS; Blue Yonder Integrated Business Planning; Kinaxis; o9 Solutions,IFS Enterprise Asset Management: https://www.ifs.com/en/products/alm/eam; Blue Yonder Integrated Business Planning: https://blueyonder.com/solutions/supply-chain-planning/integrated-business-planning; Kinaxis: https://www.kinaxis.com/en; o9 Solutions: https://o9solutions.com/; SAP Cloud ERP: https://www.sap.com/products/erp.html?dfa=1&gad=1; Acumatica Cloud ERP: https://www.acumatica.com/cloud-erp-software/,Complete,
Asset Maintenance and Work Orders,Production and Asset Operations,Asset Utilization and Lease Management,Housing | Other real estate,2,"Restore or preserve asset readiness with the right work orders, parts, sequencing, and outage discipline.","An asset reaches a maintenance threshold, fails, turns over, or must be prepared for the next use.",The asset returns to service or readiness with maintenance history and follow-up actions captured.,maintenance planner; technician; operations owner; parts or contractor support,"What work is urgent now versus deferrable?; What outage, turnover, or turnaround scope is required to restore readiness?; What issue should be repaired, monitored, or replaced entirely?",operations signal -> maintenance planning; planned work -> technicians or contractors; returned asset -> operations and finance history,Property Management System | Fund Administration and Accounting | Maintenance Management | Real Estate Asset Management | CRM,"Leakage comes from downtime, repeat failures, poor work scope, and weak turnover discipline.","Teams chase parts, permits, technician availability, and asset-history context.","Maintenance leaders still assess condition, risk, and repair tradeoffs beyond simple rules.","Readiness and outage details are frequently tracked in calls, notes, and local sheets outside the CMMS.","Typical stacks combine Property Management System, Fund Administration and Accounting, Maintenance Management, Real Estate Asset Management, and adjacent specialist systems; representative software in market today includes Yardi, RealPage, AppFolio, Entrata, Allvue Fund Accounting, Aladdin Accounting.","Maintenance systems track work orders, but true readiness still depends on fragmented context and field judgment. It typically spans 1 operating-system context and 5 systems-of-record categories.",Legacy Architecture,Yardi; RealPage; AppFolio; Entrata; Allvue Fund Accounting; Aladdin Accounting; SS&C; SimCorp,Yardi: https://www.yardi.com/solution/property-management-software/; Allvue Fund Accounting: https://www.allvuesystems.com/solutions/fund-accounting/; Aladdin Accounting: https://www.blackrock.com/aladdin/platforms/products/aladdin-accounting; IFS Enterprise Asset Management: https://www.ifs.com/en/products/alm/eam; Salesforce CRM: https://www.salesforce.com/crm/; Microsoft Dynamics 365 Sales: https://www.microsoft.com/en-us/dynamics-365/products/sales; HubSpot CRM: https://www.hubspot.com/products/crm?gh_jid=5988617,Complete,
Asset and Investor Reporting,Governance and Portfolio Operations,Asset Utilization and Lease Management,Other real estate,1,"Maintain an accurate investment, fund, or investor record across accounting, performance, portfolio, and client-facing views.","A trade, valuation change, investor event, or reporting cycle requires the portfolio record to be refreshed.","Positions, valuations, reporting views, and investor outputs align closely enough to support action and oversight.",portfolio or fund operations team; investment professional; accounting partner; investor relations or client service,"What portfolio, fund, or investor state is authoritative for the current action?; Which break, exception, or exposure deserves escalation?; What action should be taken before downstream reporting or client communication proceeds?",front-office activity -> middle or back office; accounting and valuation outputs -> investor reporting; exception review -> portfolio manager or leadership,Fund Administration and Accounting | Property Management System | Real Estate Asset Management | CRM,"Leakage comes from stale positions, NAV breaks, manual reporting overhead, and slow exception closure.","Teams reconcile books and records repeatedly across portfolio, accounting, and investor-reporting systems.","Materiality, valuation challenge, and client communication still depend on experienced professionals.","Exception narratives and investor context move through emails, memos, and spreadsheet bridges.","Typical stacks combine Fund Administration and Accounting, Property Management System, Real Estate Asset Management, CRM; representative software in market today includes Allvue Fund Accounting, Aladdin Accounting, SS&C, SimCorp, State Street Alpha, Clearwater.",Even sophisticated platforms still depend on cross-book reconciliation and human review to maintain trust. It typically spans 1 operating-system context and 4 systems-of-record categories.,Technical,Allvue Fund Accounting; Aladdin Accounting; SS&C; SimCorp; State Street Alpha; Clearwater; Yardi; RealPage,Allvue Fund Accounting: https://www.allvuesystems.com/solutions/fund-accounting/; Aladdin Accounting: https://www.blackrock.com/aladdin/platforms/products/aladdin-accounting; Yardi: https://www.yardi.com/solution/property-management-software/; Salesforce CRM: https://www.salesforce.com/crm/; Microsoft Dynamics 365 Sales: https://www.microsoft.com/en-us/dynamics-365/products/sales; HubSpot CRM: https://www.hubspot.com/products/crm?gh_jid=5988617,Complete,
Asset and Reserve Evaluation,Planning and Allocation,Field Production and Resource Extraction,Oil and gas extraction,1,"Set the next operating baseline for capacity, demand, production, or resource use under uncertain conditions.",A planning horizon opens or enough signal changes that the current plan no longer fits reality.,A practical baseline plan is published with assumptions and accountable owners documented.,planner; operations leader; commercial or finance partner; downstream execution owner,"What demand and capacity assumptions should the organization trust right now?; Which tradeoff between service, cost, and utilization is acceptable?; When should the baseline be changed rather than managed through exceptions?","market or operating signals -> planning team; published plan -> procurement, labor, or execution teams; plan variance -> management review",Geoscience and Reservoir Management | Production Accounting and Regulatory | Upstream Energy Management | ERP,"Forecast error and poor allocation create excess cost, missed revenue, and avoidable firefighting.",Planning teams spend time rebuilding assumptions and chasing sign-off across functions.,Planners still decide which signals to trust and when the model output does not fit local reality.,"Scenario analysis and negotiation happen in spreadsheets, slides, and side conversations.","Typical stacks combine Geoscience and Reservoir Management, Production Accounting and Regulatory, Upstream Energy Management, ERP; representative software in market today includes SLB Delfi, Halliburton Landmark, Quorum, Enverus, SAP, Acumatica Cloud ERP.","The hard problem is not math alone; it is aligning noisy signals, local constraints, and organizational trust. It typically spans 1 operating-system context and 4 systems-of-record categories.",Technical,SLB Delfi; Halliburton Landmark; Quorum; Enverus; SAP; Acumatica Cloud ERP; Oracle; NetSuite,Acumatica Cloud ERP: https://www.acumatica.com/cloud-erp-software/,Complete,
Billing and Asset Recovery,Finance and Revenue Operations,Asset Utilization and Lease Management,Rental and leasing services and lessors of intangible assets,1,"Turn completed work or contractual obligation into clean bills, timely collections, and accurate receivable records.","A billable event, service completion, or recurring obligation reaches the point of invoicing or follow-up.","The bill is issued, the receivable is updated, and collection or exception status is clear.",billing specialist; collections or revenue-cycle staff; source operations team; customer or payer,"Is the billable record complete enough to issue or submit?; What denial, dispute, or delinquency path should be pursued next?; When should the item be escalated, adjusted, or written down?","source operations -> billing or coding team; billing -> customer, payer, or clearing partner; open item -> collections, finance, or account owner",Maintenance Management | Rental Operations Management | ERP,"Missed charges, denial cycles, underbilling, and slow cash application are the primary leakage points.","Teams repeatedly reconcile source evidence, payer rules, and customer-specific exceptions.","Operators interpret contract nuance, collection strategy, and what evidence is enough to close the item.","Collections context and exception history often live in email, payer portals, and spreadsheets outside the core system.","Typical stacks combine Maintenance Management, Rental Operations Management, ERP; representative software in market today includes IFS Enterprise Asset Management, Yardi, ServiceTitan, Oracle Utilities, IFS, AssetWorks.","Automation handles the clean path, but exceptions are driven by messy upstream data and contract interpretation. It typically spans 1 operating-system context and 3 systems-of-record categories.",Legacy Architecture,IFS Enterprise Asset Management; Yardi; ServiceTitan; Oracle Utilities; IFS; AssetWorks; LeaseQuery; Oracle,IFS Enterprise Asset Management: https://www.ifs.com/en/products/alm/eam; SAP Cloud ERP: https://www.sap.com/products/erp.html?dfa=1&gad=1; Acumatica Cloud ERP: https://www.acumatica.com/cloud-erp-software/,Complete,
Billing and Collections,Finance and Revenue Operations,Distribution and Trade Operations | Network Infrastructure Operations | Professional Services and Matter Management,"Wholesale trade | Miscellaneous professional, scientific, and technical services | Broadcasting and telecommunications",3,"Turn completed work or contractual obligation into clean bills, timely collections, and accurate receivable records.","A billable event, service completion, or recurring obligation reaches the point of invoicing or follow-up.","The bill is issued, the receivable is updated, and collection or exception status is clear.",billing specialist; collections or revenue-cycle staff; source operations team; customer or payer,"Is the billable record complete enough to issue or submit?; What denial, dispute, or delinquency path should be pursued next?; When should the item be escalated, adjusted, or written down?","source operations -> billing or coding team; billing -> customer, payer, or clearing partner; open item -> collections, finance, or account owner",Billing and Subscription Management | Order Management System | Professional Services Automation | Supply Chain Planning | Network OSS/BSS | Warehouse Management System | CRM | ERP | HCM / Workforce Management,"Missed charges, denial cycles, underbilling, and slow cash application are the primary leakage points.","Teams repeatedly reconcile source evidence, payer rules, and customer-specific exceptions.","Operators interpret contract nuance, collection strategy, and what evidence is enough to close the item.","Collections context and exception history often live in email, payer portals, and spreadsheets outside the core system.","Typical stacks combine Billing and Subscription Management, Order Management System, Professional Services Automation, Supply Chain Planning, and adjacent specialist systems; representative software in market today includes Zuora, Amdocs, Oracle Communications, NetSuite, Manhattan ActiveOrder, Manhattan Associates.","Automation handles the clean path, but exceptions are driven by messy upstream data and contract interpretation. It typically spans 3 operating-system contexts and 9 systems-of-record categories.",Legacy Architecture,Zuora; Amdocs; Oracle Communications; NetSuite; Manhattan ActiveOrder; Manhattan Associates; Salesforce Commerce Cloud; Oracle Retail,Zuora: https://www.zuora.com/products/billing/; Manhattan ActiveOrder: https://www.manh.com/solutions/omnichannel-software-solutions/order-management-system; Deltek Polaris: https://www.deltek.com/products/polaris/; Blue Yonder Integrated Business Planning: https://blueyonder.com/solutions/supply-chain-planning/integrated-business-planning; Kinaxis: https://www.kinaxis.com/en; o9 Solutions: https://o9solutions.com/; Salesforce CRM: https://www.salesforce.com/crm/; Microsoft Dynamics 365 Sales: https://www.microsoft.com/en-us/dynamics-365/products/sales; HubSpot CRM: https://www.hubspot.com/products/crm?gh_jid=5988617; Acumatica Cloud ERP: https://www.acumatica.com/cloud-erp-software/; Deputy: https://www.deputy.com/; Legion: https://legion.co/en-gb/products/,Complete,
Billing and Payment Processing,Finance and Revenue Operations,Workforce Coordination and Service Operations,"Other services, except government",1,"Turn completed work or contractual obligation into clean bills, timely collections, and accurate receivable records.","A billable event, service completion, or recurring obligation reaches the point of invoicing or follow-up.","The bill is issued, the receivable is updated, and collection or exception status is clear.",billing specialist; collections or revenue-cycle staff; source operations team; customer or payer,"Is the billable record complete enough to issue or submit?; What denial, dispute, or delinquency path should be pursued next?; When should the item be escalated, adjusted, or written down?","source operations -> billing or coding team; billing -> customer, payer, or clearing partner; open item -> collections, finance, or account owner",POS and Payments | CRM | HCM / Workforce Management | Service Management,"Missed charges, denial cycles, underbilling, and slow cash application are the primary leakage points.","Teams repeatedly reconcile source evidence, payer rules, and customer-specific exceptions.","Operators interpret contract nuance, collection strategy, and what evidence is enough to close the item.","Collections context and exception history often live in email, payer portals, and spreadsheets outside the core system.","Typical stacks combine POS and Payments, CRM, HCM / Workforce Management, Service Management; representative software in market today includes Toast POS, Square, Oracle MICROS, NCR Voyix, Salesforce CRM, Microsoft Dynamics 365 Sales.","Automation handles the clean path, but exceptions are driven by messy upstream data and contract interpretation. It typically spans 1 operating-system context and 4 systems-of-record categories.",Legacy Architecture,Toast POS; Square; Oracle MICROS; NCR Voyix; Salesforce CRM; Microsoft Dynamics 365 Sales; HubSpot CRM; VTS,Toast POS: https://pos.toasttab.com/products/point-of-sale; Salesforce CRM: https://www.salesforce.com/crm/; Microsoft Dynamics 365 Sales: https://www.microsoft.com/en-us/dynamics-365/products/sales; HubSpot CRM: https://www.hubspot.com/products/crm?gh_jid=5988617; Workday Workforce Management: https://forms.workday.com/en-us/quick-demos/managing-your-workforce-with-workday-demo/form.html?step=step1_default; Deputy: https://www.deputy.com/; Legion: https://legion.co/en-gb/products/,Complete,
Billing and Reconciliation,Finance and Revenue Operations,Asset Utilization and Lease Management,Other real estate,1,"Close the loop between source activity, cash movement, and the official financial record with defensible reconciliation.","Transactions from multiple sources must be balanced, settled, or closed for a period or event.","Balances are reconciled, exceptions are documented, and the official close or settlement state is updated.",accounting or settlement analyst; operations source owner; treasury or payments partner; manager or reviewer,What is the authoritative source when records disagree?; Which exception can be auto-cleared versus requiring investigation?; What threshold is material enough to escalate before close?,"source system -> reconciliation or settlement team; unmatched item -> operations, treasury, or counterparty; resolved balance -> reporting and management review",Fund Administration and Accounting | Property Management System | Real Estate Asset Management | CRM,"Unmatched items, late close, duplicate settlements, and poor exception control create hidden leakage and working-capital drag.","Analysts spend time matching records manually, collecting support, and rebuilding audit trails.","Materiality, root cause, and acceptable resolution still depend on experienced finance staff.","Exception triage almost always moves into spreadsheets, email, and bank or partner portals.","Typical stacks combine Fund Administration and Accounting, Property Management System, Real Estate Asset Management, CRM; representative software in market today includes Allvue Fund Accounting, Aladdin Accounting, SS&C, SimCorp, State Street Alpha, Clearwater.",Reconciliation spans asynchronous systems and low-standardization edge cases that resist full automation. It typically spans 1 operating-system context and 4 systems-of-record categories.,Legacy Architecture,Allvue Fund Accounting; Aladdin Accounting; SS&C; SimCorp; State Street Alpha; Clearwater; Yardi; RealPage,Allvue Fund Accounting: https://www.allvuesystems.com/solutions/fund-accounting/; Aladdin Accounting: https://www.blackrock.com/aladdin/platforms/products/aladdin-accounting; Yardi: https://www.yardi.com/solution/property-management-software/; Salesforce CRM: https://www.salesforce.com/crm/; Microsoft Dynamics 365 Sales: https://www.microsoft.com/en-us/dynamics-365/products/sales; HubSpot CRM: https://www.hubspot.com/products/crm?gh_jid=5988617,Complete,
Billing and Renewals,Finance and Revenue Operations,"IP, Subscription, and Rights Management","Publishing industries, except internet (includes software)",1,"Translate recurring usage, entitlements, or contracted service into accurate recurring bills and renewal-ready account records.","A subscription period closes, usage accrues, or a contract event changes what should be billed.","The account reflects the correct bill, entitlement state, and next renewal or support action.",billing operations team; customer success or account owner; finance partner; customer,"What contract, usage, or entitlement state should drive the bill?; Which exception requires manual correction or customer communication?; What change should flow into renewal or expansion planning?",product or usage systems -> billing operations; billing issue -> support or account owner; finalized bill -> finance close and renewal tracking,Billing and Subscription Management | CRM | ERP | Service Management,"Leakage comes from usage mismatch, wrong entitlements, stale contract data, and manual credits.","Teams spend time reconciling subscription state across CRM, billing, and service systems.","Operators still decide how to resolve exceptions, bundle edge cases, and preserve the relationship during disputes.","Important contract and exception context lives in tickets, email, and account notes outside the billing platform.","Typical stacks combine Billing and Subscription Management, CRM, ERP, Service Management; representative software in market today includes Zuora, Amdocs, Oracle Communications, NetSuite, Salesforce CRM, Microsoft Dynamics 365 Sales.","Recurring billing is structurally automatable, but entitlement logic and exception-heavy account transitions remain messy. It typically spans 1 operating-system context and 4 systems-of-record categories.",Legacy Architecture,Zuora; Amdocs; Oracle Communications; NetSuite; Salesforce CRM; Microsoft Dynamics 365 Sales; HubSpot CRM; VTS,Zuora: https://www.zuora.com/products/billing/; Salesforce CRM: https://www.salesforce.com/crm/; Microsoft Dynamics 365 Sales: https://www.microsoft.com/en-us/dynamics-365/products/sales; HubSpot CRM: https://www.hubspot.com/products/crm?gh_jid=5988617; SAP Cloud ERP: https://www.sap.com/products/erp.html?dfa=1&gad=1; Acumatica Cloud ERP: https://www.acumatica.com/cloud-erp-software/,Complete,
"Billing, Aid, and Regulatory Reporting",Finance and Revenue Operations,Education Delivery and Administration,Educational services,1,"Produce a compliant, decision-useful record of activity while ensuring the supporting evidence can stand up to review.","A formal period close, audit, regulatory filing, or quality checkpoint requires documented output.","The report or compliance record is submitted with evidence, exceptions, and ownership clearly documented.",reporting or compliance analyst; source operations owner; manager or approver; external reviewer,What source should be treated as authoritative for this report?; Which exception is material enough to disclose or remediate?; What evidence is sufficient to sign off the output?,"source teams -> reporting or compliance owner; prepared output -> reviewer, auditor, or regulator; findings -> remediation owner",Learning Management System | Student Information System | ERP | HCM / Workforce Management,"Late or weak reporting creates fines, reserve exposure, rework, and management blind spots.","Teams manually stitch files, request attestations, and chase evidence for every cycle.","Control owners still decide what is material, what is remediated, and what can be tolerated temporarily.","Supporting evidence sits in attachments, spreadsheets, emails, and external filing systems.","Typical stacks combine Learning Management System, Student Information System, ERP, HCM / Workforce Management; representative software in market today includes Canvas LMS, D2L Brightspace, Blackboard, Ellucian Student, PowerSchool, Workday Student.","The form of the report may be standardized, but the data lineage and exception handling still are not. It typically spans 1 operating-system context and 4 systems-of-record categories.",Regulatory,Canvas LMS; D2L Brightspace; Blackboard; Ellucian Student; PowerSchool; Workday Student; SAP Cloud ERP; Acumatica Cloud ERP,Canvas LMS: https://www.instructure.com/canvas; D2L Brightspace: https://www.d2l.com/brightspace/; Ellucian Student: https://www.ellucian.com/student; SAP Cloud ERP: https://www.sap.com/products/erp.html?dfa=1&gad=1; Acumatica Cloud ERP: https://www.acumatica.com/cloud-erp-software/; Deputy: https://www.deputy.com/; Legion: https://legion.co/en-gb/products/,Complete,
"Billing, Claims, and Collections",Finance and Revenue Operations,Care Delivery and Reimbursement,Ambulatory health care services | Hospitals | Nursing and residential care facilities,3,"Convert covered service or insured loss into adjudicated reimbursement with accurate reserves, documentation, and follow-through.","A claim, billable care event, or reimbursable program expense is submitted for external payment.","The claim is paid, denied, reserved, or escalated with a clear financial and operational status.",claims or revenue-cycle specialist; payer or insurer; operations source owner; supervisor,"Is the submission complete and coded correctly?; What denial, reserve, or escalation path applies?; When should the issue be appealed, corrected, or closed?","service or loss record -> claims submission team; claim response -> operations, provider, or adjuster; final outcome -> finance and reporting",EHR and Care Management | Revenue Cycle Management | Practice Management | HCM / Workforce Management | ERP,"Leakage comes from denials, undercoding, reserve drift, slow cycle times, and missed recovery opportunities.","Teams rework submissions, chase evidence, and manage payer or carrier correspondence repeatedly.","Experienced staff interpret coverage, coding, severity, and the most effective appeal or settlement path.","Supporting evidence and negotiation history live in portals, attachments, calls, and external correspondence.","Typical stacks combine EHR and Care Management, Revenue Cycle Management, Practice Management, HCM / Workforce Management, and adjacent specialist systems; representative software in market today includes Epic, Oracle Health EHR, Meditech, PointClickCare, athenahealth RCM, R1 RCM.","The workflow is document-heavy, regulated, and exception-driven, with too much nuance for complete straight-through adjudication. It typically spans 1 operating-system context and 5 systems-of-record categories.",Regulatory,Epic; Oracle Health EHR; Meditech; PointClickCare; athenahealth RCM; R1 RCM; Optum; eClinicalWorks,Epic: https://www.epic.com/; Oracle Health EHR: https://www.oracle.com/health/clinical-suite/electronic-health-record/; athenahealth RCM: https://www.athenahealth.com/solutions/revenue-cycle-management; R1 RCM: https://www.r1rcm.com/enterprise-partnerships; Workday Workforce Management: https://forms.workday.com/en-us/quick-demos/managing-your-workforce-with-workday-demo/form.html?step=step1_default; Deputy: https://www.deputy.com/; Legion: https://legion.co/en-gb/products/; SAP Cloud ERP: https://www.sap.com/products/erp.html?dfa=1&gad=1; Acumatica Cloud ERP: https://www.acumatica.com/cloud-erp-software/,Complete,
"Billing, Collections, and Cash Application",Finance and Revenue Operations,Asset Utilization and Lease Management,Housing,1,"Close the loop between source activity, cash movement, and the official financial record with defensible reconciliation.","Transactions from multiple sources must be balanced, settled, or closed for a period or event.","Balances are reconciled, exceptions are documented, and the official close or settlement state is updated.",accounting or settlement analyst; operations source owner; treasury or payments partner; manager or reviewer,What is the authoritative source when records disagree?; Which exception can be auto-cleared versus requiring investigation?; What threshold is material enough to escalate before close?,"source system -> reconciliation or settlement team; unmatched item -> operations, treasury, or counterparty; resolved balance -> reporting and management review",Maintenance Management | Property Management System | CRM,"Unmatched items, late close, duplicate settlements, and poor exception control create hidden leakage and working-capital drag.","Analysts spend time matching records manually, collecting support, and rebuilding audit trails.","Materiality, root cause, and acceptable resolution still depend on experienced finance staff.","Exception triage almost always moves into spreadsheets, email, and bank or partner portals.","Typical stacks combine Maintenance Management, Property Management System, CRM; representative software in market today includes IFS Enterprise Asset Management, Yardi, ServiceTitan, Oracle Utilities, IFS, RealPage.",Reconciliation spans asynchronous systems and low-standardization edge cases that resist full automation. It typically spans 1 operating-system context and 3 systems-of-record categories.,Legacy Architecture,IFS Enterprise Asset Management; Yardi; ServiceTitan; Oracle Utilities; IFS; RealPage; AppFolio; Entrata,IFS Enterprise Asset Management: https://www.ifs.com/en/products/alm/eam; Salesforce CRM: https://www.salesforce.com/crm/; Microsoft Dynamics 365 Sales: https://www.microsoft.com/en-us/dynamics-365/products/sales; HubSpot CRM: https://www.hubspot.com/products/crm?gh_jid=5988617,Complete,
"Billing, Grant Reporting, and Reimbursement",Finance and Revenue Operations,Case Management and Program Administration,Social assistance,1,"Convert covered service or insured loss into adjudicated reimbursement with accurate reserves, documentation, and follow-through.","A claim, billable care event, or reimbursable program expense is submitted for external payment.","The claim is paid, denied, reserved, or escalated with a clear financial and operational status.",claims or revenue-cycle specialist; payer or insurer; operations source owner; supervisor,"Is the submission complete and coded correctly?; What denial, reserve, or escalation path applies?; When should the issue be appealed, corrected, or closed?","service or loss record -> claims submission team; claim response -> operations, provider, or adjuster; final outcome -> finance and reporting",Case Management System | Grant and Program Reporting | Referral Management | CRM,"Leakage comes from denials, undercoding, reserve drift, slow cycle times, and missed recovery opportunities.","Teams rework submissions, chase evidence, and manage payer or carrier correspondence repeatedly.","Experienced staff interpret coverage, coding, severity, and the most effective appeal or settlement path.","Supporting evidence and negotiation history live in portals, attachments, calls, and external correspondence.","Typical stacks combine Case Management System, Grant and Program Reporting, Referral Management, CRM; representative software in market today includes Netsmart, WellSky, Eccovia, Apricot, Salesforce, Microsoft Dynamics 365 Sales.","The workflow is document-heavy, regulated, and exception-driven, with too much nuance for complete straight-through adjudication. It typically spans 1 operating-system context and 4 systems-of-record categories.",Regulatory,Netsmart; WellSky; Eccovia; Apricot; Salesforce; Microsoft Dynamics 365 Sales; HubSpot CRM; VTS,Microsoft Dynamics 365 Sales: https://www.microsoft.com/en-us/dynamics-365/products/sales; HubSpot CRM: https://www.hubspot.com/products/crm?gh_jid=5988617,Complete,
"Blending, Logistics, and Distribution",Delivery and Service Execution,Process Manufacturing and Throughput Control,Petroleum and coal products,1,Route and fulfill demand from the right inventory or capacity source with accurate status and exception control.,"An order is confirmed and needs allocation, release, shipment, or return handling.",The order is fulfilled or closed with any exception documented for downstream billing or service teams.,order management team; warehouse or operations staff; customer or channel partner; transport or service partner,"Which inventory, facility, or path should fulfill the order?; What exception requires split shipment, reroute, substitution, or hold?; When is the order complete enough to invoice or close?","order capture -> allocation or warehouse team; warehouse or operations -> transportation or customer; completed order -> billing, returns, or support team",Maintenance Management | Supply Chain Planning | Industrial Automation and SCADA | ERP,"Leakage shows up in split orders, mispicks, returns, expedites, and fulfillment promises that outrun actual capacity.","Teams chase inventory truth, release status, and downstream transport updates across systems.","Operators still decide how to recover shortages, prioritize customers, and manage substitutions.","Exception handling often happens through email, calls, and local trackers outside the formal order flow.","Typical stacks combine Maintenance Management, Supply Chain Planning, Industrial Automation and SCADA, ERP; representative software in market today includes IFS Enterprise Asset Management, Yardi, ServiceTitan, Oracle Utilities, IFS, Blue Yonder Integrated Business Planning.","Order orchestration spans inventory, warehouse, transport, and customer systems with different clocks and constraints. It typically spans 1 operating-system context and 4 systems-of-record categories.",Legacy Architecture,IFS Enterprise Asset Management; Yardi; ServiceTitan; Oracle Utilities; IFS; Blue Yonder Integrated Business Planning; Kinaxis; o9 Solutions,IFS Enterprise Asset Management: https://www.ifs.com/en/products/alm/eam; Blue Yonder Integrated Business Planning: https://blueyonder.com/solutions/supply-chain-planning/integrated-business-planning; Kinaxis: https://www.kinaxis.com/en; o9 Solutions: https://o9solutions.com/; SAP Cloud ERP: https://www.sap.com/products/erp.html?dfa=1&gad=1; Acumatica Cloud ERP: https://www.acumatica.com/cloud-erp-software/,Complete,
Capacity and Event Planning,Planning and Allocation,"Venue, Hospitality, and Attendance Operations","Amusements, gambling, and recreation industries",1,"Set the next operating baseline for capacity, demand, production, or resource use under uncertain conditions.",A planning horizon opens or enough signal changes that the current plan no longer fits reality.,A practical baseline plan is published with assumptions and accountable owners documented.,planner; operations leader; commercial or finance partner; downstream execution owner,"What demand and capacity assumptions should the organization trust right now?; Which tradeoff between service, cost, and utilization is acceptable?; When should the baseline be changed rather than managed through exceptions?","market or operating signals -> planning team; published plan -> procurement, labor, or execution teams; plan variance -> management review",POS and Payments | Ticketing and Venue Management | Revenue Management Platform | CRM,"Forecast error and poor allocation create excess cost, missed revenue, and avoidable firefighting.",Planning teams spend time rebuilding assumptions and chasing sign-off across functions.,Planners still decide which signals to trust and when the model output does not fit local reality.,"Scenario analysis and negotiation happen in spreadsheets, slides, and side conversations.","Typical stacks combine POS and Payments, Ticketing and Venue Management, Revenue Management Platform, CRM; representative software in market today includes Toast POS, Square, Oracle MICROS, NCR Voyix, Tessitura, Ticketmaster/Live Nation.","The hard problem is not math alone; it is aligning noisy signals, local constraints, and organizational trust. It typically spans 1 operating-system context and 4 systems-of-record categories.",Technical,Toast POS; Square; Oracle MICROS; NCR Voyix; Tessitura; Ticketmaster/Live Nation; AudienceView; Accesso,Toast POS: https://pos.toasttab.com/products/point-of-sale; Tessitura: https://www.tessitura.com/en/Features/Ticketing-Admissions; Salesforce CRM: https://www.salesforce.com/crm/; Microsoft Dynamics 365 Sales: https://www.microsoft.com/en-us/dynamics-365/products/sales; HubSpot CRM: https://www.hubspot.com/products/crm?gh_jid=5988617,Complete,
Capacity and Load Planning,Network and Transportation Operations,Transportation Network Operations,Truck transportation,1,"Assign the right asset, route, crew, or carrier to the job while balancing service, utilization, and cost.",Demand is ready to be moved or serviced across a network and requires a dispatch decision.,"The movement or service plan is issued with owners, route, and timing visible to the network.","dispatcher or planner; carrier, crew, or field operator; operations control; customer or receiving party","Which asset, route, or partner should carry the work?; What tradeoff between service, cost, and utilization is acceptable?; What exception requires re-plan or escalation now?","demand intake -> dispatch control; dispatch plan -> driver, crew, or carrier; movement status -> customer service, billing, or recovery desk",Transportation Management System | Fleet Telematics and Visibility | ERP,"The biggest leaks are empty capacity, bad routing, detention, and poor network utilization.","Dispatchers lose time chasing status, making call-based updates, and rerouting around late disruptions.",Controllers interpret service priorities and real-world constraints faster than static optimization models.,"Carrier calls, texts, and manual route notes remain central to live execution.","Typical stacks combine Transportation Management System, Fleet Telematics and Visibility, ERP; representative software in market today includes project44, McLeod, Oracle Transportation Management, Descartes, CargoWise, Samsara.","Network state changes in real time and often depends on partner data that is late, partial, or nonstandard. It typically spans 1 operating-system context and 3 systems-of-record categories.",Technical,project44; McLeod; Oracle Transportation Management; Descartes; CargoWise; Samsara; Trimble Transportation; SAP Cloud ERP,project44: https://www.project44.com/platform/tms/; SAP Cloud ERP: https://www.sap.com/products/erp.html?dfa=1&gad=1; Acumatica Cloud ERP: https://www.acumatica.com/cloud-erp-software/,Complete,
Capital Allocation and Planning,Governance and Portfolio Operations,Enterprise Governance and Shared Services,Management of companies and enterprises,1,Allocate capital or shared resources and monitor performance with enough fidelity to drive corrective action.,"A planning cycle, performance review, or governance checkpoint requires an updated view of resource deployment.",Leaders have a current performance view and documented actions for the next operating cycle.,finance or strategy team; business leader; shared-service owner; executive sponsor,Where should capital or scarce support capacity move next?; What underperformance deserves intervention now?; Which metric should guide the next management action?,business-unit data -> central finance or strategy team; management review -> operating owners; approved action -> execution teams and finance tracking,EPM and Financial Consolidation | ERP | HCM / Workforce Management | Service Management,Capital and support resources drift into low-return uses when performance signals are late or noisy.,Review cycles are slowed by manual aggregation and commentary collection.,"Leadership still decides tradeoffs among long-term return, local politics, and near-term operational reality.",Most decisive discussion happens in decks and meetings rather than the planning system itself.,"Typical stacks combine EPM and Financial Consolidation, ERP, HCM / Workforce Management, Service Management; representative software in market today includes Oracle EPM, Anaplan, Workday, SAP, Acumatica Cloud ERP, Oracle.",Shared-service and capital decisions remain cross-functional and politically negotiated rather than purely model-driven. It typically spans 1 operating-system context and 4 systems-of-record categories.,Organizational,Oracle EPM; Anaplan; Workday; SAP; Acumatica Cloud ERP; Oracle; NetSuite; Infor,Acumatica Cloud ERP: https://www.acumatica.com/cloud-erp-software/; Deputy: https://www.deputy.com/; Legion: https://legion.co/en-gb/products/,Complete,
Capital Planning and Compliance Reporting,Governance and Portfolio Operations,Asset Utilization and Lease Management | Network Infrastructure Operations,Housing | Other real estate | Utilities,3,Allocate capital or shared resources and monitor performance with enough fidelity to drive corrective action.,"A planning cycle, performance review, or governance checkpoint requires an updated view of resource deployment.",Leaders have a current performance view and documented actions for the next operating cycle.,finance or strategy team; business leader; shared-service owner; executive sponsor,Where should capital or scarce support capacity move next?; What underperformance deserves intervention now?; Which metric should guide the next management action?,business-unit data -> central finance or strategy team; management review -> operating owners; approved action -> execution teams and finance tracking,Maintenance Management | Property Management System | Fund Administration and Accounting | Utility Operations and Billing | Industrial Automation and SCADA | Real Estate Asset Management | CRM | ERP,Capital and support resources drift into low-return uses when performance signals are late or noisy.,Review cycles are slowed by manual aggregation and commentary collection.,"Leadership still decides tradeoffs among long-term return, local politics, and near-term operational reality.",Most decisive discussion happens in decks and meetings rather than the planning system itself.,"Typical stacks combine Maintenance Management, Property Management System, Fund Administration and Accounting, Utility Operations and Billing, and adjacent specialist systems; representative software in market today includes IFS Enterprise Asset Management, Yardi, ServiceTitan, Oracle Utilities, IFS, RealPage.",Shared-service and capital decisions remain cross-functional and politically negotiated rather than purely model-driven. It typically spans 2 operating-system contexts and 8 systems-of-record categories.,Legacy Architecture,IFS Enterprise Asset Management; Yardi; ServiceTitan; Oracle Utilities; IFS; RealPage; AppFolio; Entrata,IFS Enterprise Asset Management: https://www.ifs.com/en/products/alm/eam; Allvue Fund Accounting: https://www.allvuesystems.com/solutions/fund-accounting/; Aladdin Accounting: https://www.blackrock.com/aladdin/platforms/products/aladdin-accounting; Oracle Utilities Customer to Meter: https://docs.oracle.com/en/industries/energy-water/advanced-meter/index.html; Salesforce CRM: https://www.salesforce.com/crm/; Microsoft Dynamics 365 Sales: https://www.microsoft.com/en-us/dynamics-365/products/sales; HubSpot CRM: https://www.hubspot.com/products/crm?gh_jid=5988617; Acumatica Cloud ERP: https://www.acumatica.com/cloud-erp-software/,Complete,
Care Coordination and Order Management,Clinical and Case Operations,Care Delivery and Reimbursement,Hospitals,1,Advance the active care or case plan safely while documenting enough context for the next accountable action.,"An open care episode or case requires intervention, documentation, or referral follow-through.","The next action, service step, or referral status is updated and visible to the right owner.",clinician or case worker; patient or beneficiary; care coordinator; referral or specialist partner,What intervention or next step is most appropriate now?; Does the current record support safe continuation or escalation?; What coordination gap puts outcome or reimbursement at risk?,"primary record owner -> specialist or downstream service provider; active service -> billing, claims, or reporting team; ongoing case -> supervisor or escalation path",EHR and Care Management | Revenue Cycle Management | ERP | HCM / Workforce Management,"Leakage appears as duplicated work, missed follow-up, avoidable utilization, and incomplete billable documentation.","Teams repeatedly reconcile status and chase missing clinical, referral, or plan information.","Care appropriateness, urgency, and readiness still depend on expert interpretation.","Critical case context moves through phone calls, referrals, messages, and external portals.","Typical stacks combine EHR and Care Management, Revenue Cycle Management, ERP, HCM / Workforce Management; representative software in market today includes Epic, Oracle Health EHR, Meditech, PointClickCare, athenahealth RCM, R1 RCM.",Even strong systems of record do not remove the need for contextual coordination across people and organizations. It typically spans 1 operating-system context and 4 systems-of-record categories.,Regulatory,Epic; Oracle Health EHR; Meditech; PointClickCare; athenahealth RCM; R1 RCM; Optum; SAP Cloud ERP,Epic: https://www.epic.com/; Oracle Health EHR: https://www.oracle.com/health/clinical-suite/electronic-health-record/; athenahealth RCM: https://www.athenahealth.com/solutions/revenue-cycle-management; R1 RCM: https://www.r1rcm.com/enterprise-partnerships; SAP Cloud ERP: https://www.sap.com/products/erp.html?dfa=1&gad=1; Acumatica Cloud ERP: https://www.acumatica.com/cloud-erp-software/; Workday Workforce Management: https://forms.workday.com/en-us/quick-demos/managing-your-workforce-with-workday-demo/form.html?step=step1_default; Deputy: https://www.deputy.com/; Legion: https://legion.co/en-gb/products/,Complete,
Carrier Coordination and Brokerage,Network and Transportation Operations,Transportation Network Operations,Other transportation and support activities,1,"Assign the right asset, route, crew, or carrier to the job while balancing service, utilization, and cost.",Demand is ready to be moved or serviced across a network and requires a dispatch decision.,"The movement or service plan is issued with owners, route, and timing visible to the network.","dispatcher or planner; carrier, crew, or field operator; operations control; customer or receiving party","Which asset, route, or partner should carry the work?; What tradeoff between service, cost, and utilization is acceptable?; What exception requires re-plan or escalation now?","demand intake -> dispatch control; dispatch plan -> driver, crew, or carrier; movement status -> customer service, billing, or recovery desk",Transportation Management System | Fleet Telematics and Visibility | ERP,"The biggest leaks are empty capacity, bad routing, detention, and poor network utilization.","Dispatchers lose time chasing status, making call-based updates, and rerouting around late disruptions.",Controllers interpret service priorities and real-world constraints faster than static optimization models.,"Carrier calls, texts, and manual route notes remain central to live execution.","Typical stacks combine Transportation Management System, Fleet Telematics and Visibility, ERP; representative software in market today includes project44, McLeod, Oracle Transportation Management, Descartes, CargoWise, Samsara.","Network state changes in real time and often depends on partner data that is late, partial, or nonstandard. It typically spans 1 operating-system context and 3 systems-of-record categories.",Technical,project44; McLeod; Oracle Transportation Management; Descartes; CargoWise; Samsara; Trimble Transportation; SAP Cloud ERP,project44: https://www.project44.com/platform/tms/; SAP Cloud ERP: https://www.sap.com/products/erp.html?dfa=1&gad=1; Acumatica Cloud ERP: https://www.acumatica.com/cloud-erp-software/,Complete,
Case Planning,Clinical and Case Operations,Case Management and Program Administration,Social assistance,1,Advance the active care or case plan safely while documenting enough context for the next accountable action.,"An open care episode or case requires intervention, documentation, or referral follow-through.","The next action, service step, or referral status is updated and visible to the right owner.",clinician or case worker; patient or beneficiary; care coordinator; referral or specialist partner,What intervention or next step is most appropriate now?; Does the current record support safe continuation or escalation?; What coordination gap puts outcome or reimbursement at risk?,"primary record owner -> specialist or downstream service provider; active service -> billing, claims, or reporting team; ongoing case -> supervisor or escalation path",Case Management System | Grant and Program Reporting | Referral Management | CRM,"Leakage appears as duplicated work, missed follow-up, avoidable utilization, and incomplete billable documentation.","Teams repeatedly reconcile status and chase missing clinical, referral, or plan information.","Care appropriateness, urgency, and readiness still depend on expert interpretation.","Critical case context moves through phone calls, referrals, messages, and external portals.","Typical stacks combine Case Management System, Grant and Program Reporting, Referral Management, CRM; representative software in market today includes Netsmart, WellSky, Eccovia, Apricot, Salesforce, Microsoft Dynamics 365 Sales.",Even strong systems of record do not remove the need for contextual coordination across people and organizations. It typically spans 1 operating-system context and 4 systems-of-record categories.,Regulatory,Netsmart; WellSky; Eccovia; Apricot; Salesforce; Microsoft Dynamics 365 Sales; HubSpot CRM; VTS,Microsoft Dynamics 365 Sales: https://www.microsoft.com/en-us/dynamics-365/products/sales; HubSpot CRM: https://www.hubspot.com/products/crm?gh_jid=5988617,Complete,
Cash and Inventory Reconciliation,Finance and Revenue Operations,Retail and Service Commerce,Food services and drinking places,1,"Close the loop between source activity, cash movement, and the official financial record with defensible reconciliation.","Transactions from multiple sources must be balanced, settled, or closed for a period or event.","Balances are reconciled, exceptions are documented, and the official close or settlement state is updated.",accounting or settlement analyst; operations source owner; treasury or payments partner; manager or reviewer,What is the authoritative source when records disagree?; Which exception can be auto-cleared versus requiring investigation?; What threshold is material enough to escalate before close?,"source system -> reconciliation or settlement team; unmatched item -> operations, treasury, or counterparty; resolved balance -> reporting and management review",POS and Payments | Restaurant Back Office and Inventory | HCM / Workforce Management,"Unmatched items, late close, duplicate settlements, and poor exception control create hidden leakage and working-capital drag.","Analysts spend time matching records manually, collecting support, and rebuilding audit trails.","Materiality, root cause, and acceptable resolution still depend on experienced finance staff.","Exception triage almost always moves into spreadsheets, email, and bank or partner portals.","Typical stacks combine POS and Payments, Restaurant Back Office and Inventory, HCM / Workforce Management; representative software in market today includes Toast POS, Square, Oracle MICROS, NCR Voyix, PAR Technology, Workday Workforce Management.",Reconciliation spans asynchronous systems and low-standardization edge cases that resist full automation. It typically spans 1 operating-system context and 3 systems-of-record categories.,Legacy Architecture,Toast POS; Square; Oracle MICROS; NCR Voyix; PAR Technology; Workday Workforce Management; Deputy; Legion,Toast POS: https://pos.toasttab.com/products/point-of-sale; Workday Workforce Management: https://forms.workday.com/en-us/quick-demos/managing-your-workforce-with-workday-demo/form.html?step=step1_default; Deputy: https://www.deputy.com/; Legion: https://legion.co/en-gb/products/,Complete,
Channel and Service Support,Customer and Experience Operations,Product Manufacturing and Lifecycle Operations,"Electrical equipment, appliances, and components",1,"Resolve customer issues quickly without sacrificing margin, service quality, or downstream operational clarity.","A customer asks for support, raises an issue, or requires live service intervention.",The issue is resolved or routed correctly and the account or service record reflects the outcome.,support or service agent; customer; operations team; account owner,"What is the true root cause and who owns it?; Should the issue be fixed, compensated, escalated, or monitored?; What follow-up best protects future retention?","customer-facing channel -> support queue; support -> operations, field, or finance; resolution -> account owner or retention motion",Manufacturing Execution System | PLM and Engineering Design | Shop Floor Control and Quality | ERP,"Repeat contacts, credits, field callbacks, and unresolved issues raise support cost and churn risk.",Agents and operations teams waste time on status chasing and duplicate handoffs.,"Good service recovery depends on empathy, prioritization, and contextual interpretation.","The most important context often lives in conversations, notes, and side chats rather than system fields.","Typical stacks combine Manufacturing Execution System, PLM and Engineering Design, Shop Floor Control and Quality, ERP; representative software in market today includes Siemens Opcenter, Rockwell FactoryTalk MES, Plex, Epicor, Rockwell FactoryTalk, Siemens Teamcenter.","Support flows cross channels and teams, and the edge cases that matter most remain unstructured. It typically spans 1 operating-system context and 4 systems-of-record categories.",Legacy Architecture,Siemens Opcenter; Rockwell FactoryTalk MES; Plex; Epicor; Rockwell FactoryTalk; Siemens Teamcenter; Dassault 3DEXPERIENCE; PTC Windchill,Siemens Opcenter: https://www.siemens.com/en-us/products/opcenter/; Rockwell FactoryTalk MES: https://www.rockwellautomation.com/en-us/products/software/factorytalk/operationsuite/mes.html; SAP Cloud ERP: https://www.sap.com/products/erp.html?dfa=1&gad=1; Acumatica Cloud ERP: https://www.acumatica.com/cloud-erp-software/,Complete,
Claims Administration,Finance and Revenue Operations,Risk Underwriting and Claims Administration,Insurance carriers and related activities,1,"Convert covered service or insured loss into adjudicated reimbursement with accurate reserves, documentation, and follow-through.","A claim, billable care event, or reimbursable program expense is submitted for external payment.","The claim is paid, denied, reserved, or escalated with a clear financial and operational status.",claims or revenue-cycle specialist; payer or insurer; operations source owner; supervisor,"Is the submission complete and coded correctly?; What denial, reserve, or escalation path applies?; When should the issue be appealed, corrected, or closed?","service or loss record -> claims submission team; claim response -> operations, provider, or adjuster; final outcome -> finance and reporting",Claims Management | Policy Administration | Underwriting and Rating | CRM,"Leakage comes from denials, undercoding, reserve drift, slow cycle times, and missed recovery opportunities.","Teams rework submissions, chase evidence, and manage payer or carrier correspondence repeatedly.","Experienced staff interpret coverage, coding, severity, and the most effective appeal or settlement path.","Supporting evidence and negotiation history live in portals, attachments, calls, and external correspondence.","Typical stacks combine Claims Management, Policy Administration, Underwriting and Rating, CRM; representative software in market today includes Guidewire ClaimCenter, Duck Creek Claims, Guidewire, Duck Creek, Majesco, Verisk.","The workflow is document-heavy, regulated, and exception-driven, with too much nuance for complete straight-through adjudication. It typically spans 1 operating-system context and 4 systems-of-record categories.",Regulatory,Guidewire ClaimCenter; Duck Creek Claims; Guidewire; Duck Creek; Majesco; Verisk; Guidewire PolicyCenter; Salesforce CRM,Guidewire ClaimCenter: https://www.guidewire.com/products/core-products/insurancesuite/claimcenter-claims-management-software; Duck Creek Claims: https://www.duckcreek.com/product/claims-management-software/; Guidewire PolicyCenter: https://www.guidewire.com/products/core-products/insurancesuite/policycenter-insurance-policy-administration; Salesforce CRM: https://www.salesforce.com/crm/; Microsoft Dynamics 365 Sales: https://www.microsoft.com/en-us/dynamics-365/products/sales; HubSpot CRM: https://www.hubspot.com/products/crm?gh_jid=5988617,Complete,
Client Intake and Scope Definition,"Access, Intake, and Contracting",Workforce Coordination and Service Operations,Administrative and support services,1,"Admit qualified demand into the operating system with the minimum information, approvals, and commercial terms required to proceed.","A new prospect, participant, counterparty, or service request enters the funnel.","A qualified record, schedule, or agreement is created and handed to downstream planning or delivery teams.",frontline intake or sales team; customer or participant; operations coordinator; approver or risk owner,"Is the request qualified and in policy?; What terms, slot, or service level should be offered?; Can the work proceed now or does it require more data or approval?",frontline intake -> operations scheduling; sales or intake -> finance or risk review; approved request -> delivery owner,CRM | ERP | HCM / Workforce Management | Service Management,"Poor qualification, pricing errors, avoidable no-shows, and weak contract hygiene create leakage before execution starts.","Teams chase missing information, approvals, and schedule availability across email, phone, and shared documents.","Humans still arbitrate exceptions, fit, urgency, and risk tolerance when intake data is incomplete or context is changing.","Critical context lives in inboxes, call notes, PDFs, and spreadsheets before the final system record is updated.","Typical stacks combine CRM, ERP, HCM / Workforce Management, Service Management; representative software in market today includes Salesforce CRM, Microsoft Dynamics 365 Sales, HubSpot CRM, VTS, Cox Automotive, SAP Cloud ERP.","Structured fields handle the routine path, but real intake varies by exception, policy nuance, and local operating context. It typically spans 1 operating-system context and 4 systems-of-record categories.",Organizational,Salesforce CRM; Microsoft Dynamics 365 Sales; HubSpot CRM; VTS; Cox Automotive; SAP Cloud ERP; Acumatica Cloud ERP; Oracle,Salesforce CRM: https://www.salesforce.com/crm/; Microsoft Dynamics 365 Sales: https://www.microsoft.com/en-us/dynamics-365/products/sales; HubSpot CRM: https://www.hubspot.com/products/crm?gh_jid=5988617; SAP Cloud ERP: https://www.sap.com/products/erp.html?dfa=1&gad=1; Acumatica Cloud ERP: https://www.acumatica.com/cloud-erp-software/; Workday Workforce Management: https://forms.workday.com/en-us/quick-demos/managing-your-workforce-with-workday-demo/form.html?step=step1_default; Deputy: https://www.deputy.com/; Legion: https://legion.co/en-gb/products/,Complete,
Client Onboarding and KYC,"Access, Intake, and Contracting",Capital Markets and Investment Management,"Securities, commodity contracts, and investments",1,"Stand up a new account, relationship, or fund record while satisfying verification, risk, and setup requirements.","A new customer, borrower, investor, or fund relationship is approved for activation.","The relationship is activated in the necessary systems with required checks, documents, and controls completed.",onboarding specialist; customer or counterparty; risk or compliance reviewer; operations setup team,Is the relationship verified enough to activate?; What documentation or control gap still blocks go-live?; Which setup path fits the relationship complexity and risk level?,"sales or relationship owner -> onboarding team; onboarding -> risk, compliance, or legal review; approved setup -> servicing or operations team",Investor Reporting and Performance | Portfolio and Order Management | Trading and Market Data | CRM,"Slow onboarding delays revenue start dates and increases abandonment, while weak controls raise risk and rework.","Teams chase documents, approvals, signatures, and duplicate data entry across systems.","Analysts still judge risk, beneficial ownership complexity, and what counts as a satisfactory exception path.","Onboarding packets, emails, shared checklists, and external verification portals carry the real process state.","Typical stacks combine Investor Reporting and Performance, Portfolio and Order Management, Trading and Market Data, CRM; representative software in market today includes Aladdin, SS&C Advent, Clearwater, State Street Alpha, Charles River, SimCorp.","Verification is partly automatable, but high-value or high-risk relationships still require context-heavy review and layered approvals. It typically spans 1 operating-system context and 4 systems-of-record categories.",Regulatory,Aladdin; SS&C Advent; Clearwater; State Street Alpha; Charles River; SimCorp; Bloomberg; Salesforce CRM,Aladdin: https://www.blackrock.com/institutions/en-us/investment-capabilities/technolgy/aladdin-portfolio-management-software; Salesforce CRM: https://www.salesforce.com/crm/; Microsoft Dynamics 365 Sales: https://www.microsoft.com/en-us/dynamics-365/products/sales; HubSpot CRM: https://www.hubspot.com/products/crm?gh_jid=5988617,Complete,
Clinical Documentation,Clinical and Case Operations,Care Delivery and Reimbursement,Ambulatory health care services | Hospitals | Nursing and residential care facilities,3,Advance the active care or case plan safely while documenting enough context for the next accountable action.,"An open care episode or case requires intervention, documentation, or referral follow-through.","The next action, service step, or referral status is updated and visible to the right owner.",clinician or case worker; patient or beneficiary; care coordinator; referral or specialist partner,What intervention or next step is most appropriate now?; Does the current record support safe continuation or escalation?; What coordination gap puts outcome or reimbursement at risk?,"primary record owner -> specialist or downstream service provider; active service -> billing, claims, or reporting team; ongoing case -> supervisor or escalation path",EHR and Care Management | Revenue Cycle Management | Practice Management | HCM / Workforce Management | ERP,"Leakage appears as duplicated work, missed follow-up, avoidable utilization, and incomplete billable documentation.","Teams repeatedly reconcile status and chase missing clinical, referral, or plan information.","Care appropriateness, urgency, and readiness still depend on expert interpretation.","Critical case context moves through phone calls, referrals, messages, and external portals.","Typical stacks combine EHR and Care Management, Revenue Cycle Management, Practice Management, HCM / Workforce Management, and adjacent specialist systems; representative software in market today includes Epic, Oracle Health EHR, Meditech, PointClickCare, athenahealth RCM, R1 RCM.",Even strong systems of record do not remove the need for contextual coordination across people and organizations. It typically spans 1 operating-system context and 5 systems-of-record categories.,Regulatory,Epic; Oracle Health EHR; Meditech; PointClickCare; athenahealth RCM; R1 RCM; Optum; eClinicalWorks,Epic: https://www.epic.com/; Oracle Health EHR: https://www.oracle.com/health/clinical-suite/electronic-health-record/; athenahealth RCM: https://www.athenahealth.com/solutions/revenue-cycle-management; R1 RCM: https://www.r1rcm.com/enterprise-partnerships; Workday Workforce Management: https://forms.workday.com/en-us/quick-demos/managing-your-workforce-with-workday-demo/form.html?step=step1_default; Deputy: https://www.deputy.com/; Legion: https://legion.co/en-gb/products/; SAP Cloud ERP: https://www.sap.com/products/erp.html?dfa=1&gad=1; Acumatica Cloud ERP: https://www.acumatica.com/cloud-erp-software/,Complete,
Coding and Charge Capture,Finance and Revenue Operations,Care Delivery and Reimbursement,Ambulatory health care services,1,"Turn completed work or contractual obligation into clean bills, timely collections, and accurate receivable records.","A billable event, service completion, or recurring obligation reaches the point of invoicing or follow-up.","The bill is issued, the receivable is updated, and collection or exception status is clear.",billing specialist; collections or revenue-cycle staff; source operations team; customer or payer,"Is the billable record complete enough to issue or submit?; What denial, dispute, or delinquency path should be pursued next?; When should the item be escalated, adjusted, or written down?","source operations -> billing or coding team; billing -> customer, payer, or clearing partner; open item -> collections, finance, or account owner",EHR and Care Management | Revenue Cycle Management | Practice Management,"Missed charges, denial cycles, underbilling, and slow cash application are the primary leakage points.","Teams repeatedly reconcile source evidence, payer rules, and customer-specific exceptions.","Operators interpret contract nuance, collection strategy, and what evidence is enough to close the item.","Collections context and exception history often live in email, payer portals, and spreadsheets outside the core system.","Typical stacks combine EHR and Care Management, Revenue Cycle Management, Practice Management; representative software in market today includes Epic, Oracle Health EHR, Meditech, PointClickCare, athenahealth RCM, R1 RCM.","Automation handles the clean path, but exceptions are driven by messy upstream data and contract interpretation. It typically spans 1 operating-system context and 3 systems-of-record categories.",Regulatory,Epic; Oracle Health EHR; Meditech; PointClickCare; athenahealth RCM; R1 RCM; Optum; eClinicalWorks,Epic: https://www.epic.com/; Oracle Health EHR: https://www.oracle.com/health/clinical-suite/electronic-health-record/; athenahealth RCM: https://www.athenahealth.com/solutions/revenue-cycle-management; R1 RCM: https://www.r1rcm.com/enterprise-partnerships,Complete,
Collections and Loss Mitigation,Finance and Revenue Operations,"Deposit, Credit, and Payment Intermediation","Federal Reserve banks, credit intermediation, and related activities",1,"Advance credit, account, or financing decisions while balancing growth, risk, documentation, and servicing control.","A borrower or account relationship requires onboarding, underwriting, servicing, collections, or payment handling.","The credit or servicing action is completed with the record, controls, and next follow-up updated.",relationship manager or lender; underwriter or analyst; borrower or account holder; servicing or collections team,"Is the customer or credit request acceptable under current policy and risk appetite?; What servicing, payment, or workout action is most appropriate now?; What exception deserves manual review despite automation rules?","relationship owner -> credit or onboarding review; approved account or loan -> servicing operations; risk signal -> collections, workout, or compliance team",Core Banking | Loan Origination and Servicing | Payments | Risk and Compliance | CRM,"Leakage appears through slow decisioning, avoidable losses, poor collections, and high manual servicing cost.","Banking teams chase documents, reconcile exposures, and move work across front, middle, and back office queues.","Risk appetite, borrower quality, and workout strategy still rely heavily on expert human judgment.","Core context moves into credit memos, committee notes, shared spreadsheets, and email threads outside the core record.","Typical stacks combine Core Banking, Loan Origination and Servicing, Payments, Risk and Compliance, and adjacent specialist systems; representative software in market today includes Temenos, Finastra Phoenix, Fiserv, FIS, Jack Henry, nCino Commercial Lending.","Core systems are mature, but cross-functional credit work remains document-heavy and policy-sensitive. It typically spans 1 operating-system context and 5 systems-of-record categories.",Regulatory,Temenos; Finastra Phoenix; Fiserv; FIS; Jack Henry; nCino Commercial Lending; nCino; Dealertrack,Temenos: https://www.temenos.com/; Finastra Phoenix: https://www.finastra.com/us-mid-market/solutions/phoenix-banking-core; nCino Commercial Lending: https://www.ncino.com/solutions/commercial-lending?nxtPslug=commercial-loan-origination-system; Salesforce CRM: https://www.salesforce.com/crm/; Microsoft Dynamics 365 Sales: https://www.microsoft.com/en-us/dynamics-365/products/sales; HubSpot CRM: https://www.hubspot.com/products/crm?gh_jid=5988617,Complete,
Compliance and Certification Management,"Risk, Compliance, and Reporting",Product Manufacturing and Lifecycle Operations,"Electrical equipment, appliances, and components",1,"Prove that output, operations, or service meet required standards before release or continued execution.","A production step, service checkpoint, or formal control requirement calls for inspection or compliance review.","The item is passed, failed, quarantined, or escalated with evidence attached to the record.",quality or compliance owner; operator or frontline staff; manager; external customer or regulator,Does the item meet the release threshold?; What deviation is acceptable versus requiring stop-work or escalation?; What corrective action and evidence are necessary?,operations -> quality or compliance team; quality finding -> rework or management action; released item -> downstream fulfillment or reporting,Manufacturing Execution System | PLM and Engineering Design | Shop Floor Control and Quality | ERP,"Failures, recalls, rework, and excess inspection labor are the major leakage points.","Teams repeat data entry, collect evidence manually, and wait on disposition decisions.","Inspectors still interpret severity, traceability gaps, and acceptable release decisions.","Evidence often sits in attachments, lab systems, spreadsheets, and manual checklists outside the main record.","Typical stacks combine Manufacturing Execution System, PLM and Engineering Design, Shop Floor Control and Quality, ERP; representative software in market today includes Siemens Opcenter, Rockwell FactoryTalk MES, Plex, Epicor, Rockwell FactoryTalk, Siemens Teamcenter.","Standards are formal, but real-world deviations and root-cause interpretation remain human-heavy. It typically spans 1 operating-system context and 4 systems-of-record categories.",Regulatory,Siemens Opcenter; Rockwell FactoryTalk MES; Plex; Epicor; Rockwell FactoryTalk; Siemens Teamcenter; Dassault 3DEXPERIENCE; PTC Windchill,Siemens Opcenter: https://www.siemens.com/en-us/products/opcenter/; Rockwell FactoryTalk MES: https://www.rockwellautomation.com/en-us/products/software/factorytalk/operationsuite/mes.html; SAP Cloud ERP: https://www.sap.com/products/erp.html?dfa=1&gad=1; Acumatica Cloud ERP: https://www.acumatica.com/cloud-erp-software/,Complete,
Compliance and Service-Provider Oversight,"Risk, Compliance, and Reporting",Capital Markets and Investment Management,"Funds, trusts, and other financial vehicles",1,"Produce a compliant, decision-useful record of activity while ensuring the supporting evidence can stand up to review.","A formal period close, audit, regulatory filing, or quality checkpoint requires documented output.","The report or compliance record is submitted with evidence, exceptions, and ownership clearly documented.",reporting or compliance analyst; source operations owner; manager or approver; external reviewer,What source should be treated as authoritative for this report?; Which exception is material enough to disclose or remediate?; What evidence is sufficient to sign off the output?,"source teams -> reporting or compliance owner; prepared output -> reviewer, auditor, or regulator; findings -> remediation owner",Fund Administration and Accounting | Investor Reporting and Performance | Portfolio and Order Management | Reconciliation and Reporting,"Late or weak reporting creates fines, reserve exposure, rework, and management blind spots.","Teams manually stitch files, request attestations, and chase evidence for every cycle.","Control owners still decide what is material, what is remediated, and what can be tolerated temporarily.","Supporting evidence sits in attachments, spreadsheets, emails, and external filing systems.","Typical stacks combine Fund Administration and Accounting, Investor Reporting and Performance, Portfolio and Order Management, Reconciliation and Reporting; representative software in market today includes Allvue Fund Accounting, Aladdin Accounting, SS&C, SimCorp, State Street Alpha, Clearwater.","The form of the report may be standardized, but the data lineage and exception handling still are not. It typically spans 1 operating-system context and 4 systems-of-record categories.",Regulatory,Allvue Fund Accounting; Aladdin Accounting; SS&C; SimCorp; State Street Alpha; Clearwater; Aladdin; SS&C Advent,Allvue Fund Accounting: https://www.allvuesystems.com/solutions/fund-accounting/; Aladdin Accounting: https://www.blackrock.com/aladdin/platforms/products/aladdin-accounting; Aladdin: https://www.blackrock.com/institutions/en-us/investment-capabilities/technolgy/aladdin-portfolio-management-software,Complete,
Content and Service Operations,Delivery and Service Execution,Network Infrastructure Operations,Broadcasting and telecommunications,1,"Convert a committed order, project, or service promise into completed work that meets scope, timing, and quality expectations.",Demand has been accepted and operational work is ready to be performed.,"The work is completed, status is recorded, and downstream billing or follow-up can proceed.",operations lead; frontline delivery team; customer or receiving party; scheduler or dispatcher,What work should be done first and by whom?; How should exceptions or changes in scope be handled?; What completion threshold is enough to close or advance the job?,"planning or scheduling -> execution team; execution team -> customer or receiver; completed work -> finance, reporting, or support team",Billing and Subscription Management | Network OSS/BSS | CRM,"Leakage comes from rework, poor sequencing, missed milestones, overtime, spoilage, and avoidable service failures.","Execution teams lose time on missing inputs, waiting, field coordination, status chasing, and exception resolution.","Supervisors and frontline operators continually rebalance priorities, constraints, and real-world conditions.","Actual execution is coordinated through calls, whiteboards, texts, and local spreadsheets when reality moves faster than the system.","Typical stacks combine Billing and Subscription Management, Network OSS/BSS, CRM; representative software in market today includes Zuora, Amdocs, Oracle Communications, NetSuite, Netcracker, Ericsson.","The workflow changes minute to minute based on field conditions, dependencies, and incomplete telemetry across teams and vendors. It typically spans 1 operating-system context and 3 systems-of-record categories.",Legacy Architecture,Zuora; Amdocs; Oracle Communications; NetSuite; Netcracker; Ericsson; Salesforce CRM; Microsoft Dynamics 365 Sales,Zuora: https://www.zuora.com/products/billing/; Salesforce CRM: https://www.salesforce.com/crm/; Microsoft Dynamics 365 Sales: https://www.microsoft.com/en-us/dynamics-365/products/sales; HubSpot CRM: https://www.hubspot.com/products/crm?gh_jid=5988617,Complete,
Contract and Margin Management,Finance and Revenue Operations,Process Manufacturing and Throughput Control,Chemical products,1,"Turn completed work or contractual obligation into clean bills, timely collections, and accurate receivable records.","A billable event, service completion, or recurring obligation reaches the point of invoicing or follow-up.","The bill is issued, the receivable is updated, and collection or exception status is clear.",billing specialist; collections or revenue-cycle staff; source operations team; customer or payer,"Is the billable record complete enough to issue or submit?; What denial, dispute, or delinquency path should be pursued next?; When should the item be escalated, adjusted, or written down?","source operations -> billing or coding team; billing -> customer, payer, or clearing partner; open item -> collections, finance, or account owner",Maintenance Management | Manufacturing Execution System | Industrial Automation and SCADA | ERP,"Missed charges, denial cycles, underbilling, and slow cash application are the primary leakage points.","Teams repeatedly reconcile source evidence, payer rules, and customer-specific exceptions.","Operators interpret contract nuance, collection strategy, and what evidence is enough to close the item.","Collections context and exception history often live in email, payer portals, and spreadsheets outside the core system.","Typical stacks combine Maintenance Management, Manufacturing Execution System, Industrial Automation and SCADA, ERP; representative software in market today includes IFS Enterprise Asset Management, Yardi, ServiceTitan, Oracle Utilities, IFS, Siemens Opcenter.","Automation handles the clean path, but exceptions are driven by messy upstream data and contract interpretation. It typically spans 1 operating-system context and 4 systems-of-record categories.",Legacy Architecture,IFS Enterprise Asset Management; Yardi; ServiceTitan; Oracle Utilities; IFS; Siemens Opcenter; Rockwell FactoryTalk MES; Plex,IFS Enterprise Asset Management: https://www.ifs.com/en/products/alm/eam; Siemens Opcenter: https://www.siemens.com/en-us/products/opcenter/; Rockwell FactoryTalk MES: https://www.rockwellautomation.com/en-us/products/software/factorytalk/operationsuite/mes.html; SAP Cloud ERP: https://www.sap.com/products/erp.html?dfa=1&gad=1; Acumatica Cloud ERP: https://www.acumatica.com/cloud-erp-software/,Complete,
Credit Underwriting and Servicing,Finance and Revenue Operations,"Deposit, Credit, and Payment Intermediation","Federal Reserve banks, credit intermediation, and related activities",1,"Advance credit, account, or financing decisions while balancing growth, risk, documentation, and servicing control.","A borrower or account relationship requires onboarding, underwriting, servicing, collections, or payment handling.","The credit or servicing action is completed with the record, controls, and next follow-up updated.",relationship manager or lender; underwriter or analyst; borrower or account holder; servicing or collections team,"Is the customer or credit request acceptable under current policy and risk appetite?; What servicing, payment, or workout action is most appropriate now?; What exception deserves manual review despite automation rules?","relationship owner -> credit or onboarding review; approved account or loan -> servicing operations; risk signal -> collections, workout, or compliance team",Core Banking | Loan Origination and Servicing | Payments | Risk and Compliance | CRM,"Leakage appears through slow decisioning, avoidable losses, poor collections, and high manual servicing cost.","Banking teams chase documents, reconcile exposures, and move work across front, middle, and back office queues.","Risk appetite, borrower quality, and workout strategy still rely heavily on expert human judgment.","Core context moves into credit memos, committee notes, shared spreadsheets, and email threads outside the core record.","Typical stacks combine Core Banking, Loan Origination and Servicing, Payments, Risk and Compliance, and adjacent specialist systems; representative software in market today includes Temenos, Finastra Phoenix, Fiserv, FIS, Jack Henry, nCino Commercial Lending.","Core systems are mature, but cross-functional credit work remains document-heavy and policy-sensitive. It typically spans 1 operating-system context and 5 systems-of-record categories.",Regulatory,Temenos; Finastra Phoenix; Fiserv; FIS; Jack Henry; nCino Commercial Lending; nCino; Dealertrack,Temenos: https://www.temenos.com/; Finastra Phoenix: https://www.finastra.com/us-mid-market/solutions/phoenix-banking-core; nCino Commercial Lending: https://www.ncino.com/solutions/commercial-lending?nxtPslug=commercial-loan-origination-system; Salesforce CRM: https://www.salesforce.com/crm/; Microsoft Dynamics 365 Sales: https://www.microsoft.com/en-us/dynamics-365/products/sales; HubSpot CRM: https://www.hubspot.com/products/crm?gh_jid=5988617,Complete,
Crew and Fleet Assignment,Network and Transportation Operations,Transportation Network Operations,Air transportation,1,"Assign the right asset, route, crew, or carrier to the job while balancing service, utilization, and cost.",Demand is ready to be moved or serviced across a network and requires a dispatch decision.,"The movement or service plan is issued with owners, route, and timing visible to the network.","dispatcher or planner; carrier, crew, or field operator; operations control; customer or receiving party","Which asset, route, or partner should carry the work?; What tradeoff between service, cost, and utilization is acceptable?; What exception requires re-plan or escalation now?","demand intake -> dispatch control; dispatch plan -> driver, crew, or carrier; movement status -> customer service, billing, or recovery desk",Airline Operations and Reservations | Revenue Management Platform | ERP,"The biggest leaks are empty capacity, bad routing, detention, and poor network utilization.","Dispatchers lose time chasing status, making call-based updates, and rerouting around late disruptions.",Controllers interpret service priorities and real-world constraints faster than static optimization models.,"Carrier calls, texts, and manual route notes remain central to live execution.","Typical stacks combine Airline Operations and Reservations, Revenue Management Platform, ERP; representative software in market today includes Sabre, Amadeus, Navitaire, Lufthansa Systems, Oracle OPERA, SAP Cloud ERP.","Network state changes in real time and often depends on partner data that is late, partial, or nonstandard. It typically spans 1 operating-system context and 3 systems-of-record categories.",Technical,Sabre; Amadeus; Navitaire; Lufthansa Systems; Oracle OPERA; SAP Cloud ERP; Acumatica Cloud ERP; Oracle,SAP Cloud ERP: https://www.sap.com/products/erp.html?dfa=1&gad=1; Acumatica Cloud ERP: https://www.acumatica.com/cloud-erp-software/,Complete,
Customer Acquisition and Onboarding,"Access, Intake, and Contracting",Digital Platform and Subscription Operations,"Data processing, internet publishing, and other information services",1,"Stand up a new account, relationship, or fund record while satisfying verification, risk, and setup requirements.","A new customer, borrower, investor, or fund relationship is approved for activation.","The relationship is activated in the necessary systems with required checks, documents, and controls completed.",onboarding specialist; customer or counterparty; risk or compliance reviewer; operations setup team,Is the relationship verified enough to activate?; What documentation or control gap still blocks go-live?; Which setup path fits the relationship complexity and risk level?,"sales or relationship owner -> onboarding team; onboarding -> risk, compliance, or legal review; approved setup -> servicing or operations team",Billing and Subscription Management | Cloud Infrastructure and IT Operations | CRM | Service Management,"Slow onboarding delays revenue start dates and increases abandonment, while weak controls raise risk and rework.","Teams chase documents, approvals, signatures, and duplicate data entry across systems.","Analysts still judge risk, beneficial ownership complexity, and what counts as a satisfactory exception path.","Onboarding packets, emails, shared checklists, and external verification portals carry the real process state.","Typical stacks combine Billing and Subscription Management, Cloud Infrastructure and IT Operations, CRM, Service Management; representative software in market today includes Zuora, Amdocs, Oracle Communications, NetSuite, ServiceNow IT Operations Management, AWS.","Verification is partly automatable, but high-value or high-risk relationships still require context-heavy review and layered approvals. It typically spans 1 operating-system context and 4 systems-of-record categories.",Regulatory,Zuora; Amdocs; Oracle Communications; NetSuite; ServiceNow IT Operations Management; AWS; Microsoft Azure; Google Cloud,Zuora: https://www.zuora.com/products/billing/; ServiceNow IT Operations Management: https://www.servicenow.com/docs/r/it-operations-management/r_ITOMApplications.html; Salesforce CRM: https://www.salesforce.com/crm/; Microsoft Dynamics 365 Sales: https://www.microsoft.com/en-us/dynamics-365/products/sales; HubSpot CRM: https://www.hubspot.com/products/crm?gh_jid=5988617,Complete,
Customer Retention and Remarketing,Customer and Experience Operations,Retail and Service Commerce,Motor vehicle and parts dealers,1,"Preserve profitable relationships by identifying risk early and executing the right renewal, retention, or remarketing action.","A contract, account, subscriber, or customer relationship shows renewal timing or churn risk.","The relationship is renewed, recovered, remarketed, or exited with a clear ownership path.",account owner; customer success or retention team; customer; commercial approver,"Is the relationship healthy enough to renew as is?; What price, package, or intervention is worth offering?; When should the account be saved, reshaped, or allowed to churn?","usage or performance signals -> account owner; retention motion -> pricing or finance review; renewed account -> delivery, support, or billing team",Loan Origination and Servicing | Maintenance Management | Dealership Management System | CRM,"Late risk detection, weak expansion discipline, and reactive renewal handling erode retention economics.","Teams assemble context manually across service records, invoices, and relationship notes before every renewal conversation.","Renewal strategy depends on relationship strength, future potential, and nuanced commercial tradeoffs.","The decisive conversations happen in calls, emails, and side planning decks outside the system of record.","Typical stacks combine Loan Origination and Servicing, Maintenance Management, Dealership Management System, CRM; representative software in market today includes nCino Commercial Lending, nCino, Temenos, Dealertrack, IFS Enterprise Asset Management, Yardi.",Signals are fragmented and the most important retention decisions are strategic rather than purely operational. It typically spans 1 operating-system context and 4 systems-of-record categories.,Behavioral,nCino Commercial Lending; nCino; Temenos; Dealertrack; IFS Enterprise Asset Management; Yardi; ServiceTitan; Oracle Utilities,nCino Commercial Lending: https://www.ncino.com/solutions/commercial-lending?nxtPslug=commercial-loan-origination-system; IFS Enterprise Asset Management: https://www.ifs.com/en/products/alm/eam; Salesforce CRM: https://www.salesforce.com/crm/; Microsoft Dynamics 365 Sales: https://www.microsoft.com/en-us/dynamics-365/products/sales; HubSpot CRM: https://www.hubspot.com/products/crm?gh_jid=5988617,Complete,
Customer Retention and Repeat Service,Customer and Experience Operations,Workforce Coordination and Service Operations,"Other services, except government",1,"Preserve profitable relationships by identifying risk early and executing the right renewal, retention, or remarketing action.","A contract, account, subscriber, or customer relationship shows renewal timing or churn risk.","The relationship is renewed, recovered, remarketed, or exited with a clear ownership path.",account owner; customer success or retention team; customer; commercial approver,"Is the relationship healthy enough to renew as is?; What price, package, or intervention is worth offering?; When should the account be saved, reshaped, or allowed to churn?","usage or performance signals -> account owner; retention motion -> pricing or finance review; renewed account -> delivery, support, or billing team",POS and Payments | CRM | HCM / Workforce Management | Service Management,"Late risk detection, weak expansion discipline, and reactive renewal handling erode retention economics.","Teams assemble context manually across service records, invoices, and relationship notes before every renewal conversation.","Renewal strategy depends on relationship strength, future potential, and nuanced commercial tradeoffs.","The decisive conversations happen in calls, emails, and side planning decks outside the system of record.","Typical stacks combine POS and Payments, CRM, HCM / Workforce Management, Service Management; representative software in market today includes Toast POS, Square, Oracle MICROS, NCR Voyix, Salesforce CRM, Microsoft Dynamics 365 Sales.",Signals are fragmented and the most important retention decisions are strategic rather than purely operational. It typically spans 1 operating-system context and 4 systems-of-record categories.,Behavioral,Toast POS; Square; Oracle MICROS; NCR Voyix; Salesforce CRM; Microsoft Dynamics 365 Sales; HubSpot CRM; VTS,Toast POS: https://pos.toasttab.com/products/point-of-sale; Salesforce CRM: https://www.salesforce.com/crm/; Microsoft Dynamics 365 Sales: https://www.microsoft.com/en-us/dynamics-365/products/sales; HubSpot CRM: https://www.hubspot.com/products/crm?gh_jid=5988617; Workday Workforce Management: https://forms.workday.com/en-us/quick-demos/managing-your-workforce-with-workday-demo/form.html?step=step1_default; Deputy: https://www.deputy.com/; Legion: https://legion.co/en-gb/products/,Complete,
Customer Service and Field Response,Customer and Experience Operations,Network Infrastructure Operations,Utilities,1,"Resolve customer issues quickly without sacrificing margin, service quality, or downstream operational clarity.","A customer asks for support, raises an issue, or requires live service intervention.",The issue is resolved or routed correctly and the account or service record reflects the outcome.,support or service agent; customer; operations team; account owner,"What is the true root cause and who owns it?; Should the issue be fixed, compensated, escalated, or monitored?; What follow-up best protects future retention?","customer-facing channel -> support queue; support -> operations, field, or finance; resolution -> account owner or retention motion",Maintenance Management | Utility Operations and Billing | Industrial Automation and SCADA | ERP,"Repeat contacts, credits, field callbacks, and unresolved issues raise support cost and churn risk.",Agents and operations teams waste time on status chasing and duplicate handoffs.,"Good service recovery depends on empathy, prioritization, and contextual interpretation.","The most important context often lives in conversations, notes, and side chats rather than system fields.","Typical stacks combine Maintenance Management, Utility Operations and Billing, Industrial Automation and SCADA, ERP; representative software in market today includes IFS Enterprise Asset Management, Yardi, ServiceTitan, Oracle Utilities, IFS, Oracle Utilities Customer to Meter.","Support flows cross channels and teams, and the edge cases that matter most remain unstructured. It typically spans 1 operating-system context and 4 systems-of-record categories.",Legacy Architecture,IFS Enterprise Asset Management; Yardi; ServiceTitan; Oracle Utilities; IFS; Oracle Utilities Customer to Meter; SAP; GE Vernova,IFS Enterprise Asset Management: https://www.ifs.com/en/products/alm/eam; Oracle Utilities Customer to Meter: https://docs.oracle.com/en/industries/energy-water/advanced-meter/index.html; Acumatica Cloud ERP: https://www.acumatica.com/cloud-erp-software/,Complete,
Customer Support and Success,Customer and Experience Operations,"IP, Subscription, and Rights Management","Publishing industries, except internet (includes software)",1,"Resolve customer issues quickly without sacrificing margin, service quality, or downstream operational clarity.","A customer asks for support, raises an issue, or requires live service intervention.",The issue is resolved or routed correctly and the account or service record reflects the outcome.,support or service agent; customer; operations team; account owner,"What is the true root cause and who owns it?; Should the issue be fixed, compensated, escalated, or monitored?; What follow-up best protects future retention?","customer-facing channel -> support queue; support -> operations, field, or finance; resolution -> account owner or retention motion",Billing and Subscription Management | CRM | ERP | Service Management,"Repeat contacts, credits, field callbacks, and unresolved issues raise support cost and churn risk.",Agents and operations teams waste time on status chasing and duplicate handoffs.,"Good service recovery depends on empathy, prioritization, and contextual interpretation.","The most important context often lives in conversations, notes, and side chats rather than system fields.","Typical stacks combine Billing and Subscription Management, CRM, ERP, Service Management; representative software in market today includes Zuora, Amdocs, Oracle Communications, NetSuite, Salesforce CRM, Microsoft Dynamics 365 Sales.","Support flows cross channels and teams, and the edge cases that matter most remain unstructured. It typically spans 1 operating-system context and 4 systems-of-record categories.",Organizational,Zuora; Amdocs; Oracle Communications; NetSuite; Salesforce CRM; Microsoft Dynamics 365 Sales; HubSpot CRM; VTS,Zuora: https://www.zuora.com/products/billing/; Salesforce CRM: https://www.salesforce.com/crm/; Microsoft Dynamics 365 Sales: https://www.microsoft.com/en-us/dynamics-365/products/sales; HubSpot CRM: https://www.hubspot.com/products/crm?gh_jid=5988617; SAP Cloud ERP: https://www.sap.com/products/erp.html?dfa=1&gad=1; Acumatica Cloud ERP: https://www.acumatica.com/cloud-erp-software/,Complete,
Delivery and Contract Milestone Management,Delivery and Service Execution,Product Manufacturing and Lifecycle Operations,Other transportation equipment,1,"Execute a scoped engagement or project while controlling milestones, changes, utilization, and cash realization.","A project, matter, or contracted work package is ready for execution.","The deliverable or milestone is completed, status is updated, and commercial closeout can progress.",project manager; delivery team; customer or stakeholder; commercial or finance partner,What work should be prioritized to protect schedule and margin?; Which scope change requires repricing or approval?; When is the milestone complete enough to bill or accept?,sales or planning -> project manager; delivery team -> customer review or acceptance; accepted milestone -> billing and portfolio reporting,Project and Construction Management | PLM and Engineering Design | ERP,"Leakage comes from scope creep, underutilization, write-offs, and late recognition of delivery risk.","Project teams spend time aligning resources, updating status manually, and reconciling effort with customer expectations.","Project health still depends on leadership judgment around sequencing, risk, and stakeholder management.","The real state of the project lives in meetings, comments, decks, and side trackers beyond the PSA or project tool.","Typical stacks combine Project and Construction Management, PLM and Engineering Design, ERP; representative software in market today includes Procore, Procore Financial Management, Autodesk Construction Cloud, Oracle Primavera, Siemens Teamcenter, Dassault 3DEXPERIENCE.","Project work is inherently exception-heavy and relationship-driven, which prevents full straight-through execution. It typically spans 1 operating-system context and 3 systems-of-record categories.",Legacy Architecture,Procore; Procore Financial Management; Autodesk Construction Cloud; Oracle Primavera; Siemens Teamcenter; Dassault 3DEXPERIENCE; PTC Windchill; Cadence,Procore: https://www.procore.com/what-is-procore; Procore Financial Management: https://www.procore.com/financial-management; SAP Cloud ERP: https://www.sap.com/products/erp.html?dfa=1&gad=1; Acumatica Cloud ERP: https://www.acumatica.com/cloud-erp-software/,Complete,
Demand Planning,Planning and Allocation,Distribution and Trade Operations | Process Manufacturing and Throughput Control,Wholesale trade | Food and beverage and tobacco products,2,"Set the next operating baseline for capacity, demand, production, or resource use under uncertain conditions.",A planning horizon opens or enough signal changes that the current plan no longer fits reality.,A practical baseline plan is published with assumptions and accountable owners documented.,planner; operations leader; commercial or finance partner; downstream execution owner,"What demand and capacity assumptions should the organization trust right now?; Which tradeoff between service, cost, and utilization is acceptable?; When should the baseline be changed rather than managed through exceptions?","market or operating signals -> planning team; published plan -> procurement, labor, or execution teams; plan variance -> management review",Supply Chain Planning | Manufacturing Execution System | Order Management System | Industrial Automation and SCADA | Warehouse Management System | ERP,"Forecast error and poor allocation create excess cost, missed revenue, and avoidable firefighting.",Planning teams spend time rebuilding assumptions and chasing sign-off across functions.,Planners still decide which signals to trust and when the model output does not fit local reality.,"Scenario analysis and negotiation happen in spreadsheets, slides, and side conversations.","Typical stacks combine Supply Chain Planning, Manufacturing Execution System, Order Management System, Industrial Automation and SCADA, and adjacent specialist systems; representative software in market today includes Blue Yonder Integrated Business Planning, Kinaxis, o9 Solutions, Blue Yonder, Manhattan Associates, Infor.","The hard problem is not math alone; it is aligning noisy signals, local constraints, and organizational trust. It typically spans 2 operating-system contexts and 6 systems-of-record categories.",Technical,Blue Yonder Integrated Business Planning; Kinaxis; o9 Solutions; Blue Yonder; Manhattan Associates; Infor; Siemens Opcenter; Rockwell FactoryTalk MES,Blue Yonder Integrated Business Planning: https://blueyonder.com/solutions/supply-chain-planning/integrated-business-planning; Kinaxis: https://www.kinaxis.com/en; o9 Solutions: https://o9solutions.com/; Siemens Opcenter: https://www.siemens.com/en-us/products/opcenter/; Rockwell FactoryTalk MES: https://www.rockwellautomation.com/en-us/products/software/factorytalk/operationsuite/mes.html; Manhattan ActiveOrder: https://www.manh.com/solutions/omnichannel-software-solutions/order-management-system; Acumatica Cloud ERP: https://www.acumatica.com/cloud-erp-software/,Complete,
Demand and Allocation Planning,Planning and Allocation,Product Manufacturing and Lifecycle Operations,Computer and electronic products,1,"Set the next operating baseline for capacity, demand, production, or resource use under uncertain conditions.",A planning horizon opens or enough signal changes that the current plan no longer fits reality.,A practical baseline plan is published with assumptions and accountable owners documented.,planner; operations leader; commercial or finance partner; downstream execution owner,"What demand and capacity assumptions should the organization trust right now?; Which tradeoff between service, cost, and utilization is acceptable?; When should the baseline be changed rather than managed through exceptions?","market or operating signals -> planning team; published plan -> procurement, labor, or execution teams; plan variance -> management review",Manufacturing Execution System | Supply Chain Planning | PLM and Engineering Design | ERP,"Forecast error and poor allocation create excess cost, missed revenue, and avoidable firefighting.",Planning teams spend time rebuilding assumptions and chasing sign-off across functions.,Planners still decide which signals to trust and when the model output does not fit local reality.,"Scenario analysis and negotiation happen in spreadsheets, slides, and side conversations.","Typical stacks combine Manufacturing Execution System, Supply Chain Planning, PLM and Engineering Design, ERP; representative software in market today includes Siemens Opcenter, Rockwell FactoryTalk MES, Plex, Epicor, Rockwell FactoryTalk, Blue Yonder Integrated Business Planning.","The hard problem is not math alone; it is aligning noisy signals, local constraints, and organizational trust. It typically spans 1 operating-system context and 4 systems-of-record categories.",Technical,Siemens Opcenter; Rockwell FactoryTalk MES; Plex; Epicor; Rockwell FactoryTalk; Blue Yonder Integrated Business Planning; Kinaxis; o9 Solutions,Siemens Opcenter: https://www.siemens.com/en-us/products/opcenter/; Rockwell FactoryTalk MES: https://www.rockwellautomation.com/en-us/products/software/factorytalk/operationsuite/mes.html; Blue Yonder Integrated Business Planning: https://blueyonder.com/solutions/supply-chain-planning/integrated-business-planning; Kinaxis: https://www.kinaxis.com/en; o9 Solutions: https://o9solutions.com/; SAP Cloud ERP: https://www.sap.com/products/erp.html?dfa=1&gad=1; Acumatica Cloud ERP: https://www.acumatica.com/cloud-erp-software/,Complete,
Deposit and Payment Operations,Finance and Revenue Operations,"Deposit, Credit, and Payment Intermediation","Federal Reserve banks, credit intermediation, and related activities",1,"Advance credit, account, or financing decisions while balancing growth, risk, documentation, and servicing control.","A borrower or account relationship requires onboarding, underwriting, servicing, collections, or payment handling.","The credit or servicing action is completed with the record, controls, and next follow-up updated.",relationship manager or lender; underwriter or analyst; borrower or account holder; servicing or collections team,"Is the customer or credit request acceptable under current policy and risk appetite?; What servicing, payment, or workout action is most appropriate now?; What exception deserves manual review despite automation rules?","relationship owner -> credit or onboarding review; approved account or loan -> servicing operations; risk signal -> collections, workout, or compliance team",Core Banking | Loan Origination and Servicing | Payments | Risk and Compliance | CRM,"Leakage appears through slow decisioning, avoidable losses, poor collections, and high manual servicing cost.","Banking teams chase documents, reconcile exposures, and move work across front, middle, and back office queues.","Risk appetite, borrower quality, and workout strategy still rely heavily on expert human judgment.","Core context moves into credit memos, committee notes, shared spreadsheets, and email threads outside the core record.","Typical stacks combine Core Banking, Loan Origination and Servicing, Payments, Risk and Compliance, and adjacent specialist systems; representative software in market today includes Temenos, Finastra Phoenix, Fiserv, FIS, Jack Henry, nCino Commercial Lending.","Core systems are mature, but cross-functional credit work remains document-heavy and policy-sensitive. It typically spans 1 operating-system context and 5 systems-of-record categories.",Regulatory,Temenos; Finastra Phoenix; Fiserv; FIS; Jack Henry; nCino Commercial Lending; nCino; Dealertrack,Temenos: https://www.temenos.com/; Finastra Phoenix: https://www.finastra.com/us-mid-market/solutions/phoenix-banking-core; nCino Commercial Lending: https://www.ncino.com/solutions/commercial-lending?nxtPslug=commercial-loan-origination-system; Salesforce CRM: https://www.salesforce.com/crm/; Microsoft Dynamics 365 Sales: https://www.microsoft.com/en-us/dynamics-365/products/sales; HubSpot CRM: https://www.hubspot.com/products/crm?gh_jid=5988617,Complete,
Development and Greenlight Management,"Product, Content, and Engineering","IP, Subscription, and Rights Management",Motion picture and sound recording industries,1,"Maintain the authoritative product, engineering, or release record so downstream execution runs against the correct definition.","A new product, change request, or release milestone requires controlled updates to the master record.",The approved version is published with dependencies and downstream impact clearly communicated.,product or engineering owner; change or release manager; operations partner; commercial or legal reviewer,Which change set is safe and worth promoting now?; What dependency or downstream effect blocks release?; What version should be treated as authoritative for execution?,"product or design work -> engineering or release control; approved record -> manufacturing, platform, or commercial teams; released version -> support, billing, or customer-facing teams",Production Management | Rights and Royalty Management | CRM | ERP,"Master-data mistakes and release delays create rework, scrap, missed launch windows, and downstream confusion.","Teams manually synchronize definitions across PLM, ERP, support, and commercial systems.","Tradeoffs among quality, timing, and downstream disruption remain human-led.","Critical rationale and version decisions live in reviews, comments, and docs outside the system of record.","Typical stacks combine Production Management, Rights and Royalty Management, CRM, ERP; representative software in market today includes Movie Magic, Adobe Creative Cloud, Rightsline, Salesforce CRM, Microsoft Dynamics 365 Sales, HubSpot CRM.","Structured data and collaborative work still sit in separate tools, so version truth remains hard to unify. It typically spans 1 operating-system context and 4 systems-of-record categories.",Legacy Architecture,Movie Magic; Adobe Creative Cloud; Rightsline; Salesforce CRM; Microsoft Dynamics 365 Sales; HubSpot CRM; VTS; Cox Automotive,Salesforce CRM: https://www.salesforce.com/crm/; Microsoft Dynamics 365 Sales: https://www.microsoft.com/en-us/dynamics-365/products/sales; HubSpot CRM: https://www.hubspot.com/products/crm?gh_jid=5988617; SAP Cloud ERP: https://www.sap.com/products/erp.html?dfa=1&gad=1; Acumatica Cloud ERP: https://www.acumatica.com/cloud-erp-software/,Complete,
Dispatch and Checkout,Delivery and Service Execution,Asset Utilization and Lease Management,Rental and leasing services and lessors of intangible assets,1,"Execute work in the field while adapting safely to site conditions, change requests, and incomplete information.","A field team is dispatched or mobilized to perform work at a site, customer, or operating location.","The field task is completed, deferred, or escalated with actual conditions captured for downstream use.",field supervisor; technician or crew; customer or site contact; back-office coordinator,"What can actually be completed given current site conditions?; What change requires new approval, scope, or documentation?; What issue should be solved locally versus escalated?","dispatch or planning -> field crew; field crew -> back office, customer, or inspector; completed work -> billing, maintenance history, or reporting",Maintenance Management | Rental Operations Management | ERP,"Travel waste, revisit rates, change-order misses, and field rework are the main economic leaks.","Crews lose time to waiting, missing parts, unclear scope, and back-and-forth approvals.","Field leads interpret site reality, safety, and customer context in ways that no template fully captures.","Actual field decisions are coordinated over calls, text, and paper notes before systems are updated later.","Typical stacks combine Maintenance Management, Rental Operations Management, ERP; representative software in market today includes IFS Enterprise Asset Management, Yardi, ServiceTitan, Oracle Utilities, IFS, AssetWorks.","Field conditions mutate faster than central systems, making local judgment indispensable. It typically spans 1 operating-system context and 3 systems-of-record categories.",Legacy Architecture,IFS Enterprise Asset Management; Yardi; ServiceTitan; Oracle Utilities; IFS; AssetWorks; LeaseQuery; Oracle,IFS Enterprise Asset Management: https://www.ifs.com/en/products/alm/eam; SAP Cloud ERP: https://www.sap.com/products/erp.html?dfa=1&gad=1; Acumatica Cloud ERP: https://www.acumatica.com/cloud-erp-software/,Complete,
Dispatch and Routing,Network and Transportation Operations,Transportation Network Operations,Truck transportation,1,"Assign the right asset, route, crew, or carrier to the job while balancing service, utilization, and cost.",Demand is ready to be moved or serviced across a network and requires a dispatch decision.,"The movement or service plan is issued with owners, route, and timing visible to the network.","dispatcher or planner; carrier, crew, or field operator; operations control; customer or receiving party","Which asset, route, or partner should carry the work?; What tradeoff between service, cost, and utilization is acceptable?; What exception requires re-plan or escalation now?","demand intake -> dispatch control; dispatch plan -> driver, crew, or carrier; movement status -> customer service, billing, or recovery desk",Transportation Management System | Fleet Telematics and Visibility | ERP,"The biggest leaks are empty capacity, bad routing, detention, and poor network utilization.","Dispatchers lose time chasing status, making call-based updates, and rerouting around late disruptions.",Controllers interpret service priorities and real-world constraints faster than static optimization models.,"Carrier calls, texts, and manual route notes remain central to live execution.","Typical stacks combine Transportation Management System, Fleet Telematics and Visibility, ERP; representative software in market today includes project44, McLeod, Oracle Transportation Management, Descartes, CargoWise, Samsara.","Network state changes in real time and often depends on partner data that is late, partial, or nonstandard. It typically spans 1 operating-system context and 3 systems-of-record categories.",Technical,project44; McLeod; Oracle Transportation Management; Descartes; CargoWise; Samsara; Trimble Transportation; SAP Cloud ERP,project44: https://www.project44.com/platform/tms/; SAP Cloud ERP: https://www.sap.com/products/erp.html?dfa=1&gad=1; Acumatica Cloud ERP: https://www.acumatica.com/cloud-erp-software/,Complete,
Distribution and Quote-to-Bind,"Access, Intake, and Contracting",Risk Underwriting and Claims Administration,Insurance carriers and related activities,1,"Translate demand into a priced, scoped, and approvable commercial commitment that the business can actually deliver.","A qualified request needs pricing, scope definition, or a formal quote, estimate, or proposal.","The quote or proposal is issued with approved assumptions, margins, and delivery commitments.",estimator or pricing analyst; sales owner; operations or supply partner; approver,"What price, scope, or configuration best fits the request and margin target?; Which assumptions need approval because they materially change risk or delivery feasibility?; When should the opportunity be declined rather than priced?","qualified demand -> pricing or estimating; estimating -> operations, engineering, or supply review; approved quote -> customer or contracting team",Claims Management | Policy Administration | Underwriting and Rating | CRM,"Leakage comes from underpricing, scope misses, inaccurate assumptions, and change orders that were predictable at quote time.","Estimators wait on inputs, rebuild historical assumptions, and route approvals repeatedly.","Estimators must judge risk, uncertainty, and customer-specific nuance that raw historical data rarely captures cleanly.","The actual pricing narrative often sits in spreadsheets, markups, and offline review threads.","Typical stacks combine Claims Management, Policy Administration, Underwriting and Rating, CRM; representative software in market today includes Guidewire ClaimCenter, Duck Creek Claims, Guidewire, Duck Creek, Majesco, Verisk.","Rules can price the simple path, but profitable quoting still depends on tacit knowledge and cross-functional review. It typically spans 1 operating-system context and 4 systems-of-record categories.",Technical,Guidewire ClaimCenter; Duck Creek Claims; Guidewire; Duck Creek; Majesco; Verisk; Guidewire PolicyCenter; Salesforce CRM,Guidewire ClaimCenter: https://www.guidewire.com/products/core-products/insurancesuite/claimcenter-claims-management-software; Duck Creek Claims: https://www.duckcreek.com/product/claims-management-software/; Guidewire PolicyCenter: https://www.guidewire.com/products/core-products/insurancesuite/policycenter-insurance-policy-administration; Salesforce CRM: https://www.salesforce.com/crm/; Microsoft Dynamics 365 Sales: https://www.microsoft.com/en-us/dynamics-365/products/sales; HubSpot CRM: https://www.hubspot.com/products/crm?gh_jid=5988617,Complete,
Distribution and Release Management,"Product, Content, and Engineering","IP, Subscription, and Rights Management","Publishing industries, except internet (includes software) | Motion picture and sound recording industries",2,"Maintain the authoritative product, engineering, or release record so downstream execution runs against the correct definition.","A new product, change request, or release milestone requires controlled updates to the master record.",The approved version is published with dependencies and downstream impact clearly communicated.,product or engineering owner; change or release manager; operations partner; commercial or legal reviewer,Which change set is safe and worth promoting now?; What dependency or downstream effect blocks release?; What version should be treated as authoritative for execution?,"product or design work -> engineering or release control; approved record -> manufacturing, platform, or commercial teams; released version -> support, billing, or customer-facing teams",Billing and Subscription Management | Production Management | Rights and Royalty Management | CRM | ERP | Service Management,"Master-data mistakes and release delays create rework, scrap, missed launch windows, and downstream confusion.","Teams manually synchronize definitions across PLM, ERP, support, and commercial systems.","Tradeoffs among quality, timing, and downstream disruption remain human-led.","Critical rationale and version decisions live in reviews, comments, and docs outside the system of record.","Typical stacks combine Billing and Subscription Management, Production Management, Rights and Royalty Management, CRM, and adjacent specialist systems; representative software in market today includes Zuora, Amdocs, Oracle Communications, NetSuite, Movie Magic, Adobe Creative Cloud.","Structured data and collaborative work still sit in separate tools, so version truth remains hard to unify. It typically spans 1 operating-system context and 6 systems-of-record categories.",Legacy Architecture,Zuora; Amdocs; Oracle Communications; NetSuite; Movie Magic; Adobe Creative Cloud; Rightsline; Salesforce CRM,Zuora: https://www.zuora.com/products/billing/; Salesforce CRM: https://www.salesforce.com/crm/; Microsoft Dynamics 365 Sales: https://www.microsoft.com/en-us/dynamics-365/products/sales; HubSpot CRM: https://www.hubspot.com/products/crm?gh_jid=5988617; SAP Cloud ERP: https://www.sap.com/products/erp.html?dfa=1&gad=1; Acumatica Cloud ERP: https://www.acumatica.com/cloud-erp-software/,Complete,
Distribution and Trade Promotion,Customer and Experience Operations,Process Manufacturing and Throughput Control,Food and beverage and tobacco products,1,"Use pricing, assortment, and promotional levers to protect margin while matching demand and channel realities.","A pricing, inventory age, channel, or campaign change requires a new commercial decision.",The updated commercial rule is published and downstream sales or replenishment teams can act on it.,merchandising or revenue manager; commercial analyst; operations or inventory partner; finance reviewer,"What price or promotional action best fits demand and margin goals?; Which inventory should be pushed, protected, or marked down?; When does local judgment override the standard rule?",demand and inventory signals -> commercial team; approved pricing action -> channel or store operators; executed campaign -> finance and performance review,Manufacturing Execution System | Supply Chain Planning | Industrial Automation and SCADA | ERP,"Leakage comes from blunt discounts, poor markdown timing, and channel decisions that shift volume without improving contribution.","Analysts and operators waste time aligning price files, inventory context, and execution timing.","Merchants still interpret local demand, competitor behavior, and brand considerations.","The rationale for overrides often lives in spreadsheets, chats, and field communications.","Typical stacks combine Manufacturing Execution System, Supply Chain Planning, Industrial Automation and SCADA, ERP; representative software in market today includes Siemens Opcenter, Rockwell FactoryTalk MES, Plex, Epicor, Rockwell FactoryTalk, Blue Yonder Integrated Business Planning.","Optimization helps, but demand signals remain noisy and commercial teams still distrust fully automated rules. It typically spans 1 operating-system context and 4 systems-of-record categories.",Technical,Siemens Opcenter; Rockwell FactoryTalk MES; Plex; Epicor; Rockwell FactoryTalk; Blue Yonder Integrated Business Planning; Kinaxis; o9 Solutions,Siemens Opcenter: https://www.siemens.com/en-us/products/opcenter/; Rockwell FactoryTalk MES: https://www.rockwellautomation.com/en-us/products/software/factorytalk/operationsuite/mes.html; Blue Yonder Integrated Business Planning: https://blueyonder.com/solutions/supply-chain-planning/integrated-business-planning; Kinaxis: https://www.kinaxis.com/en; o9 Solutions: https://o9solutions.com/; SAP Cloud ERP: https://www.sap.com/products/erp.html?dfa=1&gad=1; Acumatica Cloud ERP: https://www.acumatica.com/cloud-erp-software/,Complete,
Docketing and Compliance Tracking,"Risk, Compliance, and Reporting",Professional Services and Matter Management,Legal services,1,"Prove that output, operations, or service meet required standards before release or continued execution.","A production step, service checkpoint, or formal control requirement calls for inspection or compliance review.","The item is passed, failed, quarantined, or escalated with evidence attached to the record.",quality or compliance owner; operator or frontline staff; manager; external customer or regulator,Does the item meet the release threshold?; What deviation is acceptable versus requiring stop-work or escalation?; What corrective action and evidence are necessary?,operations -> quality or compliance team; quality finding -> rework or management action; released item -> downstream fulfillment or reporting,Document Management | Practice Management and Billing | CRM,"Failures, recalls, rework, and excess inspection labor are the major leakage points.","Teams repeat data entry, collect evidence manually, and wait on disposition decisions.","Inspectors still interpret severity, traceability gaps, and acceptable release decisions.","Evidence often sits in attachments, lab systems, spreadsheets, and manual checklists outside the main record.","Typical stacks combine Document Management, Practice Management and Billing, CRM; representative software in market today includes iManage, NetDocuments, Litera, Thomson Reuters Elite, Clio, Salesforce CRM.","Standards are formal, but real-world deviations and root-cause interpretation remain human-heavy. It typically spans 1 operating-system context and 3 systems-of-record categories.",Regulatory,iManage; NetDocuments; Litera; Thomson Reuters Elite; Clio; Salesforce CRM; Microsoft Dynamics 365 Sales; HubSpot CRM,Salesforce CRM: https://www.salesforce.com/crm/; Microsoft Dynamics 365 Sales: https://www.microsoft.com/en-us/dynamics-365/products/sales; HubSpot CRM: https://www.hubspot.com/products/crm?gh_jid=5988617,Complete,
Document and Knowledge Management,"Product, Content, and Engineering",Professional Services and Matter Management,Legal services,1,"Protect the integrity of governed documents, rights, or knowledge while making the right version available to downstream users.","A document, rights position, or knowledge asset changes or is needed for downstream use.",The authoritative record is updated and downstream obligations or access rules are aligned.,document or rights owner; legal or policy reviewer; operations user; finance or commercial partner,"What version or rights state is authoritative?; Who can use the asset and under what conditions?; What exception requires legal, billing, or operational review?","content or matter owner -> legal or document governance; approved asset -> downstream production, sales, or delivery team; rights or document exception -> finance or compliance review",Document Management | Practice Management and Billing | CRM,"Leakage appears through rights misinterpretation, stale documents, missed obligations, and manual rework.",Teams search for the right version and reconcile obligations across disconnected repositories.,"People still interpret contractual nuance, usage rights, and which document version is good enough to act on.","Key commentary and approval history sit in emails, redlines, and shared folders outside the formal index.","Typical stacks combine Document Management, Practice Management and Billing, CRM; representative software in market today includes iManage, NetDocuments, Litera, Thomson Reuters Elite, Clio, Salesforce CRM.","The workflow combines unstructured content and structured obligations, which few systems model together well. It typically spans 1 operating-system context and 3 systems-of-record categories.",Legacy Architecture,iManage; NetDocuments; Litera; Thomson Reuters Elite; Clio; Salesforce CRM; Microsoft Dynamics 365 Sales; HubSpot CRM,Salesforce CRM: https://www.salesforce.com/crm/; Microsoft Dynamics 365 Sales: https://www.microsoft.com/en-us/dynamics-365/products/sales; HubSpot CRM: https://www.hubspot.com/products/crm?gh_jid=5988617,Complete,
Documentation and Compliance Management,"Risk, Compliance, and Reporting",Case Management and Program Administration,Social assistance,1,"Produce a compliant, decision-useful record of activity while ensuring the supporting evidence can stand up to review.","A formal period close, audit, regulatory filing, or quality checkpoint requires documented output.","The report or compliance record is submitted with evidence, exceptions, and ownership clearly documented.",reporting or compliance analyst; source operations owner; manager or approver; external reviewer,What source should be treated as authoritative for this report?; Which exception is material enough to disclose or remediate?; What evidence is sufficient to sign off the output?,"source teams -> reporting or compliance owner; prepared output -> reviewer, auditor, or regulator; findings -> remediation owner",Case Management System | Grant and Program Reporting | Referral Management | CRM,"Late or weak reporting creates fines, reserve exposure, rework, and management blind spots.","Teams manually stitch files, request attestations, and chase evidence for every cycle.","Control owners still decide what is material, what is remediated, and what can be tolerated temporarily.","Supporting evidence sits in attachments, spreadsheets, emails, and external filing systems.","Typical stacks combine Case Management System, Grant and Program Reporting, Referral Management, CRM; representative software in market today includes Netsmart, WellSky, Eccovia, Apricot, Salesforce, Microsoft Dynamics 365 Sales.","The form of the report may be standardized, but the data lineage and exception handling still are not. It typically spans 1 operating-system context and 4 systems-of-record categories.",Regulatory,Netsmart; WellSky; Eccovia; Apricot; Salesforce; Microsoft Dynamics 365 Sales; HubSpot CRM; VTS,Microsoft Dynamics 365 Sales: https://www.microsoft.com/en-us/dynamics-365/products/sales; HubSpot CRM: https://www.hubspot.com/products/crm?gh_jid=5988617,Complete,
Driver Safety and Compliance,"Risk, Compliance, and Reporting",Transportation Network Operations,Truck transportation,1,"Prove that output, operations, or service meet required standards before release or continued execution.","A production step, service checkpoint, or formal control requirement calls for inspection or compliance review.","The item is passed, failed, quarantined, or escalated with evidence attached to the record.",quality or compliance owner; operator or frontline staff; manager; external customer or regulator,Does the item meet the release threshold?; What deviation is acceptable versus requiring stop-work or escalation?; What corrective action and evidence are necessary?,operations -> quality or compliance team; quality finding -> rework or management action; released item -> downstream fulfillment or reporting,Transportation Management System | Fleet Telematics and Visibility | ERP,"Failures, recalls, rework, and excess inspection labor are the major leakage points.","Teams repeat data entry, collect evidence manually, and wait on disposition decisions.","Inspectors still interpret severity, traceability gaps, and acceptable release decisions.","Evidence often sits in attachments, lab systems, spreadsheets, and manual checklists outside the main record.","Typical stacks combine Transportation Management System, Fleet Telematics and Visibility, ERP; representative software in market today includes project44, McLeod, Oracle Transportation Management, Descartes, CargoWise, Samsara.","Standards are formal, but real-world deviations and root-cause interpretation remain human-heavy. It typically spans 1 operating-system context and 3 systems-of-record categories.",Regulatory,project44; McLeod; Oracle Transportation Management; Descartes; CargoWise; Samsara; Trimble Transportation; SAP Cloud ERP,project44: https://www.project44.com/platform/tms/; SAP Cloud ERP: https://www.sap.com/products/erp.html?dfa=1&gad=1; Acumatica Cloud ERP: https://www.acumatica.com/cloud-erp-software/,Complete,
Eligibility and Authorization,"Access, Intake, and Contracting",Care Delivery and Reimbursement,Ambulatory health care services,1,"Move a person into service with the right eligibility, timing, and required intake information captured up front.","A person requests entry into care, education, or a case-based program.","The person is cleared for service, scheduled or enrolled, and visible to downstream service teams.",intake coordinator; participant or patient; authorization or eligibility staff; service scheduler,"Is the person eligible and appropriately prioritized?; What slot, program, or service path should they enter?; What information gap blocks progression into service?",front-door intake -> authorization or scheduling; eligibility review -> service owner; admitted participant -> ongoing service team,EHR and Care Management | Revenue Cycle Management | Practice Management,"Leakage starts with avoidable denials, no-shows, unused capacity, and mis-routed participants.","Teams repeatedly collect the same history and chase coverage, paperwork, and schedule coordination.","Staff balance urgency, fit, and operational constraints under incomplete documentation.","Phone calls, scanned documents, and message threads still carry the real intake context.","Typical stacks combine EHR and Care Management, Revenue Cycle Management, Practice Management; representative software in market today includes Epic, Oracle Health EHR, Meditech, PointClickCare, athenahealth RCM, R1 RCM.","Eligibility and access rules can be encoded, but edge cases and capacity realities still require manual orchestration. It typically spans 1 operating-system context and 3 systems-of-record categories.",Organizational,Epic; Oracle Health EHR; Meditech; PointClickCare; athenahealth RCM; R1 RCM; Optum; eClinicalWorks,Epic: https://www.epic.com/; Oracle Health EHR: https://www.oracle.com/health/clinical-suite/electronic-health-record/; athenahealth RCM: https://www.athenahealth.com/solutions/revenue-cycle-management; R1 RCM: https://www.r1rcm.com/enterprise-partnerships,Complete,
Engineering Change Management,"Product, Content, and Engineering",Product Manufacturing and Lifecycle Operations,Computer and electronic products,1,"Maintain the authoritative product, engineering, or release record so downstream execution runs against the correct definition.","A new product, change request, or release milestone requires controlled updates to the master record.",The approved version is published with dependencies and downstream impact clearly communicated.,product or engineering owner; change or release manager; operations partner; commercial or legal reviewer,Which change set is safe and worth promoting now?; What dependency or downstream effect blocks release?; What version should be treated as authoritative for execution?,"product or design work -> engineering or release control; approved record -> manufacturing, platform, or commercial teams; released version -> support, billing, or customer-facing teams",Manufacturing Execution System | Supply Chain Planning | PLM and Engineering Design | ERP,"Master-data mistakes and release delays create rework, scrap, missed launch windows, and downstream confusion.","Teams manually synchronize definitions across PLM, ERP, support, and commercial systems.","Tradeoffs among quality, timing, and downstream disruption remain human-led.","Critical rationale and version decisions live in reviews, comments, and docs outside the system of record.","Typical stacks combine Manufacturing Execution System, Supply Chain Planning, PLM and Engineering Design, ERP; representative software in market today includes Siemens Opcenter, Rockwell FactoryTalk MES, Plex, Epicor, Rockwell FactoryTalk, Blue Yonder Integrated Business Planning.","Structured data and collaborative work still sit in separate tools, so version truth remains hard to unify. It typically spans 1 operating-system context and 4 systems-of-record categories.",Legacy Architecture,Siemens Opcenter; Rockwell FactoryTalk MES; Plex; Epicor; Rockwell FactoryTalk; Blue Yonder Integrated Business Planning; Kinaxis; o9 Solutions,Siemens Opcenter: https://www.siemens.com/en-us/products/opcenter/; Rockwell FactoryTalk MES: https://www.rockwellautomation.com/en-us/products/software/factorytalk/operationsuite/mes.html; Blue Yonder Integrated Business Planning: https://blueyonder.com/solutions/supply-chain-planning/integrated-business-planning; Kinaxis: https://www.kinaxis.com/en; o9 Solutions: https://o9solutions.com/; SAP Cloud ERP: https://www.sap.com/products/erp.html?dfa=1&gad=1; Acumatica Cloud ERP: https://www.acumatica.com/cloud-erp-software/,Complete,
Estimating and Proposal Management,"Access, Intake, and Contracting",Project Delivery and Contracting,Construction,1,"Translate demand into a priced, scoped, and approvable commercial commitment that the business can actually deliver.","A qualified request needs pricing, scope definition, or a formal quote, estimate, or proposal.","The quote or proposal is issued with approved assumptions, margins, and delivery commitments.",estimator or pricing analyst; sales owner; operations or supply partner; approver,"What price, scope, or configuration best fits the request and margin target?; Which assumptions need approval because they materially change risk or delivery feasibility?; When should the opportunity be declined rather than priced?","qualified demand -> pricing or estimating; estimating -> operations, engineering, or supply review; approved quote -> customer or contracting team",Project and Construction Management | Scheduling and Planning | ERP,"Leakage comes from underpricing, scope misses, inaccurate assumptions, and change orders that were predictable at quote time.","Estimators wait on inputs, rebuild historical assumptions, and route approvals repeatedly.","Estimators must judge risk, uncertainty, and customer-specific nuance that raw historical data rarely captures cleanly.","The actual pricing narrative often sits in spreadsheets, markups, and offline review threads.","Typical stacks combine Project and Construction Management, Scheduling and Planning, ERP; representative software in market today includes Procore, Procore Financial Management, Autodesk Construction Cloud, Oracle Primavera, Anaplan, Blue Yonder.","Rules can price the simple path, but profitable quoting still depends on tacit knowledge and cross-functional review. It typically spans 1 operating-system context and 3 systems-of-record categories.",Technical,Procore; Procore Financial Management; Autodesk Construction Cloud; Oracle Primavera; Anaplan; Blue Yonder; SAP Cloud ERP; Acumatica Cloud ERP,Procore: https://www.procore.com/what-is-procore; Procore Financial Management: https://www.procore.com/financial-management; SAP Cloud ERP: https://www.sap.com/products/erp.html?dfa=1&gad=1; Acumatica Cloud ERP: https://www.acumatica.com/cloud-erp-software/,Complete,
Estimating and Quotation,"Access, Intake, and Contracting",Product Manufacturing and Lifecycle Operations,Fabricated metal products,1,"Translate demand into a priced, scoped, and approvable commercial commitment that the business can actually deliver.","A qualified request needs pricing, scope definition, or a formal quote, estimate, or proposal.","The quote or proposal is issued with approved assumptions, margins, and delivery commitments.",estimator or pricing analyst; sales owner; operations or supply partner; approver,"What price, scope, or configuration best fits the request and margin target?; Which assumptions need approval because they materially change risk or delivery feasibility?; When should the opportunity be declined rather than priced?","qualified demand -> pricing or estimating; estimating -> operations, engineering, or supply review; approved quote -> customer or contracting team",Manufacturing Execution System | Shop Floor Control and Quality | ERP,"Leakage comes from underpricing, scope misses, inaccurate assumptions, and change orders that were predictable at quote time.","Estimators wait on inputs, rebuild historical assumptions, and route approvals repeatedly.","Estimators must judge risk, uncertainty, and customer-specific nuance that raw historical data rarely captures cleanly.","The actual pricing narrative often sits in spreadsheets, markups, and offline review threads.","Typical stacks combine Manufacturing Execution System, Shop Floor Control and Quality, ERP; representative software in market today includes Siemens Opcenter, Rockwell FactoryTalk MES, Plex, Epicor, Rockwell FactoryTalk, JobBOSS.","Rules can price the simple path, but profitable quoting still depends on tacit knowledge and cross-functional review. It typically spans 1 operating-system context and 3 systems-of-record categories.",Technical,Siemens Opcenter; Rockwell FactoryTalk MES; Plex; Epicor; Rockwell FactoryTalk; JobBOSS; Infor; SAP Cloud ERP,Siemens Opcenter: https://www.siemens.com/en-us/products/opcenter/; Rockwell FactoryTalk MES: https://www.rockwellautomation.com/en-us/products/software/factorytalk/operationsuite/mes.html; SAP Cloud ERP: https://www.sap.com/products/erp.html?dfa=1&gad=1; Acumatica Cloud ERP: https://www.acumatica.com/cloud-erp-software/,Complete,
Event Settlement and Reporting,Finance and Revenue Operations,"Venue, Hospitality, and Attendance Operations","Performing arts, spectator sports, museums, and related activities",1,"Close the loop between source activity, cash movement, and the official financial record with defensible reconciliation.","Transactions from multiple sources must be balanced, settled, or closed for a period or event.","Balances are reconciled, exceptions are documented, and the official close or settlement state is updated.",accounting or settlement analyst; operations source owner; treasury or payments partner; manager or reviewer,What is the authoritative source when records disagree?; Which exception can be auto-cleared versus requiring investigation?; What threshold is material enough to escalate before close?,"source system -> reconciliation or settlement team; unmatched item -> operations, treasury, or counterparty; resolved balance -> reporting and management review",Ticketing and Venue Management | Event and Donor Management | CRM,"Unmatched items, late close, duplicate settlements, and poor exception control create hidden leakage and working-capital drag.","Analysts spend time matching records manually, collecting support, and rebuilding audit trails.","Materiality, root cause, and acceptable resolution still depend on experienced finance staff.","Exception triage almost always moves into spreadsheets, email, and bank or partner portals.","Typical stacks combine Ticketing and Venue Management, Event and Donor Management, CRM; representative software in market today includes Tessitura, Ticketmaster/Live Nation, AudienceView, Accesso, Salesforce, Eventbrite.",Reconciliation spans asynchronous systems and low-standardization edge cases that resist full automation. It typically spans 1 operating-system context and 3 systems-of-record categories.,Legacy Architecture,Tessitura; Ticketmaster/Live Nation; AudienceView; Accesso; Salesforce; Eventbrite; Microsoft Dynamics 365 Sales; HubSpot CRM,Tessitura: https://www.tessitura.com/en/Features/Ticketing-Admissions; Microsoft Dynamics 365 Sales: https://www.microsoft.com/en-us/dynamics-365/products/sales; HubSpot CRM: https://www.hubspot.com/products/crm?gh_jid=5988617,Complete,
Exception Management,Network and Transportation Operations,Transportation Network Operations,Other transportation and support activities,1,Maintain a current view of in-flight network health so downstream teams can respond before service failure compounds.,"Movement, service, or asset status becomes uncertain, delayed, or exception-prone.","The exception is visible, prioritized, and owned with the next corrective action underway.",control tower or exception team; carrier or field operator; customer service; operations manager,"Which exceptions are truly material?; What customer or downstream impact will happen if nothing changes?; Should the response be reroute, recover, reschedule, or communicate?","telemetry or event feed -> control tower; exception review -> carrier, field, or customer team; resolution -> billing, claims, or performance review",Transportation Management System | Fleet Telematics and Visibility | ERP,"Poor visibility turns small exceptions into claims, missed commitments, and expensive recoveries.",Teams spend time validating whether the exception signal is real and who is best positioned to act.,Exception severity and customer impact still require contextual interpretation.,"Teams fall back to calls, partner portals, and spreadsheets when telemetry is incomplete or late.","Typical stacks combine Transportation Management System, Fleet Telematics and Visibility, ERP; representative software in market today includes project44, McLeod, Oracle Transportation Management, Descartes, CargoWise, Samsara.","Visibility tools have improved, but cross-party event quality and actionability remain inconsistent. It typically spans 1 operating-system context and 3 systems-of-record categories.",Technical,project44; McLeod; Oracle Transportation Management; Descartes; CargoWise; Samsara; Trimble Transportation; SAP Cloud ERP,project44: https://www.project44.com/platform/tms/; SAP Cloud ERP: https://www.sap.com/products/erp.html?dfa=1&gad=1; Acumatica Cloud ERP: https://www.acumatica.com/cloud-erp-software/,Complete,
Field Development Planning,Planning and Allocation,Field Production and Resource Extraction,Oil and gas extraction,1,"Set the next operating baseline for capacity, demand, production, or resource use under uncertain conditions.",A planning horizon opens or enough signal changes that the current plan no longer fits reality.,A practical baseline plan is published with assumptions and accountable owners documented.,planner; operations leader; commercial or finance partner; downstream execution owner,"What demand and capacity assumptions should the organization trust right now?; Which tradeoff between service, cost, and utilization is acceptable?; When should the baseline be changed rather than managed through exceptions?","market or operating signals -> planning team; published plan -> procurement, labor, or execution teams; plan variance -> management review",Geoscience and Reservoir Management | Production Accounting and Regulatory | Upstream Energy Management | ERP,"Forecast error and poor allocation create excess cost, missed revenue, and avoidable firefighting.",Planning teams spend time rebuilding assumptions and chasing sign-off across functions.,Planners still decide which signals to trust and when the model output does not fit local reality.,"Scenario analysis and negotiation happen in spreadsheets, slides, and side conversations.","Typical stacks combine Geoscience and Reservoir Management, Production Accounting and Regulatory, Upstream Energy Management, ERP; representative software in market today includes SLB Delfi, Halliburton Landmark, Quorum, Enverus, SAP, Acumatica Cloud ERP.","The hard problem is not math alone; it is aligning noisy signals, local constraints, and organizational trust. It typically spans 1 operating-system context and 4 systems-of-record categories.",Technical,SLB Delfi; Halliburton Landmark; Quorum; Enverus; SAP; Acumatica Cloud ERP; Oracle; NetSuite,Acumatica Cloud ERP: https://www.acumatica.com/cloud-erp-software/,Complete,
Field Execution and Change Management,Delivery and Service Execution,Project Delivery and Contracting,Construction,1,"Execute work in the field while adapting safely to site conditions, change requests, and incomplete information.","A field team is dispatched or mobilized to perform work at a site, customer, or operating location.","The field task is completed, deferred, or escalated with actual conditions captured for downstream use.",field supervisor; technician or crew; customer or site contact; back-office coordinator,"What can actually be completed given current site conditions?; What change requires new approval, scope, or documentation?; What issue should be solved locally versus escalated?","dispatch or planning -> field crew; field crew -> back office, customer, or inspector; completed work -> billing, maintenance history, or reporting",Project and Construction Management | Scheduling and Planning | ERP,"Travel waste, revisit rates, change-order misses, and field rework are the main economic leaks.","Crews lose time to waiting, missing parts, unclear scope, and back-and-forth approvals.","Field leads interpret site reality, safety, and customer context in ways that no template fully captures.","Actual field decisions are coordinated over calls, text, and paper notes before systems are updated later.","Typical stacks combine Project and Construction Management, Scheduling and Planning, ERP; representative software in market today includes Procore, Procore Financial Management, Autodesk Construction Cloud, Oracle Primavera, Anaplan, Blue Yonder.","Field conditions mutate faster than central systems, making local judgment indispensable. It typically spans 1 operating-system context and 3 systems-of-record categories.",Legacy Architecture,Procore; Procore Financial Management; Autodesk Construction Cloud; Oracle Primavera; Anaplan; Blue Yonder; SAP Cloud ERP; Acumatica Cloud ERP,Procore: https://www.procore.com/what-is-procore; Procore Financial Management: https://www.procore.com/financial-management; SAP Cloud ERP: https://www.sap.com/products/erp.html?dfa=1&gad=1; Acumatica Cloud ERP: https://www.acumatica.com/cloud-erp-software/,Complete,
Field Operations,Production and Asset Operations,Field Production and Resource Extraction,Farms,1,Run the physical process or line at the required throughput and quality with clear status and escalation control.,"A production run, asset cycle, or operating shift is ready to execute.","Output is produced, status is recorded, and any exception is handed to the right follow-up owner.",operations supervisor; machine or process operator; quality or maintenance staff; planner,What run order or operating mode best fits current conditions?; What issue should stop the line versus be worked around?; When is output acceptable enough to release or continue?,"plan -> line or field operators; execution -> quality or maintenance team; completed output -> logistics, inventory, or finance",Farm Management Platform | Precision Agriculture and Telematics,"Scrap, slow cycles, poor yields, and unplanned downtime are the main leakages.","Operators lose time to waiting, restarts, manual data capture, and coordination across shifts.","Supervisors balance throughput, quality, and risk when conditions diverge from the ideal run.","Operational nuance lives in shift notes, whiteboards, and tribal knowledge outside MES and ERP fields.","Typical stacks combine Farm Management Platform, Precision Agriculture and Telematics; representative software in market today includes John Deere Operations Center, Climate FieldView, Granular, AgLeader, Trimble Agriculture.","Even with modern MES, the last mile of execution still depends on local conditions and human adaptation. It typically spans 1 operating-system context and 2 systems-of-record categories.",Legacy Architecture,John Deere Operations Center; Climate FieldView; Granular; AgLeader; Trimble Agriculture,,Complete,
Field Service Execution,Delivery and Service Execution,Workforce Coordination and Service Operations,"Other services, except government",1,"Execute work in the field while adapting safely to site conditions, change requests, and incomplete information.","A field team is dispatched or mobilized to perform work at a site, customer, or operating location.","The field task is completed, deferred, or escalated with actual conditions captured for downstream use.",field supervisor; technician or crew; customer or site contact; back-office coordinator,"What can actually be completed given current site conditions?; What change requires new approval, scope, or documentation?; What issue should be solved locally versus escalated?","dispatch or planning -> field crew; field crew -> back office, customer, or inspector; completed work -> billing, maintenance history, or reporting",POS and Payments | CRM | HCM / Workforce Management | Service Management,"Travel waste, revisit rates, change-order misses, and field rework are the main economic leaks.","Crews lose time to waiting, missing parts, unclear scope, and back-and-forth approvals.","Field leads interpret site reality, safety, and customer context in ways that no template fully captures.","Actual field decisions are coordinated over calls, text, and paper notes before systems are updated later.","Typical stacks combine POS and Payments, CRM, HCM / Workforce Management, Service Management; representative software in market today includes Toast POS, Square, Oracle MICROS, NCR Voyix, Salesforce CRM, Microsoft Dynamics 365 Sales.","Field conditions mutate faster than central systems, making local judgment indispensable. It typically spans 1 operating-system context and 4 systems-of-record categories.",Legacy Architecture,Toast POS; Square; Oracle MICROS; NCR Voyix; Salesforce CRM; Microsoft Dynamics 365 Sales; HubSpot CRM; VTS,Toast POS: https://pos.toasttab.com/products/point-of-sale; Salesforce CRM: https://www.salesforce.com/crm/; Microsoft Dynamics 365 Sales: https://www.microsoft.com/en-us/dynamics-365/products/sales; HubSpot CRM: https://www.hubspot.com/products/crm?gh_jid=5988617; Workday Workforce Management: https://forms.workday.com/en-us/quick-demos/managing-your-workforce-with-workday-demo/form.html?step=step1_default; Deputy: https://www.deputy.com/; Legion: https://legion.co/en-gb/products/,Complete,
Financial Consolidation,Governance and Portfolio Operations,Enterprise Governance and Shared Services,Management of companies and enterprises,1,Allocate capital or shared resources and monitor performance with enough fidelity to drive corrective action.,"A planning cycle, performance review, or governance checkpoint requires an updated view of resource deployment.",Leaders have a current performance view and documented actions for the next operating cycle.,finance or strategy team; business leader; shared-service owner; executive sponsor,Where should capital or scarce support capacity move next?; What underperformance deserves intervention now?; Which metric should guide the next management action?,business-unit data -> central finance or strategy team; management review -> operating owners; approved action -> execution teams and finance tracking,EPM and Financial Consolidation | ERP | HCM / Workforce Management | Service Management,Capital and support resources drift into low-return uses when performance signals are late or noisy.,Review cycles are slowed by manual aggregation and commentary collection.,"Leadership still decides tradeoffs among long-term return, local politics, and near-term operational reality.",Most decisive discussion happens in decks and meetings rather than the planning system itself.,"Typical stacks combine EPM and Financial Consolidation, ERP, HCM / Workforce Management, Service Management; representative software in market today includes Oracle EPM, Anaplan, Workday, SAP, Acumatica Cloud ERP, Oracle.",Shared-service and capital decisions remain cross-functional and politically negotiated rather than purely model-driven. It typically spans 1 operating-system context and 4 systems-of-record categories.,Organizational,Oracle EPM; Anaplan; Workday; SAP; Acumatica Cloud ERP; Oracle; NetSuite; Infor,Acumatica Cloud ERP: https://www.acumatica.com/cloud-erp-software/; Deputy: https://www.deputy.com/; Legion: https://legion.co/en-gb/products/,Complete,
Financing and Underwriting,Finance and Revenue Operations,Retail and Service Commerce,Motor vehicle and parts dealers,1,"Advance credit, account, or financing decisions while balancing growth, risk, documentation, and servicing control.","A borrower or account relationship requires onboarding, underwriting, servicing, collections, or payment handling.","The credit or servicing action is completed with the record, controls, and next follow-up updated.",relationship manager or lender; underwriter or analyst; borrower or account holder; servicing or collections team,"Is the customer or credit request acceptable under current policy and risk appetite?; What servicing, payment, or workout action is most appropriate now?; What exception deserves manual review despite automation rules?","relationship owner -> credit or onboarding review; approved account or loan -> servicing operations; risk signal -> collections, workout, or compliance team",Loan Origination and Servicing | Maintenance Management | Dealership Management System | CRM,"Leakage appears through slow decisioning, avoidable losses, poor collections, and high manual servicing cost.","Banking teams chase documents, reconcile exposures, and move work across front, middle, and back office queues.","Risk appetite, borrower quality, and workout strategy still rely heavily on expert human judgment.","Core context moves into credit memos, committee notes, shared spreadsheets, and email threads outside the core record.","Typical stacks combine Loan Origination and Servicing, Maintenance Management, Dealership Management System, CRM; representative software in market today includes nCino Commercial Lending, nCino, Temenos, Dealertrack, IFS Enterprise Asset Management, Yardi.","Core systems are mature, but cross-functional credit work remains document-heavy and policy-sensitive. It typically spans 1 operating-system context and 4 systems-of-record categories.",Regulatory,nCino Commercial Lending; nCino; Temenos; Dealertrack; IFS Enterprise Asset Management; Yardi; ServiceTitan; Oracle Utilities,nCino Commercial Lending: https://www.ncino.com/solutions/commercial-lending?nxtPslug=commercial-loan-origination-system; IFS Enterprise Asset Management: https://www.ifs.com/en/products/alm/eam; Salesforce CRM: https://www.salesforce.com/crm/; Microsoft Dynamics 365 Sales: https://www.microsoft.com/en-us/dynamics-365/products/sales; HubSpot CRM: https://www.hubspot.com/products/crm?gh_jid=5988617,Complete,
Freight Audit and Billing,Finance and Revenue Operations,Transportation Network Operations,Truck transportation,1,"Turn completed work or contractual obligation into clean bills, timely collections, and accurate receivable records.","A billable event, service completion, or recurring obligation reaches the point of invoicing or follow-up.","The bill is issued, the receivable is updated, and collection or exception status is clear.",billing specialist; collections or revenue-cycle staff; source operations team; customer or payer,"Is the billable record complete enough to issue or submit?; What denial, dispute, or delinquency path should be pursued next?; When should the item be escalated, adjusted, or written down?","source operations -> billing or coding team; billing -> customer, payer, or clearing partner; open item -> collections, finance, or account owner",Transportation Management System | Fleet Telematics and Visibility | ERP,"Missed charges, denial cycles, underbilling, and slow cash application are the primary leakage points.","Teams repeatedly reconcile source evidence, payer rules, and customer-specific exceptions.","Operators interpret contract nuance, collection strategy, and what evidence is enough to close the item.","Collections context and exception history often live in email, payer portals, and spreadsheets outside the core system.","Typical stacks combine Transportation Management System, Fleet Telematics and Visibility, ERP; representative software in market today includes project44, McLeod, Oracle Transportation Management, Descartes, CargoWise, Samsara.","Automation handles the clean path, but exceptions are driven by messy upstream data and contract interpretation. It typically spans 1 operating-system context and 3 systems-of-record categories.",Legacy Architecture,project44; McLeod; Oracle Transportation Management; Descartes; CargoWise; Samsara; Trimble Transportation; SAP Cloud ERP,project44: https://www.project44.com/platform/tms/; SAP Cloud ERP: https://www.sap.com/products/erp.html?dfa=1&gad=1; Acumatica Cloud ERP: https://www.acumatica.com/cloud-erp-software/,Complete,
Freight Audit and Settlement,Finance and Revenue Operations,Transportation Network Operations,Other transportation and support activities,1,"Close the loop between source activity, cash movement, and the official financial record with defensible reconciliation.","Transactions from multiple sources must be balanced, settled, or closed for a period or event.","Balances are reconciled, exceptions are documented, and the official close or settlement state is updated.",accounting or settlement analyst; operations source owner; treasury or payments partner; manager or reviewer,What is the authoritative source when records disagree?; Which exception can be auto-cleared versus requiring investigation?; What threshold is material enough to escalate before close?,"source system -> reconciliation or settlement team; unmatched item -> operations, treasury, or counterparty; resolved balance -> reporting and management review",Transportation Management System | Fleet Telematics and Visibility | ERP,"Unmatched items, late close, duplicate settlements, and poor exception control create hidden leakage and working-capital drag.","Analysts spend time matching records manually, collecting support, and rebuilding audit trails.","Materiality, root cause, and acceptable resolution still depend on experienced finance staff.","Exception triage almost always moves into spreadsheets, email, and bank or partner portals.","Typical stacks combine Transportation Management System, Fleet Telematics and Visibility, ERP; representative software in market today includes project44, McLeod, Oracle Transportation Management, Descartes, CargoWise, Samsara.",Reconciliation spans asynchronous systems and low-standardization edge cases that resist full automation. It typically spans 1 operating-system context and 3 systems-of-record categories.,Legacy Architecture,project44; McLeod; Oracle Transportation Management; Descartes; CargoWise; Samsara; Trimble Transportation; SAP Cloud ERP,project44: https://www.project44.com/platform/tms/; SAP Cloud ERP: https://www.sap.com/products/erp.html?dfa=1&gad=1; Acumatica Cloud ERP: https://www.acumatica.com/cloud-erp-software/,Complete,
Front Desk and Housekeeping Operations,Delivery and Service Execution,"Venue, Hospitality, and Attendance Operations",Accommodation,1,"Turn booked capacity into an on-site service experience while keeping turnover, staffing, and guest needs coordinated.","A guest, room, venue, or event day reaches the active service window.","The guest or attendee is served, the operating area is reset, and the financial record is ready for closeout.",front desk or venue operations staff; housekeeping or service staff; guest or attendee; manager,"How should arrivals, room readiness, or guest requests be prioritized?; What issue requires compensation, maintenance, or escalation?; When is the unit or venue area ready for the next use?","reservation or ticketing -> on-site operations; operations -> housekeeping, maintenance, or finance; completed stay or event -> settlement and service recovery",Property Management System | Reservation and Distribution System | Revenue Management Platform | ERP,"Leakage comes from unready inventory, labor mismatch, service recovery costs, and poor turnover discipline.","Teams lose time on room-status reconciliation, guest issue triage, and manual cross-shift communication.","On-site teams continually arbitrate service tradeoffs, prioritization, and recovery.","The true operating picture often lives in shift notes, radios, texts, and verbal coordination.","Typical stacks combine Property Management System, Reservation and Distribution System, Revenue Management Platform, ERP; representative software in market today includes Yardi, RealPage, AppFolio, Entrata, Mews, Cloudbeds.","Hospitality operations mix fixed capacity, live human service, and fast exceptions that spill beyond the PMS. It typically spans 1 operating-system context and 4 systems-of-record categories.",Organizational,Yardi; RealPage; AppFolio; Entrata; Mews; Cloudbeds; Oracle OPERA; Amadeus,Yardi: https://www.yardi.com/solution/property-management-software/; Mews: https://www.mews.com/en/hospitality-management-software; Cloudbeds: https://www.cloudbeds.com/property-management-system/; SAP Cloud ERP: https://www.sap.com/products/erp.html?dfa=1&gad=1; Acumatica Cloud ERP: https://www.acumatica.com/cloud-erp-software/,Complete,
Fulfillment and Returns Management,Delivery and Service Execution,Retail and Service Commerce,Other retail,1,Route and fulfill demand from the right inventory or capacity source with accurate status and exception control.,"An order is confirmed and needs allocation, release, shipment, or return handling.",The order is fulfilled or closed with any exception documented for downstream billing or service teams.,order management team; warehouse or operations staff; customer or channel partner; transport or service partner,"Which inventory, facility, or path should fulfill the order?; What exception requires split shipment, reroute, substitution, or hold?; When is the order complete enough to invoice or close?","order capture -> allocation or warehouse team; warehouse or operations -> transportation or customer; completed order -> billing, returns, or support team",Order Management System | Commerce Platform | Warehouse Management System | ERP,"Leakage shows up in split orders, mispicks, returns, expedites, and fulfillment promises that outrun actual capacity.","Teams chase inventory truth, release status, and downstream transport updates across systems.","Operators still decide how to recover shortages, prioritize customers, and manage substitutions.","Exception handling often happens through email, calls, and local trackers outside the formal order flow.","Typical stacks combine Order Management System, Commerce Platform, Warehouse Management System, ERP; representative software in market today includes Manhattan ActiveOrder, Manhattan Associates, Salesforce Commerce Cloud, Oracle Retail, Shopify, Blue Yonder.","Order orchestration spans inventory, warehouse, transport, and customer systems with different clocks and constraints. It typically spans 1 operating-system context and 4 systems-of-record categories.",Legacy Architecture,Manhattan ActiveOrder; Manhattan Associates; Salesforce Commerce Cloud; Oracle Retail; Shopify; Blue Yonder; SAP; Acumatica Cloud ERP,Manhattan ActiveOrder: https://www.manh.com/solutions/omnichannel-software-solutions/order-management-system; Acumatica Cloud ERP: https://www.acumatica.com/cloud-erp-software/,Complete,
Fund Accounting,Governance and Portfolio Operations,Capital Markets and Investment Management,"Funds, trusts, and other financial vehicles",1,"Maintain an accurate investment, fund, or investor record across accounting, performance, portfolio, and client-facing views.","A trade, valuation change, investor event, or reporting cycle requires the portfolio record to be refreshed.","Positions, valuations, reporting views, and investor outputs align closely enough to support action and oversight.",portfolio or fund operations team; investment professional; accounting partner; investor relations or client service,"What portfolio, fund, or investor state is authoritative for the current action?; Which break, exception, or exposure deserves escalation?; What action should be taken before downstream reporting or client communication proceeds?",front-office activity -> middle or back office; accounting and valuation outputs -> investor reporting; exception review -> portfolio manager or leadership,Fund Administration and Accounting | Investor Reporting and Performance | Portfolio and Order Management | Reconciliation and Reporting,"Leakage comes from stale positions, NAV breaks, manual reporting overhead, and slow exception closure.","Teams reconcile books and records repeatedly across portfolio, accounting, and investor-reporting systems.","Materiality, valuation challenge, and client communication still depend on experienced professionals.","Exception narratives and investor context move through emails, memos, and spreadsheet bridges.","Typical stacks combine Fund Administration and Accounting, Investor Reporting and Performance, Portfolio and Order Management, Reconciliation and Reporting; representative software in market today includes Allvue Fund Accounting, Aladdin Accounting, SS&C, SimCorp, State Street Alpha, Clearwater.",Even sophisticated platforms still depend on cross-book reconciliation and human review to maintain trust. It typically spans 1 operating-system context and 4 systems-of-record categories.,Technical,Allvue Fund Accounting; Aladdin Accounting; SS&C; SimCorp; State Street Alpha; Clearwater; Aladdin; SS&C Advent,Allvue Fund Accounting: https://www.allvuesystems.com/solutions/fund-accounting/; Aladdin Accounting: https://www.blackrock.com/aladdin/platforms/products/aladdin-accounting; Aladdin: https://www.blackrock.com/institutions/en-us/investment-capabilities/technolgy/aladdin-portfolio-management-software,Complete,
Fund Onboarding and Setup,"Access, Intake, and Contracting",Capital Markets and Investment Management,"Funds, trusts, and other financial vehicles",1,"Stand up a new account, relationship, or fund record while satisfying verification, risk, and setup requirements.","A new customer, borrower, investor, or fund relationship is approved for activation.","The relationship is activated in the necessary systems with required checks, documents, and controls completed.",onboarding specialist; customer or counterparty; risk or compliance reviewer; operations setup team,Is the relationship verified enough to activate?; What documentation or control gap still blocks go-live?; Which setup path fits the relationship complexity and risk level?,"sales or relationship owner -> onboarding team; onboarding -> risk, compliance, or legal review; approved setup -> servicing or operations team",Fund Administration and Accounting | Investor Reporting and Performance | Portfolio and Order Management | Reconciliation and Reporting,"Slow onboarding delays revenue start dates and increases abandonment, while weak controls raise risk and rework.","Teams chase documents, approvals, signatures, and duplicate data entry across systems.","Analysts still judge risk, beneficial ownership complexity, and what counts as a satisfactory exception path.","Onboarding packets, emails, shared checklists, and external verification portals carry the real process state.","Typical stacks combine Fund Administration and Accounting, Investor Reporting and Performance, Portfolio and Order Management, Reconciliation and Reporting; representative software in market today includes Allvue Fund Accounting, Aladdin Accounting, SS&C, SimCorp, State Street Alpha, Clearwater.","Verification is partly automatable, but high-value or high-risk relationships still require context-heavy review and layered approvals. It typically spans 1 operating-system context and 4 systems-of-record categories.",Regulatory,Allvue Fund Accounting; Aladdin Accounting; SS&C; SimCorp; State Street Alpha; Clearwater; Aladdin; SS&C Advent,Allvue Fund Accounting: https://www.allvuesystems.com/solutions/fund-accounting/; Aladdin Accounting: https://www.blackrock.com/aladdin/platforms/products/aladdin-accounting; Aladdin: https://www.blackrock.com/institutions/en-us/investment-capabilities/technolgy/aladdin-portfolio-management-software,Complete,
Governance and Risk Review,Governance and Portfolio Operations,Enterprise Governance and Shared Services,Management of companies and enterprises,1,Allocate capital or shared resources and monitor performance with enough fidelity to drive corrective action.,"A planning cycle, performance review, or governance checkpoint requires an updated view of resource deployment.",Leaders have a current performance view and documented actions for the next operating cycle.,finance or strategy team; business leader; shared-service owner; executive sponsor,Where should capital or scarce support capacity move next?; What underperformance deserves intervention now?; Which metric should guide the next management action?,business-unit data -> central finance or strategy team; management review -> operating owners; approved action -> execution teams and finance tracking,EPM and Financial Consolidation | ERP | HCM / Workforce Management | Service Management,Capital and support resources drift into low-return uses when performance signals are late or noisy.,Review cycles are slowed by manual aggregation and commentary collection.,"Leadership still decides tradeoffs among long-term return, local politics, and near-term operational reality.",Most decisive discussion happens in decks and meetings rather than the planning system itself.,"Typical stacks combine EPM and Financial Consolidation, ERP, HCM / Workforce Management, Service Management; representative software in market today includes Oracle EPM, Anaplan, Workday, SAP, Acumatica Cloud ERP, Oracle.",Shared-service and capital decisions remain cross-functional and politically negotiated rather than purely model-driven. It typically spans 1 operating-system context and 4 systems-of-record categories.,Organizational,Oracle EPM; Anaplan; Workday; SAP; Acumatica Cloud ERP; Oracle; NetSuite; Infor,Acumatica Cloud ERP: https://www.acumatica.com/cloud-erp-software/; Deputy: https://www.deputy.com/; Legion: https://legion.co/en-gb/products/,Complete,
Harvest and Logistics Management,Delivery and Service Execution,Field Production and Resource Extraction,Farms,1,Route and fulfill demand from the right inventory or capacity source with accurate status and exception control.,"An order is confirmed and needs allocation, release, shipment, or return handling.",The order is fulfilled or closed with any exception documented for downstream billing or service teams.,order management team; warehouse or operations staff; customer or channel partner; transport or service partner,"Which inventory, facility, or path should fulfill the order?; What exception requires split shipment, reroute, substitution, or hold?; When is the order complete enough to invoice or close?","order capture -> allocation or warehouse team; warehouse or operations -> transportation or customer; completed order -> billing, returns, or support team",Farm Management Platform | Precision Agriculture and Telematics,"Leakage shows up in split orders, mispicks, returns, expedites, and fulfillment promises that outrun actual capacity.","Teams chase inventory truth, release status, and downstream transport updates across systems.","Operators still decide how to recover shortages, prioritize customers, and manage substitutions.","Exception handling often happens through email, calls, and local trackers outside the formal order flow.","Typical stacks combine Farm Management Platform, Precision Agriculture and Telematics; representative software in market today includes John Deere Operations Center, Climate FieldView, Granular, AgLeader, Trimble Agriculture.","Order orchestration spans inventory, warehouse, transport, and customer systems with different clocks and constraints. It typically spans 1 operating-system context and 2 systems-of-record categories.",Legacy Architecture,John Deere Operations Center; Climate FieldView; Granular; AgLeader; Trimble Agriculture,,Complete,
In-Transit Visibility and Proof of Delivery,Network and Transportation Operations,Transportation Network Operations,Truck transportation,1,Maintain a current view of in-flight network health so downstream teams can respond before service failure compounds.,"Movement, service, or asset status becomes uncertain, delayed, or exception-prone.","The exception is visible, prioritized, and owned with the next corrective action underway.",control tower or exception team; carrier or field operator; customer service; operations manager,"Which exceptions are truly material?; What customer or downstream impact will happen if nothing changes?; Should the response be reroute, recover, reschedule, or communicate?","telemetry or event feed -> control tower; exception review -> carrier, field, or customer team; resolution -> billing, claims, or performance review",Transportation Management System | Fleet Telematics and Visibility | ERP,"Poor visibility turns small exceptions into claims, missed commitments, and expensive recoveries.",Teams spend time validating whether the exception signal is real and who is best positioned to act.,Exception severity and customer impact still require contextual interpretation.,"Teams fall back to calls, partner portals, and spreadsheets when telemetry is incomplete or late.","Typical stacks combine Transportation Management System, Fleet Telematics and Visibility, ERP; representative software in market today includes project44, McLeod, Oracle Transportation Management, Descartes, CargoWise, Samsara.","Visibility tools have improved, but cross-party event quality and actionability remain inconsistent. It typically spans 1 operating-system context and 3 systems-of-record categories.",Technical,project44; McLeod; Oracle Transportation Management; Descartes; CargoWise; Samsara; Trimble Transportation; SAP Cloud ERP,project44: https://www.project44.com/platform/tms/; SAP Cloud ERP: https://www.sap.com/products/erp.html?dfa=1&gad=1; Acumatica Cloud ERP: https://www.acumatica.com/cloud-erp-software/,Complete,
Infrastructure Capacity Planning,Planning and Allocation,Digital Platform and Subscription Operations,"Data processing, internet publishing, and other information services",1,"Set the next operating baseline for capacity, demand, production, or resource use under uncertain conditions.",A planning horizon opens or enough signal changes that the current plan no longer fits reality.,A practical baseline plan is published with assumptions and accountable owners documented.,planner; operations leader; commercial or finance partner; downstream execution owner,"What demand and capacity assumptions should the organization trust right now?; Which tradeoff between service, cost, and utilization is acceptable?; When should the baseline be changed rather than managed through exceptions?","market or operating signals -> planning team; published plan -> procurement, labor, or execution teams; plan variance -> management review",Billing and Subscription Management | Cloud Infrastructure and IT Operations | CRM | Service Management,"Forecast error and poor allocation create excess cost, missed revenue, and avoidable firefighting.",Planning teams spend time rebuilding assumptions and chasing sign-off across functions.,Planners still decide which signals to trust and when the model output does not fit local reality.,"Scenario analysis and negotiation happen in spreadsheets, slides, and side conversations.","Typical stacks combine Billing and Subscription Management, Cloud Infrastructure and IT Operations, CRM, Service Management; representative software in market today includes Zuora, Amdocs, Oracle Communications, NetSuite, ServiceNow IT Operations Management, AWS.","The hard problem is not math alone; it is aligning noisy signals, local constraints, and organizational trust. It typically spans 1 operating-system context and 4 systems-of-record categories.",Technical,Zuora; Amdocs; Oracle Communications; NetSuite; ServiceNow IT Operations Management; AWS; Microsoft Azure; Google Cloud,Zuora: https://www.zuora.com/products/billing/; ServiceNow IT Operations Management: https://www.servicenow.com/docs/r/it-operations-management/r_ITOMApplications.html; Salesforce CRM: https://www.salesforce.com/crm/; Microsoft Dynamics 365 Sales: https://www.microsoft.com/en-us/dynamics-365/products/sales; HubSpot CRM: https://www.hubspot.com/products/crm?gh_jid=5988617,Complete,
Input Sourcing and Procurement,Sourcing and Supply,Field Production and Resource Extraction,Farms,1,Secure the right materials or supplies at the right time and cost without destabilizing downstream operations.,"Planned or reactive demand requires a purchase, replenishment, or sourcing action.","A committed supply action is placed and visible to receiving, planning, and operating teams.",buyer; planner; supplier; operations or inventory owner,"What quantity and timing should be ordered now?; Which source best fits the current cost, quality, and service tradeoff?; What shortage or exception requires escalation?",demand plan -> procurement; purchase action -> supplier; confirmed supply -> receiving or execution teams,Farm Management Platform | Precision Agriculture and Telematics,"Leakage appears through rush buys, stockouts, overbuying, and weak term control.","Buyers spend time chasing confirmations, comparing suppliers, and repairing plan mismatches.",Source selection and expedites still rely on local knowledge and changing supplier behavior.,Exception discussions and commitments often move into email and supplier portals beyond the ERP trail.,"Typical stacks combine Farm Management Platform, Precision Agriculture and Telematics; representative software in market today includes John Deere Operations Center, Climate FieldView, Granular, AgLeader, Trimble Agriculture.","Procurement tools are strong on structured buying, but supply volatility and exception-driven replenishment remain stubborn. It typically spans 1 operating-system context and 2 systems-of-record categories.",Economic,John Deere Operations Center; Climate FieldView; Granular; AgLeader; Trimble Agriculture,,Complete,
Instruction Delivery,Delivery and Service Execution,Education Delivery and Administration,Educational services,1,"Deliver scheduled instruction or learning services while keeping attendance, progress, and support needs aligned.","A course, lesson, or instructional block reaches delivery time.","Instruction is delivered, participation is recorded, and follow-up actions are visible for students and staff.",instructor; student; academic or program coordinator; support staff,"How should pacing or support be adjusted for current student needs?; What absence, issue, or escalation requires intervention?; What evidence is required to confirm participation or completion?","enrollment and scheduling -> instructional staff; instruction -> student support or administration; course outcomes -> billing, reporting, or retention workflows",Learning Management System | Student Information System | ERP | HCM / Workforce Management,"Leakage appears through attrition, underfilled capacity, compliance misses, and avoidable remediation cost.","Faculty and administrators spend time on attendance tracking, follow-up, and reconciling systems with actual class activity.",Instruction quality and intervention timing still depend on educator judgment.,"Critical context lives in conversations, notes, side messages, and informal support channels outside SIS and LMS records.","Typical stacks combine Learning Management System, Student Information System, ERP, HCM / Workforce Management; representative software in market today includes Canvas LMS, D2L Brightspace, Blackboard, Ellucian Student, PowerSchool, Workday Student.","Learning delivery is partly standardized, but student variance and faculty autonomy keep the workflow human-led. It typically spans 1 operating-system context and 4 systems-of-record categories.",Behavioral,Canvas LMS; D2L Brightspace; Blackboard; Ellucian Student; PowerSchool; Workday Student; SAP Cloud ERP; Acumatica Cloud ERP,Canvas LMS: https://www.instructure.com/canvas; D2L Brightspace: https://www.d2l.com/brightspace/; Ellucian Student: https://www.ellucian.com/student; SAP Cloud ERP: https://www.sap.com/products/erp.html?dfa=1&gad=1; Acumatica Cloud ERP: https://www.acumatica.com/cloud-erp-software/; Deputy: https://www.deputy.com/; Legion: https://legion.co/en-gb/products/,Complete,
Intake and Eligibility Determination,"Access, Intake, and Contracting",Case Management and Program Administration,Social assistance,1,"Move a person into service with the right eligibility, timing, and required intake information captured up front.","A person requests entry into care, education, or a case-based program.","The person is cleared for service, scheduled or enrolled, and visible to downstream service teams.",intake coordinator; participant or patient; authorization or eligibility staff; service scheduler,"Is the person eligible and appropriately prioritized?; What slot, program, or service path should they enter?; What information gap blocks progression into service?",front-door intake -> authorization or scheduling; eligibility review -> service owner; admitted participant -> ongoing service team,Case Management System | Grant and Program Reporting | Referral Management | CRM,"Leakage starts with avoidable denials, no-shows, unused capacity, and mis-routed participants.","Teams repeatedly collect the same history and chase coverage, paperwork, and schedule coordination.","Staff balance urgency, fit, and operational constraints under incomplete documentation.","Phone calls, scanned documents, and message threads still carry the real intake context.","Typical stacks combine Case Management System, Grant and Program Reporting, Referral Management, CRM; representative software in market today includes Netsmart, WellSky, Eccovia, Apricot, Salesforce, Microsoft Dynamics 365 Sales.","Eligibility and access rules can be encoded, but edge cases and capacity realities still require manual orchestration. It typically spans 1 operating-system context and 4 systems-of-record categories.",Organizational,Netsmart; WellSky; Eccovia; Apricot; Salesforce; Microsoft Dynamics 365 Sales; HubSpot CRM; VTS,Microsoft Dynamics 365 Sales: https://www.microsoft.com/en-us/dynamics-365/products/sales; HubSpot CRM: https://www.hubspot.com/products/crm?gh_jid=5988617,Complete,
Inventory Allocation and Replenishment,Planning and Allocation,Retail and Service Commerce,Other retail | General merchandise stores,2,"Place inventory and assortment into the right location, age bucket, or channel before demand crystallizes.","Inventory, assortment, or aging conditions require an allocation or reallocation decision.",Inventory is assigned to the right destination with downstream replenishment and commercial actions aligned.,inventory planner; merchant or commercial lead; warehouse or store operations; finance partner,"Where should inventory sit given expected demand and margin?; What stock should be accelerated, protected, or marked down?; When is reallocation worth the operational disruption?","demand and stock signals -> inventory planning; allocation decision -> store, warehouse, or channel team; execution outcome -> pricing and finance review",Order Management System | Supply Chain Planning | Commerce Platform | Warehouse Management System | ERP,"Misallocation drives stockouts, markdowns, carrying cost, and lost working capital productivity.",Teams spend time reconciling stock truth and coordinating transfers or aged inventory action.,Operators still judge local demand and whether aged stock can truly move through the planned channel.,Inventory decisions are often managed in spreadsheets and store communications outside the planning system.,"Typical stacks combine Order Management System, Supply Chain Planning, Commerce Platform, Warehouse Management System, and adjacent specialist systems; representative software in market today includes Manhattan ActiveOrder, Manhattan Associates, Salesforce Commerce Cloud, Oracle Retail, Blue Yonder Integrated Business Planning, Kinaxis.","System optimization struggles when demand is local, seasonal, and only partly observable in real time. It typically spans 1 operating-system context and 5 systems-of-record categories.",Technical,Manhattan ActiveOrder; Manhattan Associates; Salesforce Commerce Cloud; Oracle Retail; Blue Yonder Integrated Business Planning; Kinaxis; o9 Solutions; Blue Yonder,Manhattan ActiveOrder: https://www.manh.com/solutions/omnichannel-software-solutions/order-management-system; Blue Yonder Integrated Business Planning: https://blueyonder.com/solutions/supply-chain-planning/integrated-business-planning; Kinaxis: https://www.kinaxis.com/en; o9 Solutions: https://o9solutions.com/; Acumatica Cloud ERP: https://www.acumatica.com/cloud-erp-software/,Complete,
Inventory Sourcing and Aging Management,Planning and Allocation,Retail and Service Commerce,Motor vehicle and parts dealers,1,"Place inventory and assortment into the right location, age bucket, or channel before demand crystallizes.","Inventory, assortment, or aging conditions require an allocation or reallocation decision.",Inventory is assigned to the right destination with downstream replenishment and commercial actions aligned.,inventory planner; merchant or commercial lead; warehouse or store operations; finance partner,"Where should inventory sit given expected demand and margin?; What stock should be accelerated, protected, or marked down?; When is reallocation worth the operational disruption?","demand and stock signals -> inventory planning; allocation decision -> store, warehouse, or channel team; execution outcome -> pricing and finance review",Loan Origination and Servicing | Maintenance Management | Dealership Management System | CRM,"Misallocation drives stockouts, markdowns, carrying cost, and lost working capital productivity.",Teams spend time reconciling stock truth and coordinating transfers or aged inventory action.,Operators still judge local demand and whether aged stock can truly move through the planned channel.,Inventory decisions are often managed in spreadsheets and store communications outside the planning system.,"Typical stacks combine Loan Origination and Servicing, Maintenance Management, Dealership Management System, CRM; representative software in market today includes nCino Commercial Lending, nCino, Temenos, Dealertrack, IFS Enterprise Asset Management, Yardi.","System optimization struggles when demand is local, seasonal, and only partly observable in real time. It typically spans 1 operating-system context and 4 systems-of-record categories.",Technical,nCino Commercial Lending; nCino; Temenos; Dealertrack; IFS Enterprise Asset Management; Yardi; ServiceTitan; Oracle Utilities,nCino Commercial Lending: https://www.ncino.com/solutions/commercial-lending?nxtPslug=commercial-loan-origination-system; IFS Enterprise Asset Management: https://www.ifs.com/en/products/alm/eam; Salesforce CRM: https://www.salesforce.com/crm/; Microsoft Dynamics 365 Sales: https://www.microsoft.com/en-us/dynamics-365/products/sales; HubSpot CRM: https://www.hubspot.com/products/crm?gh_jid=5988617,Complete,
Inventory and Perishables Management,Production and Asset Operations,Retail and Service Commerce,Food and beverage stores,1,Run the physical process or line at the required throughput and quality with clear status and escalation control.,"A production run, asset cycle, or operating shift is ready to execute.","Output is produced, status is recorded, and any exception is handed to the right follow-up owner.",operations supervisor; machine or process operator; quality or maintenance staff; planner,What run order or operating mode best fits current conditions?; What issue should stop the line versus be worked around?; When is output acceptable enough to release or continue?,"plan -> line or field operators; execution -> quality or maintenance team; completed output -> logistics, inventory, or finance",POS and Payments | Supply Chain Planning | Warehouse Management System | ERP,"Scrap, slow cycles, poor yields, and unplanned downtime are the main leakages.","Operators lose time to waiting, restarts, manual data capture, and coordination across shifts.","Supervisors balance throughput, quality, and risk when conditions diverge from the ideal run.","Operational nuance lives in shift notes, whiteboards, and tribal knowledge outside MES and ERP fields.","Typical stacks combine POS and Payments, Supply Chain Planning, Warehouse Management System, ERP; representative software in market today includes Toast POS, Square, Oracle MICROS, NCR Voyix, Blue Yonder Integrated Business Planning, Kinaxis.","Even with modern MES, the last mile of execution still depends on local conditions and human adaptation. It typically spans 1 operating-system context and 4 systems-of-record categories.",Legacy Architecture,Toast POS; Square; Oracle MICROS; NCR Voyix; Blue Yonder Integrated Business Planning; Kinaxis; o9 Solutions; Blue Yonder,Toast POS: https://pos.toasttab.com/products/point-of-sale; Blue Yonder Integrated Business Planning: https://blueyonder.com/solutions/supply-chain-planning/integrated-business-planning; Kinaxis: https://www.kinaxis.com/en; o9 Solutions: https://o9solutions.com/; Acumatica Cloud ERP: https://www.acumatica.com/cloud-erp-software/,Complete,
Investor Reporting,Governance and Portfolio Operations,Capital Markets and Investment Management,"Funds, trusts, and other financial vehicles",1,"Maintain an accurate investment, fund, or investor record across accounting, performance, portfolio, and client-facing views.","A trade, valuation change, investor event, or reporting cycle requires the portfolio record to be refreshed.","Positions, valuations, reporting views, and investor outputs align closely enough to support action and oversight.",portfolio or fund operations team; investment professional; accounting partner; investor relations or client service,"What portfolio, fund, or investor state is authoritative for the current action?; Which break, exception, or exposure deserves escalation?; What action should be taken before downstream reporting or client communication proceeds?",front-office activity -> middle or back office; accounting and valuation outputs -> investor reporting; exception review -> portfolio manager or leadership,Fund Administration and Accounting | Investor Reporting and Performance | Portfolio and Order Management | Reconciliation and Reporting,"Leakage comes from stale positions, NAV breaks, manual reporting overhead, and slow exception closure.","Teams reconcile books and records repeatedly across portfolio, accounting, and investor-reporting systems.","Materiality, valuation challenge, and client communication still depend on experienced professionals.","Exception narratives and investor context move through emails, memos, and spreadsheet bridges.","Typical stacks combine Fund Administration and Accounting, Investor Reporting and Performance, Portfolio and Order Management, Reconciliation and Reporting; representative software in market today includes Allvue Fund Accounting, Aladdin Accounting, SS&C, SimCorp, State Street Alpha, Clearwater.",Even sophisticated platforms still depend on cross-book reconciliation and human review to maintain trust. It typically spans 1 operating-system context and 4 systems-of-record categories.,Technical,Allvue Fund Accounting; Aladdin Accounting; SS&C; SimCorp; State Street Alpha; Clearwater; Aladdin; SS&C Advent,Allvue Fund Accounting: https://www.allvuesystems.com/solutions/fund-accounting/; Aladdin Accounting: https://www.blackrock.com/aladdin/platforms/products/aladdin-accounting; Aladdin: https://www.blackrock.com/institutions/en-us/investment-capabilities/technolgy/aladdin-portfolio-management-software,Complete,
Investor Reporting and Performance,Governance and Portfolio Operations,Capital Markets and Investment Management,"Securities, commodity contracts, and investments",1,"Maintain an accurate investment, fund, or investor record across accounting, performance, portfolio, and client-facing views.","A trade, valuation change, investor event, or reporting cycle requires the portfolio record to be refreshed.","Positions, valuations, reporting views, and investor outputs align closely enough to support action and oversight.",portfolio or fund operations team; investment professional; accounting partner; investor relations or client service,"What portfolio, fund, or investor state is authoritative for the current action?; Which break, exception, or exposure deserves escalation?; What action should be taken before downstream reporting or client communication proceeds?",front-office activity -> middle or back office; accounting and valuation outputs -> investor reporting; exception review -> portfolio manager or leadership,Investor Reporting and Performance | Portfolio and Order Management | Trading and Market Data | CRM,"Leakage comes from stale positions, NAV breaks, manual reporting overhead, and slow exception closure.","Teams reconcile books and records repeatedly across portfolio, accounting, and investor-reporting systems.","Materiality, valuation challenge, and client communication still depend on experienced professionals.","Exception narratives and investor context move through emails, memos, and spreadsheet bridges.","Typical stacks combine Investor Reporting and Performance, Portfolio and Order Management, Trading and Market Data, CRM; representative software in market today includes Aladdin, SS&C Advent, Clearwater, State Street Alpha, Charles River, SimCorp.",Even sophisticated platforms still depend on cross-book reconciliation and human review to maintain trust. It typically spans 1 operating-system context and 4 systems-of-record categories.,Technical,Aladdin; SS&C Advent; Clearwater; State Street Alpha; Charles River; SimCorp; Bloomberg; Salesforce CRM,Aladdin: https://www.blackrock.com/institutions/en-us/investment-capabilities/technolgy/aladdin-portfolio-management-software; Salesforce CRM: https://www.salesforce.com/crm/; Microsoft Dynamics 365 Sales: https://www.microsoft.com/en-us/dynamics-365/products/sales; HubSpot CRM: https://www.hubspot.com/products/crm?gh_jid=5988617,Complete,
Lead Intake and Scheduling,"Access, Intake, and Contracting",Workforce Coordination and Service Operations,"Other services, except government",1,"Move a person into service with the right eligibility, timing, and required intake information captured up front.","A person requests entry into care, education, or a case-based program.","The person is cleared for service, scheduled or enrolled, and visible to downstream service teams.",intake coordinator; participant or patient; authorization or eligibility staff; service scheduler,"Is the person eligible and appropriately prioritized?; What slot, program, or service path should they enter?; What information gap blocks progression into service?",front-door intake -> authorization or scheduling; eligibility review -> service owner; admitted participant -> ongoing service team,POS and Payments | CRM | HCM / Workforce Management | Service Management,"Leakage starts with avoidable denials, no-shows, unused capacity, and mis-routed participants.","Teams repeatedly collect the same history and chase coverage, paperwork, and schedule coordination.","Staff balance urgency, fit, and operational constraints under incomplete documentation.","Phone calls, scanned documents, and message threads still carry the real intake context.","Typical stacks combine POS and Payments, CRM, HCM / Workforce Management, Service Management; representative software in market today includes Toast POS, Square, Oracle MICROS, NCR Voyix, Salesforce CRM, Microsoft Dynamics 365 Sales.","Eligibility and access rules can be encoded, but edge cases and capacity realities still require manual orchestration. It typically spans 1 operating-system context and 4 systems-of-record categories.",Organizational,Toast POS; Square; Oracle MICROS; NCR Voyix; Salesforce CRM; Microsoft Dynamics 365 Sales; HubSpot CRM; VTS,Toast POS: https://pos.toasttab.com/products/point-of-sale; Salesforce CRM: https://www.salesforce.com/crm/; Microsoft Dynamics 365 Sales: https://www.microsoft.com/en-us/dynamics-365/products/sales; HubSpot CRM: https://www.hubspot.com/products/crm?gh_jid=5988617; Workday Workforce Management: https://forms.workday.com/en-us/quick-demos/managing-your-workforce-with-workday-demo/form.html?step=step1_default; Deputy: https://www.deputy.com/; Legion: https://legion.co/en-gb/products/,Complete,
Lead Management and Sales,"Access, Intake, and Contracting",Retail and Service Commerce,Motor vehicle and parts dealers,1,"Convert demand into qualified commercial opportunities with enough context to price, commit, and forecast reliably.","A prospect, inbound inquiry, or account expansion signal enters the pipeline.","A qualified opportunity is advanced, disqualified, or handed to the next commercial owner with clear next steps.",sales or business development owner; prospect or account; solution or operations partner; commercial approver,"Is the opportunity real, winnable, and worth pursuing?; What next step best advances conversion without overcommitting capacity?; What level of customization or executive attention is justified?","marketing or inbound lead -> account owner; account owner -> pricing, proposal, or operations review; qualified opportunity -> implementation or delivery team",Loan Origination and Servicing | Maintenance Management | Dealership Management System | CRM,"Poor qualification, weak follow-up, and over-discounting waste selling capacity and suppress win rates.","Commercial teams lose time assembling context, chasing stakeholders, and rebuilding proposals from prior deals.","Win probability, account politics, and deal strategy still sit heavily in human judgment.","Critical context lives in email, notes, calls, and ad hoc documents outside the CRM fields.","Typical stacks combine Loan Origination and Servicing, Maintenance Management, Dealership Management System, CRM; representative software in market today includes nCino Commercial Lending, nCino, Temenos, Dealertrack, IFS Enterprise Asset Management, Yardi.","CRM structures pipeline data, but deal progression still depends on relationship context and bespoke coordination. It typically spans 1 operating-system context and 4 systems-of-record categories.",Behavioral,nCino Commercial Lending; nCino; Temenos; Dealertrack; IFS Enterprise Asset Management; Yardi; ServiceTitan; Oracle Utilities,nCino Commercial Lending: https://www.ncino.com/solutions/commercial-lending?nxtPslug=commercial-loan-origination-system; IFS Enterprise Asset Management: https://www.ifs.com/en/products/alm/eam; Salesforce CRM: https://www.salesforce.com/crm/; Microsoft Dynamics 365 Sales: https://www.microsoft.com/en-us/dynamics-365/products/sales; HubSpot CRM: https://www.hubspot.com/products/crm?gh_jid=5988617,Complete,
Lead and Proposal Management,"Access, Intake, and Contracting",Professional Services and Matter Management,"Miscellaneous professional, scientific, and technical services | Computer systems design and related services",2,"Convert demand into qualified commercial opportunities with enough context to price, commit, and forecast reliably.","A prospect, inbound inquiry, or account expansion signal enters the pipeline.","A qualified opportunity is advanced, disqualified, or handed to the next commercial owner with clear next steps.",sales or business development owner; prospect or account; solution or operations partner; commercial approver,"Is the opportunity real, winnable, and worth pursuing?; What next step best advances conversion without overcommitting capacity?; What level of customization or executive attention is justified?","marketing or inbound lead -> account owner; account owner -> pricing, proposal, or operations review; qualified opportunity -> implementation or delivery team",Professional Services Automation | CRM | HCM / Workforce Management | ERP | Service Management,"Poor qualification, weak follow-up, and over-discounting waste selling capacity and suppress win rates.","Commercial teams lose time assembling context, chasing stakeholders, and rebuilding proposals from prior deals.","Win probability, account politics, and deal strategy still sit heavily in human judgment.","Critical context lives in email, notes, calls, and ad hoc documents outside the CRM fields.","Typical stacks combine Professional Services Automation, CRM, HCM / Workforce Management, ERP, and adjacent specialist systems; representative software in market today includes Deltek Polaris, Deltek, Workday, ServiceNow, Salesforce CRM, Microsoft Dynamics 365 Sales.","CRM structures pipeline data, but deal progression still depends on relationship context and bespoke coordination. It typically spans 1 operating-system context and 5 systems-of-record categories.",Behavioral,Deltek Polaris; Deltek; Workday; ServiceNow; Salesforce CRM; Microsoft Dynamics 365 Sales; HubSpot CRM; VTS,Deltek Polaris: https://www.deltek.com/products/polaris/; Salesforce CRM: https://www.salesforce.com/crm/; Microsoft Dynamics 365 Sales: https://www.microsoft.com/en-us/dynamics-365/products/sales; HubSpot CRM: https://www.hubspot.com/products/crm?gh_jid=5988617; Deputy: https://www.deputy.com/; Legion: https://legion.co/en-gb/products/; SAP Cloud ERP: https://www.sap.com/products/erp.html?dfa=1&gad=1; Acumatica Cloud ERP: https://www.acumatica.com/cloud-erp-software/,Complete,
Lease Acquisition and Pipeline Management,"Access, Intake, and Contracting",Asset Utilization and Lease Management,Other real estate,1,Keep monetizable capacity occupied by winning the right tenants or reservations and preserving renewal continuity.,"A unit, asset, or capacity block must be leased, renewed, or moved through the reservation pipeline.",Capacity is committed on acceptable terms and downstream readiness or billing actions are triggered.,leasing or reservations staff; prospect or tenant; property or asset manager; operations support,"What terms, concessions, or pricing are acceptable for this capacity?; Should the existing relationship be renewed, repriced, or replaced?; What readiness or turnover work must occur before commitment?",prospect management -> approval or contracting; signed commitment -> property or operations team; live lease or reservation -> billing and service teams,Fund Administration and Accounting | Property Management System | Real Estate Asset Management | CRM,"Vacancy, poor renewal timing, weak concessions discipline, and slow readiness cycles directly reduce yield.","Leasing teams spend time coordinating tours, approvals, readiness updates, and status checks across systems.","Staff balance occupancy goals, asset condition, pricing power, and relationship context when deciding terms.","Negotiation details, readiness notes, and exceptions live in email, call logs, and side trackers.","Typical stacks combine Fund Administration and Accounting, Property Management System, Real Estate Asset Management, CRM; representative software in market today includes Allvue Fund Accounting, Aladdin Accounting, SS&C, SimCorp, State Street Alpha, Clearwater.","The workflow spans commercial negotiation, physical readiness, and revenue optimization rather than a single clean transaction. It typically spans 1 operating-system context and 4 systems-of-record categories.",Legacy Architecture,Allvue Fund Accounting; Aladdin Accounting; SS&C; SimCorp; State Street Alpha; Clearwater; Yardi; RealPage,Allvue Fund Accounting: https://www.allvuesystems.com/solutions/fund-accounting/; Aladdin Accounting: https://www.blackrock.com/aladdin/platforms/products/aladdin-accounting; Yardi: https://www.yardi.com/solution/property-management-software/; Salesforce CRM: https://www.salesforce.com/crm/; Microsoft Dynamics 365 Sales: https://www.microsoft.com/en-us/dynamics-365/products/sales; HubSpot CRM: https://www.hubspot.com/products/crm?gh_jid=5988617,Complete,
Lease Acquisition and Renewal,"Access, Intake, and Contracting",Asset Utilization and Lease Management,Housing,1,Keep monetizable capacity occupied by winning the right tenants or reservations and preserving renewal continuity.,"A unit, asset, or capacity block must be leased, renewed, or moved through the reservation pipeline.",Capacity is committed on acceptable terms and downstream readiness or billing actions are triggered.,leasing or reservations staff; prospect or tenant; property or asset manager; operations support,"What terms, concessions, or pricing are acceptable for this capacity?; Should the existing relationship be renewed, repriced, or replaced?; What readiness or turnover work must occur before commitment?",prospect management -> approval or contracting; signed commitment -> property or operations team; live lease or reservation -> billing and service teams,Maintenance Management | Property Management System | CRM,"Vacancy, poor renewal timing, weak concessions discipline, and slow readiness cycles directly reduce yield.","Leasing teams spend time coordinating tours, approvals, readiness updates, and status checks across systems.","Staff balance occupancy goals, asset condition, pricing power, and relationship context when deciding terms.","Negotiation details, readiness notes, and exceptions live in email, call logs, and side trackers.","Typical stacks combine Maintenance Management, Property Management System, CRM; representative software in market today includes IFS Enterprise Asset Management, Yardi, ServiceTitan, Oracle Utilities, IFS, RealPage.","The workflow spans commercial negotiation, physical readiness, and revenue optimization rather than a single clean transaction. It typically spans 1 operating-system context and 3 systems-of-record categories.",Legacy Architecture,IFS Enterprise Asset Management; Yardi; ServiceTitan; Oracle Utilities; IFS; RealPage; AppFolio; Entrata,IFS Enterprise Asset Management: https://www.ifs.com/en/products/alm/eam; Salesforce CRM: https://www.salesforce.com/crm/; Microsoft Dynamics 365 Sales: https://www.microsoft.com/en-us/dynamics-365/products/sales; HubSpot CRM: https://www.hubspot.com/products/crm?gh_jid=5988617,Complete,
Load Forecasting and Dispatch,Network and Transportation Operations,Network Infrastructure Operations,Utilities,1,"Assign the right asset, route, crew, or carrier to the job while balancing service, utilization, and cost.",Demand is ready to be moved or serviced across a network and requires a dispatch decision.,"The movement or service plan is issued with owners, route, and timing visible to the network.","dispatcher or planner; carrier, crew, or field operator; operations control; customer or receiving party","Which asset, route, or partner should carry the work?; What tradeoff between service, cost, and utilization is acceptable?; What exception requires re-plan or escalation now?","demand intake -> dispatch control; dispatch plan -> driver, crew, or carrier; movement status -> customer service, billing, or recovery desk",Maintenance Management | Utility Operations and Billing | Industrial Automation and SCADA | ERP,"The biggest leaks are empty capacity, bad routing, detention, and poor network utilization.","Dispatchers lose time chasing status, making call-based updates, and rerouting around late disruptions.",Controllers interpret service priorities and real-world constraints faster than static optimization models.,"Carrier calls, texts, and manual route notes remain central to live execution.","Typical stacks combine Maintenance Management, Utility Operations and Billing, Industrial Automation and SCADA, ERP; representative software in market today includes IFS Enterprise Asset Management, Yardi, ServiceTitan, Oracle Utilities, IFS, Oracle Utilities Customer to Meter.","Network state changes in real time and often depends on partner data that is late, partial, or nonstandard. It typically spans 1 operating-system context and 4 systems-of-record categories.",Technical,IFS Enterprise Asset Management; Yardi; ServiceTitan; Oracle Utilities; IFS; Oracle Utilities Customer to Meter; SAP; GE Vernova,IFS Enterprise Asset Management: https://www.ifs.com/en/products/alm/eam; Oracle Utilities Customer to Meter: https://docs.oracle.com/en/industries/energy-water/advanced-meter/index.html; Acumatica Cloud ERP: https://www.acumatica.com/cloud-erp-software/,Complete,
Load Intake and Booking,"Access, Intake, and Contracting",Transportation Network Operations,Other transportation and support activities,1,Convert finite capacity into confirmed bookings or admissions while preserving pricing discipline and customer experience.,"A guest, attendee, shipper, or customer requests access to a dated capacity slot.","Capacity is reserved, priced, and confirmed with downstream service or fulfillment teams informed.",reservation or ticketing agent; customer; revenue or capacity manager; operations team,"What inventory should be offered at what price and under what rules?; How should holds, cancellations, and over-capacity risk be managed?; What exception needs approval or manual intervention?","customer request -> booking or ticketing system; confirmed reservation -> venue, hotel, or operations staff; completed stay or event -> settlement or service follow-up",Transportation Management System | Fleet Telematics and Visibility | ERP,"Leakage comes from spoilage, bad holds, channel mix mistakes, refunds, and poor yield control.","Teams burn time resolving inventory conflicts, special requests, and distribution-channel mismatches.","Operators still decide how to recover service, override inventory, and handle edge-case customers.","Special handling moves through calls, guest notes, and partner channels outside the clean reservation record.","Typical stacks combine Transportation Management System, Fleet Telematics and Visibility, ERP; representative software in market today includes project44, McLeod, Oracle Transportation Management, Descartes, CargoWise, Samsara.","Inventory can be digitized, but exception-heavy capacity control and live service recovery still depend on people. It typically spans 1 operating-system context and 3 systems-of-record categories.",Technical,project44; McLeod; Oracle Transportation Management; Descartes; CargoWise; Samsara; Trimble Transportation; SAP Cloud ERP,project44: https://www.project44.com/platform/tms/; SAP Cloud ERP: https://www.sap.com/products/erp.html?dfa=1&gad=1; Acumatica Cloud ERP: https://www.acumatica.com/cloud-erp-software/,Complete,
Logistics and Channel Fulfillment,Delivery and Service Execution,Product Manufacturing and Lifecycle Operations | Process Manufacturing and Throughput Control,"Motor vehicles, bodies and trailers, and parts | Machinery | Computer and electronic products | Plastics and rubber products | Paper products",5,Route and fulfill demand from the right inventory or capacity source with accurate status and exception control.,"An order is confirmed and needs allocation, release, shipment, or return handling.",The order is fulfilled or closed with any exception documented for downstream billing or service teams.,order management team; warehouse or operations staff; customer or channel partner; transport or service partner,"Which inventory, facility, or path should fulfill the order?; What exception requires split shipment, reroute, substitution, or hold?; When is the order complete enough to invoice or close?","order capture -> allocation or warehouse team; warehouse or operations -> transportation or customer; completed order -> billing, returns, or support team",Manufacturing Execution System | Supply Chain Planning | Maintenance Management | PLM and Engineering Design | Industrial Automation and SCADA | Shop Floor Control and Quality | ERP,"Leakage shows up in split orders, mispicks, returns, expedites, and fulfillment promises that outrun actual capacity.","Teams chase inventory truth, release status, and downstream transport updates across systems.","Operators still decide how to recover shortages, prioritize customers, and manage substitutions.","Exception handling often happens through email, calls, and local trackers outside the formal order flow.","Typical stacks combine Manufacturing Execution System, Supply Chain Planning, Maintenance Management, PLM and Engineering Design, and adjacent specialist systems; representative software in market today includes Siemens Opcenter, Rockwell FactoryTalk MES, Plex, Epicor, Rockwell FactoryTalk, Blue Yonder Integrated Business Planning.","Order orchestration spans inventory, warehouse, transport, and customer systems with different clocks and constraints. It typically spans 2 operating-system contexts and 7 systems-of-record categories.",Legacy Architecture,Siemens Opcenter; Rockwell FactoryTalk MES; Plex; Epicor; Rockwell FactoryTalk; Blue Yonder Integrated Business Planning; Kinaxis; o9 Solutions,Siemens Opcenter: https://www.siemens.com/en-us/products/opcenter/; Rockwell FactoryTalk MES: https://www.rockwellautomation.com/en-us/products/software/factorytalk/operationsuite/mes.html; Blue Yonder Integrated Business Planning: https://blueyonder.com/solutions/supply-chain-planning/integrated-business-planning; Kinaxis: https://www.kinaxis.com/en; o9 Solutions: https://o9solutions.com/; IFS Enterprise Asset Management: https://www.ifs.com/en/products/alm/eam; SAP Cloud ERP: https://www.sap.com/products/erp.html?dfa=1&gad=1; Acumatica Cloud ERP: https://www.acumatica.com/cloud-erp-software/,Complete,
Loyalty and Settlement Accounting,Finance and Revenue Operations,Transportation Network Operations,Air transportation,1,"Close the loop between source activity, cash movement, and the official financial record with defensible reconciliation.","Transactions from multiple sources must be balanced, settled, or closed for a period or event.","Balances are reconciled, exceptions are documented, and the official close or settlement state is updated.",accounting or settlement analyst; operations source owner; treasury or payments partner; manager or reviewer,What is the authoritative source when records disagree?; Which exception can be auto-cleared versus requiring investigation?; What threshold is material enough to escalate before close?,"source system -> reconciliation or settlement team; unmatched item -> operations, treasury, or counterparty; resolved balance -> reporting and management review",Airline Operations and Reservations | Revenue Management Platform | ERP,"Unmatched items, late close, duplicate settlements, and poor exception control create hidden leakage and working-capital drag.","Analysts spend time matching records manually, collecting support, and rebuilding audit trails.","Materiality, root cause, and acceptable resolution still depend on experienced finance staff.","Exception triage almost always moves into spreadsheets, email, and bank or partner portals.","Typical stacks combine Airline Operations and Reservations, Revenue Management Platform, ERP; representative software in market today includes Sabre, Amadeus, Navitaire, Lufthansa Systems, Oracle OPERA, SAP Cloud ERP.",Reconciliation spans asynchronous systems and low-standardization edge cases that resist full automation. It typically spans 1 operating-system context and 3 systems-of-record categories.,Legacy Architecture,Sabre; Amadeus; Navitaire; Lufthansa Systems; Oracle OPERA; SAP Cloud ERP; Acumatica Cloud ERP; Oracle,SAP Cloud ERP: https://www.sap.com/products/erp.html?dfa=1&gad=1; Acumatica Cloud ERP: https://www.acumatica.com/cloud-erp-software/,Complete,
Loyalty and Settlement Management,Finance and Revenue Operations,"Venue, Hospitality, and Attendance Operations","Amusements, gambling, and recreation industries",1,"Close the loop between source activity, cash movement, and the official financial record with defensible reconciliation.","Transactions from multiple sources must be balanced, settled, or closed for a period or event.","Balances are reconciled, exceptions are documented, and the official close or settlement state is updated.",accounting or settlement analyst; operations source owner; treasury or payments partner; manager or reviewer,What is the authoritative source when records disagree?; Which exception can be auto-cleared versus requiring investigation?; What threshold is material enough to escalate before close?,"source system -> reconciliation or settlement team; unmatched item -> operations, treasury, or counterparty; resolved balance -> reporting and management review",POS and Payments | Ticketing and Venue Management | Revenue Management Platform | CRM,"Unmatched items, late close, duplicate settlements, and poor exception control create hidden leakage and working-capital drag.","Analysts spend time matching records manually, collecting support, and rebuilding audit trails.","Materiality, root cause, and acceptable resolution still depend on experienced finance staff.","Exception triage almost always moves into spreadsheets, email, and bank or partner portals.","Typical stacks combine POS and Payments, Ticketing and Venue Management, Revenue Management Platform, CRM; representative software in market today includes Toast POS, Square, Oracle MICROS, NCR Voyix, Tessitura, Ticketmaster/Live Nation.",Reconciliation spans asynchronous systems and low-standardization edge cases that resist full automation. It typically spans 1 operating-system context and 4 systems-of-record categories.,Legacy Architecture,Toast POS; Square; Oracle MICROS; NCR Voyix; Tessitura; Ticketmaster/Live Nation; AudienceView; Accesso,Toast POS: https://pos.toasttab.com/products/point-of-sale; Tessitura: https://www.tessitura.com/en/Features/Ticketing-Admissions; Salesforce CRM: https://www.salesforce.com/crm/; Microsoft Dynamics 365 Sales: https://www.microsoft.com/en-us/dynamics-365/products/sales; HubSpot CRM: https://www.hubspot.com/products/crm?gh_jid=5988617,Complete,
Maintenance and Guest Service,Customer and Experience Operations,"Venue, Hospitality, and Attendance Operations",Accommodation,1,"Resolve customer issues quickly without sacrificing margin, service quality, or downstream operational clarity.","A customer asks for support, raises an issue, or requires live service intervention.",The issue is resolved or routed correctly and the account or service record reflects the outcome.,support or service agent; customer; operations team; account owner,"What is the true root cause and who owns it?; Should the issue be fixed, compensated, escalated, or monitored?; What follow-up best protects future retention?","customer-facing channel -> support queue; support -> operations, field, or finance; resolution -> account owner or retention motion",Property Management System | Reservation and Distribution System | Revenue Management Platform | ERP,"Repeat contacts, credits, field callbacks, and unresolved issues raise support cost and churn risk.",Agents and operations teams waste time on status chasing and duplicate handoffs.,"Good service recovery depends on empathy, prioritization, and contextual interpretation.","The most important context often lives in conversations, notes, and side chats rather than system fields.","Typical stacks combine Property Management System, Reservation and Distribution System, Revenue Management Platform, ERP; representative software in market today includes Yardi, RealPage, AppFolio, Entrata, Mews, Cloudbeds.","Support flows cross channels and teams, and the edge cases that matter most remain unstructured. It typically spans 1 operating-system context and 4 systems-of-record categories.",Organizational,Yardi; RealPage; AppFolio; Entrata; Mews; Cloudbeds; Oracle OPERA; Amadeus,Yardi: https://www.yardi.com/solution/property-management-software/; Mews: https://www.mews.com/en/hospitality-management-software; Cloudbeds: https://www.cloudbeds.com/property-management-system/; SAP Cloud ERP: https://www.sap.com/products/erp.html?dfa=1&gad=1; Acumatica Cloud ERP: https://www.acumatica.com/cloud-erp-software/,Complete,
Maintenance and Turnaround Management,Production and Asset Operations,Process Manufacturing and Throughput Control,Petroleum and coal products,1,"Restore or preserve asset readiness with the right work orders, parts, sequencing, and outage discipline.","An asset reaches a maintenance threshold, fails, turns over, or must be prepared for the next use.",The asset returns to service or readiness with maintenance history and follow-up actions captured.,maintenance planner; technician; operations owner; parts or contractor support,"What work is urgent now versus deferrable?; What outage, turnover, or turnaround scope is required to restore readiness?; What issue should be repaired, monitored, or replaced entirely?",operations signal -> maintenance planning; planned work -> technicians or contractors; returned asset -> operations and finance history,Maintenance Management | Supply Chain Planning | Industrial Automation and SCADA | ERP,"Leakage comes from downtime, repeat failures, poor work scope, and weak turnover discipline.","Teams chase parts, permits, technician availability, and asset-history context.","Maintenance leaders still assess condition, risk, and repair tradeoffs beyond simple rules.","Readiness and outage details are frequently tracked in calls, notes, and local sheets outside the CMMS.","Typical stacks combine Maintenance Management, Supply Chain Planning, Industrial Automation and SCADA, ERP; representative software in market today includes IFS Enterprise Asset Management, Yardi, ServiceTitan, Oracle Utilities, IFS, Blue Yonder Integrated Business Planning.","Maintenance systems track work orders, but true readiness still depends on fragmented context and field judgment. It typically spans 1 operating-system context and 4 systems-of-record categories.",Legacy Architecture,IFS Enterprise Asset Management; Yardi; ServiceTitan; Oracle Utilities; IFS; Blue Yonder Integrated Business Planning; Kinaxis; o9 Solutions,IFS Enterprise Asset Management: https://www.ifs.com/en/products/alm/eam; Blue Yonder Integrated Business Planning: https://blueyonder.com/solutions/supply-chain-planning/integrated-business-planning; Kinaxis: https://www.kinaxis.com/en; o9 Solutions: https://o9solutions.com/; SAP Cloud ERP: https://www.sap.com/products/erp.html?dfa=1&gad=1; Acumatica Cloud ERP: https://www.acumatica.com/cloud-erp-software/,Complete,
Margin and Shrink Management,Finance and Revenue Operations,Retail and Service Commerce,Food and beverage stores,1,"Turn completed work or contractual obligation into clean bills, timely collections, and accurate receivable records.","A billable event, service completion, or recurring obligation reaches the point of invoicing or follow-up.","The bill is issued, the receivable is updated, and collection or exception status is clear.",billing specialist; collections or revenue-cycle staff; source operations team; customer or payer,"Is the billable record complete enough to issue or submit?; What denial, dispute, or delinquency path should be pursued next?; When should the item be escalated, adjusted, or written down?","source operations -> billing or coding team; billing -> customer, payer, or clearing partner; open item -> collections, finance, or account owner",POS and Payments | Supply Chain Planning | Warehouse Management System | ERP,"Missed charges, denial cycles, underbilling, and slow cash application are the primary leakage points.","Teams repeatedly reconcile source evidence, payer rules, and customer-specific exceptions.","Operators interpret contract nuance, collection strategy, and what evidence is enough to close the item.","Collections context and exception history often live in email, payer portals, and spreadsheets outside the core system.","Typical stacks combine POS and Payments, Supply Chain Planning, Warehouse Management System, ERP; representative software in market today includes Toast POS, Square, Oracle MICROS, NCR Voyix, Blue Yonder Integrated Business Planning, Kinaxis.","Automation handles the clean path, but exceptions are driven by messy upstream data and contract interpretation. It typically spans 1 operating-system context and 4 systems-of-record categories.",Legacy Architecture,Toast POS; Square; Oracle MICROS; NCR Voyix; Blue Yonder Integrated Business Planning; Kinaxis; o9 Solutions; Blue Yonder,Toast POS: https://pos.toasttab.com/products/point-of-sale; Blue Yonder Integrated Business Planning: https://blueyonder.com/solutions/supply-chain-planning/integrated-business-planning; Kinaxis: https://www.kinaxis.com/en; o9 Solutions: https://o9solutions.com/; Acumatica Cloud ERP: https://www.acumatica.com/cloud-erp-software/,Complete,
"Margin, Safety, and Emissions Reporting","Risk, Compliance, and Reporting",Process Manufacturing and Throughput Control,Petroleum and coal products,1,"Prove that output, operations, or service meet required standards before release or continued execution.","A production step, service checkpoint, or formal control requirement calls for inspection or compliance review.","The item is passed, failed, quarantined, or escalated with evidence attached to the record.",quality or compliance owner; operator or frontline staff; manager; external customer or regulator,Does the item meet the release threshold?; What deviation is acceptable versus requiring stop-work or escalation?; What corrective action and evidence are necessary?,operations -> quality or compliance team; quality finding -> rework or management action; released item -> downstream fulfillment or reporting,Maintenance Management | Supply Chain Planning | Industrial Automation and SCADA | ERP,"Failures, recalls, rework, and excess inspection labor are the major leakage points.","Teams repeat data entry, collect evidence manually, and wait on disposition decisions.","Inspectors still interpret severity, traceability gaps, and acceptable release decisions.","Evidence often sits in attachments, lab systems, spreadsheets, and manual checklists outside the main record.","Typical stacks combine Maintenance Management, Supply Chain Planning, Industrial Automation and SCADA, ERP; representative software in market today includes IFS Enterprise Asset Management, Yardi, ServiceTitan, Oracle Utilities, IFS, Blue Yonder Integrated Business Planning.","Standards are formal, but real-world deviations and root-cause interpretation remain human-heavy. It typically spans 1 operating-system context and 4 systems-of-record categories.",Regulatory,IFS Enterprise Asset Management; Yardi; ServiceTitan; Oracle Utilities; IFS; Blue Yonder Integrated Business Planning; Kinaxis; o9 Solutions,IFS Enterprise Asset Management: https://www.ifs.com/en/products/alm/eam; Blue Yonder Integrated Business Planning: https://blueyonder.com/solutions/supply-chain-planning/integrated-business-planning; Kinaxis: https://www.kinaxis.com/en; o9 Solutions: https://o9solutions.com/; SAP Cloud ERP: https://www.sap.com/products/erp.html?dfa=1&gad=1; Acumatica Cloud ERP: https://www.acumatica.com/cloud-erp-software/,Complete,
"Marketing, Hedging, and Program Reporting",Finance and Revenue Operations,Field Production and Resource Extraction,Farms,1,"Turn completed work or contractual obligation into clean bills, timely collections, and accurate receivable records.","A billable event, service completion, or recurring obligation reaches the point of invoicing or follow-up.","The bill is issued, the receivable is updated, and collection or exception status is clear.",billing specialist; collections or revenue-cycle staff; source operations team; customer or payer,"Is the billable record complete enough to issue or submit?; What denial, dispute, or delinquency path should be pursued next?; When should the item be escalated, adjusted, or written down?","source operations -> billing or coding team; billing -> customer, payer, or clearing partner; open item -> collections, finance, or account owner",Farm Management Platform | Precision Agriculture and Telematics,"Missed charges, denial cycles, underbilling, and slow cash application are the primary leakage points.","Teams repeatedly reconcile source evidence, payer rules, and customer-specific exceptions.","Operators interpret contract nuance, collection strategy, and what evidence is enough to close the item.","Collections context and exception history often live in email, payer portals, and spreadsheets outside the core system.","Typical stacks combine Farm Management Platform, Precision Agriculture and Telematics; representative software in market today includes John Deere Operations Center, Climate FieldView, Granular, AgLeader, Trimble Agriculture.","Automation handles the clean path, but exceptions are driven by messy upstream data and contract interpretation. It typically spans 1 operating-system context and 2 systems-of-record categories.",Legacy Architecture,John Deere Operations Center; Climate FieldView; Granular; AgLeader; Trimble Agriculture,,Complete,
Material Sourcing,Sourcing and Supply,Process Manufacturing and Throughput Control | Product Manufacturing and Lifecycle Operations,Food and beverage and tobacco products | Chemical products | Petroleum and coal products | Primary metals | Plastics and rubber products | Paper products,6,Secure the right materials or supplies at the right time and cost without destabilizing downstream operations.,"Planned or reactive demand requires a purchase, replenishment, or sourcing action.","A committed supply action is placed and visible to receiving, planning, and operating teams.",buyer; planner; supplier; operations or inventory owner,"What quantity and timing should be ordered now?; Which source best fits the current cost, quality, and service tradeoff?; What shortage or exception requires escalation?",demand plan -> procurement; purchase action -> supplier; confirmed supply -> receiving or execution teams,Maintenance Management | Manufacturing Execution System | Supply Chain Planning | Industrial Automation and SCADA | Shop Floor Control and Quality | PLM and Engineering Design | ERP,"Leakage appears through rush buys, stockouts, overbuying, and weak term control.","Buyers spend time chasing confirmations, comparing suppliers, and repairing plan mismatches.",Source selection and expedites still rely on local knowledge and changing supplier behavior.,Exception discussions and commitments often move into email and supplier portals beyond the ERP trail.,"Typical stacks combine Maintenance Management, Manufacturing Execution System, Supply Chain Planning, Industrial Automation and SCADA, and adjacent specialist systems; representative software in market today includes IFS Enterprise Asset Management, Yardi, ServiceTitan, Oracle Utilities, IFS, Siemens Opcenter.","Procurement tools are strong on structured buying, but supply volatility and exception-driven replenishment remain stubborn. It typically spans 2 operating-system contexts and 7 systems-of-record categories.",Economic,IFS Enterprise Asset Management; Yardi; ServiceTitan; Oracle Utilities; IFS; Siemens Opcenter; Rockwell FactoryTalk MES; Plex,IFS Enterprise Asset Management: https://www.ifs.com/en/products/alm/eam; Siemens Opcenter: https://www.siemens.com/en-us/products/opcenter/; Rockwell FactoryTalk MES: https://www.rockwellautomation.com/en-us/products/software/factorytalk/operationsuite/mes.html; Blue Yonder Integrated Business Planning: https://blueyonder.com/solutions/supply-chain-planning/integrated-business-planning; Kinaxis: https://www.kinaxis.com/en; o9 Solutions: https://o9solutions.com/; SAP Cloud ERP: https://www.sap.com/products/erp.html?dfa=1&gad=1; Acumatica Cloud ERP: https://www.acumatica.com/cloud-erp-software/,Complete,
Matter Intake and Conflict Review,"Access, Intake, and Contracting",Professional Services and Matter Management,Legal services,1,"Admit qualified demand into the operating system with the minimum information, approvals, and commercial terms required to proceed.","A new prospect, participant, counterparty, or service request enters the funnel.","A qualified record, schedule, or agreement is created and handed to downstream planning or delivery teams.",frontline intake or sales team; customer or participant; operations coordinator; approver or risk owner,"Is the request qualified and in policy?; What terms, slot, or service level should be offered?; Can the work proceed now or does it require more data or approval?",frontline intake -> operations scheduling; sales or intake -> finance or risk review; approved request -> delivery owner,Document Management | Practice Management and Billing | CRM,"Poor qualification, pricing errors, avoidable no-shows, and weak contract hygiene create leakage before execution starts.","Teams chase missing information, approvals, and schedule availability across email, phone, and shared documents.","Humans still arbitrate exceptions, fit, urgency, and risk tolerance when intake data is incomplete or context is changing.","Critical context lives in inboxes, call notes, PDFs, and spreadsheets before the final system record is updated.","Typical stacks combine Document Management, Practice Management and Billing, CRM; representative software in market today includes iManage, NetDocuments, Litera, Thomson Reuters Elite, Clio, Salesforce CRM.","Structured fields handle the routine path, but real intake varies by exception, policy nuance, and local operating context. It typically spans 1 operating-system context and 3 systems-of-record categories.",Organizational,iManage; NetDocuments; Litera; Thomson Reuters Elite; Clio; Salesforce CRM; Microsoft Dynamics 365 Sales; HubSpot CRM,Salesforce CRM: https://www.salesforce.com/crm/; Microsoft Dynamics 365 Sales: https://www.microsoft.com/en-us/dynamics-365/products/sales; HubSpot CRM: https://www.hubspot.com/products/crm?gh_jid=5988617,Complete,
Medication and Compliance Management,Clinical and Case Operations,Care Delivery and Reimbursement,Nursing and residential care facilities,1,"Maintain safe medication, compliance, and follow-up status while keeping the longitudinal record current.","Medication adherence, refill, or compliance status requires active review or intervention.","Medication status is updated, the next required action is completed, and exceptions are escalated appropriately.",clinician or care manager; patient or resident; pharmacy partner; compliance or quality reviewer,"Is the patient or resident compliant enough to stay on the current plan?; What issue requires outreach, refill, or escalation?; What documentation is required to support the action taken?","care team -> pharmacy or medication partner; medication issue -> supervising clinician; resolved status -> billing, quality, or record team",EHR and Care Management | Revenue Cycle Management | HCM / Workforce Management,"Leakage appears through avoidable readmissions, failed adherence, and unbillable documentation gaps.","Teams spend time on outreach, refill coordination, and manual follow-up loops.","Medication decisions still depend on severity, tolerance, behavior, and contextual risk.","Call logs, refill messages, and compliance notes often live outside the structured medication record.","Typical stacks combine EHR and Care Management, Revenue Cycle Management, HCM / Workforce Management; representative software in market today includes Epic, Oracle Health EHR, Meditech, PointClickCare, athenahealth RCM, R1 RCM.","Medication management is highly regulated and behavior-heavy, so closed-loop automation remains incomplete. It typically spans 1 operating-system context and 3 systems-of-record categories.",Behavioral,Epic; Oracle Health EHR; Meditech; PointClickCare; athenahealth RCM; R1 RCM; Optum; Workday Workforce Management,Epic: https://www.epic.com/; Oracle Health EHR: https://www.oracle.com/health/clinical-suite/electronic-health-record/; athenahealth RCM: https://www.athenahealth.com/solutions/revenue-cycle-management; R1 RCM: https://www.r1rcm.com/enterprise-partnerships; Workday Workforce Management: https://forms.workday.com/en-us/quick-demos/managing-your-workforce-with-workday-demo/form.html?step=step1_default; Deputy: https://www.deputy.com/; Legion: https://legion.co/en-gb/products/,Complete,
Merchandising and Assortment Planning,Planning and Allocation,Retail and Service Commerce,Other retail | Food and beverage stores | General merchandise stores,3,"Place inventory and assortment into the right location, age bucket, or channel before demand crystallizes.","Inventory, assortment, or aging conditions require an allocation or reallocation decision.",Inventory is assigned to the right destination with downstream replenishment and commercial actions aligned.,inventory planner; merchant or commercial lead; warehouse or store operations; finance partner,"Where should inventory sit given expected demand and margin?; What stock should be accelerated, protected, or marked down?; When is reallocation worth the operational disruption?","demand and stock signals -> inventory planning; allocation decision -> store, warehouse, or channel team; execution outcome -> pricing and finance review",Order Management System | Supply Chain Planning | POS and Payments | Warehouse Management System | Commerce Platform | ERP,"Misallocation drives stockouts, markdowns, carrying cost, and lost working capital productivity.",Teams spend time reconciling stock truth and coordinating transfers or aged inventory action.,Operators still judge local demand and whether aged stock can truly move through the planned channel.,Inventory decisions are often managed in spreadsheets and store communications outside the planning system.,"Typical stacks combine Order Management System, Supply Chain Planning, POS and Payments, Warehouse Management System, and adjacent specialist systems; representative software in market today includes Manhattan ActiveOrder, Manhattan Associates, Salesforce Commerce Cloud, Oracle Retail, Blue Yonder Integrated Business Planning, Kinaxis.","System optimization struggles when demand is local, seasonal, and only partly observable in real time. It typically spans 1 operating-system context and 6 systems-of-record categories.",Technical,Manhattan ActiveOrder; Manhattan Associates; Salesforce Commerce Cloud; Oracle Retail; Blue Yonder Integrated Business Planning; Kinaxis; o9 Solutions; Blue Yonder,Manhattan ActiveOrder: https://www.manh.com/solutions/omnichannel-software-solutions/order-management-system; Blue Yonder Integrated Business Planning: https://blueyonder.com/solutions/supply-chain-planning/integrated-business-planning; Kinaxis: https://www.kinaxis.com/en; o9 Solutions: https://o9solutions.com/; Toast POS: https://pos.toasttab.com/products/point-of-sale; Acumatica Cloud ERP: https://www.acumatica.com/cloud-erp-software/,Complete,
Meter-to-Cash,Finance and Revenue Operations,Network Infrastructure Operations,Utilities,1,"Turn completed work or contractual obligation into clean bills, timely collections, and accurate receivable records.","A billable event, service completion, or recurring obligation reaches the point of invoicing or follow-up.","The bill is issued, the receivable is updated, and collection or exception status is clear.",billing specialist; collections or revenue-cycle staff; source operations team; customer or payer,"Is the billable record complete enough to issue or submit?; What denial, dispute, or delinquency path should be pursued next?; When should the item be escalated, adjusted, or written down?","source operations -> billing or coding team; billing -> customer, payer, or clearing partner; open item -> collections, finance, or account owner",Maintenance Management | Utility Operations and Billing | Industrial Automation and SCADA | ERP,"Missed charges, denial cycles, underbilling, and slow cash application are the primary leakage points.","Teams repeatedly reconcile source evidence, payer rules, and customer-specific exceptions.","Operators interpret contract nuance, collection strategy, and what evidence is enough to close the item.","Collections context and exception history often live in email, payer portals, and spreadsheets outside the core system.","Typical stacks combine Maintenance Management, Utility Operations and Billing, Industrial Automation and SCADA, ERP; representative software in market today includes IFS Enterprise Asset Management, Yardi, ServiceTitan, Oracle Utilities, IFS, Oracle Utilities Customer to Meter.","Automation handles the clean path, but exceptions are driven by messy upstream data and contract interpretation. It typically spans 1 operating-system context and 4 systems-of-record categories.",Legacy Architecture,IFS Enterprise Asset Management; Yardi; ServiceTitan; Oracle Utilities; IFS; Oracle Utilities Customer to Meter; SAP; GE Vernova,IFS Enterprise Asset Management: https://www.ifs.com/en/products/alm/eam; Oracle Utilities Customer to Meter: https://docs.oracle.com/en/industries/energy-water/advanced-meter/index.html; Acumatica Cloud ERP: https://www.acumatica.com/cloud-erp-software/,Complete,
Midstream Coordination,Network and Transportation Operations,Field Production and Resource Extraction,Oil and gas extraction,1,"Assign the right asset, route, crew, or carrier to the job while balancing service, utilization, and cost.",Demand is ready to be moved or serviced across a network and requires a dispatch decision.,"The movement or service plan is issued with owners, route, and timing visible to the network.","dispatcher or planner; carrier, crew, or field operator; operations control; customer or receiving party","Which asset, route, or partner should carry the work?; What tradeoff between service, cost, and utilization is acceptable?; What exception requires re-plan or escalation now?","demand intake -> dispatch control; dispatch plan -> driver, crew, or carrier; movement status -> customer service, billing, or recovery desk",Geoscience and Reservoir Management | Production Accounting and Regulatory | Upstream Energy Management | ERP,"The biggest leaks are empty capacity, bad routing, detention, and poor network utilization.","Dispatchers lose time chasing status, making call-based updates, and rerouting around late disruptions.",Controllers interpret service priorities and real-world constraints faster than static optimization models.,"Carrier calls, texts, and manual route notes remain central to live execution.","Typical stacks combine Geoscience and Reservoir Management, Production Accounting and Regulatory, Upstream Energy Management, ERP; representative software in market today includes SLB Delfi, Halliburton Landmark, Quorum, Enverus, SAP, Acumatica Cloud ERP.","Network state changes in real time and often depends on partner data that is late, partial, or nonstandard. It typically spans 1 operating-system context and 4 systems-of-record categories.",Technical,SLB Delfi; Halliburton Landmark; Quorum; Enverus; SAP; Acumatica Cloud ERP; Oracle; NetSuite,Acumatica Cloud ERP: https://www.acumatica.com/cloud-erp-software/,Complete,
Network Planning and Capital Management,Planning and Allocation,Network Infrastructure Operations,Broadcasting and telecommunications,1,"Set the next operating baseline for capacity, demand, production, or resource use under uncertain conditions.",A planning horizon opens or enough signal changes that the current plan no longer fits reality.,A practical baseline plan is published with assumptions and accountable owners documented.,planner; operations leader; commercial or finance partner; downstream execution owner,"What demand and capacity assumptions should the organization trust right now?; Which tradeoff between service, cost, and utilization is acceptable?; When should the baseline be changed rather than managed through exceptions?","market or operating signals -> planning team; published plan -> procurement, labor, or execution teams; plan variance -> management review",Billing and Subscription Management | Network OSS/BSS | CRM,"Forecast error and poor allocation create excess cost, missed revenue, and avoidable firefighting.",Planning teams spend time rebuilding assumptions and chasing sign-off across functions.,Planners still decide which signals to trust and when the model output does not fit local reality.,"Scenario analysis and negotiation happen in spreadsheets, slides, and side conversations.","Typical stacks combine Billing and Subscription Management, Network OSS/BSS, CRM; representative software in market today includes Zuora, Amdocs, Oracle Communications, NetSuite, Netcracker, Ericsson.","The hard problem is not math alone; it is aligning noisy signals, local constraints, and organizational trust. It typically spans 1 operating-system context and 3 systems-of-record categories.",Technical,Zuora; Amdocs; Oracle Communications; NetSuite; Netcracker; Ericsson; Salesforce CRM; Microsoft Dynamics 365 Sales,Zuora: https://www.zuora.com/products/billing/; Salesforce CRM: https://www.salesforce.com/crm/; Microsoft Dynamics 365 Sales: https://www.microsoft.com/en-us/dynamics-365/products/sales; HubSpot CRM: https://www.hubspot.com/products/crm?gh_jid=5988617,Complete,
Network and Schedule Planning,Network and Transportation Operations,Transportation Network Operations,Air transportation,1,"Assign the right asset, route, crew, or carrier to the job while balancing service, utilization, and cost.",Demand is ready to be moved or serviced across a network and requires a dispatch decision.,"The movement or service plan is issued with owners, route, and timing visible to the network.","dispatcher or planner; carrier, crew, or field operator; operations control; customer or receiving party","Which asset, route, or partner should carry the work?; What tradeoff between service, cost, and utilization is acceptable?; What exception requires re-plan or escalation now?","demand intake -> dispatch control; dispatch plan -> driver, crew, or carrier; movement status -> customer service, billing, or recovery desk",Airline Operations and Reservations | Revenue Management Platform | ERP,"The biggest leaks are empty capacity, bad routing, detention, and poor network utilization.","Dispatchers lose time chasing status, making call-based updates, and rerouting around late disruptions.",Controllers interpret service priorities and real-world constraints faster than static optimization models.,"Carrier calls, texts, and manual route notes remain central to live execution.","Typical stacks combine Airline Operations and Reservations, Revenue Management Platform, ERP; representative software in market today includes Sabre, Amadeus, Navitaire, Lufthansa Systems, Oracle OPERA, SAP Cloud ERP.","Network state changes in real time and often depends on partner data that is late, partial, or nonstandard. It typically spans 1 operating-system context and 3 systems-of-record categories.",Technical,Sabre; Amadeus; Navitaire; Lufthansa Systems; Oracle OPERA; SAP Cloud ERP; Acumatica Cloud ERP; Oracle,SAP Cloud ERP: https://www.sap.com/products/erp.html?dfa=1&gad=1; Acumatica Cloud ERP: https://www.acumatica.com/cloud-erp-software/,Complete,
Night Audit and Owner Reporting,Finance and Revenue Operations,"Venue, Hospitality, and Attendance Operations",Accommodation,1,"Close the loop between source activity, cash movement, and the official financial record with defensible reconciliation.","Transactions from multiple sources must be balanced, settled, or closed for a period or event.","Balances are reconciled, exceptions are documented, and the official close or settlement state is updated.",accounting or settlement analyst; operations source owner; treasury or payments partner; manager or reviewer,What is the authoritative source when records disagree?; Which exception can be auto-cleared versus requiring investigation?; What threshold is material enough to escalate before close?,"source system -> reconciliation or settlement team; unmatched item -> operations, treasury, or counterparty; resolved balance -> reporting and management review",Property Management System | Reservation and Distribution System | Revenue Management Platform | ERP,"Unmatched items, late close, duplicate settlements, and poor exception control create hidden leakage and working-capital drag.","Analysts spend time matching records manually, collecting support, and rebuilding audit trails.","Materiality, root cause, and acceptable resolution still depend on experienced finance staff.","Exception triage almost always moves into spreadsheets, email, and bank or partner portals.","Typical stacks combine Property Management System, Reservation and Distribution System, Revenue Management Platform, ERP; representative software in market today includes Yardi, RealPage, AppFolio, Entrata, Mews, Cloudbeds.",Reconciliation spans asynchronous systems and low-standardization edge cases that resist full automation. It typically spans 1 operating-system context and 4 systems-of-record categories.,Legacy Architecture,Yardi; RealPage; AppFolio; Entrata; Mews; Cloudbeds; Oracle OPERA; Amadeus,Yardi: https://www.yardi.com/solution/property-management-software/; Mews: https://www.mews.com/en/hospitality-management-software; Cloudbeds: https://www.cloudbeds.com/property-management-system/; SAP Cloud ERP: https://www.sap.com/products/erp.html?dfa=1&gad=1; Acumatica Cloud ERP: https://www.acumatica.com/cloud-erp-software/,Complete,
Operational Recovery and Disruption Management,Network and Transportation Operations,Transportation Network Operations,Air transportation,1,Maintain a current view of in-flight network health so downstream teams can respond before service failure compounds.,"Movement, service, or asset status becomes uncertain, delayed, or exception-prone.","The exception is visible, prioritized, and owned with the next corrective action underway.",control tower or exception team; carrier or field operator; customer service; operations manager,"Which exceptions are truly material?; What customer or downstream impact will happen if nothing changes?; Should the response be reroute, recover, reschedule, or communicate?","telemetry or event feed -> control tower; exception review -> carrier, field, or customer team; resolution -> billing, claims, or performance review",Airline Operations and Reservations | Revenue Management Platform | ERP,"Poor visibility turns small exceptions into claims, missed commitments, and expensive recoveries.",Teams spend time validating whether the exception signal is real and who is best positioned to act.,Exception severity and customer impact still require contextual interpretation.,"Teams fall back to calls, partner portals, and spreadsheets when telemetry is incomplete or late.","Typical stacks combine Airline Operations and Reservations, Revenue Management Platform, ERP; representative software in market today includes Sabre, Amadeus, Navitaire, Lufthansa Systems, Oracle OPERA, SAP Cloud ERP.","Visibility tools have improved, but cross-party event quality and actionability remain inconsistent. It typically spans 1 operating-system context and 3 systems-of-record categories.",Technical,Sabre; Amadeus; Navitaire; Lufthansa Systems; Oracle OPERA; SAP Cloud ERP; Acumatica Cloud ERP; Oracle,SAP Cloud ERP: https://www.sap.com/products/erp.html?dfa=1&gad=1; Acumatica Cloud ERP: https://www.acumatica.com/cloud-erp-software/,Complete,
Order Capture and Payment Processing,Customer and Experience Operations,Retail and Service Commerce,Other retail,1,"Capture the live transaction cleanly while keeping payment, loyalty, and service context synchronized.","A customer is ready to order, pay, check out, or complete a live in-person transaction.","The transaction is completed, tender is recorded, and any downstream fulfillment or settlement record is updated.",frontline cashier or associate; customer; store or venue manager; finance or reconciliation staff,"What tender, adjustment, or loyalty treatment should apply?; How should an exception or mismatch be resolved in the moment?; What transaction should be held, voided, or escalated?","customer interaction -> POS and payment systems; completed transaction -> fulfillment, service, or inventory team; day close -> finance and reconciliation staff",Order Management System | Commerce Platform | Warehouse Management System | ERP,"Leakage appears through shrink, tender errors, bad overrides, abandoned carts, and loyalty mistakes.","Teams spend time on line delays, exception handling, and end-of-day balancing.",Frontline staff still decide how to recover failures and apply judgment-based overrides.,"Exception handling moves into notes, supervisor conversations, and manual balancing sheets.","Typical stacks combine Order Management System, Commerce Platform, Warehouse Management System, ERP; representative software in market today includes Manhattan ActiveOrder, Manhattan Associates, Salesforce Commerce Cloud, Oracle Retail, Shopify, Blue Yonder.","Core POS is mature, but live edge cases and the downstream reconciliation burden remain stubbornly human. It typically spans 1 operating-system context and 4 systems-of-record categories.",Legacy Architecture,Manhattan ActiveOrder; Manhattan Associates; Salesforce Commerce Cloud; Oracle Retail; Shopify; Blue Yonder; SAP; Acumatica Cloud ERP,Manhattan ActiveOrder: https://www.manh.com/solutions/omnichannel-software-solutions/order-management-system; Acumatica Cloud ERP: https://www.acumatica.com/cloud-erp-software/,Complete,
Order Management and Fulfillment,Delivery and Service Execution,Process Manufacturing and Throughput Control | Distribution and Trade Operations,Wholesale trade | Chemical products | Primary metals,3,Route and fulfill demand from the right inventory or capacity source with accurate status and exception control.,"An order is confirmed and needs allocation, release, shipment, or return handling.",The order is fulfilled or closed with any exception documented for downstream billing or service teams.,order management team; warehouse or operations staff; customer or channel partner; transport or service partner,"Which inventory, facility, or path should fulfill the order?; What exception requires split shipment, reroute, substitution, or hold?; When is the order complete enough to invoice or close?","order capture -> allocation or warehouse team; warehouse or operations -> transportation or customer; completed order -> billing, returns, or support team",Maintenance Management | Manufacturing Execution System | Order Management System | Supply Chain Planning | Industrial Automation and SCADA | Shop Floor Control and Quality | Warehouse Management System | ERP,"Leakage shows up in split orders, mispicks, returns, expedites, and fulfillment promises that outrun actual capacity.","Teams chase inventory truth, release status, and downstream transport updates across systems.","Operators still decide how to recover shortages, prioritize customers, and manage substitutions.","Exception handling often happens through email, calls, and local trackers outside the formal order flow.","Typical stacks combine Maintenance Management, Manufacturing Execution System, Order Management System, Supply Chain Planning, and adjacent specialist systems; representative software in market today includes IFS Enterprise Asset Management, Yardi, ServiceTitan, Oracle Utilities, IFS, Siemens Opcenter.","Order orchestration spans inventory, warehouse, transport, and customer systems with different clocks and constraints. It typically spans 2 operating-system contexts and 8 systems-of-record categories.",Legacy Architecture,IFS Enterprise Asset Management; Yardi; ServiceTitan; Oracle Utilities; IFS; Siemens Opcenter; Rockwell FactoryTalk MES; Plex,IFS Enterprise Asset Management: https://www.ifs.com/en/products/alm/eam; Siemens Opcenter: https://www.siemens.com/en-us/products/opcenter/; Rockwell FactoryTalk MES: https://www.rockwellautomation.com/en-us/products/software/factorytalk/operationsuite/mes.html; Manhattan ActiveOrder: https://www.manh.com/solutions/omnichannel-software-solutions/order-management-system; Blue Yonder Integrated Business Planning: https://blueyonder.com/solutions/supply-chain-planning/integrated-business-planning; Kinaxis: https://www.kinaxis.com/en; o9 Solutions: https://o9solutions.com/; Acumatica Cloud ERP: https://www.acumatica.com/cloud-erp-software/,Complete,
Order Orchestration and Fulfillment,Delivery and Service Execution,Retail and Service Commerce,General merchandise stores,1,Route and fulfill demand from the right inventory or capacity source with accurate status and exception control.,"An order is confirmed and needs allocation, release, shipment, or return handling.",The order is fulfilled or closed with any exception documented for downstream billing or service teams.,order management team; warehouse or operations staff; customer or channel partner; transport or service partner,"Which inventory, facility, or path should fulfill the order?; What exception requires split shipment, reroute, substitution, or hold?; When is the order complete enough to invoice or close?","order capture -> allocation or warehouse team; warehouse or operations -> transportation or customer; completed order -> billing, returns, or support team",Order Management System | Supply Chain Planning | Commerce Platform | Warehouse Management System | ERP,"Leakage shows up in split orders, mispicks, returns, expedites, and fulfillment promises that outrun actual capacity.","Teams chase inventory truth, release status, and downstream transport updates across systems.","Operators still decide how to recover shortages, prioritize customers, and manage substitutions.","Exception handling often happens through email, calls, and local trackers outside the formal order flow.","Typical stacks combine Order Management System, Supply Chain Planning, Commerce Platform, Warehouse Management System, and adjacent specialist systems; representative software in market today includes Manhattan ActiveOrder, Manhattan Associates, Salesforce Commerce Cloud, Oracle Retail, Blue Yonder Integrated Business Planning, Kinaxis.","Order orchestration spans inventory, warehouse, transport, and customer systems with different clocks and constraints. It typically spans 1 operating-system context and 5 systems-of-record categories.",Legacy Architecture,Manhattan ActiveOrder; Manhattan Associates; Salesforce Commerce Cloud; Oracle Retail; Blue Yonder Integrated Business Planning; Kinaxis; o9 Solutions; Blue Yonder,Manhattan ActiveOrder: https://www.manh.com/solutions/omnichannel-software-solutions/order-management-system; Blue Yonder Integrated Business Planning: https://blueyonder.com/solutions/supply-chain-planning/integrated-business-planning; Kinaxis: https://www.kinaxis.com/en; o9 Solutions: https://o9solutions.com/; Acumatica Cloud ERP: https://www.acumatica.com/cloud-erp-software/,Complete,
Outage and Regulatory Management,"Risk, Compliance, and Reporting",Network Infrastructure Operations,Broadcasting and telecommunications,1,"Produce a compliant, decision-useful record of activity while ensuring the supporting evidence can stand up to review.","A formal period close, audit, regulatory filing, or quality checkpoint requires documented output.","The report or compliance record is submitted with evidence, exceptions, and ownership clearly documented.",reporting or compliance analyst; source operations owner; manager or approver; external reviewer,What source should be treated as authoritative for this report?; Which exception is material enough to disclose or remediate?; What evidence is sufficient to sign off the output?,"source teams -> reporting or compliance owner; prepared output -> reviewer, auditor, or regulator; findings -> remediation owner",Billing and Subscription Management | Network OSS/BSS | CRM,"Late or weak reporting creates fines, reserve exposure, rework, and management blind spots.","Teams manually stitch files, request attestations, and chase evidence for every cycle.","Control owners still decide what is material, what is remediated, and what can be tolerated temporarily.","Supporting evidence sits in attachments, spreadsheets, emails, and external filing systems.","Typical stacks combine Billing and Subscription Management, Network OSS/BSS, CRM; representative software in market today includes Zuora, Amdocs, Oracle Communications, NetSuite, Netcracker, Ericsson.","The form of the report may be standardized, but the data lineage and exception handling still are not. It typically spans 1 operating-system context and 3 systems-of-record categories.",Regulatory,Zuora; Amdocs; Oracle Communications; NetSuite; Netcracker; Ericsson; Salesforce CRM; Microsoft Dynamics 365 Sales,Zuora: https://www.zuora.com/products/billing/; Salesforce CRM: https://www.salesforce.com/crm/; Microsoft Dynamics 365 Sales: https://www.microsoft.com/en-us/dynamics-365/products/sales; HubSpot CRM: https://www.hubspot.com/products/crm?gh_jid=5988617,Complete,
Payer Contract Management,Finance and Revenue Operations,Care Delivery and Reimbursement,Hospitals,1,"Turn completed work or contractual obligation into clean bills, timely collections, and accurate receivable records.","A billable event, service completion, or recurring obligation reaches the point of invoicing or follow-up.","The bill is issued, the receivable is updated, and collection or exception status is clear.",billing specialist; collections or revenue-cycle staff; source operations team; customer or payer,"Is the billable record complete enough to issue or submit?; What denial, dispute, or delinquency path should be pursued next?; When should the item be escalated, adjusted, or written down?","source operations -> billing or coding team; billing -> customer, payer, or clearing partner; open item -> collections, finance, or account owner",EHR and Care Management | Revenue Cycle Management | ERP | HCM / Workforce Management,"Missed charges, denial cycles, underbilling, and slow cash application are the primary leakage points.","Teams repeatedly reconcile source evidence, payer rules, and customer-specific exceptions.","Operators interpret contract nuance, collection strategy, and what evidence is enough to close the item.","Collections context and exception history often live in email, payer portals, and spreadsheets outside the core system.","Typical stacks combine EHR and Care Management, Revenue Cycle Management, ERP, HCM / Workforce Management; representative software in market today includes Epic, Oracle Health EHR, Meditech, PointClickCare, athenahealth RCM, R1 RCM.","Automation handles the clean path, but exceptions are driven by messy upstream data and contract interpretation. It typically spans 1 operating-system context and 4 systems-of-record categories.",Regulatory,Epic; Oracle Health EHR; Meditech; PointClickCare; athenahealth RCM; R1 RCM; Optum; SAP Cloud ERP,Epic: https://www.epic.com/; Oracle Health EHR: https://www.oracle.com/health/clinical-suite/electronic-health-record/; athenahealth RCM: https://www.athenahealth.com/solutions/revenue-cycle-management; R1 RCM: https://www.r1rcm.com/enterprise-partnerships; SAP Cloud ERP: https://www.sap.com/products/erp.html?dfa=1&gad=1; Acumatica Cloud ERP: https://www.acumatica.com/cloud-erp-software/; Workday Workforce Management: https://forms.workday.com/en-us/quick-demos/managing-your-workforce-with-workday-demo/form.html?step=step1_default; Deputy: https://www.deputy.com/; Legion: https://legion.co/en-gb/products/,Complete,
"Payroll, Billing, and Reconciliation",Finance and Revenue Operations,Workforce Coordination and Service Operations,Administrative and support services,1,"Close the loop between source activity, cash movement, and the official financial record with defensible reconciliation.","Transactions from multiple sources must be balanced, settled, or closed for a period or event.","Balances are reconciled, exceptions are documented, and the official close or settlement state is updated.",accounting or settlement analyst; operations source owner; treasury or payments partner; manager or reviewer,What is the authoritative source when records disagree?; Which exception can be auto-cleared versus requiring investigation?; What threshold is material enough to escalate before close?,"source system -> reconciliation or settlement team; unmatched item -> operations, treasury, or counterparty; resolved balance -> reporting and management review",CRM | ERP | HCM / Workforce Management | Service Management,"Unmatched items, late close, duplicate settlements, and poor exception control create hidden leakage and working-capital drag.","Analysts spend time matching records manually, collecting support, and rebuilding audit trails.","Materiality, root cause, and acceptable resolution still depend on experienced finance staff.","Exception triage almost always moves into spreadsheets, email, and bank or partner portals.","Typical stacks combine CRM, ERP, HCM / Workforce Management, Service Management; representative software in market today includes Salesforce CRM, Microsoft Dynamics 365 Sales, HubSpot CRM, VTS, Cox Automotive, SAP Cloud ERP.",Reconciliation spans asynchronous systems and low-standardization edge cases that resist full automation. It typically spans 1 operating-system context and 4 systems-of-record categories.,Legacy Architecture,Salesforce CRM; Microsoft Dynamics 365 Sales; HubSpot CRM; VTS; Cox Automotive; SAP Cloud ERP; Acumatica Cloud ERP; Oracle,Salesforce CRM: https://www.salesforce.com/crm/; Microsoft Dynamics 365 Sales: https://www.microsoft.com/en-us/dynamics-365/products/sales; HubSpot CRM: https://www.hubspot.com/products/crm?gh_jid=5988617; SAP Cloud ERP: https://www.sap.com/products/erp.html?dfa=1&gad=1; Acumatica Cloud ERP: https://www.acumatica.com/cloud-erp-software/; Workday Workforce Management: https://forms.workday.com/en-us/quick-demos/managing-your-workforce-with-workday-demo/form.html?step=step1_default; Deputy: https://www.deputy.com/; Legion: https://legion.co/en-gb/products/,Complete,
Performance Management,Governance and Portfolio Operations,Enterprise Governance and Shared Services,Management of companies and enterprises,1,Allocate capital or shared resources and monitor performance with enough fidelity to drive corrective action.,"A planning cycle, performance review, or governance checkpoint requires an updated view of resource deployment.",Leaders have a current performance view and documented actions for the next operating cycle.,finance or strategy team; business leader; shared-service owner; executive sponsor,Where should capital or scarce support capacity move next?; What underperformance deserves intervention now?; Which metric should guide the next management action?,business-unit data -> central finance or strategy team; management review -> operating owners; approved action -> execution teams and finance tracking,EPM and Financial Consolidation | ERP | HCM / Workforce Management | Service Management,Capital and support resources drift into low-return uses when performance signals are late or noisy.,Review cycles are slowed by manual aggregation and commentary collection.,"Leadership still decides tradeoffs among long-term return, local politics, and near-term operational reality.",Most decisive discussion happens in decks and meetings rather than the planning system itself.,"Typical stacks combine EPM and Financial Consolidation, ERP, HCM / Workforce Management, Service Management; representative software in market today includes Oracle EPM, Anaplan, Workday, SAP, Acumatica Cloud ERP, Oracle.",Shared-service and capital decisions remain cross-functional and politically negotiated rather than purely model-driven. It typically spans 1 operating-system context and 4 systems-of-record categories.,Organizational,Oracle EPM; Anaplan; Workday; SAP; Acumatica Cloud ERP; Oracle; NetSuite; Infor,Acumatica Cloud ERP: https://www.acumatica.com/cloud-erp-software/; Deputy: https://www.deputy.com/; Legion: https://legion.co/en-gb/products/,Complete,
Point-of-Sale and Loyalty Operations,Customer and Experience Operations,Retail and Service Commerce,Food and beverage stores,1,"Capture the live transaction cleanly while keeping payment, loyalty, and service context synchronized.","A customer is ready to order, pay, check out, or complete a live in-person transaction.","The transaction is completed, tender is recorded, and any downstream fulfillment or settlement record is updated.",frontline cashier or associate; customer; store or venue manager; finance or reconciliation staff,"What tender, adjustment, or loyalty treatment should apply?; How should an exception or mismatch be resolved in the moment?; What transaction should be held, voided, or escalated?","customer interaction -> POS and payment systems; completed transaction -> fulfillment, service, or inventory team; day close -> finance and reconciliation staff",POS and Payments | Supply Chain Planning | Warehouse Management System | ERP,"Leakage appears through shrink, tender errors, bad overrides, abandoned carts, and loyalty mistakes.","Teams spend time on line delays, exception handling, and end-of-day balancing.",Frontline staff still decide how to recover failures and apply judgment-based overrides.,"Exception handling moves into notes, supervisor conversations, and manual balancing sheets.","Typical stacks combine POS and Payments, Supply Chain Planning, Warehouse Management System, ERP; representative software in market today includes Toast POS, Square, Oracle MICROS, NCR Voyix, Blue Yonder Integrated Business Planning, Kinaxis.","Core POS is mature, but live edge cases and the downstream reconciliation burden remain stubbornly human. It typically spans 1 operating-system context and 4 systems-of-record categories.",Legacy Architecture,Toast POS; Square; Oracle MICROS; NCR Voyix; Blue Yonder Integrated Business Planning; Kinaxis; o9 Solutions; Blue Yonder,Toast POS: https://pos.toasttab.com/products/point-of-sale; Blue Yonder Integrated Business Planning: https://blueyonder.com/solutions/supply-chain-planning/integrated-business-planning; Kinaxis: https://www.kinaxis.com/en; o9 Solutions: https://o9solutions.com/; Acumatica Cloud ERP: https://www.acumatica.com/cloud-erp-software/,Complete,
Point-of-Sale and Order Flow,Customer and Experience Operations,Retail and Service Commerce,Food services and drinking places,1,"Capture the live transaction cleanly while keeping payment, loyalty, and service context synchronized.","A customer is ready to order, pay, check out, or complete a live in-person transaction.","The transaction is completed, tender is recorded, and any downstream fulfillment or settlement record is updated.",frontline cashier or associate; customer; store or venue manager; finance or reconciliation staff,"What tender, adjustment, or loyalty treatment should apply?; How should an exception or mismatch be resolved in the moment?; What transaction should be held, voided, or escalated?","customer interaction -> POS and payment systems; completed transaction -> fulfillment, service, or inventory team; day close -> finance and reconciliation staff",POS and Payments | Restaurant Back Office and Inventory | HCM / Workforce Management,"Leakage appears through shrink, tender errors, bad overrides, abandoned carts, and loyalty mistakes.","Teams spend time on line delays, exception handling, and end-of-day balancing.",Frontline staff still decide how to recover failures and apply judgment-based overrides.,"Exception handling moves into notes, supervisor conversations, and manual balancing sheets.","Typical stacks combine POS and Payments, Restaurant Back Office and Inventory, HCM / Workforce Management; representative software in market today includes Toast POS, Square, Oracle MICROS, NCR Voyix, PAR Technology, Workday Workforce Management.","Core POS is mature, but live edge cases and the downstream reconciliation burden remain stubbornly human. It typically spans 1 operating-system context and 3 systems-of-record categories.",Legacy Architecture,Toast POS; Square; Oracle MICROS; NCR Voyix; PAR Technology; Workday Workforce Management; Deputy; Legion,Toast POS: https://pos.toasttab.com/products/point-of-sale; Workday Workforce Management: https://forms.workday.com/en-us/quick-demos/managing-your-workforce-with-workday-demo/form.html?step=step1_default; Deputy: https://www.deputy.com/; Legion: https://legion.co/en-gb/products/,Complete,
Policy Administration,"Risk, Compliance, and Reporting",Risk Underwriting and Claims Administration,Insurance carriers and related activities,1,"Apply policy, pricing, and risk selection logic to create or maintain a defendable risk-bearing commitment.","A policy, quote, or underwriting action requires decision, pricing, or downstream administration.","The policy or underwriting decision is bound, adjusted, declined, or referred with full traceability.",underwriter; distribution or account partner; policy administration staff; risk or actuarial reviewer,"Should the risk be written, repriced, referred, or declined?; What policy terms or endorsements best fit the exposure?; What exception requires senior review or reinsurance consideration?","distribution intake -> underwriting; approved decision -> policy administration or claims context; risk issue -> actuarial, reinsurance, or compliance review",Claims Management | Policy Administration | Underwriting and Rating | CRM,"Leakage appears through poor risk selection, slow cycle times, mispriced endorsements, and admin rework.","Teams spend time on document collection, exception referral, and back-and-forth across policy, claims, and rating tools.",Risk appetite and exposure interpretation remain highly judgment-driven even with scoring support.,"Key rationale lives in underwriter notes, referrals, broker calls, and exception memos outside the core flow.","Typical stacks combine Claims Management, Policy Administration, Underwriting and Rating, CRM; representative software in market today includes Guidewire ClaimCenter, Duck Creek Claims, Guidewire, Duck Creek, Majesco, Verisk.","Insurance software is mature, but complex cases still require layered human judgment and fragmented evidence. It typically spans 1 operating-system context and 4 systems-of-record categories.",Regulatory,Guidewire ClaimCenter; Duck Creek Claims; Guidewire; Duck Creek; Majesco; Verisk; Guidewire PolicyCenter; Salesforce CRM,Guidewire ClaimCenter: https://www.guidewire.com/products/core-products/insurancesuite/claimcenter-claims-management-software; Duck Creek Claims: https://www.duckcreek.com/product/claims-management-software/; Guidewire PolicyCenter: https://www.guidewire.com/products/core-products/insurancesuite/policycenter-insurance-policy-administration; Salesforce CRM: https://www.salesforce.com/crm/; Microsoft Dynamics 365 Sales: https://www.microsoft.com/en-us/dynamics-365/products/sales; HubSpot CRM: https://www.hubspot.com/products/crm?gh_jid=5988617,Complete,
Portfolio and Order Management,Governance and Portfolio Operations,Capital Markets and Investment Management,"Securities, commodity contracts, and investments",1,"Maintain an accurate investment, fund, or investor record across accounting, performance, portfolio, and client-facing views.","A trade, valuation change, investor event, or reporting cycle requires the portfolio record to be refreshed.","Positions, valuations, reporting views, and investor outputs align closely enough to support action and oversight.",portfolio or fund operations team; investment professional; accounting partner; investor relations or client service,"What portfolio, fund, or investor state is authoritative for the current action?; Which break, exception, or exposure deserves escalation?; What action should be taken before downstream reporting or client communication proceeds?",front-office activity -> middle or back office; accounting and valuation outputs -> investor reporting; exception review -> portfolio manager or leadership,Investor Reporting and Performance | Portfolio and Order Management | Trading and Market Data | CRM,"Leakage comes from stale positions, NAV breaks, manual reporting overhead, and slow exception closure.","Teams reconcile books and records repeatedly across portfolio, accounting, and investor-reporting systems.","Materiality, valuation challenge, and client communication still depend on experienced professionals.","Exception narratives and investor context move through emails, memos, and spreadsheet bridges.","Typical stacks combine Investor Reporting and Performance, Portfolio and Order Management, Trading and Market Data, CRM; representative software in market today includes Aladdin, SS&C Advent, Clearwater, State Street Alpha, Charles River, SimCorp.",Even sophisticated platforms still depend on cross-book reconciliation and human review to maintain trust. It typically spans 1 operating-system context and 4 systems-of-record categories.,Technical,Aladdin; SS&C Advent; Clearwater; State Street Alpha; Charles River; SimCorp; Bloomberg; Salesforce CRM,Aladdin: https://www.blackrock.com/institutions/en-us/investment-capabilities/technolgy/aladdin-portfolio-management-software; Salesforce CRM: https://www.salesforce.com/crm/; Microsoft Dynamics 365 Sales: https://www.microsoft.com/en-us/dynamics-365/products/sales; HubSpot CRM: https://www.hubspot.com/products/crm?gh_jid=5988617,Complete,
Pricing and Promotion Management,Customer and Experience Operations,Retail and Service Commerce,Other retail,1,"Use pricing, assortment, and promotional levers to protect margin while matching demand and channel realities.","A pricing, inventory age, channel, or campaign change requires a new commercial decision.",The updated commercial rule is published and downstream sales or replenishment teams can act on it.,merchandising or revenue manager; commercial analyst; operations or inventory partner; finance reviewer,"What price or promotional action best fits demand and margin goals?; Which inventory should be pushed, protected, or marked down?; When does local judgment override the standard rule?",demand and inventory signals -> commercial team; approved pricing action -> channel or store operators; executed campaign -> finance and performance review,Order Management System | Commerce Platform | Warehouse Management System | ERP,"Leakage comes from blunt discounts, poor markdown timing, and channel decisions that shift volume without improving contribution.","Analysts and operators waste time aligning price files, inventory context, and execution timing.","Merchants still interpret local demand, competitor behavior, and brand considerations.","The rationale for overrides often lives in spreadsheets, chats, and field communications.","Typical stacks combine Order Management System, Commerce Platform, Warehouse Management System, ERP; representative software in market today includes Manhattan ActiveOrder, Manhattan Associates, Salesforce Commerce Cloud, Oracle Retail, Shopify, Blue Yonder.","Optimization helps, but demand signals remain noisy and commercial teams still distrust fully automated rules. It typically spans 1 operating-system context and 4 systems-of-record categories.",Technical,Manhattan ActiveOrder; Manhattan Associates; Salesforce Commerce Cloud; Oracle Retail; Shopify; Blue Yonder; SAP; Acumatica Cloud ERP,Manhattan ActiveOrder: https://www.manh.com/solutions/omnichannel-software-solutions/order-management-system; Acumatica Cloud ERP: https://www.acumatica.com/cloud-erp-software/,Complete,
Pricing and Quoting,"Access, Intake, and Contracting",Distribution and Trade Operations,Wholesale trade,1,"Translate demand into a priced, scoped, and approvable commercial commitment that the business can actually deliver.","A qualified request needs pricing, scope definition, or a formal quote, estimate, or proposal.","The quote or proposal is issued with approved assumptions, margins, and delivery commitments.",estimator or pricing analyst; sales owner; operations or supply partner; approver,"What price, scope, or configuration best fits the request and margin target?; Which assumptions need approval because they materially change risk or delivery feasibility?; When should the opportunity be declined rather than priced?","qualified demand -> pricing or estimating; estimating -> operations, engineering, or supply review; approved quote -> customer or contracting team",Order Management System | Supply Chain Planning | Warehouse Management System | ERP,"Leakage comes from underpricing, scope misses, inaccurate assumptions, and change orders that were predictable at quote time.","Estimators wait on inputs, rebuild historical assumptions, and route approvals repeatedly.","Estimators must judge risk, uncertainty, and customer-specific nuance that raw historical data rarely captures cleanly.","The actual pricing narrative often sits in spreadsheets, markups, and offline review threads.","Typical stacks combine Order Management System, Supply Chain Planning, Warehouse Management System, ERP; representative software in market today includes Manhattan ActiveOrder, Manhattan Associates, Salesforce Commerce Cloud, Oracle Retail, Blue Yonder Integrated Business Planning, Kinaxis.","Rules can price the simple path, but profitable quoting still depends on tacit knowledge and cross-functional review. It typically spans 1 operating-system context and 4 systems-of-record categories.",Technical,Manhattan ActiveOrder; Manhattan Associates; Salesforce Commerce Cloud; Oracle Retail; Blue Yonder Integrated Business Planning; Kinaxis; o9 Solutions; Blue Yonder,Manhattan ActiveOrder: https://www.manh.com/solutions/omnichannel-software-solutions/order-management-system; Blue Yonder Integrated Business Planning: https://blueyonder.com/solutions/supply-chain-planning/integrated-business-planning; Kinaxis: https://www.kinaxis.com/en; o9 Solutions: https://o9solutions.com/; Acumatica Cloud ERP: https://www.acumatica.com/cloud-erp-software/,Complete,
Procurement and Prep Management,Sourcing and Supply,Retail and Service Commerce,Food services and drinking places,1,Secure the right materials or supplies at the right time and cost without destabilizing downstream operations.,"Planned or reactive demand requires a purchase, replenishment, or sourcing action.","A committed supply action is placed and visible to receiving, planning, and operating teams.",buyer; planner; supplier; operations or inventory owner,"What quantity and timing should be ordered now?; Which source best fits the current cost, quality, and service tradeoff?; What shortage or exception requires escalation?",demand plan -> procurement; purchase action -> supplier; confirmed supply -> receiving or execution teams,POS and Payments | Restaurant Back Office and Inventory | HCM / Workforce Management,"Leakage appears through rush buys, stockouts, overbuying, and weak term control.","Buyers spend time chasing confirmations, comparing suppliers, and repairing plan mismatches.",Source selection and expedites still rely on local knowledge and changing supplier behavior.,Exception discussions and commitments often move into email and supplier portals beyond the ERP trail.,"Typical stacks combine POS and Payments, Restaurant Back Office and Inventory, HCM / Workforce Management; representative software in market today includes Toast POS, Square, Oracle MICROS, NCR Voyix, PAR Technology, Workday Workforce Management.","Procurement tools are strong on structured buying, but supply volatility and exception-driven replenishment remain stubborn. It typically spans 1 operating-system context and 3 systems-of-record categories.",Economic,Toast POS; Square; Oracle MICROS; NCR Voyix; PAR Technology; Workday Workforce Management; Deputy; Legion,Toast POS: https://pos.toasttab.com/products/point-of-sale; Workday Workforce Management: https://forms.workday.com/en-us/quick-demos/managing-your-workforce-with-workday-demo/form.html?step=step1_default; Deputy: https://www.deputy.com/; Legion: https://legion.co/en-gb/products/,Complete,
Procurement and Replenishment,Sourcing and Supply,Distribution and Trade Operations,Wholesale trade,1,Secure the right materials or supplies at the right time and cost without destabilizing downstream operations.,"Planned or reactive demand requires a purchase, replenishment, or sourcing action.","A committed supply action is placed and visible to receiving, planning, and operating teams.",buyer; planner; supplier; operations or inventory owner,"What quantity and timing should be ordered now?; Which source best fits the current cost, quality, and service tradeoff?; What shortage or exception requires escalation?",demand plan -> procurement; purchase action -> supplier; confirmed supply -> receiving or execution teams,Order Management System | Supply Chain Planning | Warehouse Management System | ERP,"Leakage appears through rush buys, stockouts, overbuying, and weak term control.","Buyers spend time chasing confirmations, comparing suppliers, and repairing plan mismatches.",Source selection and expedites still rely on local knowledge and changing supplier behavior.,Exception discussions and commitments often move into email and supplier portals beyond the ERP trail.,"Typical stacks combine Order Management System, Supply Chain Planning, Warehouse Management System, ERP; representative software in market today includes Manhattan ActiveOrder, Manhattan Associates, Salesforce Commerce Cloud, Oracle Retail, Blue Yonder Integrated Business Planning, Kinaxis.","Procurement tools are strong on structured buying, but supply volatility and exception-driven replenishment remain stubborn. It typically spans 1 operating-system context and 4 systems-of-record categories.",Economic,Manhattan ActiveOrder; Manhattan Associates; Salesforce Commerce Cloud; Oracle Retail; Blue Yonder Integrated Business Planning; Kinaxis; o9 Solutions; Blue Yonder,Manhattan ActiveOrder: https://www.manh.com/solutions/omnichannel-software-solutions/order-management-system; Blue Yonder Integrated Business Planning: https://blueyonder.com/solutions/supply-chain-planning/integrated-business-planning; Kinaxis: https://www.kinaxis.com/en; o9 Solutions: https://o9solutions.com/; Acumatica Cloud ERP: https://www.acumatica.com/cloud-erp-software/,Complete,
Product Lifecycle and Engineering Management,"Product, Content, and Engineering",Product Manufacturing and Lifecycle Operations,"Electrical equipment, appliances, and components",1,"Maintain the authoritative product, engineering, or release record so downstream execution runs against the correct definition.","A new product, change request, or release milestone requires controlled updates to the master record.",The approved version is published with dependencies and downstream impact clearly communicated.,product or engineering owner; change or release manager; operations partner; commercial or legal reviewer,Which change set is safe and worth promoting now?; What dependency or downstream effect blocks release?; What version should be treated as authoritative for execution?,"product or design work -> engineering or release control; approved record -> manufacturing, platform, or commercial teams; released version -> support, billing, or customer-facing teams",Manufacturing Execution System | PLM and Engineering Design | Shop Floor Control and Quality | ERP,"Master-data mistakes and release delays create rework, scrap, missed launch windows, and downstream confusion.","Teams manually synchronize definitions across PLM, ERP, support, and commercial systems.","Tradeoffs among quality, timing, and downstream disruption remain human-led.","Critical rationale and version decisions live in reviews, comments, and docs outside the system of record.","Typical stacks combine Manufacturing Execution System, PLM and Engineering Design, Shop Floor Control and Quality, ERP; representative software in market today includes Siemens Opcenter, Rockwell FactoryTalk MES, Plex, Epicor, Rockwell FactoryTalk, Siemens Teamcenter.","Structured data and collaborative work still sit in separate tools, so version truth remains hard to unify. It typically spans 1 operating-system context and 4 systems-of-record categories.",Legacy Architecture,Siemens Opcenter; Rockwell FactoryTalk MES; Plex; Epicor; Rockwell FactoryTalk; Siemens Teamcenter; Dassault 3DEXPERIENCE; PTC Windchill,Siemens Opcenter: https://www.siemens.com/en-us/products/opcenter/; Rockwell FactoryTalk MES: https://www.rockwellautomation.com/en-us/products/software/factorytalk/operationsuite/mes.html; SAP Cloud ERP: https://www.sap.com/products/erp.html?dfa=1&gad=1; Acumatica Cloud ERP: https://www.acumatica.com/cloud-erp-software/,Complete,
Product and Content Development,"Product, Content, and Engineering","IP, Subscription, and Rights Management","Publishing industries, except internet (includes software)",1,"Maintain the authoritative product, engineering, or release record so downstream execution runs against the correct definition.","A new product, change request, or release milestone requires controlled updates to the master record.",The approved version is published with dependencies and downstream impact clearly communicated.,product or engineering owner; change or release manager; operations partner; commercial or legal reviewer,Which change set is safe and worth promoting now?; What dependency or downstream effect blocks release?; What version should be treated as authoritative for execution?,"product or design work -> engineering or release control; approved record -> manufacturing, platform, or commercial teams; released version -> support, billing, or customer-facing teams",Billing and Subscription Management | CRM | ERP | Service Management,"Master-data mistakes and release delays create rework, scrap, missed launch windows, and downstream confusion.","Teams manually synchronize definitions across PLM, ERP, support, and commercial systems.","Tradeoffs among quality, timing, and downstream disruption remain human-led.","Critical rationale and version decisions live in reviews, comments, and docs outside the system of record.","Typical stacks combine Billing and Subscription Management, CRM, ERP, Service Management; representative software in market today includes Zuora, Amdocs, Oracle Communications, NetSuite, Salesforce CRM, Microsoft Dynamics 365 Sales.","Structured data and collaborative work still sit in separate tools, so version truth remains hard to unify. It typically spans 1 operating-system context and 4 systems-of-record categories.",Legacy Architecture,Zuora; Amdocs; Oracle Communications; NetSuite; Salesforce CRM; Microsoft Dynamics 365 Sales; HubSpot CRM; VTS,Zuora: https://www.zuora.com/products/billing/; Salesforce CRM: https://www.salesforce.com/crm/; Microsoft Dynamics 365 Sales: https://www.microsoft.com/en-us/dynamics-365/products/sales; HubSpot CRM: https://www.hubspot.com/products/crm?gh_jid=5988617; SAP Cloud ERP: https://www.sap.com/products/erp.html?dfa=1&gad=1; Acumatica Cloud ERP: https://www.acumatica.com/cloud-erp-software/,Complete,
Product and Content Release Management,"Product, Content, and Engineering",Digital Platform and Subscription Operations,"Data processing, internet publishing, and other information services",1,"Maintain the authoritative product, engineering, or release record so downstream execution runs against the correct definition.","A new product, change request, or release milestone requires controlled updates to the master record.",The approved version is published with dependencies and downstream impact clearly communicated.,product or engineering owner; change or release manager; operations partner; commercial or legal reviewer,Which change set is safe and worth promoting now?; What dependency or downstream effect blocks release?; What version should be treated as authoritative for execution?,"product or design work -> engineering or release control; approved record -> manufacturing, platform, or commercial teams; released version -> support, billing, or customer-facing teams",Billing and Subscription Management | Cloud Infrastructure and IT Operations | CRM | Service Management,"Master-data mistakes and release delays create rework, scrap, missed launch windows, and downstream confusion.","Teams manually synchronize definitions across PLM, ERP, support, and commercial systems.","Tradeoffs among quality, timing, and downstream disruption remain human-led.","Critical rationale and version decisions live in reviews, comments, and docs outside the system of record.","Typical stacks combine Billing and Subscription Management, Cloud Infrastructure and IT Operations, CRM, Service Management; representative software in market today includes Zuora, Amdocs, Oracle Communications, NetSuite, ServiceNow IT Operations Management, AWS.","Structured data and collaborative work still sit in separate tools, so version truth remains hard to unify. It typically spans 1 operating-system context and 4 systems-of-record categories.",Legacy Architecture,Zuora; Amdocs; Oracle Communications; NetSuite; ServiceNow IT Operations Management; AWS; Microsoft Azure; Google Cloud,Zuora: https://www.zuora.com/products/billing/; ServiceNow IT Operations Management: https://www.servicenow.com/docs/r/it-operations-management/r_ITOMApplications.html; Salesforce CRM: https://www.salesforce.com/crm/; Microsoft Dynamics 365 Sales: https://www.microsoft.com/en-us/dynamics-365/products/sales; HubSpot CRM: https://www.hubspot.com/products/crm?gh_jid=5988617,Complete,
Product and Engineering Configuration,"Product, Content, and Engineering",Product Manufacturing and Lifecycle Operations,Machinery,1,"Maintain the authoritative product, engineering, or release record so downstream execution runs against the correct definition.","A new product, change request, or release milestone requires controlled updates to the master record.",The approved version is published with dependencies and downstream impact clearly communicated.,product or engineering owner; change or release manager; operations partner; commercial or legal reviewer,Which change set is safe and worth promoting now?; What dependency or downstream effect blocks release?; What version should be treated as authoritative for execution?,"product or design work -> engineering or release control; approved record -> manufacturing, platform, or commercial teams; released version -> support, billing, or customer-facing teams",Maintenance Management | Manufacturing Execution System | PLM and Engineering Design | ERP,"Master-data mistakes and release delays create rework, scrap, missed launch windows, and downstream confusion.","Teams manually synchronize definitions across PLM, ERP, support, and commercial systems.","Tradeoffs among quality, timing, and downstream disruption remain human-led.","Critical rationale and version decisions live in reviews, comments, and docs outside the system of record.","Typical stacks combine Maintenance Management, Manufacturing Execution System, PLM and Engineering Design, ERP; representative software in market today includes IFS Enterprise Asset Management, Yardi, ServiceTitan, Oracle Utilities, IFS, Siemens Opcenter.","Structured data and collaborative work still sit in separate tools, so version truth remains hard to unify. It typically spans 1 operating-system context and 4 systems-of-record categories.",Legacy Architecture,IFS Enterprise Asset Management; Yardi; ServiceTitan; Oracle Utilities; IFS; Siemens Opcenter; Rockwell FactoryTalk MES; Plex,IFS Enterprise Asset Management: https://www.ifs.com/en/products/alm/eam; Siemens Opcenter: https://www.siemens.com/en-us/products/opcenter/; Rockwell FactoryTalk MES: https://www.rockwellautomation.com/en-us/products/software/factorytalk/operationsuite/mes.html; SAP Cloud ERP: https://www.sap.com/products/erp.html?dfa=1&gad=1; Acumatica Cloud ERP: https://www.acumatica.com/cloud-erp-software/,Complete,
Production Operations,Production and Asset Operations,Field Production and Resource Extraction,Oil and gas extraction,1,Run the physical process or line at the required throughput and quality with clear status and escalation control.,"A production run, asset cycle, or operating shift is ready to execute.","Output is produced, status is recorded, and any exception is handed to the right follow-up owner.",operations supervisor; machine or process operator; quality or maintenance staff; planner,What run order or operating mode best fits current conditions?; What issue should stop the line versus be worked around?; When is output acceptable enough to release or continue?,"plan -> line or field operators; execution -> quality or maintenance team; completed output -> logistics, inventory, or finance",Geoscience and Reservoir Management | Production Accounting and Regulatory | Upstream Energy Management | ERP,"Scrap, slow cycles, poor yields, and unplanned downtime are the main leakages.","Operators lose time to waiting, restarts, manual data capture, and coordination across shifts.","Supervisors balance throughput, quality, and risk when conditions diverge from the ideal run.","Operational nuance lives in shift notes, whiteboards, and tribal knowledge outside MES and ERP fields.","Typical stacks combine Geoscience and Reservoir Management, Production Accounting and Regulatory, Upstream Energy Management, ERP; representative software in market today includes SLB Delfi, Halliburton Landmark, Quorum, Enverus, SAP, Acumatica Cloud ERP.","Even with modern MES, the last mile of execution still depends on local conditions and human adaptation. It typically spans 1 operating-system context and 4 systems-of-record categories.",Legacy Architecture,SLB Delfi; Halliburton Landmark; Quorum; Enverus; SAP; Acumatica Cloud ERP; Oracle; NetSuite,Acumatica Cloud ERP: https://www.acumatica.com/cloud-erp-software/,Complete,
Production Planning,Planning and Allocation,Product Manufacturing and Lifecycle Operations | Field Production and Resource Extraction,Farms | Fabricated metal products | Plastics and rubber products,3,"Set the next operating baseline for capacity, demand, production, or resource use under uncertain conditions.",A planning horizon opens or enough signal changes that the current plan no longer fits reality.,A practical baseline plan is published with assumptions and accountable owners documented.,planner; operations leader; commercial or finance partner; downstream execution owner,"What demand and capacity assumptions should the organization trust right now?; Which tradeoff between service, cost, and utilization is acceptable?; When should the baseline be changed rather than managed through exceptions?","market or operating signals -> planning team; published plan -> procurement, labor, or execution teams; plan variance -> management review",Manufacturing Execution System | Shop Floor Control and Quality | Farm Management Platform | PLM and Engineering Design | Precision Agriculture and Telematics | ERP,"Forecast error and poor allocation create excess cost, missed revenue, and avoidable firefighting.",Planning teams spend time rebuilding assumptions and chasing sign-off across functions.,Planners still decide which signals to trust and when the model output does not fit local reality.,"Scenario analysis and negotiation happen in spreadsheets, slides, and side conversations.","Typical stacks combine Manufacturing Execution System, Shop Floor Control and Quality, Farm Management Platform, PLM and Engineering Design, and adjacent specialist systems; representative software in market today includes Siemens Opcenter, Rockwell FactoryTalk MES, Plex, Epicor, Rockwell FactoryTalk, JobBOSS.","The hard problem is not math alone; it is aligning noisy signals, local constraints, and organizational trust. It typically spans 2 operating-system contexts and 6 systems-of-record categories.",Technical,Siemens Opcenter; Rockwell FactoryTalk MES; Plex; Epicor; Rockwell FactoryTalk; JobBOSS; Infor; John Deere Operations Center,Siemens Opcenter: https://www.siemens.com/en-us/products/opcenter/; Rockwell FactoryTalk MES: https://www.rockwellautomation.com/en-us/products/software/factorytalk/operationsuite/mes.html; SAP Cloud ERP: https://www.sap.com/products/erp.html?dfa=1&gad=1; Acumatica Cloud ERP: https://www.acumatica.com/cloud-erp-software/,Complete,
Production Planning and Process Control,Production and Asset Operations,Process Manufacturing and Throughput Control,Food and beverage and tobacco products | Chemical products | Petroleum and coal products | Primary metals | Paper products,5,Run the physical process or line at the required throughput and quality with clear status and escalation control.,"A production run, asset cycle, or operating shift is ready to execute.","Output is produced, status is recorded, and any exception is handed to the right follow-up owner.",operations supervisor; machine or process operator; quality or maintenance staff; planner,What run order or operating mode best fits current conditions?; What issue should stop the line versus be worked around?; When is output acceptable enough to release or continue?,"plan -> line or field operators; execution -> quality or maintenance team; completed output -> logistics, inventory, or finance",Maintenance Management | Supply Chain Planning | Manufacturing Execution System | Industrial Automation and SCADA | Shop Floor Control and Quality | ERP,"Scrap, slow cycles, poor yields, and unplanned downtime are the main leakages.","Operators lose time to waiting, restarts, manual data capture, and coordination across shifts.","Supervisors balance throughput, quality, and risk when conditions diverge from the ideal run.","Operational nuance lives in shift notes, whiteboards, and tribal knowledge outside MES and ERP fields.","Typical stacks combine Maintenance Management, Supply Chain Planning, Manufacturing Execution System, Industrial Automation and SCADA, and adjacent specialist systems; representative software in market today includes IFS Enterprise Asset Management, Yardi, ServiceTitan, Oracle Utilities, IFS, Blue Yonder Integrated Business Planning.","Even with modern MES, the last mile of execution still depends on local conditions and human adaptation. It typically spans 1 operating-system context and 6 systems-of-record categories.",Legacy Architecture,IFS Enterprise Asset Management; Yardi; ServiceTitan; Oracle Utilities; IFS; Blue Yonder Integrated Business Planning; Kinaxis; o9 Solutions,IFS Enterprise Asset Management: https://www.ifs.com/en/products/alm/eam; Blue Yonder Integrated Business Planning: https://blueyonder.com/solutions/supply-chain-planning/integrated-business-planning; Kinaxis: https://www.kinaxis.com/en; o9 Solutions: https://o9solutions.com/; Siemens Opcenter: https://www.siemens.com/en-us/products/opcenter/; Rockwell FactoryTalk MES: https://www.rockwellautomation.com/en-us/products/software/factorytalk/operationsuite/mes.html; SAP Cloud ERP: https://www.sap.com/products/erp.html?dfa=1&gad=1; Acumatica Cloud ERP: https://www.acumatica.com/cloud-erp-software/,Complete,
Production Scheduling,Planning and Allocation,"IP, Subscription, and Rights Management",Motion picture and sound recording industries,1,"Set the next operating baseline for capacity, demand, production, or resource use under uncertain conditions.",A planning horizon opens or enough signal changes that the current plan no longer fits reality.,A practical baseline plan is published with assumptions and accountable owners documented.,planner; operations leader; commercial or finance partner; downstream execution owner,"What demand and capacity assumptions should the organization trust right now?; Which tradeoff between service, cost, and utilization is acceptable?; When should the baseline be changed rather than managed through exceptions?","market or operating signals -> planning team; published plan -> procurement, labor, or execution teams; plan variance -> management review",Production Management | Rights and Royalty Management | CRM | ERP,"Forecast error and poor allocation create excess cost, missed revenue, and avoidable firefighting.",Planning teams spend time rebuilding assumptions and chasing sign-off across functions.,Planners still decide which signals to trust and when the model output does not fit local reality.,"Scenario analysis and negotiation happen in spreadsheets, slides, and side conversations.","Typical stacks combine Production Management, Rights and Royalty Management, CRM, ERP; representative software in market today includes Movie Magic, Adobe Creative Cloud, Rightsline, Salesforce CRM, Microsoft Dynamics 365 Sales, HubSpot CRM.","The hard problem is not math alone; it is aligning noisy signals, local constraints, and organizational trust. It typically spans 1 operating-system context and 4 systems-of-record categories.",Technical,Movie Magic; Adobe Creative Cloud; Rightsline; Salesforce CRM; Microsoft Dynamics 365 Sales; HubSpot CRM; VTS; Cox Automotive,Salesforce CRM: https://www.salesforce.com/crm/; Microsoft Dynamics 365 Sales: https://www.microsoft.com/en-us/dynamics-365/products/sales; HubSpot CRM: https://www.hubspot.com/products/crm?gh_jid=5988617; SAP Cloud ERP: https://www.sap.com/products/erp.html?dfa=1&gad=1; Acumatica Cloud ERP: https://www.acumatica.com/cloud-erp-software/,Complete,
Program and Platform Planning,Planning and Allocation,Product Manufacturing and Lifecycle Operations,"Motor vehicles, bodies and trailers, and parts | Other transportation equipment",2,"Set the next operating baseline for capacity, demand, production, or resource use under uncertain conditions.",A planning horizon opens or enough signal changes that the current plan no longer fits reality.,A practical baseline plan is published with assumptions and accountable owners documented.,planner; operations leader; commercial or finance partner; downstream execution owner,"What demand and capacity assumptions should the organization trust right now?; Which tradeoff between service, cost, and utilization is acceptable?; When should the baseline be changed rather than managed through exceptions?","market or operating signals -> planning team; published plan -> procurement, labor, or execution teams; plan variance -> management review",Manufacturing Execution System | Project and Construction Management | Supply Chain Planning | PLM and Engineering Design | ERP,"Forecast error and poor allocation create excess cost, missed revenue, and avoidable firefighting.",Planning teams spend time rebuilding assumptions and chasing sign-off across functions.,Planners still decide which signals to trust and when the model output does not fit local reality.,"Scenario analysis and negotiation happen in spreadsheets, slides, and side conversations.","Typical stacks combine Manufacturing Execution System, Project and Construction Management, Supply Chain Planning, PLM and Engineering Design, and adjacent specialist systems; representative software in market today includes Siemens Opcenter, Rockwell FactoryTalk MES, Plex, Epicor, Rockwell FactoryTalk, Procore.","The hard problem is not math alone; it is aligning noisy signals, local constraints, and organizational trust. It typically spans 1 operating-system context and 5 systems-of-record categories.",Technical,Siemens Opcenter; Rockwell FactoryTalk MES; Plex; Epicor; Rockwell FactoryTalk; Procore; Procore Financial Management; Autodesk Construction Cloud,Siemens Opcenter: https://www.siemens.com/en-us/products/opcenter/; Rockwell FactoryTalk MES: https://www.rockwellautomation.com/en-us/products/software/factorytalk/operationsuite/mes.html; Procore: https://www.procore.com/what-is-procore; Procore Financial Management: https://www.procore.com/financial-management; Blue Yonder Integrated Business Planning: https://blueyonder.com/solutions/supply-chain-planning/integrated-business-planning; Kinaxis: https://www.kinaxis.com/en; o9 Solutions: https://o9solutions.com/; SAP Cloud ERP: https://www.sap.com/products/erp.html?dfa=1&gad=1; Acumatica Cloud ERP: https://www.acumatica.com/cloud-erp-software/,Complete,
Programming and Event Planning,Planning and Allocation,"Venue, Hospitality, and Attendance Operations","Performing arts, spectator sports, museums, and related activities",1,"Set the next operating baseline for capacity, demand, production, or resource use under uncertain conditions.",A planning horizon opens or enough signal changes that the current plan no longer fits reality.,A practical baseline plan is published with assumptions and accountable owners documented.,planner; operations leader; commercial or finance partner; downstream execution owner,"What demand and capacity assumptions should the organization trust right now?; Which tradeoff between service, cost, and utilization is acceptable?; When should the baseline be changed rather than managed through exceptions?","market or operating signals -> planning team; published plan -> procurement, labor, or execution teams; plan variance -> management review",Ticketing and Venue Management | Event and Donor Management | CRM,"Forecast error and poor allocation create excess cost, missed revenue, and avoidable firefighting.",Planning teams spend time rebuilding assumptions and chasing sign-off across functions.,Planners still decide which signals to trust and when the model output does not fit local reality.,"Scenario analysis and negotiation happen in spreadsheets, slides, and side conversations.","Typical stacks combine Ticketing and Venue Management, Event and Donor Management, CRM; representative software in market today includes Tessitura, Ticketmaster/Live Nation, AudienceView, Accesso, Salesforce, Eventbrite.","The hard problem is not math alone; it is aligning noisy signals, local constraints, and organizational trust. It typically spans 1 operating-system context and 3 systems-of-record categories.",Technical,Tessitura; Ticketmaster/Live Nation; AudienceView; Accesso; Salesforce; Eventbrite; Microsoft Dynamics 365 Sales; HubSpot CRM,Tessitura: https://www.tessitura.com/en/Features/Ticketing-Admissions; Microsoft Dynamics 365 Sales: https://www.microsoft.com/en-us/dynamics-365/products/sales; HubSpot CRM: https://www.hubspot.com/products/crm?gh_jid=5988617,Complete,
Progress Billing and Compliance Administration,Finance and Revenue Operations,Project Delivery and Contracting,Construction,1,"Turn completed work or contractual obligation into clean bills, timely collections, and accurate receivable records.","A billable event, service completion, or recurring obligation reaches the point of invoicing or follow-up.","The bill is issued, the receivable is updated, and collection or exception status is clear.",billing specialist; collections or revenue-cycle staff; source operations team; customer or payer,"Is the billable record complete enough to issue or submit?; What denial, dispute, or delinquency path should be pursued next?; When should the item be escalated, adjusted, or written down?","source operations -> billing or coding team; billing -> customer, payer, or clearing partner; open item -> collections, finance, or account owner",Project and Construction Management | Scheduling and Planning | ERP,"Missed charges, denial cycles, underbilling, and slow cash application are the primary leakage points.","Teams repeatedly reconcile source evidence, payer rules, and customer-specific exceptions.","Operators interpret contract nuance, collection strategy, and what evidence is enough to close the item.","Collections context and exception history often live in email, payer portals, and spreadsheets outside the core system.","Typical stacks combine Project and Construction Management, Scheduling and Planning, ERP; representative software in market today includes Procore, Procore Financial Management, Autodesk Construction Cloud, Oracle Primavera, Anaplan, Blue Yonder.","Automation handles the clean path, but exceptions are driven by messy upstream data and contract interpretation. It typically spans 1 operating-system context and 3 systems-of-record categories.",Legacy Architecture,Procore; Procore Financial Management; Autodesk Construction Cloud; Oracle Primavera; Anaplan; Blue Yonder; SAP Cloud ERP; Acumatica Cloud ERP,Procore: https://www.procore.com/what-is-procore; Procore Financial Management: https://www.procore.com/financial-management; SAP Cloud ERP: https://www.sap.com/products/erp.html?dfa=1&gad=1; Acumatica Cloud ERP: https://www.acumatica.com/cloud-erp-software/,Complete,
Project Delivery,Delivery and Service Execution,Professional Services and Matter Management,"Miscellaneous professional, scientific, and technical services | Computer systems design and related services",2,"Execute a scoped engagement or project while controlling milestones, changes, utilization, and cash realization.","A project, matter, or contracted work package is ready for execution.","The deliverable or milestone is completed, status is updated, and commercial closeout can progress.",project manager; delivery team; customer or stakeholder; commercial or finance partner,What work should be prioritized to protect schedule and margin?; Which scope change requires repricing or approval?; When is the milestone complete enough to bill or accept?,sales or planning -> project manager; delivery team -> customer review or acceptance; accepted milestone -> billing and portfolio reporting,Professional Services Automation | CRM | HCM / Workforce Management | ERP | Service Management,"Leakage comes from scope creep, underutilization, write-offs, and late recognition of delivery risk.","Project teams spend time aligning resources, updating status manually, and reconciling effort with customer expectations.","Project health still depends on leadership judgment around sequencing, risk, and stakeholder management.","The real state of the project lives in meetings, comments, decks, and side trackers beyond the PSA or project tool.","Typical stacks combine Professional Services Automation, CRM, HCM / Workforce Management, ERP, and adjacent specialist systems; representative software in market today includes Deltek Polaris, Deltek, Workday, ServiceNow, Salesforce CRM, Microsoft Dynamics 365 Sales.","Project work is inherently exception-heavy and relationship-driven, which prevents full straight-through execution. It typically spans 1 operating-system context and 5 systems-of-record categories.",Organizational,Deltek Polaris; Deltek; Workday; ServiceNow; Salesforce CRM; Microsoft Dynamics 365 Sales; HubSpot CRM; VTS,Deltek Polaris: https://www.deltek.com/products/polaris/; Salesforce CRM: https://www.salesforce.com/crm/; Microsoft Dynamics 365 Sales: https://www.microsoft.com/en-us/dynamics-365/products/sales; HubSpot CRM: https://www.hubspot.com/products/crm?gh_jid=5988617; Deputy: https://www.deputy.com/; Legion: https://legion.co/en-gb/products/; SAP Cloud ERP: https://www.sap.com/products/erp.html?dfa=1&gad=1; Acumatica Cloud ERP: https://www.acumatica.com/cloud-erp-software/,Complete,
Project Scheduling and Resource Planning,Planning and Allocation,Project Delivery and Contracting,Construction,1,"Set the next operating baseline for capacity, demand, production, or resource use under uncertain conditions.",A planning horizon opens or enough signal changes that the current plan no longer fits reality.,A practical baseline plan is published with assumptions and accountable owners documented.,planner; operations leader; commercial or finance partner; downstream execution owner,"What demand and capacity assumptions should the organization trust right now?; Which tradeoff between service, cost, and utilization is acceptable?; When should the baseline be changed rather than managed through exceptions?","market or operating signals -> planning team; published plan -> procurement, labor, or execution teams; plan variance -> management review",Project and Construction Management | Scheduling and Planning | ERP,"Forecast error and poor allocation create excess cost, missed revenue, and avoidable firefighting.",Planning teams spend time rebuilding assumptions and chasing sign-off across functions.,Planners still decide which signals to trust and when the model output does not fit local reality.,"Scenario analysis and negotiation happen in spreadsheets, slides, and side conversations.","Typical stacks combine Project and Construction Management, Scheduling and Planning, ERP; representative software in market today includes Procore, Procore Financial Management, Autodesk Construction Cloud, Oracle Primavera, Anaplan, Blue Yonder.","The hard problem is not math alone; it is aligning noisy signals, local constraints, and organizational trust. It typically spans 1 operating-system context and 3 systems-of-record categories.",Technical,Procore; Procore Financial Management; Autodesk Construction Cloud; Oracle Primavera; Anaplan; Blue Yonder; SAP Cloud ERP; Acumatica Cloud ERP,Procore: https://www.procore.com/what-is-procore; Procore Financial Management: https://www.procore.com/financial-management; SAP Cloud ERP: https://www.sap.com/products/erp.html?dfa=1&gad=1; Acumatica Cloud ERP: https://www.acumatica.com/cloud-erp-software/,Complete,
Quality Inspection and Certification,"Risk, Compliance, and Reporting",Process Manufacturing and Throughput Control | Product Manufacturing and Lifecycle Operations,Fabricated metal products | Primary metals,2,"Prove that output, operations, or service meet required standards before release or continued execution.","A production step, service checkpoint, or formal control requirement calls for inspection or compliance review.","The item is passed, failed, quarantined, or escalated with evidence attached to the record.",quality or compliance owner; operator or frontline staff; manager; external customer or regulator,Does the item meet the release threshold?; What deviation is acceptable versus requiring stop-work or escalation?; What corrective action and evidence are necessary?,operations -> quality or compliance team; quality finding -> rework or management action; released item -> downstream fulfillment or reporting,Maintenance Management | Manufacturing Execution System | Shop Floor Control and Quality | Industrial Automation and SCADA | ERP,"Failures, recalls, rework, and excess inspection labor are the major leakage points.","Teams repeat data entry, collect evidence manually, and wait on disposition decisions.","Inspectors still interpret severity, traceability gaps, and acceptable release decisions.","Evidence often sits in attachments, lab systems, spreadsheets, and manual checklists outside the main record.","Typical stacks combine Maintenance Management, Manufacturing Execution System, Shop Floor Control and Quality, Industrial Automation and SCADA, and adjacent specialist systems; representative software in market today includes IFS Enterprise Asset Management, Yardi, ServiceTitan, Oracle Utilities, IFS, Siemens Opcenter.","Standards are formal, but real-world deviations and root-cause interpretation remain human-heavy. It typically spans 2 operating-system contexts and 5 systems-of-record categories.",Regulatory,IFS Enterprise Asset Management; Yardi; ServiceTitan; Oracle Utilities; IFS; Siemens Opcenter; Rockwell FactoryTalk MES; Plex,IFS Enterprise Asset Management: https://www.ifs.com/en/products/alm/eam; Siemens Opcenter: https://www.siemens.com/en-us/products/opcenter/; Rockwell FactoryTalk MES: https://www.rockwellautomation.com/en-us/products/software/factorytalk/operationsuite/mes.html; SAP Cloud ERP: https://www.sap.com/products/erp.html?dfa=1&gad=1; Acumatica Cloud ERP: https://www.acumatica.com/cloud-erp-software/,Complete,
Quality and Compliance Management,"Risk, Compliance, and Reporting",Product Manufacturing and Lifecycle Operations,Plastics and rubber products,1,"Prove that output, operations, or service meet required standards before release or continued execution.","A production step, service checkpoint, or formal control requirement calls for inspection or compliance review.","The item is passed, failed, quarantined, or escalated with evidence attached to the record.",quality or compliance owner; operator or frontline staff; manager; external customer or regulator,Does the item meet the release threshold?; What deviation is acceptable versus requiring stop-work or escalation?; What corrective action and evidence are necessary?,operations -> quality or compliance team; quality finding -> rework or management action; released item -> downstream fulfillment or reporting,Manufacturing Execution System | PLM and Engineering Design | Shop Floor Control and Quality | ERP,"Failures, recalls, rework, and excess inspection labor are the major leakage points.","Teams repeat data entry, collect evidence manually, and wait on disposition decisions.","Inspectors still interpret severity, traceability gaps, and acceptable release decisions.","Evidence often sits in attachments, lab systems, spreadsheets, and manual checklists outside the main record.","Typical stacks combine Manufacturing Execution System, PLM and Engineering Design, Shop Floor Control and Quality, ERP; representative software in market today includes Siemens Opcenter, Rockwell FactoryTalk MES, Plex, Epicor, Rockwell FactoryTalk, Siemens Teamcenter.","Standards are formal, but real-world deviations and root-cause interpretation remain human-heavy. It typically spans 1 operating-system context and 4 systems-of-record categories.",Regulatory,Siemens Opcenter; Rockwell FactoryTalk MES; Plex; Epicor; Rockwell FactoryTalk; Siemens Teamcenter; Dassault 3DEXPERIENCE; PTC Windchill,Siemens Opcenter: https://www.siemens.com/en-us/products/opcenter/; Rockwell FactoryTalk MES: https://www.rockwellautomation.com/en-us/products/software/factorytalk/operationsuite/mes.html; SAP Cloud ERP: https://www.sap.com/products/erp.html?dfa=1&gad=1; Acumatica Cloud ERP: https://www.acumatica.com/cloud-erp-software/,Complete,
Quality and Converting Management,Production and Asset Operations,Process Manufacturing and Throughput Control,Paper products,1,Run the physical process or line at the required throughput and quality with clear status and escalation control.,"A production run, asset cycle, or operating shift is ready to execute.","Output is produced, status is recorded, and any exception is handed to the right follow-up owner.",operations supervisor; machine or process operator; quality or maintenance staff; planner,What run order or operating mode best fits current conditions?; What issue should stop the line versus be worked around?; When is output acceptable enough to release or continue?,"plan -> line or field operators; execution -> quality or maintenance team; completed output -> logistics, inventory, or finance",Maintenance Management | Supply Chain Planning | Industrial Automation and SCADA | ERP,"Scrap, slow cycles, poor yields, and unplanned downtime are the main leakages.","Operators lose time to waiting, restarts, manual data capture, and coordination across shifts.","Supervisors balance throughput, quality, and risk when conditions diverge from the ideal run.","Operational nuance lives in shift notes, whiteboards, and tribal knowledge outside MES and ERP fields.","Typical stacks combine Maintenance Management, Supply Chain Planning, Industrial Automation and SCADA, ERP; representative software in market today includes IFS Enterprise Asset Management, Yardi, ServiceTitan, Oracle Utilities, IFS, Blue Yonder Integrated Business Planning.","Even with modern MES, the last mile of execution still depends on local conditions and human adaptation. It typically spans 1 operating-system context and 4 systems-of-record categories.",Legacy Architecture,IFS Enterprise Asset Management; Yardi; ServiceTitan; Oracle Utilities; IFS; Blue Yonder Integrated Business Planning; Kinaxis; o9 Solutions,IFS Enterprise Asset Management: https://www.ifs.com/en/products/alm/eam; Blue Yonder Integrated Business Planning: https://blueyonder.com/solutions/supply-chain-planning/integrated-business-planning; Kinaxis: https://www.kinaxis.com/en; o9 Solutions: https://o9solutions.com/; SAP Cloud ERP: https://www.sap.com/products/erp.html?dfa=1&gad=1; Acumatica Cloud ERP: https://www.acumatica.com/cloud-erp-software/,Complete,
Quality and Traceability Management,"Risk, Compliance, and Reporting",Product Manufacturing and Lifecycle Operations,Computer and electronic products,1,"Prove that output, operations, or service meet required standards before release or continued execution.","A production step, service checkpoint, or formal control requirement calls for inspection or compliance review.","The item is passed, failed, quarantined, or escalated with evidence attached to the record.",quality or compliance owner; operator or frontline staff; manager; external customer or regulator,Does the item meet the release threshold?; What deviation is acceptable versus requiring stop-work or escalation?; What corrective action and evidence are necessary?,operations -> quality or compliance team; quality finding -> rework or management action; released item -> downstream fulfillment or reporting,Manufacturing Execution System | Supply Chain Planning | PLM and Engineering Design | ERP,"Failures, recalls, rework, and excess inspection labor are the major leakage points.","Teams repeat data entry, collect evidence manually, and wait on disposition decisions.","Inspectors still interpret severity, traceability gaps, and acceptable release decisions.","Evidence often sits in attachments, lab systems, spreadsheets, and manual checklists outside the main record.","Typical stacks combine Manufacturing Execution System, Supply Chain Planning, PLM and Engineering Design, ERP; representative software in market today includes Siemens Opcenter, Rockwell FactoryTalk MES, Plex, Epicor, Rockwell FactoryTalk, Blue Yonder Integrated Business Planning.","Standards are formal, but real-world deviations and root-cause interpretation remain human-heavy. It typically spans 1 operating-system context and 4 systems-of-record categories.",Regulatory,Siemens Opcenter; Rockwell FactoryTalk MES; Plex; Epicor; Rockwell FactoryTalk; Blue Yonder Integrated Business Planning; Kinaxis; o9 Solutions,Siemens Opcenter: https://www.siemens.com/en-us/products/opcenter/; Rockwell FactoryTalk MES: https://www.rockwellautomation.com/en-us/products/software/factorytalk/operationsuite/mes.html; Blue Yonder Integrated Business Planning: https://blueyonder.com/solutions/supply-chain-planning/integrated-business-planning; Kinaxis: https://www.kinaxis.com/en; o9 Solutions: https://o9solutions.com/; SAP Cloud ERP: https://www.sap.com/products/erp.html?dfa=1&gad=1; Acumatica Cloud ERP: https://www.acumatica.com/cloud-erp-software/,Complete,
"Quality, Safety, and Environmental Management","Risk, Compliance, and Reporting",Process Manufacturing and Throughput Control,Chemical products,1,"Prove that output, operations, or service meet required standards before release or continued execution.","A production step, service checkpoint, or formal control requirement calls for inspection or compliance review.","The item is passed, failed, quarantined, or escalated with evidence attached to the record.",quality or compliance owner; operator or frontline staff; manager; external customer or regulator,Does the item meet the release threshold?; What deviation is acceptable versus requiring stop-work or escalation?; What corrective action and evidence are necessary?,operations -> quality or compliance team; quality finding -> rework or management action; released item -> downstream fulfillment or reporting,Maintenance Management | Manufacturing Execution System | Industrial Automation and SCADA | ERP,"Failures, recalls, rework, and excess inspection labor are the major leakage points.","Teams repeat data entry, collect evidence manually, and wait on disposition decisions.","Inspectors still interpret severity, traceability gaps, and acceptable release decisions.","Evidence often sits in attachments, lab systems, spreadsheets, and manual checklists outside the main record.","Typical stacks combine Maintenance Management, Manufacturing Execution System, Industrial Automation and SCADA, ERP; representative software in market today includes IFS Enterprise Asset Management, Yardi, ServiceTitan, Oracle Utilities, IFS, Siemens Opcenter.","Standards are formal, but real-world deviations and root-cause interpretation remain human-heavy. It typically spans 1 operating-system context and 4 systems-of-record categories.",Regulatory,IFS Enterprise Asset Management; Yardi; ServiceTitan; Oracle Utilities; IFS; Siemens Opcenter; Rockwell FactoryTalk MES; Plex,IFS Enterprise Asset Management: https://www.ifs.com/en/products/alm/eam; Siemens Opcenter: https://www.siemens.com/en-us/products/opcenter/; Rockwell FactoryTalk MES: https://www.rockwellautomation.com/en-us/products/software/factorytalk/operationsuite/mes.html; SAP Cloud ERP: https://www.sap.com/products/erp.html?dfa=1&gad=1; Acumatica Cloud ERP: https://www.acumatica.com/cloud-erp-software/,Complete,
Recruiting and Work Assignment,Workforce and Labor Operations,Workforce Coordination and Service Operations,Administrative and support services,1,"Assign the right person or team to work based on skill, availability, utilization, and current priority.","A new job, matter, project, or shift gap requires labor assignment or reallocation.",Work is assigned to accountable people with utilization and downstream operational implications visible.,staffing manager; team lead; worker; project or service owner,"Who is the best fit for this work now?; What tradeoff between utilization, continuity, and skill depth is acceptable?; When should the work be reassigned or escalated?","demand owner -> staffing function; assignment decision -> worker and manager; work outcome -> billing, payroll, or performance review",CRM | ERP | HCM / Workforce Management | Service Management,"Leakage comes from misstaffing, poor utilization, overqualified labor, and late reassignment.",Managers spend time matching people to work and rebalancing load when priorities shift.,"People assignment depends on context, trust, and tacit knowledge about who can truly handle the work.","Assignment rationale is often managed in calls, chats, and local trackers outside the HCM tool.","Typical stacks combine CRM, ERP, HCM / Workforce Management, Service Management; representative software in market today includes Salesforce CRM, Microsoft Dynamics 365 Sales, HubSpot CRM, VTS, Cox Automotive, SAP Cloud ERP.","Skills models help, but actual staffing decisions remain social and context-sensitive. It typically spans 1 operating-system context and 4 systems-of-record categories.",Behavioral,Salesforce CRM; Microsoft Dynamics 365 Sales; HubSpot CRM; VTS; Cox Automotive; SAP Cloud ERP; Acumatica Cloud ERP; Oracle,Salesforce CRM: https://www.salesforce.com/crm/; Microsoft Dynamics 365 Sales: https://www.microsoft.com/en-us/dynamics-365/products/sales; HubSpot CRM: https://www.hubspot.com/products/crm?gh_jid=5988617; SAP Cloud ERP: https://www.sap.com/products/erp.html?dfa=1&gad=1; Acumatica Cloud ERP: https://www.acumatica.com/cloud-erp-software/; Workday Workforce Management: https://forms.workday.com/en-us/quick-demos/managing-your-workforce-with-workday-demo/form.html?step=step1_default; Deputy: https://www.deputy.com/; Legion: https://legion.co/en-gb/products/,Complete,
Regulatory Labeling and Compliance,"Risk, Compliance, and Reporting",Process Manufacturing and Throughput Control,Food and beverage and tobacco products,1,"Prove that output, operations, or service meet required standards before release or continued execution.","A production step, service checkpoint, or formal control requirement calls for inspection or compliance review.","The item is passed, failed, quarantined, or escalated with evidence attached to the record.",quality or compliance owner; operator or frontline staff; manager; external customer or regulator,Does the item meet the release threshold?; What deviation is acceptable versus requiring stop-work or escalation?; What corrective action and evidence are necessary?,operations -> quality or compliance team; quality finding -> rework or management action; released item -> downstream fulfillment or reporting,Manufacturing Execution System | Supply Chain Planning | Industrial Automation and SCADA | ERP,"Failures, recalls, rework, and excess inspection labor are the major leakage points.","Teams repeat data entry, collect evidence manually, and wait on disposition decisions.","Inspectors still interpret severity, traceability gaps, and acceptable release decisions.","Evidence often sits in attachments, lab systems, spreadsheets, and manual checklists outside the main record.","Typical stacks combine Manufacturing Execution System, Supply Chain Planning, Industrial Automation and SCADA, ERP; representative software in market today includes Siemens Opcenter, Rockwell FactoryTalk MES, Plex, Epicor, Rockwell FactoryTalk, Blue Yonder Integrated Business Planning.","Standards are formal, but real-world deviations and root-cause interpretation remain human-heavy. It typically spans 1 operating-system context and 4 systems-of-record categories.",Regulatory,Siemens Opcenter; Rockwell FactoryTalk MES; Plex; Epicor; Rockwell FactoryTalk; Blue Yonder Integrated Business Planning; Kinaxis; o9 Solutions,Siemens Opcenter: https://www.siemens.com/en-us/products/opcenter/; Rockwell FactoryTalk MES: https://www.rockwellautomation.com/en-us/products/software/factorytalk/operationsuite/mes.html; Blue Yonder Integrated Business Planning: https://blueyonder.com/solutions/supply-chain-planning/integrated-business-planning; Kinaxis: https://www.kinaxis.com/en; o9 Solutions: https://o9solutions.com/; SAP Cloud ERP: https://www.sap.com/products/erp.html?dfa=1&gad=1; Acumatica Cloud ERP: https://www.acumatica.com/cloud-erp-software/,Complete,
Regulatory and Reinsurance Reporting,"Risk, Compliance, and Reporting",Risk Underwriting and Claims Administration,Insurance carriers and related activities,1,"Produce a compliant, decision-useful record of activity while ensuring the supporting evidence can stand up to review.","A formal period close, audit, regulatory filing, or quality checkpoint requires documented output.","The report or compliance record is submitted with evidence, exceptions, and ownership clearly documented.",reporting or compliance analyst; source operations owner; manager or approver; external reviewer,What source should be treated as authoritative for this report?; Which exception is material enough to disclose or remediate?; What evidence is sufficient to sign off the output?,"source teams -> reporting or compliance owner; prepared output -> reviewer, auditor, or regulator; findings -> remediation owner",Claims Management | Policy Administration | Underwriting and Rating | CRM,"Late or weak reporting creates fines, reserve exposure, rework, and management blind spots.","Teams manually stitch files, request attestations, and chase evidence for every cycle.","Control owners still decide what is material, what is remediated, and what can be tolerated temporarily.","Supporting evidence sits in attachments, spreadsheets, emails, and external filing systems.","Typical stacks combine Claims Management, Policy Administration, Underwriting and Rating, CRM; representative software in market today includes Guidewire ClaimCenter, Duck Creek Claims, Guidewire, Duck Creek, Majesco, Verisk.","The form of the report may be standardized, but the data lineage and exception handling still are not. It typically spans 1 operating-system context and 4 systems-of-record categories.",Regulatory,Guidewire ClaimCenter; Duck Creek Claims; Guidewire; Duck Creek; Majesco; Verisk; Guidewire PolicyCenter; Salesforce CRM,Guidewire ClaimCenter: https://www.guidewire.com/products/core-products/insurancesuite/claimcenter-claims-management-software; Duck Creek Claims: https://www.duckcreek.com/product/claims-management-software/; Guidewire PolicyCenter: https://www.guidewire.com/products/core-products/insurancesuite/policycenter-insurance-policy-administration; Salesforce CRM: https://www.salesforce.com/crm/; Microsoft Dynamics 365 Sales: https://www.microsoft.com/en-us/dynamics-365/products/sales; HubSpot CRM: https://www.hubspot.com/products/crm?gh_jid=5988617,Complete,
Reliability and Security Operations,"Risk, Compliance, and Reporting",Digital Platform and Subscription Operations,"Data processing, internet publishing, and other information services",1,"Produce a compliant, decision-useful record of activity while ensuring the supporting evidence can stand up to review.","A formal period close, audit, regulatory filing, or quality checkpoint requires documented output.","The report or compliance record is submitted with evidence, exceptions, and ownership clearly documented.",reporting or compliance analyst; source operations owner; manager or approver; external reviewer,What source should be treated as authoritative for this report?; Which exception is material enough to disclose or remediate?; What evidence is sufficient to sign off the output?,"source teams -> reporting or compliance owner; prepared output -> reviewer, auditor, or regulator; findings -> remediation owner",Billing and Subscription Management | Cloud Infrastructure and IT Operations | CRM | Service Management,"Late or weak reporting creates fines, reserve exposure, rework, and management blind spots.","Teams manually stitch files, request attestations, and chase evidence for every cycle.","Control owners still decide what is material, what is remediated, and what can be tolerated temporarily.","Supporting evidence sits in attachments, spreadsheets, emails, and external filing systems.","Typical stacks combine Billing and Subscription Management, Cloud Infrastructure and IT Operations, CRM, Service Management; representative software in market today includes Zuora, Amdocs, Oracle Communications, NetSuite, ServiceNow IT Operations Management, AWS.","The form of the report may be standardized, but the data lineage and exception handling still are not. It typically spans 1 operating-system context and 4 systems-of-record categories.",Regulatory,Zuora; Amdocs; Oracle Communications; NetSuite; ServiceNow IT Operations Management; AWS; Microsoft Azure; Google Cloud,Zuora: https://www.zuora.com/products/billing/; ServiceNow IT Operations Management: https://www.servicenow.com/docs/r/it-operations-management/r_ITOMApplications.html; Salesforce CRM: https://www.salesforce.com/crm/; Microsoft Dynamics 365 Sales: https://www.microsoft.com/en-us/dynamics-365/products/sales; HubSpot CRM: https://www.hubspot.com/products/crm?gh_jid=5988617,Complete,
Renewal and Account Expansion,Customer and Experience Operations,Professional Services and Matter Management,Computer systems design and related services,1,"Preserve profitable relationships by identifying risk early and executing the right renewal, retention, or remarketing action.","A contract, account, subscriber, or customer relationship shows renewal timing or churn risk.","The relationship is renewed, recovered, remarketed, or exited with a clear ownership path.",account owner; customer success or retention team; customer; commercial approver,"Is the relationship healthy enough to renew as is?; What price, package, or intervention is worth offering?; When should the account be saved, reshaped, or allowed to churn?","usage or performance signals -> account owner; retention motion -> pricing or finance review; renewed account -> delivery, support, or billing team",Professional Services Automation | CRM | HCM / Workforce Management | Service Management,"Late risk detection, weak expansion discipline, and reactive renewal handling erode retention economics.","Teams assemble context manually across service records, invoices, and relationship notes before every renewal conversation.","Renewal strategy depends on relationship strength, future potential, and nuanced commercial tradeoffs.","The decisive conversations happen in calls, emails, and side planning decks outside the system of record.","Typical stacks combine Professional Services Automation, CRM, HCM / Workforce Management, Service Management; representative software in market today includes Deltek Polaris, Deltek, Workday, ServiceNow, Salesforce CRM, Microsoft Dynamics 365 Sales.",Signals are fragmented and the most important retention decisions are strategic rather than purely operational. It typically spans 1 operating-system context and 4 systems-of-record categories.,Behavioral,Deltek Polaris; Deltek; Workday; ServiceNow; Salesforce CRM; Microsoft Dynamics 365 Sales; HubSpot CRM; VTS,Deltek Polaris: https://www.deltek.com/products/polaris/; Salesforce CRM: https://www.salesforce.com/crm/; Microsoft Dynamics 365 Sales: https://www.microsoft.com/en-us/dynamics-365/products/sales; HubSpot CRM: https://www.hubspot.com/products/crm?gh_jid=5988617; Deputy: https://www.deputy.com/; Legion: https://legion.co/en-gb/products/,Complete,
Reservation and Contract Management,"Access, Intake, and Contracting",Asset Utilization and Lease Management,Rental and leasing services and lessors of intangible assets,1,Convert finite capacity into confirmed bookings or admissions while preserving pricing discipline and customer experience.,"A guest, attendee, shipper, or customer requests access to a dated capacity slot.","Capacity is reserved, priced, and confirmed with downstream service or fulfillment teams informed.",reservation or ticketing agent; customer; revenue or capacity manager; operations team,"What inventory should be offered at what price and under what rules?; How should holds, cancellations, and over-capacity risk be managed?; What exception needs approval or manual intervention?","customer request -> booking or ticketing system; confirmed reservation -> venue, hotel, or operations staff; completed stay or event -> settlement or service follow-up",Maintenance Management | Rental Operations Management | ERP,"Leakage comes from spoilage, bad holds, channel mix mistakes, refunds, and poor yield control.","Teams burn time resolving inventory conflicts, special requests, and distribution-channel mismatches.","Operators still decide how to recover service, override inventory, and handle edge-case customers.","Special handling moves through calls, guest notes, and partner channels outside the clean reservation record.","Typical stacks combine Maintenance Management, Rental Operations Management, ERP; representative software in market today includes IFS Enterprise Asset Management, Yardi, ServiceTitan, Oracle Utilities, IFS, AssetWorks.","Inventory can be digitized, but exception-heavy capacity control and live service recovery still depend on people. It typically spans 1 operating-system context and 3 systems-of-record categories.",Technical,IFS Enterprise Asset Management; Yardi; ServiceTitan; Oracle Utilities; IFS; AssetWorks; LeaseQuery; Oracle,IFS Enterprise Asset Management: https://www.ifs.com/en/products/alm/eam; SAP Cloud ERP: https://www.sap.com/products/erp.html?dfa=1&gad=1; Acumatica Cloud ERP: https://www.acumatica.com/cloud-erp-software/,Complete,
Reservation and Distribution Management,"Access, Intake, and Contracting","Venue, Hospitality, and Attendance Operations",Accommodation,1,Convert finite capacity into confirmed bookings or admissions while preserving pricing discipline and customer experience.,"A guest, attendee, shipper, or customer requests access to a dated capacity slot.","Capacity is reserved, priced, and confirmed with downstream service or fulfillment teams informed.",reservation or ticketing agent; customer; revenue or capacity manager; operations team,"What inventory should be offered at what price and under what rules?; How should holds, cancellations, and over-capacity risk be managed?; What exception needs approval or manual intervention?","customer request -> booking or ticketing system; confirmed reservation -> venue, hotel, or operations staff; completed stay or event -> settlement or service follow-up",Property Management System | Reservation and Distribution System | Revenue Management Platform | ERP,"Leakage comes from spoilage, bad holds, channel mix mistakes, refunds, and poor yield control.","Teams burn time resolving inventory conflicts, special requests, and distribution-channel mismatches.","Operators still decide how to recover service, override inventory, and handle edge-case customers.","Special handling moves through calls, guest notes, and partner channels outside the clean reservation record.","Typical stacks combine Property Management System, Reservation and Distribution System, Revenue Management Platform, ERP; representative software in market today includes Yardi, RealPage, AppFolio, Entrata, Mews, Cloudbeds.","Inventory can be digitized, but exception-heavy capacity control and live service recovery still depend on people. It typically spans 1 operating-system context and 4 systems-of-record categories.",Technical,Yardi; RealPage; AppFolio; Entrata; Mews; Cloudbeds; Oracle OPERA; Amadeus,Yardi: https://www.yardi.com/solution/property-management-software/; Mews: https://www.mews.com/en/hospitality-management-software; Cloudbeds: https://www.cloudbeds.com/property-management-system/; SAP Cloud ERP: https://www.sap.com/products/erp.html?dfa=1&gad=1; Acumatica Cloud ERP: https://www.acumatica.com/cloud-erp-software/,Complete,
Returns and Markdown Management,Customer and Experience Operations,Retail and Service Commerce,General merchandise stores,1,"Use pricing, assortment, and promotional levers to protect margin while matching demand and channel realities.","A pricing, inventory age, channel, or campaign change requires a new commercial decision.",The updated commercial rule is published and downstream sales or replenishment teams can act on it.,merchandising or revenue manager; commercial analyst; operations or inventory partner; finance reviewer,"What price or promotional action best fits demand and margin goals?; Which inventory should be pushed, protected, or marked down?; When does local judgment override the standard rule?",demand and inventory signals -> commercial team; approved pricing action -> channel or store operators; executed campaign -> finance and performance review,Order Management System | Supply Chain Planning | Commerce Platform | Warehouse Management System | ERP,"Leakage comes from blunt discounts, poor markdown timing, and channel decisions that shift volume without improving contribution.","Analysts and operators waste time aligning price files, inventory context, and execution timing.","Merchants still interpret local demand, competitor behavior, and brand considerations.","The rationale for overrides often lives in spreadsheets, chats, and field communications.","Typical stacks combine Order Management System, Supply Chain Planning, Commerce Platform, Warehouse Management System, and adjacent specialist systems; representative software in market today includes Manhattan ActiveOrder, Manhattan Associates, Salesforce Commerce Cloud, Oracle Retail, Blue Yonder Integrated Business Planning, Kinaxis.","Optimization helps, but demand signals remain noisy and commercial teams still distrust fully automated rules. It typically spans 1 operating-system context and 5 systems-of-record categories.",Technical,Manhattan ActiveOrder; Manhattan Associates; Salesforce Commerce Cloud; Oracle Retail; Blue Yonder Integrated Business Planning; Kinaxis; o9 Solutions; Blue Yonder,Manhattan ActiveOrder: https://www.manh.com/solutions/omnichannel-software-solutions/order-management-system; Blue Yonder Integrated Business Planning: https://blueyonder.com/solutions/supply-chain-planning/integrated-business-planning; Kinaxis: https://www.kinaxis.com/en; o9 Solutions: https://o9solutions.com/; Acumatica Cloud ERP: https://www.acumatica.com/cloud-erp-software/,Complete,
Revenue Management,Planning and Allocation,"Transportation Network Operations | Venue, Hospitality, and Attendance Operations",Accommodation | Air transportation,2,Monetize fixed or perishable capacity by setting prices and controls that balance yield with occupancy or load.,"Capacity is approaching sale or use and pricing must respond to demand, mix, and remaining availability.","Price, restrictions, and allocation logic are updated and visible to selling channels or operators.",revenue manager; commercial analyst; sales or reservations team; operations manager,"What price and inventory controls maximize expected contribution?; How should channel, segment, or timing tradeoffs be handled?; When should manual overrides replace the model recommendation?",demand signals -> revenue management; pricing decision -> selling channels and frontline teams; realized performance -> finance and commercial review,Property Management System | Reservation and Distribution System | Revenue Management Platform | Airline Operations and Reservations | ERP,"Yield is lost through blunt pricing, poor segment control, and late response to demand shifts.",Teams spend time validating model output and coordinating overrides with selling channels.,"Managers still incorporate local knowledge, events, and customer behavior that are only partly visible in the data.",Override rationales and special-event plans often live in spreadsheets and meetings outside the pricing engine.,"Typical stacks combine Property Management System, Reservation and Distribution System, Revenue Management Platform, Airline Operations and Reservations, and adjacent specialist systems; representative software in market today includes Yardi, RealPage, AppFolio, Entrata, Mews, Cloudbeds.","Optimization is strong, but last-mile trust and local exception handling keep humans in the loop. It typically spans 2 operating-system contexts and 5 systems-of-record categories.",Technical,Yardi; RealPage; AppFolio; Entrata; Mews; Cloudbeds; Oracle OPERA; Amadeus,Yardi: https://www.yardi.com/solution/property-management-software/; Mews: https://www.mews.com/en/hospitality-management-software; Cloudbeds: https://www.cloudbeds.com/property-management-system/; SAP Cloud ERP: https://www.sap.com/products/erp.html?dfa=1&gad=1; Acumatica Cloud ERP: https://www.acumatica.com/cloud-erp-software/,Complete,
Revenue and Regulatory Reporting,Finance and Revenue Operations,Field Production and Resource Extraction,Oil and gas extraction,1,"Produce a compliant, decision-useful record of activity while ensuring the supporting evidence can stand up to review.","A formal period close, audit, regulatory filing, or quality checkpoint requires documented output.","The report or compliance record is submitted with evidence, exceptions, and ownership clearly documented.",reporting or compliance analyst; source operations owner; manager or approver; external reviewer,What source should be treated as authoritative for this report?; Which exception is material enough to disclose or remediate?; What evidence is sufficient to sign off the output?,"source teams -> reporting or compliance owner; prepared output -> reviewer, auditor, or regulator; findings -> remediation owner",Geoscience and Reservoir Management | Production Accounting and Regulatory | Upstream Energy Management | ERP,"Late or weak reporting creates fines, reserve exposure, rework, and management blind spots.","Teams manually stitch files, request attestations, and chase evidence for every cycle.","Control owners still decide what is material, what is remediated, and what can be tolerated temporarily.","Supporting evidence sits in attachments, spreadsheets, emails, and external filing systems.","Typical stacks combine Geoscience and Reservoir Management, Production Accounting and Regulatory, Upstream Energy Management, ERP; representative software in market today includes SLB Delfi, Halliburton Landmark, Quorum, Enverus, SAP, Acumatica Cloud ERP.","The form of the report may be standardized, but the data lineage and exception handling still are not. It typically spans 1 operating-system context and 4 systems-of-record categories.",Regulatory,SLB Delfi; Halliburton Landmark; Quorum; Enverus; SAP; Acumatica Cloud ERP; Oracle; NetSuite,Acumatica Cloud ERP: https://www.acumatica.com/cloud-erp-software/,Complete,
Rights and Contract Management,"Product, Content, and Engineering","IP, Subscription, and Rights Management",Motion picture and sound recording industries,1,"Protect the integrity of governed documents, rights, or knowledge while making the right version available to downstream users.","A document, rights position, or knowledge asset changes or is needed for downstream use.",The authoritative record is updated and downstream obligations or access rules are aligned.,document or rights owner; legal or policy reviewer; operations user; finance or commercial partner,"What version or rights state is authoritative?; Who can use the asset and under what conditions?; What exception requires legal, billing, or operational review?","content or matter owner -> legal or document governance; approved asset -> downstream production, sales, or delivery team; rights or document exception -> finance or compliance review",Production Management | Rights and Royalty Management | CRM | ERP,"Leakage appears through rights misinterpretation, stale documents, missed obligations, and manual rework.",Teams search for the right version and reconcile obligations across disconnected repositories.,"People still interpret contractual nuance, usage rights, and which document version is good enough to act on.","Key commentary and approval history sit in emails, redlines, and shared folders outside the formal index.","Typical stacks combine Production Management, Rights and Royalty Management, CRM, ERP; representative software in market today includes Movie Magic, Adobe Creative Cloud, Rightsline, Salesforce CRM, Microsoft Dynamics 365 Sales, HubSpot CRM.","The workflow combines unstructured content and structured obligations, which few systems model together well. It typically spans 1 operating-system context and 4 systems-of-record categories.",Legacy Architecture,Movie Magic; Adobe Creative Cloud; Rightsline; Salesforce CRM; Microsoft Dynamics 365 Sales; HubSpot CRM; VTS; Cox Automotive,Salesforce CRM: https://www.salesforce.com/crm/; Microsoft Dynamics 365 Sales: https://www.microsoft.com/en-us/dynamics-365/products/sales; HubSpot CRM: https://www.hubspot.com/products/crm?gh_jid=5988617; SAP Cloud ERP: https://www.sap.com/products/erp.html?dfa=1&gad=1; Acumatica Cloud ERP: https://www.acumatica.com/cloud-erp-software/,Complete,
Risk and Compliance Monitoring,"Risk, Compliance, and Reporting","Deposit, Credit, and Payment Intermediation","Federal Reserve banks, credit intermediation, and related activities",1,"Produce a compliant, decision-useful record of activity while ensuring the supporting evidence can stand up to review.","A formal period close, audit, regulatory filing, or quality checkpoint requires documented output.","The report or compliance record is submitted with evidence, exceptions, and ownership clearly documented.",reporting or compliance analyst; source operations owner; manager or approver; external reviewer,What source should be treated as authoritative for this report?; Which exception is material enough to disclose or remediate?; What evidence is sufficient to sign off the output?,"source teams -> reporting or compliance owner; prepared output -> reviewer, auditor, or regulator; findings -> remediation owner",Core Banking | Loan Origination and Servicing | Payments | Risk and Compliance | CRM,"Late or weak reporting creates fines, reserve exposure, rework, and management blind spots.","Teams manually stitch files, request attestations, and chase evidence for every cycle.","Control owners still decide what is material, what is remediated, and what can be tolerated temporarily.","Supporting evidence sits in attachments, spreadsheets, emails, and external filing systems.","Typical stacks combine Core Banking, Loan Origination and Servicing, Payments, Risk and Compliance, and adjacent specialist systems; representative software in market today includes Temenos, Finastra Phoenix, Fiserv, FIS, Jack Henry, nCino Commercial Lending.","The form of the report may be standardized, but the data lineage and exception handling still are not. It typically spans 1 operating-system context and 5 systems-of-record categories.",Regulatory,Temenos; Finastra Phoenix; Fiserv; FIS; Jack Henry; nCino Commercial Lending; nCino; Dealertrack,Temenos: https://www.temenos.com/; Finastra Phoenix: https://www.finastra.com/us-mid-market/solutions/phoenix-banking-core; nCino Commercial Lending: https://www.ncino.com/solutions/commercial-lending?nxtPslug=commercial-loan-origination-system; Salesforce CRM: https://www.salesforce.com/crm/; Microsoft Dynamics 365 Sales: https://www.microsoft.com/en-us/dynamics-365/products/sales; HubSpot CRM: https://www.hubspot.com/products/crm?gh_jid=5988617,Complete,
Risk and Compliance Surveillance,"Risk, Compliance, and Reporting",Capital Markets and Investment Management,"Securities, commodity contracts, and investments",1,"Produce a compliant, decision-useful record of activity while ensuring the supporting evidence can stand up to review.","A formal period close, audit, regulatory filing, or quality checkpoint requires documented output.","The report or compliance record is submitted with evidence, exceptions, and ownership clearly documented.",reporting or compliance analyst; source operations owner; manager or approver; external reviewer,What source should be treated as authoritative for this report?; Which exception is material enough to disclose or remediate?; What evidence is sufficient to sign off the output?,"source teams -> reporting or compliance owner; prepared output -> reviewer, auditor, or regulator; findings -> remediation owner",Investor Reporting and Performance | Portfolio and Order Management | Trading and Market Data | CRM,"Late or weak reporting creates fines, reserve exposure, rework, and management blind spots.","Teams manually stitch files, request attestations, and chase evidence for every cycle.","Control owners still decide what is material, what is remediated, and what can be tolerated temporarily.","Supporting evidence sits in attachments, spreadsheets, emails, and external filing systems.","Typical stacks combine Investor Reporting and Performance, Portfolio and Order Management, Trading and Market Data, CRM; representative software in market today includes Aladdin, SS&C Advent, Clearwater, State Street Alpha, Charles River, SimCorp.","The form of the report may be standardized, but the data lineage and exception handling still are not. It typically spans 1 operating-system context and 4 systems-of-record categories.",Regulatory,Aladdin; SS&C Advent; Clearwater; State Street Alpha; Charles River; SimCorp; Bloomberg; Salesforce CRM,Aladdin: https://www.blackrock.com/institutions/en-us/investment-capabilities/technolgy/aladdin-portfolio-management-software; Salesforce CRM: https://www.salesforce.com/crm/; Microsoft Dynamics 365 Sales: https://www.microsoft.com/en-us/dynamics-365/products/sales; HubSpot CRM: https://www.hubspot.com/products/crm?gh_jid=5988617,Complete,
Royalty and Participation Accounting,Finance and Revenue Operations,"IP, Subscription, and Rights Management",Motion picture and sound recording industries,1,"Protect the integrity of governed documents, rights, or knowledge while making the right version available to downstream users.","A document, rights position, or knowledge asset changes or is needed for downstream use.",The authoritative record is updated and downstream obligations or access rules are aligned.,document or rights owner; legal or policy reviewer; operations user; finance or commercial partner,"What version or rights state is authoritative?; Who can use the asset and under what conditions?; What exception requires legal, billing, or operational review?","content or matter owner -> legal or document governance; approved asset -> downstream production, sales, or delivery team; rights or document exception -> finance or compliance review",Production Management | Rights and Royalty Management | CRM | ERP,"Leakage appears through rights misinterpretation, stale documents, missed obligations, and manual rework.",Teams search for the right version and reconcile obligations across disconnected repositories.,"People still interpret contractual nuance, usage rights, and which document version is good enough to act on.","Key commentary and approval history sit in emails, redlines, and shared folders outside the formal index.","Typical stacks combine Production Management, Rights and Royalty Management, CRM, ERP; representative software in market today includes Movie Magic, Adobe Creative Cloud, Rightsline, Salesforce CRM, Microsoft Dynamics 365 Sales, HubSpot CRM.","The workflow combines unstructured content and structured obligations, which few systems model together well. It typically spans 1 operating-system context and 4 systems-of-record categories.",Legacy Architecture,Movie Magic; Adobe Creative Cloud; Rightsline; Salesforce CRM; Microsoft Dynamics 365 Sales; HubSpot CRM; VTS; Cox Automotive,Salesforce CRM: https://www.salesforce.com/crm/; Microsoft Dynamics 365 Sales: https://www.microsoft.com/en-us/dynamics-365/products/sales; HubSpot CRM: https://www.hubspot.com/products/crm?gh_jid=5988617; SAP Cloud ERP: https://www.sap.com/products/erp.html?dfa=1&gad=1; Acumatica Cloud ERP: https://www.acumatica.com/cloud-erp-software/,Complete,
Safety and Compliance Management,"Risk, Compliance, and Reporting","Venue, Hospitality, and Attendance Operations","Amusements, gambling, and recreation industries",1,"Prove that output, operations, or service meet required standards before release or continued execution.","A production step, service checkpoint, or formal control requirement calls for inspection or compliance review.","The item is passed, failed, quarantined, or escalated with evidence attached to the record.",quality or compliance owner; operator or frontline staff; manager; external customer or regulator,Does the item meet the release threshold?; What deviation is acceptable versus requiring stop-work or escalation?; What corrective action and evidence are necessary?,operations -> quality or compliance team; quality finding -> rework or management action; released item -> downstream fulfillment or reporting,POS and Payments | Ticketing and Venue Management | Revenue Management Platform | CRM,"Failures, recalls, rework, and excess inspection labor are the major leakage points.","Teams repeat data entry, collect evidence manually, and wait on disposition decisions.","Inspectors still interpret severity, traceability gaps, and acceptable release decisions.","Evidence often sits in attachments, lab systems, spreadsheets, and manual checklists outside the main record.","Typical stacks combine POS and Payments, Ticketing and Venue Management, Revenue Management Platform, CRM; representative software in market today includes Toast POS, Square, Oracle MICROS, NCR Voyix, Tessitura, Ticketmaster/Live Nation.","Standards are formal, but real-world deviations and root-cause interpretation remain human-heavy. It typically spans 1 operating-system context and 4 systems-of-record categories.",Regulatory,Toast POS; Square; Oracle MICROS; NCR Voyix; Tessitura; Ticketmaster/Live Nation; AudienceView; Accesso,Toast POS: https://pos.toasttab.com/products/point-of-sale; Tessitura: https://www.tessitura.com/en/Features/Ticketing-Admissions; Salesforce CRM: https://www.salesforce.com/crm/; Microsoft Dynamics 365 Sales: https://www.microsoft.com/en-us/dynamics-365/products/sales; HubSpot CRM: https://www.hubspot.com/products/crm?gh_jid=5988617,Complete,
Scheduling and Staffing,Workforce and Labor Operations,Education Delivery and Administration,Educational services,1,"Assign the right person or team to work based on skill, availability, utilization, and current priority.","A new job, matter, project, or shift gap requires labor assignment or reallocation.",Work is assigned to accountable people with utilization and downstream operational implications visible.,staffing manager; team lead; worker; project or service owner,"Who is the best fit for this work now?; What tradeoff between utilization, continuity, and skill depth is acceptable?; When should the work be reassigned or escalated?","demand owner -> staffing function; assignment decision -> worker and manager; work outcome -> billing, payroll, or performance review",Learning Management System | Student Information System | ERP | HCM / Workforce Management,"Leakage comes from misstaffing, poor utilization, overqualified labor, and late reassignment.",Managers spend time matching people to work and rebalancing load when priorities shift.,"People assignment depends on context, trust, and tacit knowledge about who can truly handle the work.","Assignment rationale is often managed in calls, chats, and local trackers outside the HCM tool.","Typical stacks combine Learning Management System, Student Information System, ERP, HCM / Workforce Management; representative software in market today includes Canvas LMS, D2L Brightspace, Blackboard, Ellucian Student, PowerSchool, Workday Student.","Skills models help, but actual staffing decisions remain social and context-sensitive. It typically spans 1 operating-system context and 4 systems-of-record categories.",Behavioral,Canvas LMS; D2L Brightspace; Blackboard; Ellucian Student; PowerSchool; Workday Student; SAP Cloud ERP; Acumatica Cloud ERP,Canvas LMS: https://www.instructure.com/canvas; D2L Brightspace: https://www.d2l.com/brightspace/; Ellucian Student: https://www.ellucian.com/student; SAP Cloud ERP: https://www.sap.com/products/erp.html?dfa=1&gad=1; Acumatica Cloud ERP: https://www.acumatica.com/cloud-erp-software/; Deputy: https://www.deputy.com/; Legion: https://legion.co/en-gb/products/,Complete,
Service Delivery and Referral Coordination,Clinical and Case Operations,Case Management and Program Administration,Social assistance,1,Advance the active care or case plan safely while documenting enough context for the next accountable action.,"An open care episode or case requires intervention, documentation, or referral follow-through.","The next action, service step, or referral status is updated and visible to the right owner.",clinician or case worker; patient or beneficiary; care coordinator; referral or specialist partner,What intervention or next step is most appropriate now?; Does the current record support safe continuation or escalation?; What coordination gap puts outcome or reimbursement at risk?,"primary record owner -> specialist or downstream service provider; active service -> billing, claims, or reporting team; ongoing case -> supervisor or escalation path",Case Management System | Grant and Program Reporting | Referral Management | CRM,"Leakage appears as duplicated work, missed follow-up, avoidable utilization, and incomplete billable documentation.","Teams repeatedly reconcile status and chase missing clinical, referral, or plan information.","Care appropriateness, urgency, and readiness still depend on expert interpretation.","Critical case context moves through phone calls, referrals, messages, and external portals.","Typical stacks combine Case Management System, Grant and Program Reporting, Referral Management, CRM; representative software in market today includes Netsmart, WellSky, Eccovia, Apricot, Salesforce, Microsoft Dynamics 365 Sales.",Even strong systems of record do not remove the need for contextual coordination across people and organizations. It typically spans 1 operating-system context and 4 systems-of-record categories.,Regulatory,Netsmart; WellSky; Eccovia; Apricot; Salesforce; Microsoft Dynamics 365 Sales; HubSpot CRM; VTS,Microsoft Dynamics 365 Sales: https://www.microsoft.com/en-us/dynamics-365/products/sales; HubSpot CRM: https://www.hubspot.com/products/crm?gh_jid=5988617,Complete,
Service Execution,Delivery and Service Execution,Retail and Service Commerce,Food services and drinking places,1,Route and fulfill demand from the right inventory or capacity source with accurate status and exception control.,"An order is confirmed and needs allocation, release, shipment, or return handling.",The order is fulfilled or closed with any exception documented for downstream billing or service teams.,order management team; warehouse or operations staff; customer or channel partner; transport or service partner,"Which inventory, facility, or path should fulfill the order?; What exception requires split shipment, reroute, substitution, or hold?; When is the order complete enough to invoice or close?","order capture -> allocation or warehouse team; warehouse or operations -> transportation or customer; completed order -> billing, returns, or support team",POS and Payments | Restaurant Back Office and Inventory | HCM / Workforce Management,"Leakage shows up in split orders, mispicks, returns, expedites, and fulfillment promises that outrun actual capacity.","Teams chase inventory truth, release status, and downstream transport updates across systems.","Operators still decide how to recover shortages, prioritize customers, and manage substitutions.","Exception handling often happens through email, calls, and local trackers outside the formal order flow.","Typical stacks combine POS and Payments, Restaurant Back Office and Inventory, HCM / Workforce Management; representative software in market today includes Toast POS, Square, Oracle MICROS, NCR Voyix, PAR Technology, Workday Workforce Management.","Order orchestration spans inventory, warehouse, transport, and customer systems with different clocks and constraints. It typically spans 1 operating-system context and 3 systems-of-record categories.",Legacy Architecture,Toast POS; Square; Oracle MICROS; NCR Voyix; PAR Technology; Workday Workforce Management; Deputy; Legion,Toast POS: https://pos.toasttab.com/products/point-of-sale; Workday Workforce Management: https://forms.workday.com/en-us/quick-demos/managing-your-workforce-with-workday-demo/form.html?step=step1_default; Deputy: https://www.deputy.com/; Legion: https://legion.co/en-gb/products/,Complete,
Service Provisioning and Activation,Network and Transportation Operations,Network Infrastructure Operations,Broadcasting and telecommunications,1,"Translate a sold network or platform service into an activated, billable, and supportable live service state.",A service order or change request is approved and ready for technical fulfillment.,"The service is provisioned, activated, and synchronized across support and billing records.",provisioning team; engineering or platform operations; customer-facing account owner; billing or assurance staff,What design or activation path best fits the order and current capacity?; What dependency or exception blocks go-live?; When is the service stable enough to bill and hand to support?,commercial order -> technical provisioning; provisioned service -> assurance or support team; activated service -> billing and customer success,Billing and Subscription Management | Network OSS/BSS | CRM,Delayed activations and bad service-order hygiene push revenue start dates and increase fallout.,Provisioning teams reconcile commercial orders with technical reality and chase cross-system updates.,Engineers and provisioning staff still judge edge-case feasibility and recovery steps.,"Actual root-cause context often lives in tickets, chat threads, and engineering notes outside the order record.","Typical stacks combine Billing and Subscription Management, Network OSS/BSS, CRM; representative software in market today includes Zuora, Amdocs, Oracle Communications, NetSuite, Netcracker, Ericsson.","Commercial, technical, and billing systems still do not share one reliable activation truth in many stacks. It typically spans 1 operating-system context and 3 systems-of-record categories.",Legacy Architecture,Zuora; Amdocs; Oracle Communications; NetSuite; Netcracker; Ericsson; Salesforce CRM; Microsoft Dynamics 365 Sales,Zuora: https://www.zuora.com/products/billing/; Salesforce CRM: https://www.salesforce.com/crm/; Microsoft Dynamics 365 Sales: https://www.microsoft.com/en-us/dynamics-365/products/sales; HubSpot CRM: https://www.hubspot.com/products/crm?gh_jid=5988617,Complete,
Service Scheduling and Parts Management,Customer and Experience Operations,Retail and Service Commerce,Motor vehicle and parts dealers,1,"Match a customer need to the right appointment, technician, or part-supported service slot.",A customer requests service or a follow-up intervention must be scheduled.,The appointment or work slot is booked with the right resources and dependencies prepared.,scheduler; customer; field or service team; parts or operations support,"What slot, technician, or resource best fits the request?; Which dependency such as parts or authorization must be secured first?; What issue should be escalated because the standard schedule will fail?","customer request -> scheduler; scheduled job -> field or service team; completed service -> billing, support, or account owner",Loan Origination and Servicing | Maintenance Management | Dealership Management System | CRM,"Leakage appears through low first-time fix, no-shows, deadhead travel, and rescheduling churn.","Schedulers spend time on calendar juggling, parts checks, and customer callbacks.","Experienced schedulers still know which combinations of customer, asset, and worker will actually succeed.","Real-world exceptions are coordinated through calls, texts, and side notes outside the scheduler.","Typical stacks combine Loan Origination and Servicing, Maintenance Management, Dealership Management System, CRM; representative software in market today includes nCino Commercial Lending, nCino, Temenos, Dealertrack, IFS Enterprise Asset Management, Yardi.",The slotting problem is only half the challenge; the other half is local exception management with incomplete visibility. It typically spans 1 operating-system context and 4 systems-of-record categories.,Technical,nCino Commercial Lending; nCino; Temenos; Dealertrack; IFS Enterprise Asset Management; Yardi; ServiceTitan; Oracle Utilities,nCino Commercial Lending: https://www.ncino.com/solutions/commercial-lending?nxtPslug=commercial-loan-origination-system; IFS Enterprise Asset Management: https://www.ifs.com/en/products/alm/eam; Salesforce CRM: https://www.salesforce.com/crm/; Microsoft Dynamics 365 Sales: https://www.microsoft.com/en-us/dynamics-365/products/sales; HubSpot CRM: https://www.hubspot.com/products/crm?gh_jid=5988617,Complete,
Service-Level Monitoring,Governance and Portfolio Operations,Workforce Coordination and Service Operations,Administrative and support services,1,Allocate capital or shared resources and monitor performance with enough fidelity to drive corrective action.,"A planning cycle, performance review, or governance checkpoint requires an updated view of resource deployment.",Leaders have a current performance view and documented actions for the next operating cycle.,finance or strategy team; business leader; shared-service owner; executive sponsor,Where should capital or scarce support capacity move next?; What underperformance deserves intervention now?; Which metric should guide the next management action?,business-unit data -> central finance or strategy team; management review -> operating owners; approved action -> execution teams and finance tracking,CRM | ERP | HCM / Workforce Management | Service Management,Capital and support resources drift into low-return uses when performance signals are late or noisy.,Review cycles are slowed by manual aggregation and commentary collection.,"Leadership still decides tradeoffs among long-term return, local politics, and near-term operational reality.",Most decisive discussion happens in decks and meetings rather than the planning system itself.,"Typical stacks combine CRM, ERP, HCM / Workforce Management, Service Management; representative software in market today includes Salesforce CRM, Microsoft Dynamics 365 Sales, HubSpot CRM, VTS, Cox Automotive, SAP Cloud ERP.",Shared-service and capital decisions remain cross-functional and politically negotiated rather than purely model-driven. It typically spans 1 operating-system context and 4 systems-of-record categories.,Organizational,Salesforce CRM; Microsoft Dynamics 365 Sales; HubSpot CRM; VTS; Cox Automotive; SAP Cloud ERP; Acumatica Cloud ERP; Oracle,Salesforce CRM: https://www.salesforce.com/crm/; Microsoft Dynamics 365 Sales: https://www.microsoft.com/en-us/dynamics-365/products/sales; HubSpot CRM: https://www.hubspot.com/products/crm?gh_jid=5988617; SAP Cloud ERP: https://www.sap.com/products/erp.html?dfa=1&gad=1; Acumatica Cloud ERP: https://www.acumatica.com/cloud-erp-software/; Workday Workforce Management: https://forms.workday.com/en-us/quick-demos/managing-your-workforce-with-workday-demo/form.html?step=step1_default; Deputy: https://www.deputy.com/; Legion: https://legion.co/en-gb/products/,Complete,
Shared Service Operations,Governance and Portfolio Operations,Enterprise Governance and Shared Services,Management of companies and enterprises,1,Allocate capital or shared resources and monitor performance with enough fidelity to drive corrective action.,"A planning cycle, performance review, or governance checkpoint requires an updated view of resource deployment.",Leaders have a current performance view and documented actions for the next operating cycle.,finance or strategy team; business leader; shared-service owner; executive sponsor,Where should capital or scarce support capacity move next?; What underperformance deserves intervention now?; Which metric should guide the next management action?,business-unit data -> central finance or strategy team; management review -> operating owners; approved action -> execution teams and finance tracking,EPM and Financial Consolidation | ERP | HCM / Workforce Management | Service Management,Capital and support resources drift into low-return uses when performance signals are late or noisy.,Review cycles are slowed by manual aggregation and commentary collection.,"Leadership still decides tradeoffs among long-term return, local politics, and near-term operational reality.",Most decisive discussion happens in decks and meetings rather than the planning system itself.,"Typical stacks combine EPM and Financial Consolidation, ERP, HCM / Workforce Management, Service Management; representative software in market today includes Oracle EPM, Anaplan, Workday, SAP, Acumatica Cloud ERP, Oracle.",Shared-service and capital decisions remain cross-functional and politically negotiated rather than purely model-driven. It typically spans 1 operating-system context and 4 systems-of-record categories.,Organizational,Oracle EPM; Anaplan; Workday; SAP; Acumatica Cloud ERP; Oracle; NetSuite; Infor,Acumatica Cloud ERP: https://www.acumatica.com/cloud-erp-software/; Deputy: https://www.deputy.com/; Legion: https://legion.co/en-gb/products/,Complete,
Shipping and Invoice Reconciliation,Finance and Revenue Operations,Product Manufacturing and Lifecycle Operations,Fabricated metal products,1,"Close the loop between source activity, cash movement, and the official financial record with defensible reconciliation.","Transactions from multiple sources must be balanced, settled, or closed for a period or event.","Balances are reconciled, exceptions are documented, and the official close or settlement state is updated.",accounting or settlement analyst; operations source owner; treasury or payments partner; manager or reviewer,What is the authoritative source when records disagree?; Which exception can be auto-cleared versus requiring investigation?; What threshold is material enough to escalate before close?,"source system -> reconciliation or settlement team; unmatched item -> operations, treasury, or counterparty; resolved balance -> reporting and management review",Manufacturing Execution System | Shop Floor Control and Quality | ERP,"Unmatched items, late close, duplicate settlements, and poor exception control create hidden leakage and working-capital drag.","Analysts spend time matching records manually, collecting support, and rebuilding audit trails.","Materiality, root cause, and acceptable resolution still depend on experienced finance staff.","Exception triage almost always moves into spreadsheets, email, and bank or partner portals.","Typical stacks combine Manufacturing Execution System, Shop Floor Control and Quality, ERP; representative software in market today includes Siemens Opcenter, Rockwell FactoryTalk MES, Plex, Epicor, Rockwell FactoryTalk, JobBOSS.",Reconciliation spans asynchronous systems and low-standardization edge cases that resist full automation. It typically spans 1 operating-system context and 3 systems-of-record categories.,Legacy Architecture,Siemens Opcenter; Rockwell FactoryTalk MES; Plex; Epicor; Rockwell FactoryTalk; JobBOSS; Infor; SAP Cloud ERP,Siemens Opcenter: https://www.siemens.com/en-us/products/opcenter/; Rockwell FactoryTalk MES: https://www.rockwellautomation.com/en-us/products/software/factorytalk/operationsuite/mes.html; SAP Cloud ERP: https://www.sap.com/products/erp.html?dfa=1&gad=1; Acumatica Cloud ERP: https://www.acumatica.com/cloud-erp-software/,Complete,
Shop Floor Execution and Quality Management,Production and Asset Operations,Product Manufacturing and Lifecycle Operations,"Motor vehicles, bodies and trailers, and parts | Fabricated metal products | Computer and electronic products",3,Run the physical process or line at the required throughput and quality with clear status and escalation control.,"A production run, asset cycle, or operating shift is ready to execute.","Output is produced, status is recorded, and any exception is handed to the right follow-up owner.",operations supervisor; machine or process operator; quality or maintenance staff; planner,What run order or operating mode best fits current conditions?; What issue should stop the line versus be worked around?; When is output acceptable enough to release or continue?,"plan -> line or field operators; execution -> quality or maintenance team; completed output -> logistics, inventory, or finance",Manufacturing Execution System | Supply Chain Planning | PLM and Engineering Design | Shop Floor Control and Quality | ERP,"Scrap, slow cycles, poor yields, and unplanned downtime are the main leakages.","Operators lose time to waiting, restarts, manual data capture, and coordination across shifts.","Supervisors balance throughput, quality, and risk when conditions diverge from the ideal run.","Operational nuance lives in shift notes, whiteboards, and tribal knowledge outside MES and ERP fields.","Typical stacks combine Manufacturing Execution System, Supply Chain Planning, PLM and Engineering Design, Shop Floor Control and Quality, and adjacent specialist systems; representative software in market today includes Siemens Opcenter, Rockwell FactoryTalk MES, Plex, Epicor, Rockwell FactoryTalk, Blue Yonder Integrated Business Planning.","Even with modern MES, the last mile of execution still depends on local conditions and human adaptation. It typically spans 1 operating-system context and 5 systems-of-record categories.",Legacy Architecture,Siemens Opcenter; Rockwell FactoryTalk MES; Plex; Epicor; Rockwell FactoryTalk; Blue Yonder Integrated Business Planning; Kinaxis; o9 Solutions,Siemens Opcenter: https://www.siemens.com/en-us/products/opcenter/; Rockwell FactoryTalk MES: https://www.rockwellautomation.com/en-us/products/software/factorytalk/operationsuite/mes.html; Blue Yonder Integrated Business Planning: https://blueyonder.com/solutions/supply-chain-planning/integrated-business-planning; Kinaxis: https://www.kinaxis.com/en; o9 Solutions: https://o9solutions.com/; SAP Cloud ERP: https://www.sap.com/products/erp.html?dfa=1&gad=1; Acumatica Cloud ERP: https://www.acumatica.com/cloud-erp-software/,Complete,
Sponsorship and Donor Management,"Access, Intake, and Contracting","Venue, Hospitality, and Attendance Operations","Performing arts, spectator sports, museums, and related activities",1,"Convert sponsors, donors, or patrons into committed revenue and managed relationships around an event or institution.","A sponsorship, patronage, or donor opportunity is created or renewed.","The commitment is secured, benefits are tracked, and fulfillment or stewardship actions are handed off.",development or partnerships team; donor or sponsor; finance staff; event or program owner,"Which relationship deserves active cultivation now?; What package, recognition, or benefit structure should be offered?; What follow-up is required to protect renewal likelihood?",relationship owner -> finance or contracting; secured commitment -> program or event operations; post-event outcome -> stewardship and renewal owner,Ticketing and Venue Management | Event and Donor Management | CRM,"Revenue is lost through weak follow-up, inconsistent fulfillment, and poor visibility into renewal risk.","Teams manually coordinate donor history, package details, and fulfillment status across systems and documents.","Relationship strength, timing, and ask strategy are still judged person to person.","Stewardship context lives in notes, conversations, and one-off trackers rather than a complete shared record.","Typical stacks combine Ticketing and Venue Management, Event and Donor Management, CRM; representative software in market today includes Tessitura, Ticketmaster/Live Nation, AudienceView, Accesso, Salesforce, Eventbrite.",The workflow depends heavily on relationship nuance and bespoke package management rather than purely transactional logic. It typically spans 1 operating-system context and 3 systems-of-record categories.,Behavioral,Tessitura; Ticketmaster/Live Nation; AudienceView; Accesso; Salesforce; Eventbrite; Microsoft Dynamics 365 Sales; HubSpot CRM,Tessitura: https://www.tessitura.com/en/Features/Ticketing-Admissions; Microsoft Dynamics 365 Sales: https://www.microsoft.com/en-us/dynamics-365/products/sales; HubSpot CRM: https://www.hubspot.com/products/crm?gh_jid=5988617,Complete,
Staffing and Capacity Planning,Workforce and Labor Operations,Professional Services and Matter Management,"Miscellaneous professional, scientific, and technical services | Computer systems design and related services",2,"Assign the right person or team to work based on skill, availability, utilization, and current priority.","A new job, matter, project, or shift gap requires labor assignment or reallocation.",Work is assigned to accountable people with utilization and downstream operational implications visible.,staffing manager; team lead; worker; project or service owner,"Who is the best fit for this work now?; What tradeoff between utilization, continuity, and skill depth is acceptable?; When should the work be reassigned or escalated?","demand owner -> staffing function; assignment decision -> worker and manager; work outcome -> billing, payroll, or performance review",Professional Services Automation | CRM | HCM / Workforce Management | ERP | Service Management,"Leakage comes from misstaffing, poor utilization, overqualified labor, and late reassignment.",Managers spend time matching people to work and rebalancing load when priorities shift.,"People assignment depends on context, trust, and tacit knowledge about who can truly handle the work.","Assignment rationale is often managed in calls, chats, and local trackers outside the HCM tool.","Typical stacks combine Professional Services Automation, CRM, HCM / Workforce Management, ERP, and adjacent specialist systems; representative software in market today includes Deltek Polaris, Deltek, Workday, ServiceNow, Salesforce CRM, Microsoft Dynamics 365 Sales.","Skills models help, but actual staffing decisions remain social and context-sensitive. It typically spans 1 operating-system context and 5 systems-of-record categories.",Behavioral,Deltek Polaris; Deltek; Workday; ServiceNow; Salesforce CRM; Microsoft Dynamics 365 Sales; HubSpot CRM; VTS,Deltek Polaris: https://www.deltek.com/products/polaris/; Salesforce CRM: https://www.salesforce.com/crm/; Microsoft Dynamics 365 Sales: https://www.microsoft.com/en-us/dynamics-365/products/sales; HubSpot CRM: https://www.hubspot.com/products/crm?gh_jid=5988617; Deputy: https://www.deputy.com/; Legion: https://legion.co/en-gb/products/; SAP Cloud ERP: https://www.sap.com/products/erp.html?dfa=1&gad=1; Acumatica Cloud ERP: https://www.acumatica.com/cloud-erp-software/,Complete,
Staffing and Task Management,Workforce and Labor Operations,Professional Services and Matter Management,Legal services,1,"Assign the right person or team to work based on skill, availability, utilization, and current priority.","A new job, matter, project, or shift gap requires labor assignment or reallocation.",Work is assigned to accountable people with utilization and downstream operational implications visible.,staffing manager; team lead; worker; project or service owner,"Who is the best fit for this work now?; What tradeoff between utilization, continuity, and skill depth is acceptable?; When should the work be reassigned or escalated?","demand owner -> staffing function; assignment decision -> worker and manager; work outcome -> billing, payroll, or performance review",Document Management | Practice Management and Billing | CRM,"Leakage comes from misstaffing, poor utilization, overqualified labor, and late reassignment.",Managers spend time matching people to work and rebalancing load when priorities shift.,"People assignment depends on context, trust, and tacit knowledge about who can truly handle the work.","Assignment rationale is often managed in calls, chats, and local trackers outside the HCM tool.","Typical stacks combine Document Management, Practice Management and Billing, CRM; representative software in market today includes iManage, NetDocuments, Litera, Thomson Reuters Elite, Clio, Salesforce CRM.","Skills models help, but actual staffing decisions remain social and context-sensitive. It typically spans 1 operating-system context and 3 systems-of-record categories.",Behavioral,iManage; NetDocuments; Litera; Thomson Reuters Elite; Clio; Salesforce CRM; Microsoft Dynamics 365 Sales; HubSpot CRM,Salesforce CRM: https://www.salesforce.com/crm/; Microsoft Dynamics 365 Sales: https://www.microsoft.com/en-us/dynamics-365/products/sales; HubSpot CRM: https://www.hubspot.com/products/crm?gh_jid=5988617,Complete,
Store Labor Execution,Workforce and Labor Operations,Retail and Service Commerce,General merchandise stores,1,"Publish and maintain a near-term labor schedule that covers demand, skills, and compliance constraints.","A shift pattern, service forecast, or operational change requires schedule creation or adjustment.","Workers know where to be, managers know coverage, and actual changes can flow into payroll and performance systems.",scheduler; frontline manager; worker; HR or payroll partner,"Who should work which shift or route?; How should shortages, absences, or overtime risk be handled?; When is a local override justified despite the planning rule?","forecast -> scheduler; published schedule -> workers and managers; actual changes -> payroll, billing, or service review",Order Management System | Supply Chain Planning | Commerce Platform | Warehouse Management System | ERP,"Overtime, uncovered demand, idle time, and payroll corrections are the core leaks.","Schedulers constantly rework the plan around callouts, fairness concerns, and compliance rules.",Managers know who can actually handle the work and what informal tradeoffs will hold the operation together.,"The live schedule lives in texts, calls, and local shift notes once the day starts moving.","Typical stacks combine Order Management System, Supply Chain Planning, Commerce Platform, Warehouse Management System, and adjacent specialist systems; representative software in market today includes Manhattan ActiveOrder, Manhattan Associates, Salesforce Commerce Cloud, Oracle Retail, Blue Yonder Integrated Business Planning, Kinaxis.",Workforce systems solve the baseline but not the velocity of same-day human exceptions. It typically spans 1 operating-system context and 5 systems-of-record categories.,Behavioral,Manhattan ActiveOrder; Manhattan Associates; Salesforce Commerce Cloud; Oracle Retail; Blue Yonder Integrated Business Planning; Kinaxis; o9 Solutions; Blue Yonder,Manhattan ActiveOrder: https://www.manh.com/solutions/omnichannel-software-solutions/order-management-system; Blue Yonder Integrated Business Planning: https://blueyonder.com/solutions/supply-chain-planning/integrated-business-planning; Kinaxis: https://www.kinaxis.com/en; o9 Solutions: https://o9solutions.com/; Acumatica Cloud ERP: https://www.acumatica.com/cloud-erp-software/,Complete,
Student Service and Retention Management,Customer and Experience Operations,Education Delivery and Administration,Educational services,1,"Preserve profitable relationships by identifying risk early and executing the right renewal, retention, or remarketing action.","A contract, account, subscriber, or customer relationship shows renewal timing or churn risk.","The relationship is renewed, recovered, remarketed, or exited with a clear ownership path.",account owner; customer success or retention team; customer; commercial approver,"Is the relationship healthy enough to renew as is?; What price, package, or intervention is worth offering?; When should the account be saved, reshaped, or allowed to churn?","usage or performance signals -> account owner; retention motion -> pricing or finance review; renewed account -> delivery, support, or billing team",Learning Management System | Student Information System | ERP | HCM / Workforce Management,"Late risk detection, weak expansion discipline, and reactive renewal handling erode retention economics.","Teams assemble context manually across service records, invoices, and relationship notes before every renewal conversation.","Renewal strategy depends on relationship strength, future potential, and nuanced commercial tradeoffs.","The decisive conversations happen in calls, emails, and side planning decks outside the system of record.","Typical stacks combine Learning Management System, Student Information System, ERP, HCM / Workforce Management; representative software in market today includes Canvas LMS, D2L Brightspace, Blackboard, Ellucian Student, PowerSchool, Workday Student.",Signals are fragmented and the most important retention decisions are strategic rather than purely operational. It typically spans 1 operating-system context and 4 systems-of-record categories.,Behavioral,Canvas LMS; D2L Brightspace; Blackboard; Ellucian Student; PowerSchool; Workday Student; SAP Cloud ERP; Acumatica Cloud ERP,Canvas LMS: https://www.instructure.com/canvas; D2L Brightspace: https://www.d2l.com/brightspace/; Ellucian Student: https://www.ellucian.com/student; SAP Cloud ERP: https://www.sap.com/products/erp.html?dfa=1&gad=1; Acumatica Cloud ERP: https://www.acumatica.com/cloud-erp-software/; Deputy: https://www.deputy.com/; Legion: https://legion.co/en-gb/products/,Complete,
Subscription and License Management,Finance and Revenue Operations,"IP, Subscription, and Rights Management","Publishing industries, except internet (includes software)",1,"Translate recurring usage, entitlements, or contracted service into accurate recurring bills and renewal-ready account records.","A subscription period closes, usage accrues, or a contract event changes what should be billed.","The account reflects the correct bill, entitlement state, and next renewal or support action.",billing operations team; customer success or account owner; finance partner; customer,"What contract, usage, or entitlement state should drive the bill?; Which exception requires manual correction or customer communication?; What change should flow into renewal or expansion planning?",product or usage systems -> billing operations; billing issue -> support or account owner; finalized bill -> finance close and renewal tracking,Billing and Subscription Management | CRM | ERP | Service Management,"Leakage comes from usage mismatch, wrong entitlements, stale contract data, and manual credits.","Teams spend time reconciling subscription state across CRM, billing, and service systems.","Operators still decide how to resolve exceptions, bundle edge cases, and preserve the relationship during disputes.","Important contract and exception context lives in tickets, email, and account notes outside the billing platform.","Typical stacks combine Billing and Subscription Management, CRM, ERP, Service Management; representative software in market today includes Zuora, Amdocs, Oracle Communications, NetSuite, Salesforce CRM, Microsoft Dynamics 365 Sales.","Recurring billing is structurally automatable, but entitlement logic and exception-heavy account transitions remain messy. It typically spans 1 operating-system context and 4 systems-of-record categories.",Legacy Architecture,Zuora; Amdocs; Oracle Communications; NetSuite; Salesforce CRM; Microsoft Dynamics 365 Sales; HubSpot CRM; VTS,Zuora: https://www.zuora.com/products/billing/; Salesforce CRM: https://www.salesforce.com/crm/; Microsoft Dynamics 365 Sales: https://www.microsoft.com/en-us/dynamics-365/products/sales; HubSpot CRM: https://www.hubspot.com/products/crm?gh_jid=5988617; SAP Cloud ERP: https://www.sap.com/products/erp.html?dfa=1&gad=1; Acumatica Cloud ERP: https://www.acumatica.com/cloud-erp-software/,Complete,
Supplier Coordination and Compliance,Sourcing and Supply,Product Manufacturing and Lifecycle Operations,Other transportation equipment,1,"Maintain supplier or subcontractor performance, readiness, and compliance so upstream plans can translate into reliable execution.","A supplier relationship must be scheduled, coordinated, or reviewed against active operating requirements.","The external partner is committed, compliant, and visible in the delivery plan.",supplier manager or buyer; supplier or subcontractor; operations or project owner; quality or compliance staff,Which external partner should be trusted with this scope now?; What compliance or readiness gap must be closed before work starts?; When is a partner issue severe enough to replace or escalate?,"project or production demand -> supplier manager; supplier commitment -> field, plant, or project team; performance issue -> quality, finance, or leadership review",Project and Construction Management | PLM and Engineering Design | ERP,"Leakage comes from supplier misses, poor coordination, and weak compliance discipline that forces recovery work.","Teams spend time on follow-up, document checks, and schedule alignment across organizational boundaries.",Partner selection and intervention strategy remain experience-heavy and relationship-driven.,"Actual supplier coordination lives in calls, emails, and shared trackers beyond the formal procurement record.","Typical stacks combine Project and Construction Management, PLM and Engineering Design, ERP; representative software in market today includes Procore, Procore Financial Management, Autodesk Construction Cloud, Oracle Primavera, Siemens Teamcenter, Dassault 3DEXPERIENCE.",Structured supplier master data is not the same as reliable day-to-day execution behavior. It typically spans 1 operating-system context and 3 systems-of-record categories.,Legacy Architecture,Procore; Procore Financial Management; Autodesk Construction Cloud; Oracle Primavera; Siemens Teamcenter; Dassault 3DEXPERIENCE; PTC Windchill; Cadence,Procore: https://www.procore.com/what-is-procore; Procore Financial Management: https://www.procore.com/financial-management; SAP Cloud ERP: https://www.sap.com/products/erp.html?dfa=1&gad=1; Acumatica Cloud ERP: https://www.acumatica.com/cloud-erp-software/,Complete,
Supplier Scheduling and Procurement,Sourcing and Supply,Product Manufacturing and Lifecycle Operations,"Motor vehicles, bodies and trailers, and parts | Machinery | Electrical equipment, appliances, and components",3,"Maintain supplier or subcontractor performance, readiness, and compliance so upstream plans can translate into reliable execution.","A supplier relationship must be scheduled, coordinated, or reviewed against active operating requirements.","The external partner is committed, compliant, and visible in the delivery plan.",supplier manager or buyer; supplier or subcontractor; operations or project owner; quality or compliance staff,Which external partner should be trusted with this scope now?; What compliance or readiness gap must be closed before work starts?; When is a partner issue severe enough to replace or escalate?,"project or production demand -> supplier manager; supplier commitment -> field, plant, or project team; performance issue -> quality, finance, or leadership review",Manufacturing Execution System | Maintenance Management | Supply Chain Planning | PLM and Engineering Design | Shop Floor Control and Quality | ERP,"Leakage comes from supplier misses, poor coordination, and weak compliance discipline that forces recovery work.","Teams spend time on follow-up, document checks, and schedule alignment across organizational boundaries.",Partner selection and intervention strategy remain experience-heavy and relationship-driven.,"Actual supplier coordination lives in calls, emails, and shared trackers beyond the formal procurement record.","Typical stacks combine Manufacturing Execution System, Maintenance Management, Supply Chain Planning, PLM and Engineering Design, and adjacent specialist systems; representative software in market today includes Siemens Opcenter, Rockwell FactoryTalk MES, Plex, Epicor, Rockwell FactoryTalk, IFS Enterprise Asset Management.",Structured supplier master data is not the same as reliable day-to-day execution behavior. It typically spans 1 operating-system context and 6 systems-of-record categories.,Legacy Architecture,Siemens Opcenter; Rockwell FactoryTalk MES; Plex; Epicor; Rockwell FactoryTalk; IFS Enterprise Asset Management; Yardi; ServiceTitan,Siemens Opcenter: https://www.siemens.com/en-us/products/opcenter/; Rockwell FactoryTalk MES: https://www.rockwellautomation.com/en-us/products/software/factorytalk/operationsuite/mes.html; IFS Enterprise Asset Management: https://www.ifs.com/en/products/alm/eam; Blue Yonder Integrated Business Planning: https://blueyonder.com/solutions/supply-chain-planning/integrated-business-planning; Kinaxis: https://www.kinaxis.com/en; o9 Solutions: https://o9solutions.com/; SAP Cloud ERP: https://www.sap.com/products/erp.html?dfa=1&gad=1; Acumatica Cloud ERP: https://www.acumatica.com/cloud-erp-software/,Complete,
Supplier and Subcontractor Management,Sourcing and Supply,Project Delivery and Contracting,Construction,1,"Maintain supplier or subcontractor performance, readiness, and compliance so upstream plans can translate into reliable execution.","A supplier relationship must be scheduled, coordinated, or reviewed against active operating requirements.","The external partner is committed, compliant, and visible in the delivery plan.",supplier manager or buyer; supplier or subcontractor; operations or project owner; quality or compliance staff,Which external partner should be trusted with this scope now?; What compliance or readiness gap must be closed before work starts?; When is a partner issue severe enough to replace or escalate?,"project or production demand -> supplier manager; supplier commitment -> field, plant, or project team; performance issue -> quality, finance, or leadership review",Project and Construction Management | Scheduling and Planning | ERP,"Leakage comes from supplier misses, poor coordination, and weak compliance discipline that forces recovery work.","Teams spend time on follow-up, document checks, and schedule alignment across organizational boundaries.",Partner selection and intervention strategy remain experience-heavy and relationship-driven.,"Actual supplier coordination lives in calls, emails, and shared trackers beyond the formal procurement record.","Typical stacks combine Project and Construction Management, Scheduling and Planning, ERP; representative software in market today includes Procore, Procore Financial Management, Autodesk Construction Cloud, Oracle Primavera, Anaplan, Blue Yonder.",Structured supplier master data is not the same as reliable day-to-day execution behavior. It typically spans 1 operating-system context and 3 systems-of-record categories.,Organizational,Procore; Procore Financial Management; Autodesk Construction Cloud; Oracle Primavera; Anaplan; Blue Yonder; SAP Cloud ERP; Acumatica Cloud ERP,Procore: https://www.procore.com/what-is-procore; Procore Financial Management: https://www.procore.com/financial-management; SAP Cloud ERP: https://www.sap.com/products/erp.html?dfa=1&gad=1; Acumatica Cloud ERP: https://www.acumatica.com/cloud-erp-software/,Complete,
Terminal and Yard Operations,Network and Transportation Operations,Transportation Network Operations,Other transportation and support activities,1,"Assign the right asset, route, crew, or carrier to the job while balancing service, utilization, and cost.",Demand is ready to be moved or serviced across a network and requires a dispatch decision.,"The movement or service plan is issued with owners, route, and timing visible to the network.","dispatcher or planner; carrier, crew, or field operator; operations control; customer or receiving party","Which asset, route, or partner should carry the work?; What tradeoff between service, cost, and utilization is acceptable?; What exception requires re-plan or escalation now?","demand intake -> dispatch control; dispatch plan -> driver, crew, or carrier; movement status -> customer service, billing, or recovery desk",Transportation Management System | Fleet Telematics and Visibility | ERP,"The biggest leaks are empty capacity, bad routing, detention, and poor network utilization.","Dispatchers lose time chasing status, making call-based updates, and rerouting around late disruptions.",Controllers interpret service priorities and real-world constraints faster than static optimization models.,"Carrier calls, texts, and manual route notes remain central to live execution.","Typical stacks combine Transportation Management System, Fleet Telematics and Visibility, ERP; representative software in market today includes project44, McLeod, Oracle Transportation Management, Descartes, CargoWise, Samsara.","Network state changes in real time and often depends on partner data that is late, partial, or nonstandard. It typically spans 1 operating-system context and 3 systems-of-record categories.",Technical,project44; McLeod; Oracle Transportation Management; Descartes; CargoWise; Samsara; Trimble Transportation; SAP Cloud ERP,project44: https://www.project44.com/platform/tms/; SAP Cloud ERP: https://www.sap.com/products/erp.html?dfa=1&gad=1; Acumatica Cloud ERP: https://www.acumatica.com/cloud-erp-software/,Complete,
Ticketing and Pricing,"Access, Intake, and Contracting","Venue, Hospitality, and Attendance Operations","Performing arts, spectator sports, museums, and related activities",1,Convert finite capacity into confirmed bookings or admissions while preserving pricing discipline and customer experience.,"A guest, attendee, shipper, or customer requests access to a dated capacity slot.","Capacity is reserved, priced, and confirmed with downstream service or fulfillment teams informed.",reservation or ticketing agent; customer; revenue or capacity manager; operations team,"What inventory should be offered at what price and under what rules?; How should holds, cancellations, and over-capacity risk be managed?; What exception needs approval or manual intervention?","customer request -> booking or ticketing system; confirmed reservation -> venue, hotel, or operations staff; completed stay or event -> settlement or service follow-up",Ticketing and Venue Management | Event and Donor Management | CRM,"Leakage comes from spoilage, bad holds, channel mix mistakes, refunds, and poor yield control.","Teams burn time resolving inventory conflicts, special requests, and distribution-channel mismatches.","Operators still decide how to recover service, override inventory, and handle edge-case customers.","Special handling moves through calls, guest notes, and partner channels outside the clean reservation record.","Typical stacks combine Ticketing and Venue Management, Event and Donor Management, CRM; representative software in market today includes Tessitura, Ticketmaster/Live Nation, AudienceView, Accesso, Salesforce, Eventbrite.","Inventory can be digitized, but exception-heavy capacity control and live service recovery still depend on people. It typically spans 1 operating-system context and 3 systems-of-record categories.",Technical,Tessitura; Ticketmaster/Live Nation; AudienceView; Accesso; Salesforce; Eventbrite; Microsoft Dynamics 365 Sales; HubSpot CRM,Tessitura: https://www.tessitura.com/en/Features/Ticketing-Admissions; Microsoft Dynamics 365 Sales: https://www.microsoft.com/en-us/dynamics-365/products/sales; HubSpot CRM: https://www.hubspot.com/products/crm?gh_jid=5988617,Complete,
"Ticketing, POS, and Cage Operations",Customer and Experience Operations,"Venue, Hospitality, and Attendance Operations","Amusements, gambling, and recreation industries",1,"Capture the live transaction cleanly while keeping payment, loyalty, and service context synchronized.","A customer is ready to order, pay, check out, or complete a live in-person transaction.","The transaction is completed, tender is recorded, and any downstream fulfillment or settlement record is updated.",frontline cashier or associate; customer; store or venue manager; finance or reconciliation staff,"What tender, adjustment, or loyalty treatment should apply?; How should an exception or mismatch be resolved in the moment?; What transaction should be held, voided, or escalated?","customer interaction -> POS and payment systems; completed transaction -> fulfillment, service, or inventory team; day close -> finance and reconciliation staff",POS and Payments | Ticketing and Venue Management | Revenue Management Platform | CRM,"Leakage appears through shrink, tender errors, bad overrides, abandoned carts, and loyalty mistakes.","Teams spend time on line delays, exception handling, and end-of-day balancing.",Frontline staff still decide how to recover failures and apply judgment-based overrides.,"Exception handling moves into notes, supervisor conversations, and manual balancing sheets.","Typical stacks combine POS and Payments, Ticketing and Venue Management, Revenue Management Platform, CRM; representative software in market today includes Toast POS, Square, Oracle MICROS, NCR Voyix, Tessitura, Ticketmaster/Live Nation.","Core POS is mature, but live edge cases and the downstream reconciliation burden remain stubbornly human. It typically spans 1 operating-system context and 4 systems-of-record categories.",Legacy Architecture,Toast POS; Square; Oracle MICROS; NCR Voyix; Tessitura; Ticketmaster/Live Nation; AudienceView; Accesso,Toast POS: https://pos.toasttab.com/products/point-of-sale; Tessitura: https://www.tessitura.com/en/Features/Ticketing-Admissions; Salesforce CRM: https://www.salesforce.com/crm/; Microsoft Dynamics 365 Sales: https://www.microsoft.com/en-us/dynamics-365/products/sales; HubSpot CRM: https://www.hubspot.com/products/crm?gh_jid=5988617,Complete,
Time and Expense Capture,Finance and Revenue Operations,Professional Services and Matter Management,"Miscellaneous professional, scientific, and technical services | Computer systems design and related services | Legal services",3,"Turn completed work or contractual obligation into clean bills, timely collections, and accurate receivable records.","A billable event, service completion, or recurring obligation reaches the point of invoicing or follow-up.","The bill is issued, the receivable is updated, and collection or exception status is clear.",billing specialist; collections or revenue-cycle staff; source operations team; customer or payer,"Is the billable record complete enough to issue or submit?; What denial, dispute, or delinquency path should be pursued next?; When should the item be escalated, adjusted, or written down?","source operations -> billing or coding team; billing -> customer, payer, or clearing partner; open item -> collections, finance, or account owner",Professional Services Automation | Document Management | Practice Management and Billing | CRM | HCM / Workforce Management | ERP | Service Management,"Missed charges, denial cycles, underbilling, and slow cash application are the primary leakage points.","Teams repeatedly reconcile source evidence, payer rules, and customer-specific exceptions.","Operators interpret contract nuance, collection strategy, and what evidence is enough to close the item.","Collections context and exception history often live in email, payer portals, and spreadsheets outside the core system.","Typical stacks combine Professional Services Automation, Document Management, Practice Management and Billing, CRM, and adjacent specialist systems; representative software in market today includes Deltek Polaris, Deltek, Workday, ServiceNow, iManage, NetDocuments.","Automation handles the clean path, but exceptions are driven by messy upstream data and contract interpretation. It typically spans 1 operating-system context and 7 systems-of-record categories.",Legacy Architecture,Deltek Polaris; Deltek; Workday; ServiceNow; iManage; NetDocuments; Litera; Thomson Reuters Elite,Deltek Polaris: https://www.deltek.com/products/polaris/; Salesforce CRM: https://www.salesforce.com/crm/; Microsoft Dynamics 365 Sales: https://www.microsoft.com/en-us/dynamics-365/products/sales; HubSpot CRM: https://www.hubspot.com/products/crm?gh_jid=5988617; Deputy: https://www.deputy.com/; Legion: https://legion.co/en-gb/products/; SAP Cloud ERP: https://www.sap.com/products/erp.html?dfa=1&gad=1; Acumatica Cloud ERP: https://www.acumatica.com/cloud-erp-software/,Complete,
Tooling and Machine Execution,Production and Asset Operations,Product Manufacturing and Lifecycle Operations,Plastics and rubber products,1,Run the physical process or line at the required throughput and quality with clear status and escalation control.,"A production run, asset cycle, or operating shift is ready to execute.","Output is produced, status is recorded, and any exception is handed to the right follow-up owner.",operations supervisor; machine or process operator; quality or maintenance staff; planner,What run order or operating mode best fits current conditions?; What issue should stop the line versus be worked around?; When is output acceptable enough to release or continue?,"plan -> line or field operators; execution -> quality or maintenance team; completed output -> logistics, inventory, or finance",Manufacturing Execution System | PLM and Engineering Design | Shop Floor Control and Quality | ERP,"Scrap, slow cycles, poor yields, and unplanned downtime are the main leakages.","Operators lose time to waiting, restarts, manual data capture, and coordination across shifts.","Supervisors balance throughput, quality, and risk when conditions diverge from the ideal run.","Operational nuance lives in shift notes, whiteboards, and tribal knowledge outside MES and ERP fields.","Typical stacks combine Manufacturing Execution System, PLM and Engineering Design, Shop Floor Control and Quality, ERP; representative software in market today includes Siemens Opcenter, Rockwell FactoryTalk MES, Plex, Epicor, Rockwell FactoryTalk, Siemens Teamcenter.","Even with modern MES, the last mile of execution still depends on local conditions and human adaptation. It typically spans 1 operating-system context and 4 systems-of-record categories.",Legacy Architecture,Siemens Opcenter; Rockwell FactoryTalk MES; Plex; Epicor; Rockwell FactoryTalk; Siemens Teamcenter; Dassault 3DEXPERIENCE; PTC Windchill,Siemens Opcenter: https://www.siemens.com/en-us/products/opcenter/; Rockwell FactoryTalk MES: https://www.rockwellautomation.com/en-us/products/software/factorytalk/operationsuite/mes.html; SAP Cloud ERP: https://www.sap.com/products/erp.html?dfa=1&gad=1; Acumatica Cloud ERP: https://www.acumatica.com/cloud-erp-software/,Complete,
Trade Execution and Settlement,Finance and Revenue Operations,Capital Markets and Investment Management,"Securities, commodity contracts, and investments",1,"Close the loop between source activity, cash movement, and the official financial record with defensible reconciliation.","Transactions from multiple sources must be balanced, settled, or closed for a period or event.","Balances are reconciled, exceptions are documented, and the official close or settlement state is updated.",accounting or settlement analyst; operations source owner; treasury or payments partner; manager or reviewer,What is the authoritative source when records disagree?; Which exception can be auto-cleared versus requiring investigation?; What threshold is material enough to escalate before close?,"source system -> reconciliation or settlement team; unmatched item -> operations, treasury, or counterparty; resolved balance -> reporting and management review",Investor Reporting and Performance | Portfolio and Order Management | Trading and Market Data | CRM,"Unmatched items, late close, duplicate settlements, and poor exception control create hidden leakage and working-capital drag.","Analysts spend time matching records manually, collecting support, and rebuilding audit trails.","Materiality, root cause, and acceptable resolution still depend on experienced finance staff.","Exception triage almost always moves into spreadsheets, email, and bank or partner portals.","Typical stacks combine Investor Reporting and Performance, Portfolio and Order Management, Trading and Market Data, CRM; representative software in market today includes Aladdin, SS&C Advent, Clearwater, State Street Alpha, Charles River, SimCorp.",Reconciliation spans asynchronous systems and low-standardization edge cases that resist full automation. It typically spans 1 operating-system context and 4 systems-of-record categories.,Legacy Architecture,Aladdin; SS&C Advent; Clearwater; State Street Alpha; Charles River; SimCorp; Bloomberg; Salesforce CRM,Aladdin: https://www.blackrock.com/institutions/en-us/investment-capabilities/technolgy/aladdin-portfolio-management-software; Salesforce CRM: https://www.salesforce.com/crm/; Microsoft Dynamics 365 Sales: https://www.microsoft.com/en-us/dynamics-365/products/sales; HubSpot CRM: https://www.hubspot.com/products/crm?gh_jid=5988617,Complete,
Turnover and Readiness Management,Production and Asset Operations,Asset Utilization and Lease Management,Housing,1,"Restore or preserve asset readiness with the right work orders, parts, sequencing, and outage discipline.","An asset reaches a maintenance threshold, fails, turns over, or must be prepared for the next use.",The asset returns to service or readiness with maintenance history and follow-up actions captured.,maintenance planner; technician; operations owner; parts or contractor support,"What work is urgent now versus deferrable?; What outage, turnover, or turnaround scope is required to restore readiness?; What issue should be repaired, monitored, or replaced entirely?",operations signal -> maintenance planning; planned work -> technicians or contractors; returned asset -> operations and finance history,Maintenance Management | Property Management System | CRM,"Leakage comes from downtime, repeat failures, poor work scope, and weak turnover discipline.","Teams chase parts, permits, technician availability, and asset-history context.","Maintenance leaders still assess condition, risk, and repair tradeoffs beyond simple rules.","Readiness and outage details are frequently tracked in calls, notes, and local sheets outside the CMMS.","Typical stacks combine Maintenance Management, Property Management System, CRM; representative software in market today includes IFS Enterprise Asset Management, Yardi, ServiceTitan, Oracle Utilities, IFS, RealPage.","Maintenance systems track work orders, but true readiness still depends on fragmented context and field judgment. It typically spans 1 operating-system context and 3 systems-of-record categories.",Legacy Architecture,IFS Enterprise Asset Management; Yardi; ServiceTitan; Oracle Utilities; IFS; RealPage; AppFolio; Entrata,IFS Enterprise Asset Management: https://www.ifs.com/en/products/alm/eam; Salesforce CRM: https://www.salesforce.com/crm/; Microsoft Dynamics 365 Sales: https://www.microsoft.com/en-us/dynamics-365/products/sales; HubSpot CRM: https://www.hubspot.com/products/crm?gh_jid=5988617,Complete,
Underwriting and Pricing,"Risk, Compliance, and Reporting",Risk Underwriting and Claims Administration,Insurance carriers and related activities,1,"Apply policy, pricing, and risk selection logic to create or maintain a defendable risk-bearing commitment.","A policy, quote, or underwriting action requires decision, pricing, or downstream administration.","The policy or underwriting decision is bound, adjusted, declined, or referred with full traceability.",underwriter; distribution or account partner; policy administration staff; risk or actuarial reviewer,"Should the risk be written, repriced, referred, or declined?; What policy terms or endorsements best fit the exposure?; What exception requires senior review or reinsurance consideration?","distribution intake -> underwriting; approved decision -> policy administration or claims context; risk issue -> actuarial, reinsurance, or compliance review",Claims Management | Policy Administration | Underwriting and Rating | CRM,"Leakage appears through poor risk selection, slow cycle times, mispriced endorsements, and admin rework.","Teams spend time on document collection, exception referral, and back-and-forth across policy, claims, and rating tools.",Risk appetite and exposure interpretation remain highly judgment-driven even with scoring support.,"Key rationale lives in underwriter notes, referrals, broker calls, and exception memos outside the core flow.","Typical stacks combine Claims Management, Policy Administration, Underwriting and Rating, CRM; representative software in market today includes Guidewire ClaimCenter, Duck Creek Claims, Guidewire, Duck Creek, Majesco, Verisk.","Insurance software is mature, but complex cases still require layered human judgment and fragmented evidence. It typically spans 1 operating-system context and 4 systems-of-record categories.",Regulatory,Guidewire ClaimCenter; Duck Creek Claims; Guidewire; Duck Creek; Majesco; Verisk; Guidewire PolicyCenter; Salesforce CRM,Guidewire ClaimCenter: https://www.guidewire.com/products/core-products/insurancesuite/claimcenter-claims-management-software; Duck Creek Claims: https://www.duckcreek.com/product/claims-management-software/; Guidewire PolicyCenter: https://www.guidewire.com/products/core-products/insurancesuite/policycenter-insurance-policy-administration; Salesforce CRM: https://www.salesforce.com/crm/; Microsoft Dynamics 365 Sales: https://www.microsoft.com/en-us/dynamics-365/products/sales; HubSpot CRM: https://www.hubspot.com/products/crm?gh_jid=5988617,Complete,
Usage Billing and Monetization,Finance and Revenue Operations,Digital Platform and Subscription Operations,"Data processing, internet publishing, and other information services",1,"Translate recurring usage, entitlements, or contracted service into accurate recurring bills and renewal-ready account records.","A subscription period closes, usage accrues, or a contract event changes what should be billed.","The account reflects the correct bill, entitlement state, and next renewal or support action.",billing operations team; customer success or account owner; finance partner; customer,"What contract, usage, or entitlement state should drive the bill?; Which exception requires manual correction or customer communication?; What change should flow into renewal or expansion planning?",product or usage systems -> billing operations; billing issue -> support or account owner; finalized bill -> finance close and renewal tracking,Billing and Subscription Management | Cloud Infrastructure and IT Operations | CRM | Service Management,"Leakage comes from usage mismatch, wrong entitlements, stale contract data, and manual credits.","Teams spend time reconciling subscription state across CRM, billing, and service systems.","Operators still decide how to resolve exceptions, bundle edge cases, and preserve the relationship during disputes.","Important contract and exception context lives in tickets, email, and account notes outside the billing platform.","Typical stacks combine Billing and Subscription Management, Cloud Infrastructure and IT Operations, CRM, Service Management; representative software in market today includes Zuora, Amdocs, Oracle Communications, NetSuite, ServiceNow IT Operations Management, AWS.","Recurring billing is structurally automatable, but entitlement logic and exception-heavy account transitions remain messy. It typically spans 1 operating-system context and 4 systems-of-record categories.",Legacy Architecture,Zuora; Amdocs; Oracle Communications; NetSuite; ServiceNow IT Operations Management; AWS; Microsoft Azure; Google Cloud,Zuora: https://www.zuora.com/products/billing/; ServiceNow IT Operations Management: https://www.servicenow.com/docs/r/it-operations-management/r_ITOMApplications.html; Salesforce CRM: https://www.salesforce.com/crm/; Microsoft Dynamics 365 Sales: https://www.microsoft.com/en-us/dynamics-365/products/sales; HubSpot CRM: https://www.hubspot.com/products/crm?gh_jid=5988617,Complete,
"Valuation, NAV, and Reconciliation",Governance and Portfolio Operations,Capital Markets and Investment Management,"Funds, trusts, and other financial vehicles",1,"Maintain an accurate investment, fund, or investor record across accounting, performance, portfolio, and client-facing views.","A trade, valuation change, investor event, or reporting cycle requires the portfolio record to be refreshed.","Positions, valuations, reporting views, and investor outputs align closely enough to support action and oversight.",portfolio or fund operations team; investment professional; accounting partner; investor relations or client service,"What portfolio, fund, or investor state is authoritative for the current action?; Which break, exception, or exposure deserves escalation?; What action should be taken before downstream reporting or client communication proceeds?",front-office activity -> middle or back office; accounting and valuation outputs -> investor reporting; exception review -> portfolio manager or leadership,Fund Administration and Accounting | Investor Reporting and Performance | Portfolio and Order Management | Reconciliation and Reporting,"Leakage comes from stale positions, NAV breaks, manual reporting overhead, and slow exception closure.","Teams reconcile books and records repeatedly across portfolio, accounting, and investor-reporting systems.","Materiality, valuation challenge, and client communication still depend on experienced professionals.","Exception narratives and investor context move through emails, memos, and spreadsheet bridges.","Typical stacks combine Fund Administration and Accounting, Investor Reporting and Performance, Portfolio and Order Management, Reconciliation and Reporting; representative software in market today includes Allvue Fund Accounting, Aladdin Accounting, SS&C, SimCorp, State Street Alpha, Clearwater.",Even sophisticated platforms still depend on cross-book reconciliation and human review to maintain trust. It typically spans 1 operating-system context and 4 systems-of-record categories.,Technical,Allvue Fund Accounting; Aladdin Accounting; SS&C; SimCorp; State Street Alpha; Clearwater; Aladdin; SS&C Advent,Allvue Fund Accounting: https://www.allvuesystems.com/solutions/fund-accounting/; Aladdin Accounting: https://www.blackrock.com/aladdin/platforms/products/aladdin-accounting; Aladdin: https://www.blackrock.com/institutions/en-us/investment-capabilities/technolgy/aladdin-portfolio-management-software,Complete,
Venue and Staff Operations,Delivery and Service Execution,"Venue, Hospitality, and Attendance Operations","Performing arts, spectator sports, museums, and related activities",1,"Turn booked capacity into an on-site service experience while keeping turnover, staffing, and guest needs coordinated.","A guest, room, venue, or event day reaches the active service window.","The guest or attendee is served, the operating area is reset, and the financial record is ready for closeout.",front desk or venue operations staff; housekeeping or service staff; guest or attendee; manager,"How should arrivals, room readiness, or guest requests be prioritized?; What issue requires compensation, maintenance, or escalation?; When is the unit or venue area ready for the next use?","reservation or ticketing -> on-site operations; operations -> housekeeping, maintenance, or finance; completed stay or event -> settlement and service recovery",Ticketing and Venue Management | Event and Donor Management | CRM,"Leakage comes from unready inventory, labor mismatch, service recovery costs, and poor turnover discipline.","Teams lose time on room-status reconciliation, guest issue triage, and manual cross-shift communication.","On-site teams continually arbitrate service tradeoffs, prioritization, and recovery.","The true operating picture often lives in shift notes, radios, texts, and verbal coordination.","Typical stacks combine Ticketing and Venue Management, Event and Donor Management, CRM; representative software in market today includes Tessitura, Ticketmaster/Live Nation, AudienceView, Accesso, Salesforce, Eventbrite.","Hospitality operations mix fixed capacity, live human service, and fast exceptions that spill beyond the PMS. It typically spans 1 operating-system context and 3 systems-of-record categories.",Organizational,Tessitura; Ticketmaster/Live Nation; AudienceView; Accesso; Salesforce; Eventbrite; Microsoft Dynamics 365 Sales; HubSpot CRM,Tessitura: https://www.tessitura.com/en/Features/Ticketing-Admissions; Microsoft Dynamics 365 Sales: https://www.microsoft.com/en-us/dynamics-365/products/sales; HubSpot CRM: https://www.hubspot.com/products/crm?gh_jid=5988617,Complete,
Workforce Scheduling,Workforce and Labor Operations,"Retail and Service Commerce | Care Delivery and Reimbursement | Venue, Hospitality, and Attendance Operations | Workforce Coordination and Service Operations","Food services and drinking places | Administrative and support services | Nursing and residential care facilities | Food and beverage stores | Amusements, gambling, and recreation industries",5,"Publish and maintain a near-term labor schedule that covers demand, skills, and compliance constraints.","A shift pattern, service forecast, or operational change requires schedule creation or adjustment.","Workers know where to be, managers know coverage, and actual changes can flow into payroll and performance systems.",scheduler; frontline manager; worker; HR or payroll partner,"Who should work which shift or route?; How should shortages, absences, or overtime risk be handled?; When is a local override justified despite the planning rule?","forecast -> scheduler; published schedule -> workers and managers; actual changes -> payroll, billing, or service review",POS and Payments | EHR and Care Management | Revenue Cycle Management | Supply Chain Planning | Ticketing and Venue Management | Restaurant Back Office and Inventory | Revenue Management Platform | Warehouse Management System | HCM / Workforce Management | CRM | ERP | Service Management,"Overtime, uncovered demand, idle time, and payroll corrections are the core leaks.","Schedulers constantly rework the plan around callouts, fairness concerns, and compliance rules.",Managers know who can actually handle the work and what informal tradeoffs will hold the operation together.,"The live schedule lives in texts, calls, and local shift notes once the day starts moving.","Typical stacks combine POS and Payments, EHR and Care Management, Revenue Cycle Management, Supply Chain Planning, and adjacent specialist systems; representative software in market today includes Toast POS, Square, Oracle MICROS, NCR Voyix, Epic, Oracle Health EHR.",Workforce systems solve the baseline but not the velocity of same-day human exceptions. It typically spans 4 operating-system contexts and 12 systems-of-record categories.,Behavioral,Toast POS; Square; Oracle MICROS; NCR Voyix; Epic; Oracle Health EHR; Meditech; PointClickCare,Toast POS: https://pos.toasttab.com/products/point-of-sale; Epic: https://www.epic.com/; Oracle Health EHR: https://www.oracle.com/health/clinical-suite/electronic-health-record/; athenahealth RCM: https://www.athenahealth.com/solutions/revenue-cycle-management; R1 RCM: https://www.r1rcm.com/enterprise-partnerships; Blue Yonder Integrated Business Planning: https://blueyonder.com/solutions/supply-chain-planning/integrated-business-planning; Kinaxis: https://www.kinaxis.com/en; o9 Solutions: https://o9solutions.com/; Tessitura: https://www.tessitura.com/en/Features/Ticketing-Admissions; Workday Workforce Management: https://forms.workday.com/en-us/quick-demos/managing-your-workforce-with-workday-demo/form.html?step=step1_default; Deputy: https://www.deputy.com/; Legion: https://legion.co/en-gb/products/; Salesforce CRM: https://www.salesforce.com/crm/; Microsoft Dynamics 365 Sales: https://www.microsoft.com/en-us/dynamics-365/products/sales; HubSpot CRM: https://www.hubspot.com/products/crm?gh_jid=5988617; Acumatica Cloud ERP: https://www.acumatica.com/cloud-erp-software/,Complete,
Workforce Scheduling and Dispatch,Workforce and Labor Operations,Workforce Coordination and Service Operations,"Other services, except government",1,"Publish and maintain a near-term labor schedule that covers demand, skills, and compliance constraints.","A shift pattern, service forecast, or operational change requires schedule creation or adjustment.","Workers know where to be, managers know coverage, and actual changes can flow into payroll and performance systems.",scheduler; frontline manager; worker; HR or payroll partner,"Who should work which shift or route?; How should shortages, absences, or overtime risk be handled?; When is a local override justified despite the planning rule?","forecast -> scheduler; published schedule -> workers and managers; actual changes -> payroll, billing, or service review",POS and Payments | CRM | HCM / Workforce Management | Service Management,"Overtime, uncovered demand, idle time, and payroll corrections are the core leaks.","Schedulers constantly rework the plan around callouts, fairness concerns, and compliance rules.",Managers know who can actually handle the work and what informal tradeoffs will hold the operation together.,"The live schedule lives in texts, calls, and local shift notes once the day starts moving.","Typical stacks combine POS and Payments, CRM, HCM / Workforce Management, Service Management; representative software in market today includes Toast POS, Square, Oracle MICROS, NCR Voyix, Salesforce CRM, Microsoft Dynamics 365 Sales.",Workforce systems solve the baseline but not the velocity of same-day human exceptions. It typically spans 1 operating-system context and 4 systems-of-record categories.,Behavioral,Toast POS; Square; Oracle MICROS; NCR Voyix; Salesforce CRM; Microsoft Dynamics 365 Sales; HubSpot CRM; VTS,Toast POS: https://pos.toasttab.com/products/point-of-sale; Salesforce CRM: https://www.salesforce.com/crm/; Microsoft Dynamics 365 Sales: https://www.microsoft.com/en-us/dynamics-365/products/sales; HubSpot CRM: https://www.hubspot.com/products/crm?gh_jid=5988617; Workday Workforce Management: https://forms.workday.com/en-us/quick-demos/managing-your-workforce-with-workday-demo/form.html?step=step1_default; Deputy: https://www.deputy.com/; Legion: https://legion.co/en-gb/products/,Complete,
