industry	workflow	failure	diagnosis	evidence_gathering	decision	correction	approval	resubmission	closure	actual_operational_behavior	candidate_relevance
Construction	Market development and bid intake	Invitation lacks scope or addenda	Check bid source and latest docs	Request updated drawings and notes	Bid or no-bid	Update bid file and assumptions	Principal or precon approval	Resend questions or bid	Archive final bid set	Mostly email and shared-drive cleanup	None
Construction	Estimating and proposal management	Estimate no longer matches scope	Compare takeoff, quotes, and addenda	Gather supplier quotes and exclusions	Reprice or withdraw	Revise estimate	Exec signoff	Resubmit proposal	Track revised version	Excel and PDF markup dominate recovery	None
Construction	Contract review and project setup	Billing rules loaded incorrectly	Compare contract to ERP and SOV	Collect contract exhibits and portal instructions	Correct setup path	Edit project controls	Controller or PM approval	Reload setup package	Verify first-bill readiness	Manual checklist reconciliation still common	Support-W001
Construction	Project scheduling and resource planning	Crew plan slips before mobilization	Review milestones and labor commitments	Collect vendor dates and crew availability	Resequence or defer	Revise schedule	PM or GC concurrence	Reissue look-ahead	Monitor recovery path	Phone and spreadsheet resequencing	None
Construction	Subcontractor and vendor onboarding and compliance	Vendor blocked by missing compliance item	Check missing COI or tax form	Request insurer certificates and docs	Wait, escalate, or replace vendor	Update vendor file	PM or AP approval	Resubmit vendor packet	Release vendor for work	Email chase across vendors and insurers	Support-W001
Construction	Labor time capture and cost coding	Time posted late or to wrong code	Compare field logs to payroll	Collect foreman notes and prior entries	Edit or approve correction	Recode time	Update payroll batch	Re-export payroll or WIP	Confirm job-cost update	Usually fixed with supervisor follow-up	None
Construction	Field execution and daily production	Site constraint blocks planned work	Check daily log and GC direction	Gather field photos and crew notes	Escalate or resequence	Move work area or crew	GC or PM approval	Issue updated daily plan	Close log with revised status	Recovery lives in calls, texts, and standups	None
Construction	Safety, quality, and inspection management	Inspection or quality check fails	Review failed item and requirement	Gather photos, checklists, and inspector comments	Repair or dispute finding	Complete remediation	Inspector or QA approval	Reschedule inspection	Close defect log	Proof collection is still manual	None
Construction	Change-order and cost-to-complete reconciliation	Extra work disputed or unpriced	Match field event to contract scope	Gather tickets, logs, emails, and cost backup	Pursue CO or absorb cost	Revise budget and support	GC or owner acceptance	Resubmit CO/billing backup	Close budget variance	High-manual investigation loop	Support-W001
Construction	Progress billing, SOV, and pay application preparation	Pay app rejected or returned	Review portal status and version mismatch	Gather current SOV, backup, and waiver docs	Correct package or challenge rejection	Restitch draw package	GC portal acceptance	Resubmit pay app	Confirm status moved forward	Mostly spreadsheet and PDF recovery	Support-W001
Construction	Collections, waiver, and payment dispute recovery	Approved work still not paying	Trace hold reason across portal, GC, and waiver state	Gather compliance proof, waivers, CO status, and emails	Escalate, accept deduction, or resubmit	Correct issue and sequence docs	GC AP or owner acceptance	Resubmit or requeue payment	Close when cash releases	This is the core manual exception desk	GREEN-W001
Construction	Punchlist, closeout, and retainage release	Closeout stalled or retainage withheld	Check punchlist and closeout requirements	Gather manuals, signoffs, and waivers	Clear remaining issue or dispute hold	Complete missing item	Owner or GC acceptance	Resubmit closeout package	Release retainage	Manual document chase dominates	None
Housing	Unit marketing and lead management	Lead goes stale or listing is wrong	Review listing feed and lead notes	Gather current availability and pricing	Refresh listing or reassign lead	Update listing and CRM	Manager approval if pricing changed	Republish unit	Track lead response rate	Mostly channel and email cleanup	None
Housing	Applicant screening and lease execution	Application cannot move forward	Review missing docs or screening hit	Gather ID, income, and vendor results	Approve, deny, or request more info	Correct application file	Manager approval if exception	Resend docs or lease	Close application	Still a bounded paperwork loop	None
Housing	Move-in onboarding and account setup	Resident account or utility setup is wrong	Review move-in checklist	Gather lease, utility, and key records	Fix account and timing	Correct setup in PMS	Manager approval if fee changed	Reissue move-in packet	Close onboarding issue	Checklists and email drive recovery	None
Housing	Rent billing and cash application	Cash does not apply cleanly	Review ledger and payment trail	Gather bank, processor, and resident records	Apply, reverse, or escalate	Fix ledger entry	Accounting approval if material	Repost cash	Close resident account	Finance teams already own this loop	None
Housing	Delinquency, collections, and move-out notices	Resident default path breaks	Review notice status and payment history	Gather ledger, notices, and contact log	Offer plan or escalate legal	Reset notice or plan	Manager/legal approval	Reissue notices or agreement	Close collection step	Mostly policy- and notice-driven	None
Housing	Maintenance intake and triage	Request misrouted or under-triaged	Check request detail and urgency	Gather resident notes and prior work order	Retriage or merge tickets	Update priority and assignee	Manager approval if emergency	Reopen or reroute request	Close with corrected assignment	Intake correction exists but is not the main wedge	Support-W002
Housing	Vendor onboarding and compliance	Vendor cannot be dispatched	Check COI or contract gap	Gather insurance and vendor docs	Approve, replace, or escalate	Update vendor readiness	Manager or AP approval	Resend vendor packet	Close vendor block	Email with vendors and insurers is common	Support-W002
Housing	Repair dispatch and work order execution	Assigned repair misses plan	Review vendor status, access, or parts issue	Gather resident communication, vendor notes, and photos	Reschedule, reassign, or approve extra work	Update work order and dependencies	Manager approval if spend changes	Resend schedule and task details	Close work order or roll to turn board	Real recovery lives outside the PMS	Support-W002
Housing	Turnover and make-ready recovery	Unit will miss ready date	Review turn board and blocker owner	Gather vendor ETAs, inspections, approvals, and part status	Escalate blocker or resequence work	Update plan and due dates	Regional or manager approval if spend changes	Resend turn sequence and assignments	Close when unit is ready	Shadow boards, texts, and calls still dominate	GREEN-W002
Housing	Resident communication, renewal, and retention	Resident issue escalates or renewal stalls	Check account notes and prior communication	Gather service status, offer terms, and complaints	Offer concession, solve issue, or exit	Adjust communication or offer	Manager approval if concession used	Reissue renewal or notice	Close resident issue	Communication work is manual but secondary	None
Housing	Inspections, owner reporting, and compliance	Turn or property fails inspection	Review failed item and due date	Gather photos, contractor notes, and prior fixes	Repair, reinspect, or escalate	Complete remediation	Inspector, owner, or manager approval	Reschedule inspection or report	Close compliance item	Evidence assembly remains manual	Support-W002
Administrative and support services	Client sales, scoping, and rate setup	Account terms do not support clean billing	Review contract and rate card	Gather signed terms and implementation notes	Reset rates or rules	Update account setup	Client or internal approval	Resend setup package	Close account config issue	Upstream account cleanup happens manually	Support-W003
Administrative and support services	Client and VMS onboarding	Account/VMS config fails	Compare configured fields to client rules	Gather portal screenshots, approver lists, and field mappings	Reconfigure or escalate vendor	Update integration or workflow	Client or internal approval	Retest and relaunch	Close onboarding defect	Setup gaps often seed future discrepancies	Support-W003
Administrative and support services	Recruiting and candidate submission	Candidate submission rejected	Review missing data or fit issue	Gather profile, license, and client feedback	Resubmit or abandon	Fix profile or sourcing path	Client or recruiter approval	Resubmit candidate	Close requisition step	Recovery exists but not the best wedge	None
Administrative and support services	Credentialing and compliance onboarding	Worker cannot clear to start	Check missing document or credential	Gather credential file and vendor results	Request more info or replace candidate	Update packet or candidate	Client or compliance approval	Resubmit credential pack	Close start-clearance issue	High-document chase but adjacent	None
Administrative and support services	Assignment setup, scheduling, and worker communication	Worker misses shift or setup is wrong	Check placement, schedule, and communications	Gather texts, times, and assignment rules	Reassign, restate, or escalate	Update placement or schedule	Client or ops approval	Resend instructions	Close attendance issue	Often resolved with phone and email	None
Administrative and support services	Time capture and approval	Time is missing or not approved	Check BTE, VMS, and approver status	Gather timecards, approval chain, and schedule detail	Chase approval or correct entry	Update time record	Client or site approval	Resubmit timesheet	Close approved-hours issue	One of the major precursors to W-003	Support-W003
Administrative and support services	Pay/bill discrepancy resolution	Hours or rates do not reconcile	Compare ATS, BTE, VMS, pay, and bill records	Gather contracts, approvals, placements, and audit trail	Correct source record or override path	Fix pay/bill data	Controller or ops approval if material	Recalc, rerun payroll, or regenerate invoice	Close discrepancy queue	Explicit exception desk with cross-system truth gaps	YELLOW-W003
Administrative and support services	Payroll processing	Payroll batch fails or needs correction	Check export, tax, and rule error	Gather batch logs and employee records	Correct batch or off-cycle pay	Update payroll data	Payroll manager approval	Reprocess payroll	Close payroll run	Still near incumbent product boundary	Support-W003
Administrative and support services	Client invoicing, cash application, and collections	Invoice rejected or underpaid	Check billed hours, rates, and approval path	Gather approvals, contracts, and billing record	Rebill, dispute, or write off	Update invoice or ledger	Client or internal approval	Resubmit invoice	Close AR issue	Downstream expression of pay/bill mismatch	Support-W003
Administrative and support services	Service-level monitoring, reporting, and escalation	SLA or attendance issue escalates	Check placement and service record	Gather schedule, attendance, and client notes	Replace worker or corrective plan	Update account action plan	Client or ops approval	Resend report or staff change	Close escalation	Recovery is account-management heavy	None
Administrative and support services	Renewal, replacement, and offboarding	Assignment ends with unresolved items	Check final hours, notice, and backfill need	Gather time, placement, and client notes	Replace worker or close assignment	Update ATS and billing path	Client or ops approval	Resubmit final time or replacement	Close assignment	Mostly cleanup and redeploy work	None
Food services and drinking places	Menu, pricing, and promotion planning	Menu or promo is inconsistent across channels	Check price table and source channels	Gather POS, marketplace, and promo rules	Align or pull promo	Update menu config	Owner or GM approval	Republish prices	Close discrepancy	Mostly channel-admin work	None
Food services and drinking places	Labor scheduling and time capture	Shift coverage or punches fail	Check schedule, call-off, and time edits	Gather punch logs and manager notes	Edit time or rebalance staffing	Update schedule or timesheet	Manager approval	Resubmit payroll inputs	Close labor issue	Common but already strongly served	None
Food services and drinking places	Procurement, receiving, and inventory setup	Shipment or invoice does not match	Check PO, delivery, and invoice detail	Gather packing slips and vendor invoice	Accept, reject, or rebill	Update inventory and AP entries	Manager approval if variance large	Resubmit vendor claim	Close receiving issue	Real but not clearly wedge-defining	None
Food services and drinking places	Prep and production planning	Prep plan fails against demand	Check forecast and prep execution	Gather ticket volume and waste notes	Fire more prep or cut items	Update prep sheet	Chef or manager approval	Reissue station plan	Close shift variance	Mostly local operating judgment	None
Food services and drinking places	POS, delivery-channel, and order capture	Order source or menu sync breaks	Check POS and marketplace records	Gather source filters, menus, and order IDs	Fix menu or manually enter order	Update POS or aggregator	Manager or vendor approval	Republish or resend order	Close order issue	Platforms already expose much of this layer	Support-Food01
Food services and drinking places	Kitchen and service fulfillment	Order is late, wrong, or lost	Check ticket trail and station status	Gather KDS and service notes	Remake, comp, or refund	Correct item or process	Manager approval if refund	Resend order or replacement	Close guest issue	Operational recovery exists but not a first wedge	None
Food services and drinking places	Daily sales summary and cash close	Close package does not balance	Check sales, deposits, and processor totals	Gather POS reports, deposits, and DSS detail	Adjust close or reopen issue	Update accounting input	Manager or accountant approval	Repost or reimport	Close daily books	Manual report comparison remains normal	Support-Food01
Food services and drinking places	Inventory, waste, and recipe variance reconciliation	Margin variance unexplained	Check counts, comps, and recipes	Gather count sheets, voids, waste logs, and invoices	Adjust counts, recipes, or controls	Update inventory record	Manager approval	Recount or repost	Close variance review	Still a diffuse store-level diagnosis loop	None
Food services and drinking places	Complaint, refund, chargeback, and third-party dispute recovery	Payout or fee discrepancy appears	Check carrier, order, and settlement records	Gather order IDs, POS totals, fees, and credits	File dispute, refund guest, or absorb loss	Update ledger or case log	Marketplace or manager approval	Resubmit dispute or claim	Close when credit posts	Real pain, but entrants face strong platform control	KILL-Food01
Food services and drinking places	Health, safety, labor, tax, and compliance reporting	Reporting or inspection issue appears	Check missing records or filing error	Gather logs, receipts, temperature sheets, and payroll detail	Amend, respond, or retrain	Update report or process	Manager, inspector, or accountant approval	Resubmit filing or proof	Close compliance issue	Heavy paperwork but not a strong startup beachhead	None
Wholesale trade	Demand Planning	Demand Planning cannot move forward cleanly.	Review the workflow state, recent handoff, and source records.	Collect the supporting documents, transaction records, and stakeholder context needed to explain the break.	Decide whether to correct data, reroute work, escalate, or absorb the issue.	Update the workflow record, attach missing support, or restage the process.	Secure internal or external approval where the workflow requires it.	Resend the corrected record or restart the blocked step.	Close the issue only when downstream flow resumes or the exception is accepted.	In practice, recovery usually relies on spreadsheets, email, calls, and side notes outside the system of record.	Not pursued
Wholesale trade	Procurement and Replenishment	Procurement and Replenishment cannot move forward cleanly.	Review the workflow state, recent handoff, and source records.	Collect the supporting documents, transaction records, and stakeholder context needed to explain the break.	Decide whether to correct data, reroute work, escalate, or absorb the issue.	Update the workflow record, attach missing support, or restage the process.	Secure internal or external approval where the workflow requires it.	Resend the corrected record or restart the blocked step.	Close the issue only when downstream flow resumes or the exception is accepted.	In practice, recovery usually relies on spreadsheets, email, calls, and side notes outside the system of record.	Not pursued
Wholesale trade	Pricing and Quoting	Pricing and Quoting cannot move forward cleanly.	Review the workflow state, recent handoff, and source records.	Collect the supporting documents, transaction records, and stakeholder context needed to explain the break.	Decide whether to correct data, reroute work, escalate, or absorb the issue.	Update the workflow record, attach missing support, or restage the process.	Secure internal or external approval where the workflow requires it.	Resend the corrected record or restart the blocked step.	Close the issue only when downstream flow resumes or the exception is accepted.	In practice, recovery usually relies on spreadsheets, email, calls, and side notes outside the system of record.	Not pursued
Wholesale trade	Order Management and Fulfillment	Order Management and Fulfillment cannot move forward cleanly.	Review the workflow state, recent handoff, and source records.	Collect the supporting documents, transaction records, and stakeholder context needed to explain the break.	Decide whether to correct data, reroute work, escalate, or absorb the issue.	Update the workflow record, attach missing support, or restage the process.	Secure internal or external approval where the workflow requires it.	Resend the corrected record or restart the blocked step.	Close the issue only when downstream flow resumes or the exception is accepted.	In practice, recovery usually relies on spreadsheets, email, calls, and side notes outside the system of record.	Not pursued
Wholesale trade	Billing and Collections	Billing and Collections cannot move forward cleanly.	Review the workflow state, recent handoff, and source records.	Collect the supporting documents, transaction records, and stakeholder context needed to explain the break.	Decide whether to correct data, reroute work, escalate, or absorb the issue.	Update the workflow record, attach missing support, or restage the process.	Secure internal or external approval where the workflow requires it.	Resend the corrected record or restart the blocked step.	Close the issue only when downstream flow resumes or the exception is accepted.	In practice, recovery usually relies on spreadsheets, email, calls, and side notes outside the system of record.	KILL-candidate
Wholesale trade	Workforce planning, assignment, and time capture	Workforce planning, assignment, and time capture cannot move forward cleanly.	Review the workflow state, recent handoff, and source records.	Collect the supporting documents, transaction records, and stakeholder context needed to explain the break.	Decide whether to correct data, reroute work, escalate, or absorb the issue.	Update the workflow record, attach missing support, or restage the process.	Secure internal or external approval where the workflow requires it.	Resend the corrected record or restart the blocked step.	Close the issue only when downstream flow resumes or the exception is accepted.	In practice, recovery usually relies on spreadsheets, email, calls, and side notes outside the system of record.	Not pursued
Wholesale trade	Customer, participant, or stakeholder communication and escalation	Customer, participant, or stakeholder communication and escalation cannot move forward cleanly.	Review the workflow state, recent handoff, and source records.	Collect the supporting documents, transaction records, and stakeholder context needed to explain the break.	Decide whether to correct data, reroute work, escalate, or absorb the issue.	Update the workflow record, attach missing support, or restage the process.	Secure internal or external approval where the workflow requires it.	Resend the corrected record or restart the blocked step.	Close the issue only when downstream flow resumes or the exception is accepted.	In practice, recovery usually relies on spreadsheets, email, calls, and side notes outside the system of record.	Not pursued
Wholesale trade	Compliance, reporting, and audit support	Compliance, reporting, and audit support cannot move forward cleanly.	Review the workflow state, recent handoff, and source records.	Collect the supporting documents, transaction records, and stakeholder context needed to explain the break.	Decide whether to correct data, reroute work, escalate, or absorb the issue.	Update the workflow record, attach missing support, or restage the process.	Secure internal or external approval where the workflow requires it.	Resend the corrected record or restart the blocked step.	Close the issue only when downstream flow resumes or the exception is accepted.	In practice, recovery usually relies on spreadsheets, email, calls, and side notes outside the system of record.	Not pursued
Wholesale trade	Exception, dispute, and recovery handling	Exception, dispute, and recovery handling cannot move forward cleanly.	Review the workflow state, recent handoff, and source records.	Collect the supporting documents, transaction records, and stakeholder context needed to explain the break.	Decide whether to correct data, reroute work, escalate, or absorb the issue.	Update the workflow record, attach missing support, or restage the process.	Secure internal or external approval where the workflow requires it.	Resend the corrected record or restart the blocked step.	Close the issue only when downstream flow resumes or the exception is accepted.	In practice, recovery usually relies on spreadsheets, email, calls, and side notes outside the system of record.	Supporting workflow
Miscellaneous professional, scientific, and technical services	Lead and Proposal Management	Lead and Proposal Management cannot move forward cleanly.	Review the workflow state, recent handoff, and source records.	Collect the supporting documents, transaction records, and stakeholder context needed to explain the break.	Decide whether to correct data, reroute work, escalate, or absorb the issue.	Update the workflow record, attach missing support, or restage the process.	Secure internal or external approval where the workflow requires it.	Resend the corrected record or restart the blocked step.	Close the issue only when downstream flow resumes or the exception is accepted.	In practice, recovery usually relies on spreadsheets, email, calls, and side notes outside the system of record.	Not pursued
Miscellaneous professional, scientific, and technical services	Staffing and Capacity Planning	Staffing and Capacity Planning cannot move forward cleanly.	Review the workflow state, recent handoff, and source records.	Collect the supporting documents, transaction records, and stakeholder context needed to explain the break.	Decide whether to correct data, reroute work, escalate, or absorb the issue.	Update the workflow record, attach missing support, or restage the process.	Secure internal or external approval where the workflow requires it.	Resend the corrected record or restart the blocked step.	Close the issue only when downstream flow resumes or the exception is accepted.	In practice, recovery usually relies on spreadsheets, email, calls, and side notes outside the system of record.	Not pursued
Miscellaneous professional, scientific, and technical services	Project Delivery	Project Delivery cannot move forward cleanly.	Review the workflow state, recent handoff, and source records.	Collect the supporting documents, transaction records, and stakeholder context needed to explain the break.	Decide whether to correct data, reroute work, escalate, or absorb the issue.	Update the workflow record, attach missing support, or restage the process.	Secure internal or external approval where the workflow requires it.	Resend the corrected record or restart the blocked step.	Close the issue only when downstream flow resumes or the exception is accepted.	In practice, recovery usually relies on spreadsheets, email, calls, and side notes outside the system of record.	Not pursued
Miscellaneous professional, scientific, and technical services	Time and Expense Capture	Time and Expense Capture cannot move forward cleanly.	Review the workflow state, recent handoff, and source records.	Collect the supporting documents, transaction records, and stakeholder context needed to explain the break.	Decide whether to correct data, reroute work, escalate, or absorb the issue.	Update the workflow record, attach missing support, or restage the process.	Secure internal or external approval where the workflow requires it.	Resend the corrected record or restart the blocked step.	Close the issue only when downstream flow resumes or the exception is accepted.	In practice, recovery usually relies on spreadsheets, email, calls, and side notes outside the system of record.	Not pursued
Miscellaneous professional, scientific, and technical services	Billing and Collections	Billing and Collections cannot move forward cleanly.	Review the workflow state, recent handoff, and source records.	Collect the supporting documents, transaction records, and stakeholder context needed to explain the break.	Decide whether to correct data, reroute work, escalate, or absorb the issue.	Update the workflow record, attach missing support, or restage the process.	Secure internal or external approval where the workflow requires it.	Resend the corrected record or restart the blocked step.	Close the issue only when downstream flow resumes or the exception is accepted.	In practice, recovery usually relies on spreadsheets, email, calls, and side notes outside the system of record.	Supporting workflow
Miscellaneous professional, scientific, and technical services	Time and expense capture to billing	Time and expense capture to billing cannot move forward cleanly.	Review the workflow state, recent handoff, and source records.	Collect the supporting documents, transaction records, and stakeholder context needed to explain the break.	Decide whether to correct data, reroute work, escalate, or absorb the issue.	Update the workflow record, attach missing support, or restage the process.	Secure internal or external approval where the workflow requires it.	Resend the corrected record or restart the blocked step.	Close the issue only when downstream flow resumes or the exception is accepted.	In practice, recovery usually relies on spreadsheets, email, calls, and side notes outside the system of record.	KILL-candidate
Miscellaneous professional, scientific, and technical services	Supplier, vendor, or partner onboarding and compliance	Supplier, vendor, or partner onboarding and compliance cannot move forward cleanly.	Review the workflow state, recent handoff, and source records.	Collect the supporting documents, transaction records, and stakeholder context needed to explain the break.	Decide whether to correct data, reroute work, escalate, or absorb the issue.	Update the workflow record, attach missing support, or restage the process.	Secure internal or external approval where the workflow requires it.	Resend the corrected record or restart the blocked step.	Close the issue only when downstream flow resumes or the exception is accepted.	In practice, recovery usually relies on spreadsheets, email, calls, and side notes outside the system of record.	Not pursued
Miscellaneous professional, scientific, and technical services	Customer, participant, or stakeholder communication and escalation	Customer, participant, or stakeholder communication and escalation cannot move forward cleanly.	Review the workflow state, recent handoff, and source records.	Collect the supporting documents, transaction records, and stakeholder context needed to explain the break.	Decide whether to correct data, reroute work, escalate, or absorb the issue.	Update the workflow record, attach missing support, or restage the process.	Secure internal or external approval where the workflow requires it.	Resend the corrected record or restart the blocked step.	Close the issue only when downstream flow resumes or the exception is accepted.	In practice, recovery usually relies on spreadsheets, email, calls, and side notes outside the system of record.	Not pursued
Miscellaneous professional, scientific, and technical services	Compliance, reporting, and audit support	Compliance, reporting, and audit support cannot move forward cleanly.	Review the workflow state, recent handoff, and source records.	Collect the supporting documents, transaction records, and stakeholder context needed to explain the break.	Decide whether to correct data, reroute work, escalate, or absorb the issue.	Update the workflow record, attach missing support, or restage the process.	Secure internal or external approval where the workflow requires it.	Resend the corrected record or restart the blocked step.	Close the issue only when downstream flow resumes or the exception is accepted.	In practice, recovery usually relies on spreadsheets, email, calls, and side notes outside the system of record.	Not pursued
Miscellaneous professional, scientific, and technical services	Exception, dispute, and recovery handling	Exception, dispute, and recovery handling cannot move forward cleanly.	Review the workflow state, recent handoff, and source records.	Collect the supporting documents, transaction records, and stakeholder context needed to explain the break.	Decide whether to correct data, reroute work, escalate, or absorb the issue.	Update the workflow record, attach missing support, or restage the process.	Secure internal or external approval where the workflow requires it.	Resend the corrected record or restart the blocked step.	Close the issue only when downstream flow resumes or the exception is accepted.	In practice, recovery usually relies on spreadsheets, email, calls, and side notes outside the system of record.	Supporting workflow
Other real estate	Lease Acquisition and Pipeline Management	Lease Acquisition and Pipeline Management cannot move forward cleanly.	Review the workflow state, recent handoff, and source records.	Collect the supporting documents, transaction records, and stakeholder context needed to explain the break.	Decide whether to correct data, reroute work, escalate, or absorb the issue.	Update the workflow record, attach missing support, or restage the process.	Secure internal or external approval where the workflow requires it.	Resend the corrected record or restart the blocked step.	Close the issue only when downstream flow resumes or the exception is accepted.	In practice, recovery usually relies on spreadsheets, email, calls, and side notes outside the system of record.	Not pursued
Other real estate	Asset and Investor Reporting	Asset and Investor Reporting cannot move forward cleanly.	Review the workflow state, recent handoff, and source records.	Collect the supporting documents, transaction records, and stakeholder context needed to explain the break.	Decide whether to correct data, reroute work, escalate, or absorb the issue.	Update the workflow record, attach missing support, or restage the process.	Secure internal or external approval where the workflow requires it.	Resend the corrected record or restart the blocked step.	Close the issue only when downstream flow resumes or the exception is accepted.	In practice, recovery usually relies on spreadsheets, email, calls, and side notes outside the system of record.	Not pursued
Other real estate	Asset Maintenance and Work Orders	Asset Maintenance and Work Orders cannot move forward cleanly.	Review the workflow state, recent handoff, and source records.	Collect the supporting documents, transaction records, and stakeholder context needed to explain the break.	Decide whether to correct data, reroute work, escalate, or absorb the issue.	Update the workflow record, attach missing support, or restage the process.	Secure internal or external approval where the workflow requires it.	Resend the corrected record or restart the blocked step.	Close the issue only when downstream flow resumes or the exception is accepted.	In practice, recovery usually relies on spreadsheets, email, calls, and side notes outside the system of record.	Not pursued
Other real estate	Billing and Reconciliation	Billing and Reconciliation cannot move forward cleanly.	Review the workflow state, recent handoff, and source records.	Collect the supporting documents, transaction records, and stakeholder context needed to explain the break.	Decide whether to correct data, reroute work, escalate, or absorb the issue.	Update the workflow record, attach missing support, or restage the process.	Secure internal or external approval where the workflow requires it.	Resend the corrected record or restart the blocked step.	Close the issue only when downstream flow resumes or the exception is accepted.	In practice, recovery usually relies on spreadsheets, email, calls, and side notes outside the system of record.	KILL-candidate
Other real estate	Capital Planning and Compliance Reporting	Capital Planning and Compliance Reporting cannot move forward cleanly.	Review the workflow state, recent handoff, and source records.	Collect the supporting documents, transaction records, and stakeholder context needed to explain the break.	Decide whether to correct data, reroute work, escalate, or absorb the issue.	Update the workflow record, attach missing support, or restage the process.	Secure internal or external approval where the workflow requires it.	Resend the corrected record or restart the blocked step.	Close the issue only when downstream flow resumes or the exception is accepted.	In practice, recovery usually relies on spreadsheets, email, calls, and side notes outside the system of record.	Not pursued
Other real estate	Billing, settlement, and close	Billing, settlement, and close cannot move forward cleanly.	Review the workflow state, recent handoff, and source records.	Collect the supporting documents, transaction records, and stakeholder context needed to explain the break.	Decide whether to correct data, reroute work, escalate, or absorb the issue.	Update the workflow record, attach missing support, or restage the process.	Secure internal or external approval where the workflow requires it.	Resend the corrected record or restart the blocked step.	Close the issue only when downstream flow resumes or the exception is accepted.	In practice, recovery usually relies on spreadsheets, email, calls, and side notes outside the system of record.	Supporting workflow
Other real estate	Workforce planning, assignment, and time capture	Workforce planning, assignment, and time capture cannot move forward cleanly.	Review the workflow state, recent handoff, and source records.	Collect the supporting documents, transaction records, and stakeholder context needed to explain the break.	Decide whether to correct data, reroute work, escalate, or absorb the issue.	Update the workflow record, attach missing support, or restage the process.	Secure internal or external approval where the workflow requires it.	Resend the corrected record or restart the blocked step.	Close the issue only when downstream flow resumes or the exception is accepted.	In practice, recovery usually relies on spreadsheets, email, calls, and side notes outside the system of record.	Not pursued
Other real estate	Supplier, vendor, or partner onboarding and compliance	Supplier, vendor, or partner onboarding and compliance cannot move forward cleanly.	Review the workflow state, recent handoff, and source records.	Collect the supporting documents, transaction records, and stakeholder context needed to explain the break.	Decide whether to correct data, reroute work, escalate, or absorb the issue.	Update the workflow record, attach missing support, or restage the process.	Secure internal or external approval where the workflow requires it.	Resend the corrected record or restart the blocked step.	Close the issue only when downstream flow resumes or the exception is accepted.	In practice, recovery usually relies on spreadsheets, email, calls, and side notes outside the system of record.	Not pursued
Ambulatory health care services	Access, Intake, and Scheduling	Access, Intake, and Scheduling cannot move forward cleanly.	Review the workflow state, recent handoff, and source records.	Collect the supporting documents, transaction records, and stakeholder context needed to explain the break.	Decide whether to correct data, reroute work, escalate, or absorb the issue.	Update the workflow record, attach missing support, or restage the process.	Secure internal or external approval where the workflow requires it.	Resend the corrected record or restart the blocked step.	Close the issue only when downstream flow resumes or the exception is accepted.	In practice, recovery usually relies on spreadsheets, email, calls, and side notes outside the system of record.	Not pursued
Ambulatory health care services	Eligibility and Authorization	Eligibility and Authorization cannot move forward cleanly.	Review the workflow state, recent handoff, and source records.	Collect the supporting documents, transaction records, and stakeholder context needed to explain the break.	Decide whether to correct data, reroute work, escalate, or absorb the issue.	Update the workflow record, attach missing support, or restage the process.	Secure internal or external approval where the workflow requires it.	Resend the corrected record or restart the blocked step.	Close the issue only when downstream flow resumes or the exception is accepted.	In practice, recovery usually relies on spreadsheets, email, calls, and side notes outside the system of record.	Not pursued
Ambulatory health care services	Clinical Documentation	Clinical Documentation cannot move forward cleanly.	Review the workflow state, recent handoff, and source records.	Collect the supporting documents, transaction records, and stakeholder context needed to explain the break.	Decide whether to correct data, reroute work, escalate, or absorb the issue.	Update the workflow record, attach missing support, or restage the process.	Secure internal or external approval where the workflow requires it.	Resend the corrected record or restart the blocked step.	Close the issue only when downstream flow resumes or the exception is accepted.	In practice, recovery usually relies on spreadsheets, email, calls, and side notes outside the system of record.	Not pursued
Ambulatory health care services	Coding and Charge Capture	Coding and Charge Capture cannot move forward cleanly.	Review the workflow state, recent handoff, and source records.	Collect the supporting documents, transaction records, and stakeholder context needed to explain the break.	Decide whether to correct data, reroute work, escalate, or absorb the issue.	Update the workflow record, attach missing support, or restage the process.	Secure internal or external approval where the workflow requires it.	Resend the corrected record or restart the blocked step.	Close the issue only when downstream flow resumes or the exception is accepted.	In practice, recovery usually relies on spreadsheets, email, calls, and side notes outside the system of record.	Not pursued
Ambulatory health care services	Billing, Claims, and Collections	Billing, Claims, and Collections cannot move forward cleanly.	Review the workflow state, recent handoff, and source records.	Collect the supporting documents, transaction records, and stakeholder context needed to explain the break.	Decide whether to correct data, reroute work, escalate, or absorb the issue.	Update the workflow record, attach missing support, or restage the process.	Secure internal or external approval where the workflow requires it.	Resend the corrected record or restart the blocked step.	Close the issue only when downstream flow resumes or the exception is accepted.	In practice, recovery usually relies on spreadsheets, email, calls, and side notes outside the system of record.	KILL-candidate
Ambulatory health care services	Lead, intake, and qualification management	Lead, intake, and qualification management cannot move forward cleanly.	Review the workflow state, recent handoff, and source records.	Collect the supporting documents, transaction records, and stakeholder context needed to explain the break.	Decide whether to correct data, reroute work, escalate, or absorb the issue.	Update the workflow record, attach missing support, or restage the process.	Secure internal or external approval where the workflow requires it.	Resend the corrected record or restart the blocked step.	Close the issue only when downstream flow resumes or the exception is accepted.	In practice, recovery usually relies on spreadsheets, email, calls, and side notes outside the system of record.	Not pursued
Ambulatory health care services	Supplier, vendor, or partner onboarding and compliance	Supplier, vendor, or partner onboarding and compliance cannot move forward cleanly.	Review the workflow state, recent handoff, and source records.	Collect the supporting documents, transaction records, and stakeholder context needed to explain the break.	Decide whether to correct data, reroute work, escalate, or absorb the issue.	Update the workflow record, attach missing support, or restage the process.	Secure internal or external approval where the workflow requires it.	Resend the corrected record or restart the blocked step.	Close the issue only when downstream flow resumes or the exception is accepted.	In practice, recovery usually relies on spreadsheets, email, calls, and side notes outside the system of record.	Not pursued
Ambulatory health care services	Customer, participant, or stakeholder communication and escalation	Customer, participant, or stakeholder communication and escalation cannot move forward cleanly.	Review the workflow state, recent handoff, and source records.	Collect the supporting documents, transaction records, and stakeholder context needed to explain the break.	Decide whether to correct data, reroute work, escalate, or absorb the issue.	Update the workflow record, attach missing support, or restage the process.	Secure internal or external approval where the workflow requires it.	Resend the corrected record or restart the blocked step.	Close the issue only when downstream flow resumes or the exception is accepted.	In practice, recovery usually relies on spreadsheets, email, calls, and side notes outside the system of record.	Not pursued
Ambulatory health care services	Compliance, reporting, and audit support	Compliance, reporting, and audit support cannot move forward cleanly.	Review the workflow state, recent handoff, and source records.	Collect the supporting documents, transaction records, and stakeholder context needed to explain the break.	Decide whether to correct data, reroute work, escalate, or absorb the issue.	Update the workflow record, attach missing support, or restage the process.	Secure internal or external approval where the workflow requires it.	Resend the corrected record or restart the blocked step.	Close the issue only when downstream flow resumes or the exception is accepted.	In practice, recovery usually relies on spreadsheets, email, calls, and side notes outside the system of record.	Not pursued
Ambulatory health care services	Exception, dispute, and recovery handling	Exception, dispute, and recovery handling cannot move forward cleanly.	Review the workflow state, recent handoff, and source records.	Collect the supporting documents, transaction records, and stakeholder context needed to explain the break.	Decide whether to correct data, reroute work, escalate, or absorb the issue.	Update the workflow record, attach missing support, or restage the process.	Secure internal or external approval where the workflow requires it.	Resend the corrected record or restart the blocked step.	Close the issue only when downstream flow resumes or the exception is accepted.	In practice, recovery usually relies on spreadsheets, email, calls, and side notes outside the system of record.	Supporting workflow
Other retail	Merchandising and Assortment Planning	Merchandising and Assortment Planning cannot move forward cleanly.	Review the workflow state, recent handoff, and source records.	Collect the supporting documents, transaction records, and stakeholder context needed to explain the break.	Decide whether to correct data, reroute work, escalate, or absorb the issue.	Update the workflow record, attach missing support, or restage the process.	Secure internal or external approval where the workflow requires it.	Resend the corrected record or restart the blocked step.	Close the issue only when downstream flow resumes or the exception is accepted.	In practice, recovery usually relies on spreadsheets, email, calls, and side notes outside the system of record.	Not pursued
Other retail	Inventory Allocation and Replenishment	Inventory Allocation and Replenishment cannot move forward cleanly.	Review the workflow state, recent handoff, and source records.	Collect the supporting documents, transaction records, and stakeholder context needed to explain the break.	Decide whether to correct data, reroute work, escalate, or absorb the issue.	Update the workflow record, attach missing support, or restage the process.	Secure internal or external approval where the workflow requires it.	Resend the corrected record or restart the blocked step.	Close the issue only when downstream flow resumes or the exception is accepted.	In practice, recovery usually relies on spreadsheets, email, calls, and side notes outside the system of record.	Not pursued
Other retail	Order Capture and Payment Processing	Order Capture and Payment Processing cannot move forward cleanly.	Review the workflow state, recent handoff, and source records.	Collect the supporting documents, transaction records, and stakeholder context needed to explain the break.	Decide whether to correct data, reroute work, escalate, or absorb the issue.	Update the workflow record, attach missing support, or restage the process.	Secure internal or external approval where the workflow requires it.	Resend the corrected record or restart the blocked step.	Close the issue only when downstream flow resumes or the exception is accepted.	In practice, recovery usually relies on spreadsheets, email, calls, and side notes outside the system of record.	Supporting workflow
Other retail	Fulfillment and Returns Management	Fulfillment and Returns Management cannot move forward cleanly.	Review the workflow state, recent handoff, and source records.	Collect the supporting documents, transaction records, and stakeholder context needed to explain the break.	Decide whether to correct data, reroute work, escalate, or absorb the issue.	Update the workflow record, attach missing support, or restage the process.	Secure internal or external approval where the workflow requires it.	Resend the corrected record or restart the blocked step.	Close the issue only when downstream flow resumes or the exception is accepted.	In practice, recovery usually relies on spreadsheets, email, calls, and side notes outside the system of record.	KILL-candidate
Other retail	Pricing and Promotion Management	Pricing and Promotion Management cannot move forward cleanly.	Review the workflow state, recent handoff, and source records.	Collect the supporting documents, transaction records, and stakeholder context needed to explain the break.	Decide whether to correct data, reroute work, escalate, or absorb the issue.	Update the workflow record, attach missing support, or restage the process.	Secure internal or external approval where the workflow requires it.	Resend the corrected record or restart the blocked step.	Close the issue only when downstream flow resumes or the exception is accepted.	In practice, recovery usually relies on spreadsheets, email, calls, and side notes outside the system of record.	Not pursued
Other retail	Workforce planning, assignment, and time capture	Workforce planning, assignment, and time capture cannot move forward cleanly.	Review the workflow state, recent handoff, and source records.	Collect the supporting documents, transaction records, and stakeholder context needed to explain the break.	Decide whether to correct data, reroute work, escalate, or absorb the issue.	Update the workflow record, attach missing support, or restage the process.	Secure internal or external approval where the workflow requires it.	Resend the corrected record or restart the blocked step.	Close the issue only when downstream flow resumes or the exception is accepted.	In practice, recovery usually relies on spreadsheets, email, calls, and side notes outside the system of record.	Not pursued
Other retail	Customer, participant, or stakeholder communication and escalation	Customer, participant, or stakeholder communication and escalation cannot move forward cleanly.	Review the workflow state, recent handoff, and source records.	Collect the supporting documents, transaction records, and stakeholder context needed to explain the break.	Decide whether to correct data, reroute work, escalate, or absorb the issue.	Update the workflow record, attach missing support, or restage the process.	Secure internal or external approval where the workflow requires it.	Resend the corrected record or restart the blocked step.	Close the issue only when downstream flow resumes or the exception is accepted.	In practice, recovery usually relies on spreadsheets, email, calls, and side notes outside the system of record.	Not pursued
Other retail	Compliance, reporting, and audit support	Compliance, reporting, and audit support cannot move forward cleanly.	Review the workflow state, recent handoff, and source records.	Collect the supporting documents, transaction records, and stakeholder context needed to explain the break.	Decide whether to correct data, reroute work, escalate, or absorb the issue.	Update the workflow record, attach missing support, or restage the process.	Secure internal or external approval where the workflow requires it.	Resend the corrected record or restart the blocked step.	Close the issue only when downstream flow resumes or the exception is accepted.	In practice, recovery usually relies on spreadsheets, email, calls, and side notes outside the system of record.	Not pursued
Insurance carriers and related activities	Distribution and Quote-to-Bind	Distribution and Quote-to-Bind cannot move forward cleanly.	Review the workflow state, recent handoff, and source records.	Collect the supporting documents, transaction records, and stakeholder context needed to explain the break.	Decide whether to correct data, reroute work, escalate, or absorb the issue.	Update the workflow record, attach missing support, or restage the process.	Secure internal or external approval where the workflow requires it.	Resend the corrected record or restart the blocked step.	Close the issue only when downstream flow resumes or the exception is accepted.	In practice, recovery usually relies on spreadsheets, email, calls, and side notes outside the system of record.	Not pursued
Insurance carriers and related activities	Underwriting and Pricing	Underwriting and Pricing cannot move forward cleanly.	Review the workflow state, recent handoff, and source records.	Collect the supporting documents, transaction records, and stakeholder context needed to explain the break.	Decide whether to correct data, reroute work, escalate, or absorb the issue.	Update the workflow record, attach missing support, or restage the process.	Secure internal or external approval where the workflow requires it.	Resend the corrected record or restart the blocked step.	Close the issue only when downstream flow resumes or the exception is accepted.	In practice, recovery usually relies on spreadsheets, email, calls, and side notes outside the system of record.	Not pursued
Insurance carriers and related activities	Policy Administration	Policy Administration cannot move forward cleanly.	Review the workflow state, recent handoff, and source records.	Collect the supporting documents, transaction records, and stakeholder context needed to explain the break.	Decide whether to correct data, reroute work, escalate, or absorb the issue.	Update the workflow record, attach missing support, or restage the process.	Secure internal or external approval where the workflow requires it.	Resend the corrected record or restart the blocked step.	Close the issue only when downstream flow resumes or the exception is accepted.	In practice, recovery usually relies on spreadsheets, email, calls, and side notes outside the system of record.	Not pursued
Insurance carriers and related activities	Claims Administration	Claims Administration cannot move forward cleanly.	Review the workflow state, recent handoff, and source records.	Collect the supporting documents, transaction records, and stakeholder context needed to explain the break.	Decide whether to correct data, reroute work, escalate, or absorb the issue.	Update the workflow record, attach missing support, or restage the process.	Secure internal or external approval where the workflow requires it.	Resend the corrected record or restart the blocked step.	Close the issue only when downstream flow resumes or the exception is accepted.	In practice, recovery usually relies on spreadsheets, email, calls, and side notes outside the system of record.	KILL-candidate
Insurance carriers and related activities	Regulatory and Reinsurance Reporting	Regulatory and Reinsurance Reporting cannot move forward cleanly.	Review the workflow state, recent handoff, and source records.	Collect the supporting documents, transaction records, and stakeholder context needed to explain the break.	Decide whether to correct data, reroute work, escalate, or absorb the issue.	Update the workflow record, attach missing support, or restage the process.	Secure internal or external approval where the workflow requires it.	Resend the corrected record or restart the blocked step.	Close the issue only when downstream flow resumes or the exception is accepted.	In practice, recovery usually relies on spreadsheets, email, calls, and side notes outside the system of record.	Not pursued
Insurance carriers and related activities	Workforce planning, assignment, and time capture	Workforce planning, assignment, and time capture cannot move forward cleanly.	Review the workflow state, recent handoff, and source records.	Collect the supporting documents, transaction records, and stakeholder context needed to explain the break.	Decide whether to correct data, reroute work, escalate, or absorb the issue.	Update the workflow record, attach missing support, or restage the process.	Secure internal or external approval where the workflow requires it.	Resend the corrected record or restart the blocked step.	Close the issue only when downstream flow resumes or the exception is accepted.	In practice, recovery usually relies on spreadsheets, email, calls, and side notes outside the system of record.	Not pursued
Insurance carriers and related activities	Supplier, vendor, or partner onboarding and compliance	Supplier, vendor, or partner onboarding and compliance cannot move forward cleanly.	Review the workflow state, recent handoff, and source records.	Collect the supporting documents, transaction records, and stakeholder context needed to explain the break.	Decide whether to correct data, reroute work, escalate, or absorb the issue.	Update the workflow record, attach missing support, or restage the process.	Secure internal or external approval where the workflow requires it.	Resend the corrected record or restart the blocked step.	Close the issue only when downstream flow resumes or the exception is accepted.	In practice, recovery usually relies on spreadsheets, email, calls, and side notes outside the system of record.	Not pursued
Insurance carriers and related activities	Customer, participant, or stakeholder communication and escalation	Customer, participant, or stakeholder communication and escalation cannot move forward cleanly.	Review the workflow state, recent handoff, and source records.	Collect the supporting documents, transaction records, and stakeholder context needed to explain the break.	Decide whether to correct data, reroute work, escalate, or absorb the issue.	Update the workflow record, attach missing support, or restage the process.	Secure internal or external approval where the workflow requires it.	Resend the corrected record or restart the blocked step.	Close the issue only when downstream flow resumes or the exception is accepted.	In practice, recovery usually relies on spreadsheets, email, calls, and side notes outside the system of record.	Not pursued
Insurance carriers and related activities	Exception, dispute, and recovery handling	Exception, dispute, and recovery handling cannot move forward cleanly.	Review the workflow state, recent handoff, and source records.	Collect the supporting documents, transaction records, and stakeholder context needed to explain the break.	Decide whether to correct data, reroute work, escalate, or absorb the issue.	Update the workflow record, attach missing support, or restage the process.	Secure internal or external approval where the workflow requires it.	Resend the corrected record or restart the blocked step.	Close the issue only when downstream flow resumes or the exception is accepted.	In practice, recovery usually relies on spreadsheets, email, calls, and side notes outside the system of record.	Supporting workflow
Federal Reserve banks, credit intermediation, and related activities	Account and Loan Onboarding	Account and Loan Onboarding cannot move forward cleanly.	Review the workflow state, recent handoff, and source records.	Collect the supporting documents, transaction records, and stakeholder context needed to explain the break.	Decide whether to correct data, reroute work, escalate, or absorb the issue.	Update the workflow record, attach missing support, or restage the process.	Secure internal or external approval where the workflow requires it.	Resend the corrected record or restart the blocked step.	Close the issue only when downstream flow resumes or the exception is accepted.	In practice, recovery usually relies on spreadsheets, email, calls, and side notes outside the system of record.	Not pursued
Federal Reserve banks, credit intermediation, and related activities	Deposit and Payment Operations	Deposit and Payment Operations cannot move forward cleanly.	Review the workflow state, recent handoff, and source records.	Collect the supporting documents, transaction records, and stakeholder context needed to explain the break.	Decide whether to correct data, reroute work, escalate, or absorb the issue.	Update the workflow record, attach missing support, or restage the process.	Secure internal or external approval where the workflow requires it.	Resend the corrected record or restart the blocked step.	Close the issue only when downstream flow resumes or the exception is accepted.	In practice, recovery usually relies on spreadsheets, email, calls, and side notes outside the system of record.	Supporting workflow
Federal Reserve banks, credit intermediation, and related activities	Credit Underwriting and Servicing	Credit Underwriting and Servicing cannot move forward cleanly.	Review the workflow state, recent handoff, and source records.	Collect the supporting documents, transaction records, and stakeholder context needed to explain the break.	Decide whether to correct data, reroute work, escalate, or absorb the issue.	Update the workflow record, attach missing support, or restage the process.	Secure internal or external approval where the workflow requires it.	Resend the corrected record or restart the blocked step.	Close the issue only when downstream flow resumes or the exception is accepted.	In practice, recovery usually relies on spreadsheets, email, calls, and side notes outside the system of record.	Not pursued
Federal Reserve banks, credit intermediation, and related activities	Risk and Compliance Monitoring	Risk and Compliance Monitoring cannot move forward cleanly.	Review the workflow state, recent handoff, and source records.	Collect the supporting documents, transaction records, and stakeholder context needed to explain the break.	Decide whether to correct data, reroute work, escalate, or absorb the issue.	Update the workflow record, attach missing support, or restage the process.	Secure internal or external approval where the workflow requires it.	Resend the corrected record or restart the blocked step.	Close the issue only when downstream flow resumes or the exception is accepted.	In practice, recovery usually relies on spreadsheets, email, calls, and side notes outside the system of record.	Not pursued
Federal Reserve banks, credit intermediation, and related activities	Collections and Loss Mitigation	Collections and Loss Mitigation cannot move forward cleanly.	Review the workflow state, recent handoff, and source records.	Collect the supporting documents, transaction records, and stakeholder context needed to explain the break.	Decide whether to correct data, reroute work, escalate, or absorb the issue.	Update the workflow record, attach missing support, or restage the process.	Secure internal or external approval where the workflow requires it.	Resend the corrected record or restart the blocked step.	Close the issue only when downstream flow resumes or the exception is accepted.	In practice, recovery usually relies on spreadsheets, email, calls, and side notes outside the system of record.	Supporting workflow
Federal Reserve banks, credit intermediation, and related activities	Account and loan onboarding; collections	Account and loan onboarding; collections cannot move forward cleanly.	Review the workflow state, recent handoff, and source records.	Collect the supporting documents, transaction records, and stakeholder context needed to explain the break.	Decide whether to correct data, reroute work, escalate, or absorb the issue.	Update the workflow record, attach missing support, or restage the process.	Secure internal or external approval where the workflow requires it.	Resend the corrected record or restart the blocked step.	Close the issue only when downstream flow resumes or the exception is accepted.	In practice, recovery usually relies on spreadsheets, email, calls, and side notes outside the system of record.	KILL-candidate
Federal Reserve banks, credit intermediation, and related activities	Execution monitoring and operational coordination	Execution monitoring and operational coordination cannot move forward cleanly.	Review the workflow state, recent handoff, and source records.	Collect the supporting documents, transaction records, and stakeholder context needed to explain the break.	Decide whether to correct data, reroute work, escalate, or absorb the issue.	Update the workflow record, attach missing support, or restage the process.	Secure internal or external approval where the workflow requires it.	Resend the corrected record or restart the blocked step.	Close the issue only when downstream flow resumes or the exception is accepted.	In practice, recovery usually relies on spreadsheets, email, calls, and side notes outside the system of record.	Not pursued
Federal Reserve banks, credit intermediation, and related activities	Workforce planning, assignment, and time capture	Workforce planning, assignment, and time capture cannot move forward cleanly.	Review the workflow state, recent handoff, and source records.	Collect the supporting documents, transaction records, and stakeholder context needed to explain the break.	Decide whether to correct data, reroute work, escalate, or absorb the issue.	Update the workflow record, attach missing support, or restage the process.	Secure internal or external approval where the workflow requires it.	Resend the corrected record or restart the blocked step.	Close the issue only when downstream flow resumes or the exception is accepted.	In practice, recovery usually relies on spreadsheets, email, calls, and side notes outside the system of record.	Not pursued
Federal Reserve banks, credit intermediation, and related activities	Supplier, vendor, or partner onboarding and compliance	Supplier, vendor, or partner onboarding and compliance cannot move forward cleanly.	Review the workflow state, recent handoff, and source records.	Collect the supporting documents, transaction records, and stakeholder context needed to explain the break.	Decide whether to correct data, reroute work, escalate, or absorb the issue.	Update the workflow record, attach missing support, or restage the process.	Secure internal or external approval where the workflow requires it.	Resend the corrected record or restart the blocked step.	Close the issue only when downstream flow resumes or the exception is accepted.	In practice, recovery usually relies on spreadsheets, email, calls, and side notes outside the system of record.	Not pursued
Federal Reserve banks, credit intermediation, and related activities	Customer, participant, or stakeholder communication and escalation	Customer, participant, or stakeholder communication and escalation cannot move forward cleanly.	Review the workflow state, recent handoff, and source records.	Collect the supporting documents, transaction records, and stakeholder context needed to explain the break.	Decide whether to correct data, reroute work, escalate, or absorb the issue.	Update the workflow record, attach missing support, or restage the process.	Secure internal or external approval where the workflow requires it.	Resend the corrected record or restart the blocked step.	Close the issue only when downstream flow resumes or the exception is accepted.	In practice, recovery usually relies on spreadsheets, email, calls, and side notes outside the system of record.	Not pursued
Federal Reserve banks, credit intermediation, and related activities	Exception, dispute, and recovery handling	Exception, dispute, and recovery handling cannot move forward cleanly.	Review the workflow state, recent handoff, and source records.	Collect the supporting documents, transaction records, and stakeholder context needed to explain the break.	Decide whether to correct data, reroute work, escalate, or absorb the issue.	Update the workflow record, attach missing support, or restage the process.	Secure internal or external approval where the workflow requires it.	Resend the corrected record or restart the blocked step.	Close the issue only when downstream flow resumes or the exception is accepted.	In practice, recovery usually relies on spreadsheets, email, calls, and side notes outside the system of record.	Supporting workflow
Hospitals	Access, Admissions, and Throughput Management	Access, Admissions, and Throughput Management cannot move forward cleanly.	Review the workflow state, recent handoff, and source records.	Collect the supporting documents, transaction records, and stakeholder context needed to explain the break.	Decide whether to correct data, reroute work, escalate, or absorb the issue.	Update the workflow record, attach missing support, or restage the process.	Secure internal or external approval where the workflow requires it.	Resend the corrected record or restart the blocked step.	Close the issue only when downstream flow resumes or the exception is accepted.	In practice, recovery usually relies on spreadsheets, email, calls, and side notes outside the system of record.	Not pursued
Hospitals	Clinical Documentation	Clinical Documentation cannot move forward cleanly.	Review the workflow state, recent handoff, and source records.	Collect the supporting documents, transaction records, and stakeholder context needed to explain the break.	Decide whether to correct data, reroute work, escalate, or absorb the issue.	Update the workflow record, attach missing support, or restage the process.	Secure internal or external approval where the workflow requires it.	Resend the corrected record or restart the blocked step.	Close the issue only when downstream flow resumes or the exception is accepted.	In practice, recovery usually relies on spreadsheets, email, calls, and side notes outside the system of record.	Not pursued
Hospitals	Care Coordination and Order Management	Care Coordination and Order Management cannot move forward cleanly.	Review the workflow state, recent handoff, and source records.	Collect the supporting documents, transaction records, and stakeholder context needed to explain the break.	Decide whether to correct data, reroute work, escalate, or absorb the issue.	Update the workflow record, attach missing support, or restage the process.	Secure internal or external approval where the workflow requires it.	Resend the corrected record or restart the blocked step.	Close the issue only when downstream flow resumes or the exception is accepted.	In practice, recovery usually relies on spreadsheets, email, calls, and side notes outside the system of record.	Not pursued
Hospitals	Billing, Claims, and Collections	Billing, Claims, and Collections cannot move forward cleanly.	Review the workflow state, recent handoff, and source records.	Collect the supporting documents, transaction records, and stakeholder context needed to explain the break.	Decide whether to correct data, reroute work, escalate, or absorb the issue.	Update the workflow record, attach missing support, or restage the process.	Secure internal or external approval where the workflow requires it.	Resend the corrected record or restart the blocked step.	Close the issue only when downstream flow resumes or the exception is accepted.	In practice, recovery usually relies on spreadsheets, email, calls, and side notes outside the system of record.	KILL-candidate
Hospitals	Payer Contract Management	Payer Contract Management cannot move forward cleanly.	Review the workflow state, recent handoff, and source records.	Collect the supporting documents, transaction records, and stakeholder context needed to explain the break.	Decide whether to correct data, reroute work, escalate, or absorb the issue.	Update the workflow record, attach missing support, or restage the process.	Secure internal or external approval where the workflow requires it.	Resend the corrected record or restart the blocked step.	Close the issue only when downstream flow resumes or the exception is accepted.	In practice, recovery usually relies on spreadsheets, email, calls, and side notes outside the system of record.	Not pursued
Hospitals	Workforce planning, assignment, and time capture	Workforce planning, assignment, and time capture cannot move forward cleanly.	Review the workflow state, recent handoff, and source records.	Collect the supporting documents, transaction records, and stakeholder context needed to explain the break.	Decide whether to correct data, reroute work, escalate, or absorb the issue.	Update the workflow record, attach missing support, or restage the process.	Secure internal or external approval where the workflow requires it.	Resend the corrected record or restart the blocked step.	Close the issue only when downstream flow resumes or the exception is accepted.	In practice, recovery usually relies on spreadsheets, email, calls, and side notes outside the system of record.	Not pursued
Hospitals	Supplier, vendor, or partner onboarding and compliance	Supplier, vendor, or partner onboarding and compliance cannot move forward cleanly.	Review the workflow state, recent handoff, and source records.	Collect the supporting documents, transaction records, and stakeholder context needed to explain the break.	Decide whether to correct data, reroute work, escalate, or absorb the issue.	Update the workflow record, attach missing support, or restage the process.	Secure internal or external approval where the workflow requires it.	Resend the corrected record or restart the blocked step.	Close the issue only when downstream flow resumes or the exception is accepted.	In practice, recovery usually relies on spreadsheets, email, calls, and side notes outside the system of record.	Not pursued
Hospitals	Customer, participant, or stakeholder communication and escalation	Customer, participant, or stakeholder communication and escalation cannot move forward cleanly.	Review the workflow state, recent handoff, and source records.	Collect the supporting documents, transaction records, and stakeholder context needed to explain the break.	Decide whether to correct data, reroute work, escalate, or absorb the issue.	Update the workflow record, attach missing support, or restage the process.	Secure internal or external approval where the workflow requires it.	Resend the corrected record or restart the blocked step.	Close the issue only when downstream flow resumes or the exception is accepted.	In practice, recovery usually relies on spreadsheets, email, calls, and side notes outside the system of record.	Not pursued
Hospitals	Compliance, reporting, and audit support	Compliance, reporting, and audit support cannot move forward cleanly.	Review the workflow state, recent handoff, and source records.	Collect the supporting documents, transaction records, and stakeholder context needed to explain the break.	Decide whether to correct data, reroute work, escalate, or absorb the issue.	Update the workflow record, attach missing support, or restage the process.	Secure internal or external approval where the workflow requires it.	Resend the corrected record or restart the blocked step.	Close the issue only when downstream flow resumes or the exception is accepted.	In practice, recovery usually relies on spreadsheets, email, calls, and side notes outside the system of record.	Not pursued
Hospitals	Exception, dispute, and recovery handling	Exception, dispute, and recovery handling cannot move forward cleanly.	Review the workflow state, recent handoff, and source records.	Collect the supporting documents, transaction records, and stakeholder context needed to explain the break.	Decide whether to correct data, reroute work, escalate, or absorb the issue.	Update the workflow record, attach missing support, or restage the process.	Secure internal or external approval where the workflow requires it.	Resend the corrected record or restart the blocked step.	Close the issue only when downstream flow resumes or the exception is accepted.	In practice, recovery usually relies on spreadsheets, email, calls, and side notes outside the system of record.	Supporting workflow
Food and beverage and tobacco products	Demand Planning	Demand Planning cannot move forward cleanly.	Review the workflow state, recent handoff, and source records.	Collect the supporting documents, transaction records, and stakeholder context needed to explain the break.	Decide whether to correct data, reroute work, escalate, or absorb the issue.	Update the workflow record, attach missing support, or restage the process.	Secure internal or external approval where the workflow requires it.	Resend the corrected record or restart the blocked step.	Close the issue only when downstream flow resumes or the exception is accepted.	In practice, recovery usually relies on spreadsheets, email, calls, and side notes outside the system of record.	Not pursued
Food and beverage and tobacco products	Material Sourcing	Material Sourcing cannot move forward cleanly.	Review the workflow state, recent handoff, and source records.	Collect the supporting documents, transaction records, and stakeholder context needed to explain the break.	Decide whether to correct data, reroute work, escalate, or absorb the issue.	Update the workflow record, attach missing support, or restage the process.	Secure internal or external approval where the workflow requires it.	Resend the corrected record or restart the blocked step.	Close the issue only when downstream flow resumes or the exception is accepted.	In practice, recovery usually relies on spreadsheets, email, calls, and side notes outside the system of record.	Not pursued
Food and beverage and tobacco products	Production Planning and Process Control	Production Planning and Process Control cannot move forward cleanly.	Review the workflow state, recent handoff, and source records.	Collect the supporting documents, transaction records, and stakeholder context needed to explain the break.	Decide whether to correct data, reroute work, escalate, or absorb the issue.	Update the workflow record, attach missing support, or restage the process.	Secure internal or external approval where the workflow requires it.	Resend the corrected record or restart the blocked step.	Close the issue only when downstream flow resumes or the exception is accepted.	In practice, recovery usually relies on spreadsheets, email, calls, and side notes outside the system of record.	Not pursued
Food and beverage and tobacco products	Regulatory Labeling and Compliance	Regulatory Labeling and Compliance cannot move forward cleanly.	Review the workflow state, recent handoff, and source records.	Collect the supporting documents, transaction records, and stakeholder context needed to explain the break.	Decide whether to correct data, reroute work, escalate, or absorb the issue.	Update the workflow record, attach missing support, or restage the process.	Secure internal or external approval where the workflow requires it.	Resend the corrected record or restart the blocked step.	Close the issue only when downstream flow resumes or the exception is accepted.	In practice, recovery usually relies on spreadsheets, email, calls, and side notes outside the system of record.	Not pursued
Food and beverage and tobacco products	Distribution and Trade Promotion	Distribution and Trade Promotion cannot move forward cleanly.	Review the workflow state, recent handoff, and source records.	Collect the supporting documents, transaction records, and stakeholder context needed to explain the break.	Decide whether to correct data, reroute work, escalate, or absorb the issue.	Update the workflow record, attach missing support, or restage the process.	Secure internal or external approval where the workflow requires it.	Resend the corrected record or restart the blocked step.	Close the issue only when downstream flow resumes or the exception is accepted.	In practice, recovery usually relies on spreadsheets, email, calls, and side notes outside the system of record.	KILL-candidate
Food and beverage and tobacco products	Lead, intake, and qualification management	Lead, intake, and qualification management cannot move forward cleanly.	Review the workflow state, recent handoff, and source records.	Collect the supporting documents, transaction records, and stakeholder context needed to explain the break.	Decide whether to correct data, reroute work, escalate, or absorb the issue.	Update the workflow record, attach missing support, or restage the process.	Secure internal or external approval where the workflow requires it.	Resend the corrected record or restart the blocked step.	Close the issue only when downstream flow resumes or the exception is accepted.	In practice, recovery usually relies on spreadsheets, email, calls, and side notes outside the system of record.	Not pursued
Food and beverage and tobacco products	Billing, settlement, and close	Billing, settlement, and close cannot move forward cleanly.	Review the workflow state, recent handoff, and source records.	Collect the supporting documents, transaction records, and stakeholder context needed to explain the break.	Decide whether to correct data, reroute work, escalate, or absorb the issue.	Update the workflow record, attach missing support, or restage the process.	Secure internal or external approval where the workflow requires it.	Resend the corrected record or restart the blocked step.	Close the issue only when downstream flow resumes or the exception is accepted.	In practice, recovery usually relies on spreadsheets, email, calls, and side notes outside the system of record.	Supporting workflow
Food and beverage and tobacco products	Workforce planning, assignment, and time capture	Workforce planning, assignment, and time capture cannot move forward cleanly.	Review the workflow state, recent handoff, and source records.	Collect the supporting documents, transaction records, and stakeholder context needed to explain the break.	Decide whether to correct data, reroute work, escalate, or absorb the issue.	Update the workflow record, attach missing support, or restage the process.	Secure internal or external approval where the workflow requires it.	Resend the corrected record or restart the blocked step.	Close the issue only when downstream flow resumes or the exception is accepted.	In practice, recovery usually relies on spreadsheets, email, calls, and side notes outside the system of record.	Not pursued
Food and beverage and tobacco products	Customer, participant, or stakeholder communication and escalation	Customer, participant, or stakeholder communication and escalation cannot move forward cleanly.	Review the workflow state, recent handoff, and source records.	Collect the supporting documents, transaction records, and stakeholder context needed to explain the break.	Decide whether to correct data, reroute work, escalate, or absorb the issue.	Update the workflow record, attach missing support, or restage the process.	Secure internal or external approval where the workflow requires it.	Resend the corrected record or restart the blocked step.	Close the issue only when downstream flow resumes or the exception is accepted.	In practice, recovery usually relies on spreadsheets, email, calls, and side notes outside the system of record.	Not pursued
Food and beverage and tobacco products	Exception, dispute, and recovery handling	Exception, dispute, and recovery handling cannot move forward cleanly.	Review the workflow state, recent handoff, and source records.	Collect the supporting documents, transaction records, and stakeholder context needed to explain the break.	Decide whether to correct data, reroute work, escalate, or absorb the issue.	Update the workflow record, attach missing support, or restage the process.	Secure internal or external approval where the workflow requires it.	Resend the corrected record or restart the blocked step.	Close the issue only when downstream flow resumes or the exception is accepted.	In practice, recovery usually relies on spreadsheets, email, calls, and side notes outside the system of record.	Supporting workflow
Other services, except government	Lead Intake and Scheduling	Lead Intake and Scheduling cannot move forward cleanly.	Review the workflow state, recent handoff, and source records.	Collect the supporting documents, transaction records, and stakeholder context needed to explain the break.	Decide whether to correct data, reroute work, escalate, or absorb the issue.	Update the workflow record, attach missing support, or restage the process.	Secure internal or external approval where the workflow requires it.	Resend the corrected record or restart the blocked step.	Close the issue only when downstream flow resumes or the exception is accepted.	In practice, recovery usually relies on spreadsheets, email, calls, and side notes outside the system of record.	Not pursued
Other services, except government	Workforce Scheduling and Dispatch	Workforce Scheduling and Dispatch cannot move forward cleanly.	Review the workflow state, recent handoff, and source records.	Collect the supporting documents, transaction records, and stakeholder context needed to explain the break.	Decide whether to correct data, reroute work, escalate, or absorb the issue.	Update the workflow record, attach missing support, or restage the process.	Secure internal or external approval where the workflow requires it.	Resend the corrected record or restart the blocked step.	Close the issue only when downstream flow resumes or the exception is accepted.	In practice, recovery usually relies on spreadsheets, email, calls, and side notes outside the system of record.	Not pursued
Other services, except government	Field Service Execution	Field Service Execution cannot move forward cleanly.	Review the workflow state, recent handoff, and source records.	Collect the supporting documents, transaction records, and stakeholder context needed to explain the break.	Decide whether to correct data, reroute work, escalate, or absorb the issue.	Update the workflow record, attach missing support, or restage the process.	Secure internal or external approval where the workflow requires it.	Resend the corrected record or restart the blocked step.	Close the issue only when downstream flow resumes or the exception is accepted.	In practice, recovery usually relies on spreadsheets, email, calls, and side notes outside the system of record.	Not pursued
Other services, except government	Billing and Payment Processing	Billing and Payment Processing cannot move forward cleanly.	Review the workflow state, recent handoff, and source records.	Collect the supporting documents, transaction records, and stakeholder context needed to explain the break.	Decide whether to correct data, reroute work, escalate, or absorb the issue.	Update the workflow record, attach missing support, or restage the process.	Secure internal or external approval where the workflow requires it.	Resend the corrected record or restart the blocked step.	Close the issue only when downstream flow resumes or the exception is accepted.	In practice, recovery usually relies on spreadsheets, email, calls, and side notes outside the system of record.	KILL-candidate
Other services, except government	Customer Retention and Repeat Service	Customer Retention and Repeat Service cannot move forward cleanly.	Review the workflow state, recent handoff, and source records.	Collect the supporting documents, transaction records, and stakeholder context needed to explain the break.	Decide whether to correct data, reroute work, escalate, or absorb the issue.	Update the workflow record, attach missing support, or restage the process.	Secure internal or external approval where the workflow requires it.	Resend the corrected record or restart the blocked step.	Close the issue only when downstream flow resumes or the exception is accepted.	In practice, recovery usually relies on spreadsheets, email, calls, and side notes outside the system of record.	Not pursued
Other services, except government	Lead, intake, and qualification management	Lead, intake, and qualification management cannot move forward cleanly.	Review the workflow state, recent handoff, and source records.	Collect the supporting documents, transaction records, and stakeholder context needed to explain the break.	Decide whether to correct data, reroute work, escalate, or absorb the issue.	Update the workflow record, attach missing support, or restage the process.	Secure internal or external approval where the workflow requires it.	Resend the corrected record or restart the blocked step.	Close the issue only when downstream flow resumes or the exception is accepted.	In practice, recovery usually relies on spreadsheets, email, calls, and side notes outside the system of record.	Not pursued
Other services, except government	Supplier, vendor, or partner onboarding and compliance	Supplier, vendor, or partner onboarding and compliance cannot move forward cleanly.	Review the workflow state, recent handoff, and source records.	Collect the supporting documents, transaction records, and stakeholder context needed to explain the break.	Decide whether to correct data, reroute work, escalate, or absorb the issue.	Update the workflow record, attach missing support, or restage the process.	Secure internal or external approval where the workflow requires it.	Resend the corrected record or restart the blocked step.	Close the issue only when downstream flow resumes or the exception is accepted.	In practice, recovery usually relies on spreadsheets, email, calls, and side notes outside the system of record.	Not pursued
Other services, except government	Compliance, reporting, and audit support	Compliance, reporting, and audit support cannot move forward cleanly.	Review the workflow state, recent handoff, and source records.	Collect the supporting documents, transaction records, and stakeholder context needed to explain the break.	Decide whether to correct data, reroute work, escalate, or absorb the issue.	Update the workflow record, attach missing support, or restage the process.	Secure internal or external approval where the workflow requires it.	Resend the corrected record or restart the blocked step.	Close the issue only when downstream flow resumes or the exception is accepted.	In practice, recovery usually relies on spreadsheets, email, calls, and side notes outside the system of record.	Not pursued
Other services, except government	Exception, dispute, and recovery handling	Exception, dispute, and recovery handling cannot move forward cleanly.	Review the workflow state, recent handoff, and source records.	Collect the supporting documents, transaction records, and stakeholder context needed to explain the break.	Decide whether to correct data, reroute work, escalate, or absorb the issue.	Update the workflow record, attach missing support, or restage the process.	Secure internal or external approval where the workflow requires it.	Resend the corrected record or restart the blocked step.	Close the issue only when downstream flow resumes or the exception is accepted.	In practice, recovery usually relies on spreadsheets, email, calls, and side notes outside the system of record.	Supporting workflow
Securities, commodity contracts, and investments	Client Onboarding and KYC	Client Onboarding and KYC cannot move forward cleanly.	Review the workflow state, recent handoff, and source records.	Collect the supporting documents, transaction records, and stakeholder context needed to explain the break.	Decide whether to correct data, reroute work, escalate, or absorb the issue.	Update the workflow record, attach missing support, or restage the process.	Secure internal or external approval where the workflow requires it.	Resend the corrected record or restart the blocked step.	Close the issue only when downstream flow resumes or the exception is accepted.	In practice, recovery usually relies on spreadsheets, email, calls, and side notes outside the system of record.	Not pursued
Securities, commodity contracts, and investments	Portfolio and Order Management	Portfolio and Order Management cannot move forward cleanly.	Review the workflow state, recent handoff, and source records.	Collect the supporting documents, transaction records, and stakeholder context needed to explain the break.	Decide whether to correct data, reroute work, escalate, or absorb the issue.	Update the workflow record, attach missing support, or restage the process.	Secure internal or external approval where the workflow requires it.	Resend the corrected record or restart the blocked step.	Close the issue only when downstream flow resumes or the exception is accepted.	In practice, recovery usually relies on spreadsheets, email, calls, and side notes outside the system of record.	Not pursued
Securities, commodity contracts, and investments	Trade Execution and Settlement	Trade Execution and Settlement cannot move forward cleanly.	Review the workflow state, recent handoff, and source records.	Collect the supporting documents, transaction records, and stakeholder context needed to explain the break.	Decide whether to correct data, reroute work, escalate, or absorb the issue.	Update the workflow record, attach missing support, or restage the process.	Secure internal or external approval where the workflow requires it.	Resend the corrected record or restart the blocked step.	Close the issue only when downstream flow resumes or the exception is accepted.	In practice, recovery usually relies on spreadsheets, email, calls, and side notes outside the system of record.	Supporting workflow
Securities, commodity contracts, and investments	Risk and Compliance Surveillance	Risk and Compliance Surveillance cannot move forward cleanly.	Review the workflow state, recent handoff, and source records.	Collect the supporting documents, transaction records, and stakeholder context needed to explain the break.	Decide whether to correct data, reroute work, escalate, or absorb the issue.	Update the workflow record, attach missing support, or restage the process.	Secure internal or external approval where the workflow requires it.	Resend the corrected record or restart the blocked step.	Close the issue only when downstream flow resumes or the exception is accepted.	In practice, recovery usually relies on spreadsheets, email, calls, and side notes outside the system of record.	Not pursued
Securities, commodity contracts, and investments	Investor Reporting and Performance	Investor Reporting and Performance cannot move forward cleanly.	Review the workflow state, recent handoff, and source records.	Collect the supporting documents, transaction records, and stakeholder context needed to explain the break.	Decide whether to correct data, reroute work, escalate, or absorb the issue.	Update the workflow record, attach missing support, or restage the process.	Secure internal or external approval where the workflow requires it.	Resend the corrected record or restart the blocked step.	Close the issue only when downstream flow resumes or the exception is accepted.	In practice, recovery usually relies on spreadsheets, email, calls, and side notes outside the system of record.	Not pursued
Securities, commodity contracts, and investments	Trade execution, settlement, and books-and-records exceptions	Trade execution, settlement, and books-and-records exceptions cannot move forward cleanly.	Review the workflow state, recent handoff, and source records.	Collect the supporting documents, transaction records, and stakeholder context needed to explain the break.	Decide whether to correct data, reroute work, escalate, or absorb the issue.	Update the workflow record, attach missing support, or restage the process.	Secure internal or external approval where the workflow requires it.	Resend the corrected record or restart the blocked step.	Close the issue only when downstream flow resumes or the exception is accepted.	In practice, recovery usually relies on spreadsheets, email, calls, and side notes outside the system of record.	MERGE->W-004
Securities, commodity contracts, and investments	Lead, intake, and qualification management	Lead, intake, and qualification management cannot move forward cleanly.	Review the workflow state, recent handoff, and source records.	Collect the supporting documents, transaction records, and stakeholder context needed to explain the break.	Decide whether to correct data, reroute work, escalate, or absorb the issue.	Update the workflow record, attach missing support, or restage the process.	Secure internal or external approval where the workflow requires it.	Resend the corrected record or restart the blocked step.	Close the issue only when downstream flow resumes or the exception is accepted.	In practice, recovery usually relies on spreadsheets, email, calls, and side notes outside the system of record.	Not pursued
Securities, commodity contracts, and investments	Workforce planning, assignment, and time capture	Workforce planning, assignment, and time capture cannot move forward cleanly.	Review the workflow state, recent handoff, and source records.	Collect the supporting documents, transaction records, and stakeholder context needed to explain the break.	Decide whether to correct data, reroute work, escalate, or absorb the issue.	Update the workflow record, attach missing support, or restage the process.	Secure internal or external approval where the workflow requires it.	Resend the corrected record or restart the blocked step.	Close the issue only when downstream flow resumes or the exception is accepted.	In practice, recovery usually relies on spreadsheets, email, calls, and side notes outside the system of record.	Not pursued
Securities, commodity contracts, and investments	Supplier, vendor, or partner onboarding and compliance	Supplier, vendor, or partner onboarding and compliance cannot move forward cleanly.	Review the workflow state, recent handoff, and source records.	Collect the supporting documents, transaction records, and stakeholder context needed to explain the break.	Decide whether to correct data, reroute work, escalate, or absorb the issue.	Update the workflow record, attach missing support, or restage the process.	Secure internal or external approval where the workflow requires it.	Resend the corrected record or restart the blocked step.	Close the issue only when downstream flow resumes or the exception is accepted.	In practice, recovery usually relies on spreadsheets, email, calls, and side notes outside the system of record.	Not pursued
Chemical products	Material Sourcing	Material Sourcing cannot move forward cleanly.	Review the workflow state, recent handoff, and source records.	Collect the supporting documents, transaction records, and stakeholder context needed to explain the break.	Decide whether to correct data, reroute work, escalate, or absorb the issue.	Update the workflow record, attach missing support, or restage the process.	Secure internal or external approval where the workflow requires it.	Resend the corrected record or restart the blocked step.	Close the issue only when downstream flow resumes or the exception is accepted.	In practice, recovery usually relies on spreadsheets, email, calls, and side notes outside the system of record.	Not pursued
Chemical products	Production Planning and Process Control	Production Planning and Process Control cannot move forward cleanly.	Review the workflow state, recent handoff, and source records.	Collect the supporting documents, transaction records, and stakeholder context needed to explain the break.	Decide whether to correct data, reroute work, escalate, or absorb the issue.	Update the workflow record, attach missing support, or restage the process.	Secure internal or external approval where the workflow requires it.	Resend the corrected record or restart the blocked step.	Close the issue only when downstream flow resumes or the exception is accepted.	In practice, recovery usually relies on spreadsheets, email, calls, and side notes outside the system of record.	Not pursued
Chemical products	Quality, Safety, and Environmental Management	Quality, Safety, and Environmental Management cannot move forward cleanly.	Review the workflow state, recent handoff, and source records.	Collect the supporting documents, transaction records, and stakeholder context needed to explain the break.	Decide whether to correct data, reroute work, escalate, or absorb the issue.	Update the workflow record, attach missing support, or restage the process.	Secure internal or external approval where the workflow requires it.	Resend the corrected record or restart the blocked step.	Close the issue only when downstream flow resumes or the exception is accepted.	In practice, recovery usually relies on spreadsheets, email, calls, and side notes outside the system of record.	Not pursued
Chemical products	Order Management and Fulfillment	Order Management and Fulfillment cannot move forward cleanly.	Review the workflow state, recent handoff, and source records.	Collect the supporting documents, transaction records, and stakeholder context needed to explain the break.	Decide whether to correct data, reroute work, escalate, or absorb the issue.	Update the workflow record, attach missing support, or restage the process.	Secure internal or external approval where the workflow requires it.	Resend the corrected record or restart the blocked step.	Close the issue only when downstream flow resumes or the exception is accepted.	In practice, recovery usually relies on spreadsheets, email, calls, and side notes outside the system of record.	Not pursued
Chemical products	Contract and Margin Management	Contract and Margin Management cannot move forward cleanly.	Review the workflow state, recent handoff, and source records.	Collect the supporting documents, transaction records, and stakeholder context needed to explain the break.	Decide whether to correct data, reroute work, escalate, or absorb the issue.	Update the workflow record, attach missing support, or restage the process.	Secure internal or external approval where the workflow requires it.	Resend the corrected record or restart the blocked step.	Close the issue only when downstream flow resumes or the exception is accepted.	In practice, recovery usually relies on spreadsheets, email, calls, and side notes outside the system of record.	KILL-candidate
Chemical products	Lead, intake, and qualification management	Lead, intake, and qualification management cannot move forward cleanly.	Review the workflow state, recent handoff, and source records.	Collect the supporting documents, transaction records, and stakeholder context needed to explain the break.	Decide whether to correct data, reroute work, escalate, or absorb the issue.	Update the workflow record, attach missing support, or restage the process.	Secure internal or external approval where the workflow requires it.	Resend the corrected record or restart the blocked step.	Close the issue only when downstream flow resumes or the exception is accepted.	In practice, recovery usually relies on spreadsheets, email, calls, and side notes outside the system of record.	Not pursued
Chemical products	Workforce planning, assignment, and time capture	Workforce planning, assignment, and time capture cannot move forward cleanly.	Review the workflow state, recent handoff, and source records.	Collect the supporting documents, transaction records, and stakeholder context needed to explain the break.	Decide whether to correct data, reroute work, escalate, or absorb the issue.	Update the workflow record, attach missing support, or restage the process.	Secure internal or external approval where the workflow requires it.	Resend the corrected record or restart the blocked step.	Close the issue only when downstream flow resumes or the exception is accepted.	In practice, recovery usually relies on spreadsheets, email, calls, and side notes outside the system of record.	Not pursued
Chemical products	Customer, participant, or stakeholder communication and escalation	Customer, participant, or stakeholder communication and escalation cannot move forward cleanly.	Review the workflow state, recent handoff, and source records.	Collect the supporting documents, transaction records, and stakeholder context needed to explain the break.	Decide whether to correct data, reroute work, escalate, or absorb the issue.	Update the workflow record, attach missing support, or restage the process.	Secure internal or external approval where the workflow requires it.	Resend the corrected record or restart the blocked step.	Close the issue only when downstream flow resumes or the exception is accepted.	In practice, recovery usually relies on spreadsheets, email, calls, and side notes outside the system of record.	Not pursued
Chemical products	Exception, dispute, and recovery handling	Exception, dispute, and recovery handling cannot move forward cleanly.	Review the workflow state, recent handoff, and source records.	Collect the supporting documents, transaction records, and stakeholder context needed to explain the break.	Decide whether to correct data, reroute work, escalate, or absorb the issue.	Update the workflow record, attach missing support, or restage the process.	Secure internal or external approval where the workflow requires it.	Resend the corrected record or restart the blocked step.	Close the issue only when downstream flow resumes or the exception is accepted.	In practice, recovery usually relies on spreadsheets, email, calls, and side notes outside the system of record.	Supporting workflow
Data processing, internet publishing, and other information services	Infrastructure Capacity Planning	Infrastructure Capacity Planning cannot move forward cleanly.	Review the workflow state, recent handoff, and source records.	Collect the supporting documents, transaction records, and stakeholder context needed to explain the break.	Decide whether to correct data, reroute work, escalate, or absorb the issue.	Update the workflow record, attach missing support, or restage the process.	Secure internal or external approval where the workflow requires it.	Resend the corrected record or restart the blocked step.	Close the issue only when downstream flow resumes or the exception is accepted.	In practice, recovery usually relies on spreadsheets, email, calls, and side notes outside the system of record.	Not pursued
Data processing, internet publishing, and other information services	Product and Content Release Management	Product and Content Release Management cannot move forward cleanly.	Review the workflow state, recent handoff, and source records.	Collect the supporting documents, transaction records, and stakeholder context needed to explain the break.	Decide whether to correct data, reroute work, escalate, or absorb the issue.	Update the workflow record, attach missing support, or restage the process.	Secure internal or external approval where the workflow requires it.	Resend the corrected record or restart the blocked step.	Close the issue only when downstream flow resumes or the exception is accepted.	In practice, recovery usually relies on spreadsheets, email, calls, and side notes outside the system of record.	Not pursued
Data processing, internet publishing, and other information services	Customer Acquisition and Onboarding	Customer Acquisition and Onboarding cannot move forward cleanly.	Review the workflow state, recent handoff, and source records.	Collect the supporting documents, transaction records, and stakeholder context needed to explain the break.	Decide whether to correct data, reroute work, escalate, or absorb the issue.	Update the workflow record, attach missing support, or restage the process.	Secure internal or external approval where the workflow requires it.	Resend the corrected record or restart the blocked step.	Close the issue only when downstream flow resumes or the exception is accepted.	In practice, recovery usually relies on spreadsheets, email, calls, and side notes outside the system of record.	Not pursued
Data processing, internet publishing, and other information services	Usage Billing and Monetization	Usage Billing and Monetization cannot move forward cleanly.	Review the workflow state, recent handoff, and source records.	Collect the supporting documents, transaction records, and stakeholder context needed to explain the break.	Decide whether to correct data, reroute work, escalate, or absorb the issue.	Update the workflow record, attach missing support, or restage the process.	Secure internal or external approval where the workflow requires it.	Resend the corrected record or restart the blocked step.	Close the issue only when downstream flow resumes or the exception is accepted.	In practice, recovery usually relies on spreadsheets, email, calls, and side notes outside the system of record.	KILL-candidate
Data processing, internet publishing, and other information services	Reliability and Security Operations	Reliability and Security Operations cannot move forward cleanly.	Review the workflow state, recent handoff, and source records.	Collect the supporting documents, transaction records, and stakeholder context needed to explain the break.	Decide whether to correct data, reroute work, escalate, or absorb the issue.	Update the workflow record, attach missing support, or restage the process.	Secure internal or external approval where the workflow requires it.	Resend the corrected record or restart the blocked step.	Close the issue only when downstream flow resumes or the exception is accepted.	In practice, recovery usually relies on spreadsheets, email, calls, and side notes outside the system of record.	Not pursued
Data processing, internet publishing, and other information services	Lead, intake, and qualification management	Lead, intake, and qualification management cannot move forward cleanly.	Review the workflow state, recent handoff, and source records.	Collect the supporting documents, transaction records, and stakeholder context needed to explain the break.	Decide whether to correct data, reroute work, escalate, or absorb the issue.	Update the workflow record, attach missing support, or restage the process.	Secure internal or external approval where the workflow requires it.	Resend the corrected record or restart the blocked step.	Close the issue only when downstream flow resumes or the exception is accepted.	In practice, recovery usually relies on spreadsheets, email, calls, and side notes outside the system of record.	Not pursued
Data processing, internet publishing, and other information services	Workforce planning, assignment, and time capture	Workforce planning, assignment, and time capture cannot move forward cleanly.	Review the workflow state, recent handoff, and source records.	Collect the supporting documents, transaction records, and stakeholder context needed to explain the break.	Decide whether to correct data, reroute work, escalate, or absorb the issue.	Update the workflow record, attach missing support, or restage the process.	Secure internal or external approval where the workflow requires it.	Resend the corrected record or restart the blocked step.	Close the issue only when downstream flow resumes or the exception is accepted.	In practice, recovery usually relies on spreadsheets, email, calls, and side notes outside the system of record.	Not pursued
Data processing, internet publishing, and other information services	Supplier, vendor, or partner onboarding and compliance	Supplier, vendor, or partner onboarding and compliance cannot move forward cleanly.	Review the workflow state, recent handoff, and source records.	Collect the supporting documents, transaction records, and stakeholder context needed to explain the break.	Decide whether to correct data, reroute work, escalate, or absorb the issue.	Update the workflow record, attach missing support, or restage the process.	Secure internal or external approval where the workflow requires it.	Resend the corrected record or restart the blocked step.	Close the issue only when downstream flow resumes or the exception is accepted.	In practice, recovery usually relies on spreadsheets, email, calls, and side notes outside the system of record.	Not pursued
Data processing, internet publishing, and other information services	Compliance, reporting, and audit support	Compliance, reporting, and audit support cannot move forward cleanly.	Review the workflow state, recent handoff, and source records.	Collect the supporting documents, transaction records, and stakeholder context needed to explain the break.	Decide whether to correct data, reroute work, escalate, or absorb the issue.	Update the workflow record, attach missing support, or restage the process.	Secure internal or external approval where the workflow requires it.	Resend the corrected record or restart the blocked step.	Close the issue only when downstream flow resumes or the exception is accepted.	In practice, recovery usually relies on spreadsheets, email, calls, and side notes outside the system of record.	Not pursued
Data processing, internet publishing, and other information services	Exception, dispute, and recovery handling	Exception, dispute, and recovery handling cannot move forward cleanly.	Review the workflow state, recent handoff, and source records.	Collect the supporting documents, transaction records, and stakeholder context needed to explain the break.	Decide whether to correct data, reroute work, escalate, or absorb the issue.	Update the workflow record, attach missing support, or restage the process.	Secure internal or external approval where the workflow requires it.	Resend the corrected record or restart the blocked step.	Close the issue only when downstream flow resumes or the exception is accepted.	In practice, recovery usually relies on spreadsheets, email, calls, and side notes outside the system of record.	Supporting workflow
Broadcasting and telecommunications	Network Planning and Capital Management	Network Planning and Capital Management cannot move forward cleanly.	Review the workflow state, recent handoff, and source records.	Collect the supporting documents, transaction records, and stakeholder context needed to explain the break.	Decide whether to correct data, reroute work, escalate, or absorb the issue.	Update the workflow record, attach missing support, or restage the process.	Secure internal or external approval where the workflow requires it.	Resend the corrected record or restart the blocked step.	Close the issue only when downstream flow resumes or the exception is accepted.	In practice, recovery usually relies on spreadsheets, email, calls, and side notes outside the system of record.	Not pursued
Broadcasting and telecommunications	Service Provisioning and Activation	Service Provisioning and Activation cannot move forward cleanly.	Review the workflow state, recent handoff, and source records.	Collect the supporting documents, transaction records, and stakeholder context needed to explain the break.	Decide whether to correct data, reroute work, escalate, or absorb the issue.	Update the workflow record, attach missing support, or restage the process.	Secure internal or external approval where the workflow requires it.	Resend the corrected record or restart the blocked step.	Close the issue only when downstream flow resumes or the exception is accepted.	In practice, recovery usually relies on spreadsheets, email, calls, and side notes outside the system of record.	Not pursued
Broadcasting and telecommunications	Content and Service Operations	Content and Service Operations cannot move forward cleanly.	Review the workflow state, recent handoff, and source records.	Collect the supporting documents, transaction records, and stakeholder context needed to explain the break.	Decide whether to correct data, reroute work, escalate, or absorb the issue.	Update the workflow record, attach missing support, or restage the process.	Secure internal or external approval where the workflow requires it.	Resend the corrected record or restart the blocked step.	Close the issue only when downstream flow resumes or the exception is accepted.	In practice, recovery usually relies on spreadsheets, email, calls, and side notes outside the system of record.	Not pursued
Broadcasting and telecommunications	Billing and Collections	Billing and Collections cannot move forward cleanly.	Review the workflow state, recent handoff, and source records.	Collect the supporting documents, transaction records, and stakeholder context needed to explain the break.	Decide whether to correct data, reroute work, escalate, or absorb the issue.	Update the workflow record, attach missing support, or restage the process.	Secure internal or external approval where the workflow requires it.	Resend the corrected record or restart the blocked step.	Close the issue only when downstream flow resumes or the exception is accepted.	In practice, recovery usually relies on spreadsheets, email, calls, and side notes outside the system of record.	Supporting workflow
Broadcasting and telecommunications	Outage and Regulatory Management	Outage and Regulatory Management cannot move forward cleanly.	Review the workflow state, recent handoff, and source records.	Collect the supporting documents, transaction records, and stakeholder context needed to explain the break.	Decide whether to correct data, reroute work, escalate, or absorb the issue.	Update the workflow record, attach missing support, or restage the process.	Secure internal or external approval where the workflow requires it.	Resend the corrected record or restart the blocked step.	Close the issue only when downstream flow resumes or the exception is accepted.	In practice, recovery usually relies on spreadsheets, email, calls, and side notes outside the system of record.	KILL-candidate
Broadcasting and telecommunications	Lead, intake, and qualification management	Lead, intake, and qualification management cannot move forward cleanly.	Review the workflow state, recent handoff, and source records.	Collect the supporting documents, transaction records, and stakeholder context needed to explain the break.	Decide whether to correct data, reroute work, escalate, or absorb the issue.	Update the workflow record, attach missing support, or restage the process.	Secure internal or external approval where the workflow requires it.	Resend the corrected record or restart the blocked step.	Close the issue only when downstream flow resumes or the exception is accepted.	In practice, recovery usually relies on spreadsheets, email, calls, and side notes outside the system of record.	Not pursued
Broadcasting and telecommunications	Workforce planning, assignment, and time capture	Workforce planning, assignment, and time capture cannot move forward cleanly.	Review the workflow state, recent handoff, and source records.	Collect the supporting documents, transaction records, and stakeholder context needed to explain the break.	Decide whether to correct data, reroute work, escalate, or absorb the issue.	Update the workflow record, attach missing support, or restage the process.	Secure internal or external approval where the workflow requires it.	Resend the corrected record or restart the blocked step.	Close the issue only when downstream flow resumes or the exception is accepted.	In practice, recovery usually relies on spreadsheets, email, calls, and side notes outside the system of record.	Not pursued
Broadcasting and telecommunications	Supplier, vendor, or partner onboarding and compliance	Supplier, vendor, or partner onboarding and compliance cannot move forward cleanly.	Review the workflow state, recent handoff, and source records.	Collect the supporting documents, transaction records, and stakeholder context needed to explain the break.	Decide whether to correct data, reroute work, escalate, or absorb the issue.	Update the workflow record, attach missing support, or restage the process.	Secure internal or external approval where the workflow requires it.	Resend the corrected record or restart the blocked step.	Close the issue only when downstream flow resumes or the exception is accepted.	In practice, recovery usually relies on spreadsheets, email, calls, and side notes outside the system of record.	Not pursued
Broadcasting and telecommunications	Customer, participant, or stakeholder communication and escalation	Customer, participant, or stakeholder communication and escalation cannot move forward cleanly.	Review the workflow state, recent handoff, and source records.	Collect the supporting documents, transaction records, and stakeholder context needed to explain the break.	Decide whether to correct data, reroute work, escalate, or absorb the issue.	Update the workflow record, attach missing support, or restage the process.	Secure internal or external approval where the workflow requires it.	Resend the corrected record or restart the blocked step.	Close the issue only when downstream flow resumes or the exception is accepted.	In practice, recovery usually relies on spreadsheets, email, calls, and side notes outside the system of record.	Not pursued
Broadcasting and telecommunications	Compliance, reporting, and audit support	Compliance, reporting, and audit support cannot move forward cleanly.	Review the workflow state, recent handoff, and source records.	Collect the supporting documents, transaction records, and stakeholder context needed to explain the break.	Decide whether to correct data, reroute work, escalate, or absorb the issue.	Update the workflow record, attach missing support, or restage the process.	Secure internal or external approval where the workflow requires it.	Resend the corrected record or restart the blocked step.	Close the issue only when downstream flow resumes or the exception is accepted.	In practice, recovery usually relies on spreadsheets, email, calls, and side notes outside the system of record.	Not pursued
Management of companies and enterprises	Capital Allocation and Planning	Capital Allocation and Planning cannot move forward cleanly.	Review the workflow state, recent handoff, and source records.	Collect the supporting documents, transaction records, and stakeholder context needed to explain the break.	Decide whether to correct data, reroute work, escalate, or absorb the issue.	Update the workflow record, attach missing support, or restage the process.	Secure internal or external approval where the workflow requires it.	Resend the corrected record or restart the blocked step.	Close the issue only when downstream flow resumes or the exception is accepted.	In practice, recovery usually relies on spreadsheets, email, calls, and side notes outside the system of record.	Not pursued
Management of companies and enterprises	Financial Consolidation	Financial Consolidation cannot move forward cleanly.	Review the workflow state, recent handoff, and source records.	Collect the supporting documents, transaction records, and stakeholder context needed to explain the break.	Decide whether to correct data, reroute work, escalate, or absorb the issue.	Update the workflow record, attach missing support, or restage the process.	Secure internal or external approval where the workflow requires it.	Resend the corrected record or restart the blocked step.	Close the issue only when downstream flow resumes or the exception is accepted.	In practice, recovery usually relies on spreadsheets, email, calls, and side notes outside the system of record.	Not pursued
Management of companies and enterprises	Governance and Risk Review	Governance and Risk Review cannot move forward cleanly.	Review the workflow state, recent handoff, and source records.	Collect the supporting documents, transaction records, and stakeholder context needed to explain the break.	Decide whether to correct data, reroute work, escalate, or absorb the issue.	Update the workflow record, attach missing support, or restage the process.	Secure internal or external approval where the workflow requires it.	Resend the corrected record or restart the blocked step.	Close the issue only when downstream flow resumes or the exception is accepted.	In practice, recovery usually relies on spreadsheets, email, calls, and side notes outside the system of record.	Not pursued
Management of companies and enterprises	Shared Service Operations	Shared Service Operations cannot move forward cleanly.	Review the workflow state, recent handoff, and source records.	Collect the supporting documents, transaction records, and stakeholder context needed to explain the break.	Decide whether to correct data, reroute work, escalate, or absorb the issue.	Update the workflow record, attach missing support, or restage the process.	Secure internal or external approval where the workflow requires it.	Resend the corrected record or restart the blocked step.	Close the issue only when downstream flow resumes or the exception is accepted.	In practice, recovery usually relies on spreadsheets, email, calls, and side notes outside the system of record.	KILL-candidate
Management of companies and enterprises	Performance Management	Performance Management cannot move forward cleanly.	Review the workflow state, recent handoff, and source records.	Collect the supporting documents, transaction records, and stakeholder context needed to explain the break.	Decide whether to correct data, reroute work, escalate, or absorb the issue.	Update the workflow record, attach missing support, or restage the process.	Secure internal or external approval where the workflow requires it.	Resend the corrected record or restart the blocked step.	Close the issue only when downstream flow resumes or the exception is accepted.	In practice, recovery usually relies on spreadsheets, email, calls, and side notes outside the system of record.	Not pursued
Management of companies and enterprises	Lead, intake, and qualification management	Lead, intake, and qualification management cannot move forward cleanly.	Review the workflow state, recent handoff, and source records.	Collect the supporting documents, transaction records, and stakeholder context needed to explain the break.	Decide whether to correct data, reroute work, escalate, or absorb the issue.	Update the workflow record, attach missing support, or restage the process.	Secure internal or external approval where the workflow requires it.	Resend the corrected record or restart the blocked step.	Close the issue only when downstream flow resumes or the exception is accepted.	In practice, recovery usually relies on spreadsheets, email, calls, and side notes outside the system of record.	Not pursued
Management of companies and enterprises	Billing, settlement, and close	Billing, settlement, and close cannot move forward cleanly.	Review the workflow state, recent handoff, and source records.	Collect the supporting documents, transaction records, and stakeholder context needed to explain the break.	Decide whether to correct data, reroute work, escalate, or absorb the issue.	Update the workflow record, attach missing support, or restage the process.	Secure internal or external approval where the workflow requires it.	Resend the corrected record or restart the blocked step.	Close the issue only when downstream flow resumes or the exception is accepted.	In practice, recovery usually relies on spreadsheets, email, calls, and side notes outside the system of record.	Supporting workflow
Management of companies and enterprises	Workforce planning, assignment, and time capture	Workforce planning, assignment, and time capture cannot move forward cleanly.	Review the workflow state, recent handoff, and source records.	Collect the supporting documents, transaction records, and stakeholder context needed to explain the break.	Decide whether to correct data, reroute work, escalate, or absorb the issue.	Update the workflow record, attach missing support, or restage the process.	Secure internal or external approval where the workflow requires it.	Resend the corrected record or restart the blocked step.	Close the issue only when downstream flow resumes or the exception is accepted.	In practice, recovery usually relies on spreadsheets, email, calls, and side notes outside the system of record.	Not pursued
Management of companies and enterprises	Supplier, vendor, or partner onboarding and compliance	Supplier, vendor, or partner onboarding and compliance cannot move forward cleanly.	Review the workflow state, recent handoff, and source records.	Collect the supporting documents, transaction records, and stakeholder context needed to explain the break.	Decide whether to correct data, reroute work, escalate, or absorb the issue.	Update the workflow record, attach missing support, or restage the process.	Secure internal or external approval where the workflow requires it.	Resend the corrected record or restart the blocked step.	Close the issue only when downstream flow resumes or the exception is accepted.	In practice, recovery usually relies on spreadsheets, email, calls, and side notes outside the system of record.	Not pursued
Management of companies and enterprises	Customer, participant, or stakeholder communication and escalation	Customer, participant, or stakeholder communication and escalation cannot move forward cleanly.	Review the workflow state, recent handoff, and source records.	Collect the supporting documents, transaction records, and stakeholder context needed to explain the break.	Decide whether to correct data, reroute work, escalate, or absorb the issue.	Update the workflow record, attach missing support, or restage the process.	Secure internal or external approval where the workflow requires it.	Resend the corrected record or restart the blocked step.	Close the issue only when downstream flow resumes or the exception is accepted.	In practice, recovery usually relies on spreadsheets, email, calls, and side notes outside the system of record.	Not pursued
Management of companies and enterprises	Compliance, reporting, and audit support	Compliance, reporting, and audit support cannot move forward cleanly.	Review the workflow state, recent handoff, and source records.	Collect the supporting documents, transaction records, and stakeholder context needed to explain the break.	Decide whether to correct data, reroute work, escalate, or absorb the issue.	Update the workflow record, attach missing support, or restage the process.	Secure internal or external approval where the workflow requires it.	Resend the corrected record or restart the blocked step.	Close the issue only when downstream flow resumes or the exception is accepted.	In practice, recovery usually relies on spreadsheets, email, calls, and side notes outside the system of record.	Not pursued
Management of companies and enterprises	Exception, dispute, and recovery handling	Exception, dispute, and recovery handling cannot move forward cleanly.	Review the workflow state, recent handoff, and source records.	Collect the supporting documents, transaction records, and stakeholder context needed to explain the break.	Decide whether to correct data, reroute work, escalate, or absorb the issue.	Update the workflow record, attach missing support, or restage the process.	Secure internal or external approval where the workflow requires it.	Resend the corrected record or restart the blocked step.	Close the issue only when downstream flow resumes or the exception is accepted.	In practice, recovery usually relies on spreadsheets, email, calls, and side notes outside the system of record.	Supporting workflow
Computer systems design and related services	Lead and Proposal Management	Lead and Proposal Management cannot move forward cleanly.	Review the workflow state, recent handoff, and source records.	Collect the supporting documents, transaction records, and stakeholder context needed to explain the break.	Decide whether to correct data, reroute work, escalate, or absorb the issue.	Update the workflow record, attach missing support, or restage the process.	Secure internal or external approval where the workflow requires it.	Resend the corrected record or restart the blocked step.	Close the issue only when downstream flow resumes or the exception is accepted.	In practice, recovery usually relies on spreadsheets, email, calls, and side notes outside the system of record.	Not pursued
Computer systems design and related services	Staffing and Capacity Planning	Staffing and Capacity Planning cannot move forward cleanly.	Review the workflow state, recent handoff, and source records.	Collect the supporting documents, transaction records, and stakeholder context needed to explain the break.	Decide whether to correct data, reroute work, escalate, or absorb the issue.	Update the workflow record, attach missing support, or restage the process.	Secure internal or external approval where the workflow requires it.	Resend the corrected record or restart the blocked step.	Close the issue only when downstream flow resumes or the exception is accepted.	In practice, recovery usually relies on spreadsheets, email, calls, and side notes outside the system of record.	Not pursued
Computer systems design and related services	Project Delivery	Project Delivery cannot move forward cleanly.	Review the workflow state, recent handoff, and source records.	Collect the supporting documents, transaction records, and stakeholder context needed to explain the break.	Decide whether to correct data, reroute work, escalate, or absorb the issue.	Update the workflow record, attach missing support, or restage the process.	Secure internal or external approval where the workflow requires it.	Resend the corrected record or restart the blocked step.	Close the issue only when downstream flow resumes or the exception is accepted.	In practice, recovery usually relies on spreadsheets, email, calls, and side notes outside the system of record.	Not pursued
Computer systems design and related services	Time and Expense Capture	Time and Expense Capture cannot move forward cleanly.	Review the workflow state, recent handoff, and source records.	Collect the supporting documents, transaction records, and stakeholder context needed to explain the break.	Decide whether to correct data, reroute work, escalate, or absorb the issue.	Update the workflow record, attach missing support, or restage the process.	Secure internal or external approval where the workflow requires it.	Resend the corrected record or restart the blocked step.	Close the issue only when downstream flow resumes or the exception is accepted.	In practice, recovery usually relies on spreadsheets, email, calls, and side notes outside the system of record.	Not pursued
Computer systems design and related services	Renewal and Account Expansion	Renewal and Account Expansion cannot move forward cleanly.	Review the workflow state, recent handoff, and source records.	Collect the supporting documents, transaction records, and stakeholder context needed to explain the break.	Decide whether to correct data, reroute work, escalate, or absorb the issue.	Update the workflow record, attach missing support, or restage the process.	Secure internal or external approval where the workflow requires it.	Resend the corrected record or restart the blocked step.	Close the issue only when downstream flow resumes or the exception is accepted.	In practice, recovery usually relies on spreadsheets, email, calls, and side notes outside the system of record.	Not pursued
Computer systems design and related services	Time, billing, and renewal handoffs	Time, billing, and renewal handoffs cannot move forward cleanly.	Review the workflow state, recent handoff, and source records.	Collect the supporting documents, transaction records, and stakeholder context needed to explain the break.	Decide whether to correct data, reroute work, escalate, or absorb the issue.	Update the workflow record, attach missing support, or restage the process.	Secure internal or external approval where the workflow requires it.	Resend the corrected record or restart the blocked step.	Close the issue only when downstream flow resumes or the exception is accepted.	In practice, recovery usually relies on spreadsheets, email, calls, and side notes outside the system of record.	KILL-candidate
Computer systems design and related services	Supplier, vendor, or partner onboarding and compliance	Supplier, vendor, or partner onboarding and compliance cannot move forward cleanly.	Review the workflow state, recent handoff, and source records.	Collect the supporting documents, transaction records, and stakeholder context needed to explain the break.	Decide whether to correct data, reroute work, escalate, or absorb the issue.	Update the workflow record, attach missing support, or restage the process.	Secure internal or external approval where the workflow requires it.	Resend the corrected record or restart the blocked step.	Close the issue only when downstream flow resumes or the exception is accepted.	In practice, recovery usually relies on spreadsheets, email, calls, and side notes outside the system of record.	Not pursued
Computer systems design and related services	Compliance, reporting, and audit support	Compliance, reporting, and audit support cannot move forward cleanly.	Review the workflow state, recent handoff, and source records.	Collect the supporting documents, transaction records, and stakeholder context needed to explain the break.	Decide whether to correct data, reroute work, escalate, or absorb the issue.	Update the workflow record, attach missing support, or restage the process.	Secure internal or external approval where the workflow requires it.	Resend the corrected record or restart the blocked step.	Close the issue only when downstream flow resumes or the exception is accepted.	In practice, recovery usually relies on spreadsheets, email, calls, and side notes outside the system of record.	Not pursued
Computer systems design and related services	Exception, dispute, and recovery handling	Exception, dispute, and recovery handling cannot move forward cleanly.	Review the workflow state, recent handoff, and source records.	Collect the supporting documents, transaction records, and stakeholder context needed to explain the break.	Decide whether to correct data, reroute work, escalate, or absorb the issue.	Update the workflow record, attach missing support, or restage the process.	Secure internal or external approval where the workflow requires it.	Resend the corrected record or restart the blocked step.	Close the issue only when downstream flow resumes or the exception is accepted.	In practice, recovery usually relies on spreadsheets, email, calls, and side notes outside the system of record.	Supporting workflow
Motor vehicles, bodies and trailers, and parts	Program and Platform Planning	Program and Platform Planning cannot move forward cleanly.	Review the workflow state, recent handoff, and source records.	Collect the supporting documents, transaction records, and stakeholder context needed to explain the break.	Decide whether to correct data, reroute work, escalate, or absorb the issue.	Update the workflow record, attach missing support, or restage the process.	Secure internal or external approval where the workflow requires it.	Resend the corrected record or restart the blocked step.	Close the issue only when downstream flow resumes or the exception is accepted.	In practice, recovery usually relies on spreadsheets, email, calls, and side notes outside the system of record.	Not pursued
Motor vehicles, bodies and trailers, and parts	Supplier Scheduling and Procurement	Supplier Scheduling and Procurement cannot move forward cleanly.	Review the workflow state, recent handoff, and source records.	Collect the supporting documents, transaction records, and stakeholder context needed to explain the break.	Decide whether to correct data, reroute work, escalate, or absorb the issue.	Update the workflow record, attach missing support, or restage the process.	Secure internal or external approval where the workflow requires it.	Resend the corrected record or restart the blocked step.	Close the issue only when downstream flow resumes or the exception is accepted.	In practice, recovery usually relies on spreadsheets, email, calls, and side notes outside the system of record.	Not pursued
Motor vehicles, bodies and trailers, and parts	Shop Floor Execution and Quality Management	Shop Floor Execution and Quality Management cannot move forward cleanly.	Review the workflow state, recent handoff, and source records.	Collect the supporting documents, transaction records, and stakeholder context needed to explain the break.	Decide whether to correct data, reroute work, escalate, or absorb the issue.	Update the workflow record, attach missing support, or restage the process.	Secure internal or external approval where the workflow requires it.	Resend the corrected record or restart the blocked step.	Close the issue only when downstream flow resumes or the exception is accepted.	In practice, recovery usually relies on spreadsheets, email, calls, and side notes outside the system of record.	KILL-candidate
Motor vehicles, bodies and trailers, and parts	Logistics and Channel Fulfillment	Logistics and Channel Fulfillment cannot move forward cleanly.	Review the workflow state, recent handoff, and source records.	Collect the supporting documents, transaction records, and stakeholder context needed to explain the break.	Decide whether to correct data, reroute work, escalate, or absorb the issue.	Update the workflow record, attach missing support, or restage the process.	Secure internal or external approval where the workflow requires it.	Resend the corrected record or restart the blocked step.	Close the issue only when downstream flow resumes or the exception is accepted.	In practice, recovery usually relies on spreadsheets, email, calls, and side notes outside the system of record.	Not pursued
Motor vehicles, bodies and trailers, and parts	Aftermarket Service and Field Support	Aftermarket Service and Field Support cannot move forward cleanly.	Review the workflow state, recent handoff, and source records.	Collect the supporting documents, transaction records, and stakeholder context needed to explain the break.	Decide whether to correct data, reroute work, escalate, or absorb the issue.	Update the workflow record, attach missing support, or restage the process.	Secure internal or external approval where the workflow requires it.	Resend the corrected record or restart the blocked step.	Close the issue only when downstream flow resumes or the exception is accepted.	In practice, recovery usually relies on spreadsheets, email, calls, and side notes outside the system of record.	Not pursued
Motor vehicles, bodies and trailers, and parts	Lead, intake, and qualification management	Lead, intake, and qualification management cannot move forward cleanly.	Review the workflow state, recent handoff, and source records.	Collect the supporting documents, transaction records, and stakeholder context needed to explain the break.	Decide whether to correct data, reroute work, escalate, or absorb the issue.	Update the workflow record, attach missing support, or restage the process.	Secure internal or external approval where the workflow requires it.	Resend the corrected record or restart the blocked step.	Close the issue only when downstream flow resumes or the exception is accepted.	In practice, recovery usually relies on spreadsheets, email, calls, and side notes outside the system of record.	Not pursued
Motor vehicles, bodies and trailers, and parts	Billing, settlement, and close	Billing, settlement, and close cannot move forward cleanly.	Review the workflow state, recent handoff, and source records.	Collect the supporting documents, transaction records, and stakeholder context needed to explain the break.	Decide whether to correct data, reroute work, escalate, or absorb the issue.	Update the workflow record, attach missing support, or restage the process.	Secure internal or external approval where the workflow requires it.	Resend the corrected record or restart the blocked step.	Close the issue only when downstream flow resumes or the exception is accepted.	In practice, recovery usually relies on spreadsheets, email, calls, and side notes outside the system of record.	Supporting workflow
Motor vehicles, bodies and trailers, and parts	Supplier, vendor, or partner onboarding and compliance	Supplier, vendor, or partner onboarding and compliance cannot move forward cleanly.	Review the workflow state, recent handoff, and source records.	Collect the supporting documents, transaction records, and stakeholder context needed to explain the break.	Decide whether to correct data, reroute work, escalate, or absorb the issue.	Update the workflow record, attach missing support, or restage the process.	Secure internal or external approval where the workflow requires it.	Resend the corrected record or restart the blocked step.	Close the issue only when downstream flow resumes or the exception is accepted.	In practice, recovery usually relies on spreadsheets, email, calls, and side notes outside the system of record.	Not pursued
Motor vehicles, bodies and trailers, and parts	Exception, dispute, and recovery handling	Exception, dispute, and recovery handling cannot move forward cleanly.	Review the workflow state, recent handoff, and source records.	Collect the supporting documents, transaction records, and stakeholder context needed to explain the break.	Decide whether to correct data, reroute work, escalate, or absorb the issue.	Update the workflow record, attach missing support, or restage the process.	Secure internal or external approval where the workflow requires it.	Resend the corrected record or restart the blocked step.	Close the issue only when downstream flow resumes or the exception is accepted.	In practice, recovery usually relies on spreadsheets, email, calls, and side notes outside the system of record.	Supporting workflow
Publishing industries, except internet (includes software)	Product and Content Development	Product and Content Development cannot move forward cleanly.	Review the workflow state, recent handoff, and source records.	Collect the supporting documents, transaction records, and stakeholder context needed to explain the break.	Decide whether to correct data, reroute work, escalate, or absorb the issue.	Update the workflow record, attach missing support, or restage the process.	Secure internal or external approval where the workflow requires it.	Resend the corrected record or restart the blocked step.	Close the issue only when downstream flow resumes or the exception is accepted.	In practice, recovery usually relies on spreadsheets, email, calls, and side notes outside the system of record.	Not pursued
Publishing industries, except internet (includes software)	Subscription and License Management	Subscription and License Management cannot move forward cleanly.	Review the workflow state, recent handoff, and source records.	Collect the supporting documents, transaction records, and stakeholder context needed to explain the break.	Decide whether to correct data, reroute work, escalate, or absorb the issue.	Update the workflow record, attach missing support, or restage the process.	Secure internal or external approval where the workflow requires it.	Resend the corrected record or restart the blocked step.	Close the issue only when downstream flow resumes or the exception is accepted.	In practice, recovery usually relies on spreadsheets, email, calls, and side notes outside the system of record.	Not pursued
Publishing industries, except internet (includes software)	Distribution and Release Management	Distribution and Release Management cannot move forward cleanly.	Review the workflow state, recent handoff, and source records.	Collect the supporting documents, transaction records, and stakeholder context needed to explain the break.	Decide whether to correct data, reroute work, escalate, or absorb the issue.	Update the workflow record, attach missing support, or restage the process.	Secure internal or external approval where the workflow requires it.	Resend the corrected record or restart the blocked step.	Close the issue only when downstream flow resumes or the exception is accepted.	In practice, recovery usually relies on spreadsheets, email, calls, and side notes outside the system of record.	Not pursued
Publishing industries, except internet (includes software)	Customer Support and Success	Customer Support and Success cannot move forward cleanly.	Review the workflow state, recent handoff, and source records.	Collect the supporting documents, transaction records, and stakeholder context needed to explain the break.	Decide whether to correct data, reroute work, escalate, or absorb the issue.	Update the workflow record, attach missing support, or restage the process.	Secure internal or external approval where the workflow requires it.	Resend the corrected record or restart the blocked step.	Close the issue only when downstream flow resumes or the exception is accepted.	In practice, recovery usually relies on spreadsheets, email, calls, and side notes outside the system of record.	Not pursued
Publishing industries, except internet (includes software)	Billing and Renewals	Billing and Renewals cannot move forward cleanly.	Review the workflow state, recent handoff, and source records.	Collect the supporting documents, transaction records, and stakeholder context needed to explain the break.	Decide whether to correct data, reroute work, escalate, or absorb the issue.	Update the workflow record, attach missing support, or restage the process.	Secure internal or external approval where the workflow requires it.	Resend the corrected record or restart the blocked step.	Close the issue only when downstream flow resumes or the exception is accepted.	In practice, recovery usually relies on spreadsheets, email, calls, and side notes outside the system of record.	KILL-candidate
Publishing industries, except internet (includes software)	Lead, intake, and qualification management	Lead, intake, and qualification management cannot move forward cleanly.	Review the workflow state, recent handoff, and source records.	Collect the supporting documents, transaction records, and stakeholder context needed to explain the break.	Decide whether to correct data, reroute work, escalate, or absorb the issue.	Update the workflow record, attach missing support, or restage the process.	Secure internal or external approval where the workflow requires it.	Resend the corrected record or restart the blocked step.	Close the issue only when downstream flow resumes or the exception is accepted.	In practice, recovery usually relies on spreadsheets, email, calls, and side notes outside the system of record.	Not pursued
Publishing industries, except internet (includes software)	Workforce planning, assignment, and time capture	Workforce planning, assignment, and time capture cannot move forward cleanly.	Review the workflow state, recent handoff, and source records.	Collect the supporting documents, transaction records, and stakeholder context needed to explain the break.	Decide whether to correct data, reroute work, escalate, or absorb the issue.	Update the workflow record, attach missing support, or restage the process.	Secure internal or external approval where the workflow requires it.	Resend the corrected record or restart the blocked step.	Close the issue only when downstream flow resumes or the exception is accepted.	In practice, recovery usually relies on spreadsheets, email, calls, and side notes outside the system of record.	Not pursued
Publishing industries, except internet (includes software)	Supplier, vendor, or partner onboarding and compliance	Supplier, vendor, or partner onboarding and compliance cannot move forward cleanly.	Review the workflow state, recent handoff, and source records.	Collect the supporting documents, transaction records, and stakeholder context needed to explain the break.	Decide whether to correct data, reroute work, escalate, or absorb the issue.	Update the workflow record, attach missing support, or restage the process.	Secure internal or external approval where the workflow requires it.	Resend the corrected record or restart the blocked step.	Close the issue only when downstream flow resumes or the exception is accepted.	In practice, recovery usually relies on spreadsheets, email, calls, and side notes outside the system of record.	Not pursued
Publishing industries, except internet (includes software)	Compliance, reporting, and audit support	Compliance, reporting, and audit support cannot move forward cleanly.	Review the workflow state, recent handoff, and source records.	Collect the supporting documents, transaction records, and stakeholder context needed to explain the break.	Decide whether to correct data, reroute work, escalate, or absorb the issue.	Update the workflow record, attach missing support, or restage the process.	Secure internal or external approval where the workflow requires it.	Resend the corrected record or restart the blocked step.	Close the issue only when downstream flow resumes or the exception is accepted.	In practice, recovery usually relies on spreadsheets, email, calls, and side notes outside the system of record.	Not pursued
Publishing industries, except internet (includes software)	Exception, dispute, and recovery handling	Exception, dispute, and recovery handling cannot move forward cleanly.	Review the workflow state, recent handoff, and source records.	Collect the supporting documents, transaction records, and stakeholder context needed to explain the break.	Decide whether to correct data, reroute work, escalate, or absorb the issue.	Update the workflow record, attach missing support, or restage the process.	Secure internal or external approval where the workflow requires it.	Resend the corrected record or restart the blocked step.	Close the issue only when downstream flow resumes or the exception is accepted.	In practice, recovery usually relies on spreadsheets, email, calls, and side notes outside the system of record.	Supporting workflow
Rental and leasing services and lessors of intangible assets	Asset Acquisition and Setup	Asset Acquisition and Setup cannot move forward cleanly.	Review the workflow state, recent handoff, and source records.	Collect the supporting documents, transaction records, and stakeholder context needed to explain the break.	Decide whether to correct data, reroute work, escalate, or absorb the issue.	Update the workflow record, attach missing support, or restage the process.	Secure internal or external approval where the workflow requires it.	Resend the corrected record or restart the blocked step.	Close the issue only when downstream flow resumes or the exception is accepted.	In practice, recovery usually relies on spreadsheets, email, calls, and side notes outside the system of record.	Not pursued
Rental and leasing services and lessors of intangible assets	Reservation and Contract Management	Reservation and Contract Management cannot move forward cleanly.	Review the workflow state, recent handoff, and source records.	Collect the supporting documents, transaction records, and stakeholder context needed to explain the break.	Decide whether to correct data, reroute work, escalate, or absorb the issue.	Update the workflow record, attach missing support, or restage the process.	Secure internal or external approval where the workflow requires it.	Resend the corrected record or restart the blocked step.	Close the issue only when downstream flow resumes or the exception is accepted.	In practice, recovery usually relies on spreadsheets, email, calls, and side notes outside the system of record.	Not pursued
Rental and leasing services and lessors of intangible assets	Dispatch and Checkout	Dispatch and Checkout cannot move forward cleanly.	Review the workflow state, recent handoff, and source records.	Collect the supporting documents, transaction records, and stakeholder context needed to explain the break.	Decide whether to correct data, reroute work, escalate, or absorb the issue.	Update the workflow record, attach missing support, or restage the process.	Secure internal or external approval where the workflow requires it.	Resend the corrected record or restart the blocked step.	Close the issue only when downstream flow resumes or the exception is accepted.	In practice, recovery usually relies on spreadsheets, email, calls, and side notes outside the system of record.	Not pursued
Rental and leasing services and lessors of intangible assets	Asset Maintenance and Turnover	Asset Maintenance and Turnover cannot move forward cleanly.	Review the workflow state, recent handoff, and source records.	Collect the supporting documents, transaction records, and stakeholder context needed to explain the break.	Decide whether to correct data, reroute work, escalate, or absorb the issue.	Update the workflow record, attach missing support, or restage the process.	Secure internal or external approval where the workflow requires it.	Resend the corrected record or restart the blocked step.	Close the issue only when downstream flow resumes or the exception is accepted.	In practice, recovery usually relies on spreadsheets, email, calls, and side notes outside the system of record.	KILL-candidate
Rental and leasing services and lessors of intangible assets	Billing and Asset Recovery	Billing and Asset Recovery cannot move forward cleanly.	Review the workflow state, recent handoff, and source records.	Collect the supporting documents, transaction records, and stakeholder context needed to explain the break.	Decide whether to correct data, reroute work, escalate, or absorb the issue.	Update the workflow record, attach missing support, or restage the process.	Secure internal or external approval where the workflow requires it.	Resend the corrected record or restart the blocked step.	Close the issue only when downstream flow resumes or the exception is accepted.	In practice, recovery usually relies on spreadsheets, email, calls, and side notes outside the system of record.	Supporting workflow
Rental and leasing services and lessors of intangible assets	Lead, intake, and qualification management	Lead, intake, and qualification management cannot move forward cleanly.	Review the workflow state, recent handoff, and source records.	Collect the supporting documents, transaction records, and stakeholder context needed to explain the break.	Decide whether to correct data, reroute work, escalate, or absorb the issue.	Update the workflow record, attach missing support, or restage the process.	Secure internal or external approval where the workflow requires it.	Resend the corrected record or restart the blocked step.	Close the issue only when downstream flow resumes or the exception is accepted.	In practice, recovery usually relies on spreadsheets, email, calls, and side notes outside the system of record.	Not pursued
Rental and leasing services and lessors of intangible assets	Billing, settlement, and close	Billing, settlement, and close cannot move forward cleanly.	Review the workflow state, recent handoff, and source records.	Collect the supporting documents, transaction records, and stakeholder context needed to explain the break.	Decide whether to correct data, reroute work, escalate, or absorb the issue.	Update the workflow record, attach missing support, or restage the process.	Secure internal or external approval where the workflow requires it.	Resend the corrected record or restart the blocked step.	Close the issue only when downstream flow resumes or the exception is accepted.	In practice, recovery usually relies on spreadsheets, email, calls, and side notes outside the system of record.	Supporting workflow
Rental and leasing services and lessors of intangible assets	Workforce planning, assignment, and time capture	Workforce planning, assignment, and time capture cannot move forward cleanly.	Review the workflow state, recent handoff, and source records.	Collect the supporting documents, transaction records, and stakeholder context needed to explain the break.	Decide whether to correct data, reroute work, escalate, or absorb the issue.	Update the workflow record, attach missing support, or restage the process.	Secure internal or external approval where the workflow requires it.	Resend the corrected record or restart the blocked step.	Close the issue only when downstream flow resumes or the exception is accepted.	In practice, recovery usually relies on spreadsheets, email, calls, and side notes outside the system of record.	Not pursued
Rental and leasing services and lessors of intangible assets	Supplier, vendor, or partner onboarding and compliance	Supplier, vendor, or partner onboarding and compliance cannot move forward cleanly.	Review the workflow state, recent handoff, and source records.	Collect the supporting documents, transaction records, and stakeholder context needed to explain the break.	Decide whether to correct data, reroute work, escalate, or absorb the issue.	Update the workflow record, attach missing support, or restage the process.	Secure internal or external approval where the workflow requires it.	Resend the corrected record or restart the blocked step.	Close the issue only when downstream flow resumes or the exception is accepted.	In practice, recovery usually relies on spreadsheets, email, calls, and side notes outside the system of record.	Not pursued
Rental and leasing services and lessors of intangible assets	Compliance, reporting, and audit support	Compliance, reporting, and audit support cannot move forward cleanly.	Review the workflow state, recent handoff, and source records.	Collect the supporting documents, transaction records, and stakeholder context needed to explain the break.	Decide whether to correct data, reroute work, escalate, or absorb the issue.	Update the workflow record, attach missing support, or restage the process.	Secure internal or external approval where the workflow requires it.	Resend the corrected record or restart the blocked step.	Close the issue only when downstream flow resumes or the exception is accepted.	In practice, recovery usually relies on spreadsheets, email, calls, and side notes outside the system of record.	Not pursued
Utilities	Load Forecasting and Dispatch	Load Forecasting and Dispatch cannot move forward cleanly.	Review the workflow state, recent handoff, and source records.	Collect the supporting documents, transaction records, and stakeholder context needed to explain the break.	Decide whether to correct data, reroute work, escalate, or absorb the issue.	Update the workflow record, attach missing support, or restage the process.	Secure internal or external approval where the workflow requires it.	Resend the corrected record or restart the blocked step.	Close the issue only when downstream flow resumes or the exception is accepted.	In practice, recovery usually relies on spreadsheets, email, calls, and side notes outside the system of record.	Not pursued
Utilities	Asset Maintenance and Outage Management	Asset Maintenance and Outage Management cannot move forward cleanly.	Review the workflow state, recent handoff, and source records.	Collect the supporting documents, transaction records, and stakeholder context needed to explain the break.	Decide whether to correct data, reroute work, escalate, or absorb the issue.	Update the workflow record, attach missing support, or restage the process.	Secure internal or external approval where the workflow requires it.	Resend the corrected record or restart the blocked step.	Close the issue only when downstream flow resumes or the exception is accepted.	In practice, recovery usually relies on spreadsheets, email, calls, and side notes outside the system of record.	Supporting workflow
Utilities	Meter-to-Cash	Meter-to-Cash cannot move forward cleanly.	Review the workflow state, recent handoff, and source records.	Collect the supporting documents, transaction records, and stakeholder context needed to explain the break.	Decide whether to correct data, reroute work, escalate, or absorb the issue.	Update the workflow record, attach missing support, or restage the process.	Secure internal or external approval where the workflow requires it.	Resend the corrected record or restart the blocked step.	Close the issue only when downstream flow resumes or the exception is accepted.	In practice, recovery usually relies on spreadsheets, email, calls, and side notes outside the system of record.	KILL-candidate
Utilities	Capital Planning and Compliance Reporting	Capital Planning and Compliance Reporting cannot move forward cleanly.	Review the workflow state, recent handoff, and source records.	Collect the supporting documents, transaction records, and stakeholder context needed to explain the break.	Decide whether to correct data, reroute work, escalate, or absorb the issue.	Update the workflow record, attach missing support, or restage the process.	Secure internal or external approval where the workflow requires it.	Resend the corrected record or restart the blocked step.	Close the issue only when downstream flow resumes or the exception is accepted.	In practice, recovery usually relies on spreadsheets, email, calls, and side notes outside the system of record.	Not pursued
Utilities	Customer Service and Field Response	Customer Service and Field Response cannot move forward cleanly.	Review the workflow state, recent handoff, and source records.	Collect the supporting documents, transaction records, and stakeholder context needed to explain the break.	Decide whether to correct data, reroute work, escalate, or absorb the issue.	Update the workflow record, attach missing support, or restage the process.	Secure internal or external approval where the workflow requires it.	Resend the corrected record or restart the blocked step.	Close the issue only when downstream flow resumes or the exception is accepted.	In practice, recovery usually relies on spreadsheets, email, calls, and side notes outside the system of record.	Not pursued
Utilities	Lead, intake, and qualification management	Lead, intake, and qualification management cannot move forward cleanly.	Review the workflow state, recent handoff, and source records.	Collect the supporting documents, transaction records, and stakeholder context needed to explain the break.	Decide whether to correct data, reroute work, escalate, or absorb the issue.	Update the workflow record, attach missing support, or restage the process.	Secure internal or external approval where the workflow requires it.	Resend the corrected record or restart the blocked step.	Close the issue only when downstream flow resumes or the exception is accepted.	In practice, recovery usually relies on spreadsheets, email, calls, and side notes outside the system of record.	Not pursued
Utilities	Workforce planning, assignment, and time capture	Workforce planning, assignment, and time capture cannot move forward cleanly.	Review the workflow state, recent handoff, and source records.	Collect the supporting documents, transaction records, and stakeholder context needed to explain the break.	Decide whether to correct data, reroute work, escalate, or absorb the issue.	Update the workflow record, attach missing support, or restage the process.	Secure internal or external approval where the workflow requires it.	Resend the corrected record or restart the blocked step.	Close the issue only when downstream flow resumes or the exception is accepted.	In practice, recovery usually relies on spreadsheets, email, calls, and side notes outside the system of record.	Not pursued
Utilities	Supplier, vendor, or partner onboarding and compliance	Supplier, vendor, or partner onboarding and compliance cannot move forward cleanly.	Review the workflow state, recent handoff, and source records.	Collect the supporting documents, transaction records, and stakeholder context needed to explain the break.	Decide whether to correct data, reroute work, escalate, or absorb the issue.	Update the workflow record, attach missing support, or restage the process.	Secure internal or external approval where the workflow requires it.	Resend the corrected record or restart the blocked step.	Close the issue only when downstream flow resumes or the exception is accepted.	In practice, recovery usually relies on spreadsheets, email, calls, and side notes outside the system of record.	Not pursued
Petroleum and coal products	Material Sourcing	Material Sourcing cannot move forward cleanly.	Review the workflow state, recent handoff, and source records.	Collect the supporting documents, transaction records, and stakeholder context needed to explain the break.	Decide whether to correct data, reroute work, escalate, or absorb the issue.	Update the workflow record, attach missing support, or restage the process.	Secure internal or external approval where the workflow requires it.	Resend the corrected record or restart the blocked step.	Close the issue only when downstream flow resumes or the exception is accepted.	In practice, recovery usually relies on spreadsheets, email, calls, and side notes outside the system of record.	Not pursued
Petroleum and coal products	Production Planning and Process Control	Production Planning and Process Control cannot move forward cleanly.	Review the workflow state, recent handoff, and source records.	Collect the supporting documents, transaction records, and stakeholder context needed to explain the break.	Decide whether to correct data, reroute work, escalate, or absorb the issue.	Update the workflow record, attach missing support, or restage the process.	Secure internal or external approval where the workflow requires it.	Resend the corrected record or restart the blocked step.	Close the issue only when downstream flow resumes or the exception is accepted.	In practice, recovery usually relies on spreadsheets, email, calls, and side notes outside the system of record.	Not pursued
Petroleum and coal products	Maintenance and Turnaround Management	Maintenance and Turnaround Management cannot move forward cleanly.	Review the workflow state, recent handoff, and source records.	Collect the supporting documents, transaction records, and stakeholder context needed to explain the break.	Decide whether to correct data, reroute work, escalate, or absorb the issue.	Update the workflow record, attach missing support, or restage the process.	Secure internal or external approval where the workflow requires it.	Resend the corrected record or restart the blocked step.	Close the issue only when downstream flow resumes or the exception is accepted.	In practice, recovery usually relies on spreadsheets, email, calls, and side notes outside the system of record.	KILL-candidate
Petroleum and coal products	Blending, Logistics, and Distribution	Blending, Logistics, and Distribution cannot move forward cleanly.	Review the workflow state, recent handoff, and source records.	Collect the supporting documents, transaction records, and stakeholder context needed to explain the break.	Decide whether to correct data, reroute work, escalate, or absorb the issue.	Update the workflow record, attach missing support, or restage the process.	Secure internal or external approval where the workflow requires it.	Resend the corrected record or restart the blocked step.	Close the issue only when downstream flow resumes or the exception is accepted.	In practice, recovery usually relies on spreadsheets, email, calls, and side notes outside the system of record.	Not pursued
Petroleum and coal products	Margin, Safety, and Emissions Reporting	Margin, Safety, and Emissions Reporting cannot move forward cleanly.	Review the workflow state, recent handoff, and source records.	Collect the supporting documents, transaction records, and stakeholder context needed to explain the break.	Decide whether to correct data, reroute work, escalate, or absorb the issue.	Update the workflow record, attach missing support, or restage the process.	Secure internal or external approval where the workflow requires it.	Resend the corrected record or restart the blocked step.	Close the issue only when downstream flow resumes or the exception is accepted.	In practice, recovery usually relies on spreadsheets, email, calls, and side notes outside the system of record.	Supporting workflow
Petroleum and coal products	Lead, intake, and qualification management	Lead, intake, and qualification management cannot move forward cleanly.	Review the workflow state, recent handoff, and source records.	Collect the supporting documents, transaction records, and stakeholder context needed to explain the break.	Decide whether to correct data, reroute work, escalate, or absorb the issue.	Update the workflow record, attach missing support, or restage the process.	Secure internal or external approval where the workflow requires it.	Resend the corrected record or restart the blocked step.	Close the issue only when downstream flow resumes or the exception is accepted.	In practice, recovery usually relies on spreadsheets, email, calls, and side notes outside the system of record.	Not pursued
Petroleum and coal products	Workforce planning, assignment, and time capture	Workforce planning, assignment, and time capture cannot move forward cleanly.	Review the workflow state, recent handoff, and source records.	Collect the supporting documents, transaction records, and stakeholder context needed to explain the break.	Decide whether to correct data, reroute work, escalate, or absorb the issue.	Update the workflow record, attach missing support, or restage the process.	Secure internal or external approval where the workflow requires it.	Resend the corrected record or restart the blocked step.	Close the issue only when downstream flow resumes or the exception is accepted.	In practice, recovery usually relies on spreadsheets, email, calls, and side notes outside the system of record.	Not pursued
Petroleum and coal products	Customer, participant, or stakeholder communication and escalation	Customer, participant, or stakeholder communication and escalation cannot move forward cleanly.	Review the workflow state, recent handoff, and source records.	Collect the supporting documents, transaction records, and stakeholder context needed to explain the break.	Decide whether to correct data, reroute work, escalate, or absorb the issue.	Update the workflow record, attach missing support, or restage the process.	Secure internal or external approval where the workflow requires it.	Resend the corrected record or restart the blocked step.	Close the issue only when downstream flow resumes or the exception is accepted.	In practice, recovery usually relies on spreadsheets, email, calls, and side notes outside the system of record.	Not pursued
Petroleum and coal products	Compliance, reporting, and audit support	Compliance, reporting, and audit support cannot move forward cleanly.	Review the workflow state, recent handoff, and source records.	Collect the supporting documents, transaction records, and stakeholder context needed to explain the break.	Decide whether to correct data, reroute work, escalate, or absorb the issue.	Update the workflow record, attach missing support, or restage the process.	Secure internal or external approval where the workflow requires it.	Resend the corrected record or restart the blocked step.	Close the issue only when downstream flow resumes or the exception is accepted.	In practice, recovery usually relies on spreadsheets, email, calls, and side notes outside the system of record.	Not pursued
Farms	Production Planning	Production Planning cannot move forward cleanly.	Review the workflow state, recent handoff, and source records.	Collect the supporting documents, transaction records, and stakeholder context needed to explain the break.	Decide whether to correct data, reroute work, escalate, or absorb the issue.	Update the workflow record, attach missing support, or restage the process.	Secure internal or external approval where the workflow requires it.	Resend the corrected record or restart the blocked step.	Close the issue only when downstream flow resumes or the exception is accepted.	In practice, recovery usually relies on spreadsheets, email, calls, and side notes outside the system of record.	Not pursued
Farms	Input Sourcing and Procurement	Input Sourcing and Procurement cannot move forward cleanly.	Review the workflow state, recent handoff, and source records.	Collect the supporting documents, transaction records, and stakeholder context needed to explain the break.	Decide whether to correct data, reroute work, escalate, or absorb the issue.	Update the workflow record, attach missing support, or restage the process.	Secure internal or external approval where the workflow requires it.	Resend the corrected record or restart the blocked step.	Close the issue only when downstream flow resumes or the exception is accepted.	In practice, recovery usually relies on spreadsheets, email, calls, and side notes outside the system of record.	Not pursued
Farms	Field Operations	Field Operations cannot move forward cleanly.	Review the workflow state, recent handoff, and source records.	Collect the supporting documents, transaction records, and stakeholder context needed to explain the break.	Decide whether to correct data, reroute work, escalate, or absorb the issue.	Update the workflow record, attach missing support, or restage the process.	Secure internal or external approval where the workflow requires it.	Resend the corrected record or restart the blocked step.	Close the issue only when downstream flow resumes or the exception is accepted.	In practice, recovery usually relies on spreadsheets, email, calls, and side notes outside the system of record.	Not pursued
Farms	Harvest and Logistics Management	Harvest and Logistics Management cannot move forward cleanly.	Review the workflow state, recent handoff, and source records.	Collect the supporting documents, transaction records, and stakeholder context needed to explain the break.	Decide whether to correct data, reroute work, escalate, or absorb the issue.	Update the workflow record, attach missing support, or restage the process.	Secure internal or external approval where the workflow requires it.	Resend the corrected record or restart the blocked step.	Close the issue only when downstream flow resumes or the exception is accepted.	In practice, recovery usually relies on spreadsheets, email, calls, and side notes outside the system of record.	KILL-candidate
Farms	Marketing, Hedging, and Program Reporting	Marketing, Hedging, and Program Reporting cannot move forward cleanly.	Review the workflow state, recent handoff, and source records.	Collect the supporting documents, transaction records, and stakeholder context needed to explain the break.	Decide whether to correct data, reroute work, escalate, or absorb the issue.	Update the workflow record, attach missing support, or restage the process.	Secure internal or external approval where the workflow requires it.	Resend the corrected record or restart the blocked step.	Close the issue only when downstream flow resumes or the exception is accepted.	In practice, recovery usually relies on spreadsheets, email, calls, and side notes outside the system of record.	Not pursued
Farms	Lead, intake, and qualification management	Lead, intake, and qualification management cannot move forward cleanly.	Review the workflow state, recent handoff, and source records.	Collect the supporting documents, transaction records, and stakeholder context needed to explain the break.	Decide whether to correct data, reroute work, escalate, or absorb the issue.	Update the workflow record, attach missing support, or restage the process.	Secure internal or external approval where the workflow requires it.	Resend the corrected record or restart the blocked step.	Close the issue only when downstream flow resumes or the exception is accepted.	In practice, recovery usually relies on spreadsheets, email, calls, and side notes outside the system of record.	Not pursued
Farms	Billing, settlement, and close	Billing, settlement, and close cannot move forward cleanly.	Review the workflow state, recent handoff, and source records.	Collect the supporting documents, transaction records, and stakeholder context needed to explain the break.	Decide whether to correct data, reroute work, escalate, or absorb the issue.	Update the workflow record, attach missing support, or restage the process.	Secure internal or external approval where the workflow requires it.	Resend the corrected record or restart the blocked step.	Close the issue only when downstream flow resumes or the exception is accepted.	In practice, recovery usually relies on spreadsheets, email, calls, and side notes outside the system of record.	Supporting workflow
Farms	Workforce planning, assignment, and time capture	Workforce planning, assignment, and time capture cannot move forward cleanly.	Review the workflow state, recent handoff, and source records.	Collect the supporting documents, transaction records, and stakeholder context needed to explain the break.	Decide whether to correct data, reroute work, escalate, or absorb the issue.	Update the workflow record, attach missing support, or restage the process.	Secure internal or external approval where the workflow requires it.	Resend the corrected record or restart the blocked step.	Close the issue only when downstream flow resumes or the exception is accepted.	In practice, recovery usually relies on spreadsheets, email, calls, and side notes outside the system of record.	Not pursued
Farms	Customer, participant, or stakeholder communication and escalation	Customer, participant, or stakeholder communication and escalation cannot move forward cleanly.	Review the workflow state, recent handoff, and source records.	Collect the supporting documents, transaction records, and stakeholder context needed to explain the break.	Decide whether to correct data, reroute work, escalate, or absorb the issue.	Update the workflow record, attach missing support, or restage the process.	Secure internal or external approval where the workflow requires it.	Resend the corrected record or restart the blocked step.	Close the issue only when downstream flow resumes or the exception is accepted.	In practice, recovery usually relies on spreadsheets, email, calls, and side notes outside the system of record.	Not pursued
Farms	Compliance, reporting, and audit support	Compliance, reporting, and audit support cannot move forward cleanly.	Review the workflow state, recent handoff, and source records.	Collect the supporting documents, transaction records, and stakeholder context needed to explain the break.	Decide whether to correct data, reroute work, escalate, or absorb the issue.	Update the workflow record, attach missing support, or restage the process.	Secure internal or external approval where the workflow requires it.	Resend the corrected record or restart the blocked step.	Close the issue only when downstream flow resumes or the exception is accepted.	In practice, recovery usually relies on spreadsheets, email, calls, and side notes outside the system of record.	Not pursued
Farms	Exception, dispute, and recovery handling	Exception, dispute, and recovery handling cannot move forward cleanly.	Review the workflow state, recent handoff, and source records.	Collect the supporting documents, transaction records, and stakeholder context needed to explain the break.	Decide whether to correct data, reroute work, escalate, or absorb the issue.	Update the workflow record, attach missing support, or restage the process.	Secure internal or external approval where the workflow requires it.	Resend the corrected record or restart the blocked step.	Close the issue only when downstream flow resumes or the exception is accepted.	In practice, recovery usually relies on spreadsheets, email, calls, and side notes outside the system of record.	Supporting workflow
Motor vehicle and parts dealers	Inventory Sourcing and Aging Management	Inventory Sourcing and Aging Management cannot move forward cleanly.	Review the workflow state, recent handoff, and source records.	Collect the supporting documents, transaction records, and stakeholder context needed to explain the break.	Decide whether to correct data, reroute work, escalate, or absorb the issue.	Update the workflow record, attach missing support, or restage the process.	Secure internal or external approval where the workflow requires it.	Resend the corrected record or restart the blocked step.	Close the issue only when downstream flow resumes or the exception is accepted.	In practice, recovery usually relies on spreadsheets, email, calls, and side notes outside the system of record.	Not pursued
Motor vehicle and parts dealers	Lead Management and Sales	Lead Management and Sales cannot move forward cleanly.	Review the workflow state, recent handoff, and source records.	Collect the supporting documents, transaction records, and stakeholder context needed to explain the break.	Decide whether to correct data, reroute work, escalate, or absorb the issue.	Update the workflow record, attach missing support, or restage the process.	Secure internal or external approval where the workflow requires it.	Resend the corrected record or restart the blocked step.	Close the issue only when downstream flow resumes or the exception is accepted.	In practice, recovery usually relies on spreadsheets, email, calls, and side notes outside the system of record.	Not pursued
Motor vehicle and parts dealers	Financing and Underwriting	Financing and Underwriting cannot move forward cleanly.	Review the workflow state, recent handoff, and source records.	Collect the supporting documents, transaction records, and stakeholder context needed to explain the break.	Decide whether to correct data, reroute work, escalate, or absorb the issue.	Update the workflow record, attach missing support, or restage the process.	Secure internal or external approval where the workflow requires it.	Resend the corrected record or restart the blocked step.	Close the issue only when downstream flow resumes or the exception is accepted.	In practice, recovery usually relies on spreadsheets, email, calls, and side notes outside the system of record.	Not pursued
Motor vehicle and parts dealers	Service Scheduling and Parts Management	Service Scheduling and Parts Management cannot move forward cleanly.	Review the workflow state, recent handoff, and source records.	Collect the supporting documents, transaction records, and stakeholder context needed to explain the break.	Decide whether to correct data, reroute work, escalate, or absorb the issue.	Update the workflow record, attach missing support, or restage the process.	Secure internal or external approval where the workflow requires it.	Resend the corrected record or restart the blocked step.	Close the issue only when downstream flow resumes or the exception is accepted.	In practice, recovery usually relies on spreadsheets, email, calls, and side notes outside the system of record.	Not pursued
Motor vehicle and parts dealers	Customer Retention and Remarketing	Customer Retention and Remarketing cannot move forward cleanly.	Review the workflow state, recent handoff, and source records.	Collect the supporting documents, transaction records, and stakeholder context needed to explain the break.	Decide whether to correct data, reroute work, escalate, or absorb the issue.	Update the workflow record, attach missing support, or restage the process.	Secure internal or external approval where the workflow requires it.	Resend the corrected record or restart the blocked step.	Close the issue only when downstream flow resumes or the exception is accepted.	In practice, recovery usually relies on spreadsheets, email, calls, and side notes outside the system of record.	Not pursued
Motor vehicle and parts dealers	Financing and underwriting; service scheduling	Financing and underwriting; service scheduling cannot move forward cleanly.	Review the workflow state, recent handoff, and source records.	Collect the supporting documents, transaction records, and stakeholder context needed to explain the break.	Decide whether to correct data, reroute work, escalate, or absorb the issue.	Update the workflow record, attach missing support, or restage the process.	Secure internal or external approval where the workflow requires it.	Resend the corrected record or restart the blocked step.	Close the issue only when downstream flow resumes or the exception is accepted.	In practice, recovery usually relies on spreadsheets, email, calls, and side notes outside the system of record.	KILL-candidate
Motor vehicle and parts dealers	Billing, settlement, and close	Billing, settlement, and close cannot move forward cleanly.	Review the workflow state, recent handoff, and source records.	Collect the supporting documents, transaction records, and stakeholder context needed to explain the break.	Decide whether to correct data, reroute work, escalate, or absorb the issue.	Update the workflow record, attach missing support, or restage the process.	Secure internal or external approval where the workflow requires it.	Resend the corrected record or restart the blocked step.	Close the issue only when downstream flow resumes or the exception is accepted.	In practice, recovery usually relies on spreadsheets, email, calls, and side notes outside the system of record.	Supporting workflow
Motor vehicle and parts dealers	Workforce planning, assignment, and time capture	Workforce planning, assignment, and time capture cannot move forward cleanly.	Review the workflow state, recent handoff, and source records.	Collect the supporting documents, transaction records, and stakeholder context needed to explain the break.	Decide whether to correct data, reroute work, escalate, or absorb the issue.	Update the workflow record, attach missing support, or restage the process.	Secure internal or external approval where the workflow requires it.	Resend the corrected record or restart the blocked step.	Close the issue only when downstream flow resumes or the exception is accepted.	In practice, recovery usually relies on spreadsheets, email, calls, and side notes outside the system of record.	Not pursued
Motor vehicle and parts dealers	Compliance, reporting, and audit support	Compliance, reporting, and audit support cannot move forward cleanly.	Review the workflow state, recent handoff, and source records.	Collect the supporting documents, transaction records, and stakeholder context needed to explain the break.	Decide whether to correct data, reroute work, escalate, or absorb the issue.	Update the workflow record, attach missing support, or restage the process.	Secure internal or external approval where the workflow requires it.	Resend the corrected record or restart the blocked step.	Close the issue only when downstream flow resumes or the exception is accepted.	In practice, recovery usually relies on spreadsheets, email, calls, and side notes outside the system of record.	Not pursued
Motor vehicle and parts dealers	Exception, dispute, and recovery handling	Exception, dispute, and recovery handling cannot move forward cleanly.	Review the workflow state, recent handoff, and source records.	Collect the supporting documents, transaction records, and stakeholder context needed to explain the break.	Decide whether to correct data, reroute work, escalate, or absorb the issue.	Update the workflow record, attach missing support, or restage the process.	Secure internal or external approval where the workflow requires it.	Resend the corrected record or restart the blocked step.	Close the issue only when downstream flow resumes or the exception is accepted.	In practice, recovery usually relies on spreadsheets, email, calls, and side notes outside the system of record.	Supporting workflow
Truck transportation	Capacity and Load Planning	Capacity and Load Planning cannot move forward cleanly.	Review the workflow state, recent handoff, and source records.	Collect the supporting documents, transaction records, and stakeholder context needed to explain the break.	Decide whether to correct data, reroute work, escalate, or absorb the issue.	Update the workflow record, attach missing support, or restage the process.	Secure internal or external approval where the workflow requires it.	Resend the corrected record or restart the blocked step.	Close the issue only when downstream flow resumes or the exception is accepted.	In practice, recovery usually relies on spreadsheets, email, calls, and side notes outside the system of record.	Not pursued
Truck transportation	Dispatch and Routing	Dispatch and Routing cannot move forward cleanly.	Review the workflow state, recent handoff, and source records.	Collect the supporting documents, transaction records, and stakeholder context needed to explain the break.	Decide whether to correct data, reroute work, escalate, or absorb the issue.	Update the workflow record, attach missing support, or restage the process.	Secure internal or external approval where the workflow requires it.	Resend the corrected record or restart the blocked step.	Close the issue only when downstream flow resumes or the exception is accepted.	In practice, recovery usually relies on spreadsheets, email, calls, and side notes outside the system of record.	Not pursued
Truck transportation	Driver Safety and Compliance	Driver Safety and Compliance cannot move forward cleanly.	Review the workflow state, recent handoff, and source records.	Collect the supporting documents, transaction records, and stakeholder context needed to explain the break.	Decide whether to correct data, reroute work, escalate, or absorb the issue.	Update the workflow record, attach missing support, or restage the process.	Secure internal or external approval where the workflow requires it.	Resend the corrected record or restart the blocked step.	Close the issue only when downstream flow resumes or the exception is accepted.	In practice, recovery usually relies on spreadsheets, email, calls, and side notes outside the system of record.	Not pursued
Truck transportation	In-Transit Visibility and Proof of Delivery	In-Transit Visibility and Proof of Delivery cannot move forward cleanly.	Review the workflow state, recent handoff, and source records.	Collect the supporting documents, transaction records, and stakeholder context needed to explain the break.	Decide whether to correct data, reroute work, escalate, or absorb the issue.	Update the workflow record, attach missing support, or restage the process.	Secure internal or external approval where the workflow requires it.	Resend the corrected record or restart the blocked step.	Close the issue only when downstream flow resumes or the exception is accepted.	In practice, recovery usually relies on spreadsheets, email, calls, and side notes outside the system of record.	Not pursued
Truck transportation	Freight Audit and Billing	Freight Audit and Billing cannot move forward cleanly.	Review the workflow state, recent handoff, and source records.	Collect the supporting documents, transaction records, and stakeholder context needed to explain the break.	Decide whether to correct data, reroute work, escalate, or absorb the issue.	Update the workflow record, attach missing support, or restage the process.	Secure internal or external approval where the workflow requires it.	Resend the corrected record or restart the blocked step.	Close the issue only when downstream flow resumes or the exception is accepted.	In practice, recovery usually relies on spreadsheets, email, calls, and side notes outside the system of record.	YELLOW-W-005
Truck transportation	Lead, intake, and qualification management	Lead, intake, and qualification management cannot move forward cleanly.	Review the workflow state, recent handoff, and source records.	Collect the supporting documents, transaction records, and stakeholder context needed to explain the break.	Decide whether to correct data, reroute work, escalate, or absorb the issue.	Update the workflow record, attach missing support, or restage the process.	Secure internal or external approval where the workflow requires it.	Resend the corrected record or restart the blocked step.	Close the issue only when downstream flow resumes or the exception is accepted.	In practice, recovery usually relies on spreadsheets, email, calls, and side notes outside the system of record.	Not pursued
Truck transportation	Supplier, vendor, or partner onboarding and compliance	Supplier, vendor, or partner onboarding and compliance cannot move forward cleanly.	Review the workflow state, recent handoff, and source records.	Collect the supporting documents, transaction records, and stakeholder context needed to explain the break.	Decide whether to correct data, reroute work, escalate, or absorb the issue.	Update the workflow record, attach missing support, or restage the process.	Secure internal or external approval where the workflow requires it.	Resend the corrected record or restart the blocked step.	Close the issue only when downstream flow resumes or the exception is accepted.	In practice, recovery usually relies on spreadsheets, email, calls, and side notes outside the system of record.	Not pursued
Truck transportation	Customer, participant, or stakeholder communication and escalation	Customer, participant, or stakeholder communication and escalation cannot move forward cleanly.	Review the workflow state, recent handoff, and source records.	Collect the supporting documents, transaction records, and stakeholder context needed to explain the break.	Decide whether to correct data, reroute work, escalate, or absorb the issue.	Update the workflow record, attach missing support, or restage the process.	Secure internal or external approval where the workflow requires it.	Resend the corrected record or restart the blocked step.	Close the issue only when downstream flow resumes or the exception is accepted.	In practice, recovery usually relies on spreadsheets, email, calls, and side notes outside the system of record.	Not pursued
Truck transportation	Compliance, reporting, and audit support	Compliance, reporting, and audit support cannot move forward cleanly.	Review the workflow state, recent handoff, and source records.	Collect the supporting documents, transaction records, and stakeholder context needed to explain the break.	Decide whether to correct data, reroute work, escalate, or absorb the issue.	Update the workflow record, attach missing support, or restage the process.	Secure internal or external approval where the workflow requires it.	Resend the corrected record or restart the blocked step.	Close the issue only when downstream flow resumes or the exception is accepted.	In practice, recovery usually relies on spreadsheets, email, calls, and side notes outside the system of record.	Not pursued
Truck transportation	Exception, dispute, and recovery handling	Exception, dispute, and recovery handling cannot move forward cleanly.	Review the workflow state, recent handoff, and source records.	Collect the supporting documents, transaction records, and stakeholder context needed to explain the break.	Decide whether to correct data, reroute work, escalate, or absorb the issue.	Update the workflow record, attach missing support, or restage the process.	Secure internal or external approval where the workflow requires it.	Resend the corrected record or restart the blocked step.	Close the issue only when downstream flow resumes or the exception is accepted.	In practice, recovery usually relies on spreadsheets, email, calls, and side notes outside the system of record.	Supporting workflow
Legal services	Matter Intake and Conflict Review	Matter Intake and Conflict Review cannot move forward cleanly.	Review the workflow state, recent handoff, and source records.	Collect the supporting documents, transaction records, and stakeholder context needed to explain the break.	Decide whether to correct data, reroute work, escalate, or absorb the issue.	Update the workflow record, attach missing support, or restage the process.	Secure internal or external approval where the workflow requires it.	Resend the corrected record or restart the blocked step.	Close the issue only when downstream flow resumes or the exception is accepted.	In practice, recovery usually relies on spreadsheets, email, calls, and side notes outside the system of record.	Not pursued
Legal services	Staffing and Task Management	Staffing and Task Management cannot move forward cleanly.	Review the workflow state, recent handoff, and source records.	Collect the supporting documents, transaction records, and stakeholder context needed to explain the break.	Decide whether to correct data, reroute work, escalate, or absorb the issue.	Update the workflow record, attach missing support, or restage the process.	Secure internal or external approval where the workflow requires it.	Resend the corrected record or restart the blocked step.	Close the issue only when downstream flow resumes or the exception is accepted.	In practice, recovery usually relies on spreadsheets, email, calls, and side notes outside the system of record.	Not pursued
Legal services	Document and Knowledge Management	Document and Knowledge Management cannot move forward cleanly.	Review the workflow state, recent handoff, and source records.	Collect the supporting documents, transaction records, and stakeholder context needed to explain the break.	Decide whether to correct data, reroute work, escalate, or absorb the issue.	Update the workflow record, attach missing support, or restage the process.	Secure internal or external approval where the workflow requires it.	Resend the corrected record or restart the blocked step.	Close the issue only when downstream flow resumes or the exception is accepted.	In practice, recovery usually relies on spreadsheets, email, calls, and side notes outside the system of record.	Not pursued
Legal services	Time and Expense Capture	Time and Expense Capture cannot move forward cleanly.	Review the workflow state, recent handoff, and source records.	Collect the supporting documents, transaction records, and stakeholder context needed to explain the break.	Decide whether to correct data, reroute work, escalate, or absorb the issue.	Update the workflow record, attach missing support, or restage the process.	Secure internal or external approval where the workflow requires it.	Resend the corrected record or restart the blocked step.	Close the issue only when downstream flow resumes or the exception is accepted.	In practice, recovery usually relies on spreadsheets, email, calls, and side notes outside the system of record.	KILL-candidate
Legal services	Docketing and Compliance Tracking	Docketing and Compliance Tracking cannot move forward cleanly.	Review the workflow state, recent handoff, and source records.	Collect the supporting documents, transaction records, and stakeholder context needed to explain the break.	Decide whether to correct data, reroute work, escalate, or absorb the issue.	Update the workflow record, attach missing support, or restage the process.	Secure internal or external approval where the workflow requires it.	Resend the corrected record or restart the blocked step.	Close the issue only when downstream flow resumes or the exception is accepted.	In practice, recovery usually relies on spreadsheets, email, calls, and side notes outside the system of record.	Not pursued
Legal services	Billing, settlement, and close	Billing, settlement, and close cannot move forward cleanly.	Review the workflow state, recent handoff, and source records.	Collect the supporting documents, transaction records, and stakeholder context needed to explain the break.	Decide whether to correct data, reroute work, escalate, or absorb the issue.	Update the workflow record, attach missing support, or restage the process.	Secure internal or external approval where the workflow requires it.	Resend the corrected record or restart the blocked step.	Close the issue only when downstream flow resumes or the exception is accepted.	In practice, recovery usually relies on spreadsheets, email, calls, and side notes outside the system of record.	Supporting workflow
Legal services	Supplier, vendor, or partner onboarding and compliance	Supplier, vendor, or partner onboarding and compliance cannot move forward cleanly.	Review the workflow state, recent handoff, and source records.	Collect the supporting documents, transaction records, and stakeholder context needed to explain the break.	Decide whether to correct data, reroute work, escalate, or absorb the issue.	Update the workflow record, attach missing support, or restage the process.	Secure internal or external approval where the workflow requires it.	Resend the corrected record or restart the blocked step.	Close the issue only when downstream flow resumes or the exception is accepted.	In practice, recovery usually relies on spreadsheets, email, calls, and side notes outside the system of record.	Not pursued
Legal services	Customer, participant, or stakeholder communication and escalation	Customer, participant, or stakeholder communication and escalation cannot move forward cleanly.	Review the workflow state, recent handoff, and source records.	Collect the supporting documents, transaction records, and stakeholder context needed to explain the break.	Decide whether to correct data, reroute work, escalate, or absorb the issue.	Update the workflow record, attach missing support, or restage the process.	Secure internal or external approval where the workflow requires it.	Resend the corrected record or restart the blocked step.	Close the issue only when downstream flow resumes or the exception is accepted.	In practice, recovery usually relies on spreadsheets, email, calls, and side notes outside the system of record.	Not pursued
Legal services	Exception, dispute, and recovery handling	Exception, dispute, and recovery handling cannot move forward cleanly.	Review the workflow state, recent handoff, and source records.	Collect the supporting documents, transaction records, and stakeholder context needed to explain the break.	Decide whether to correct data, reroute work, escalate, or absorb the issue.	Update the workflow record, attach missing support, or restage the process.	Secure internal or external approval where the workflow requires it.	Resend the corrected record or restart the blocked step.	Close the issue only when downstream flow resumes or the exception is accepted.	In practice, recovery usually relies on spreadsheets, email, calls, and side notes outside the system of record.	Supporting workflow
Educational services	Admissions and Enrollment	Admissions and Enrollment cannot move forward cleanly.	Review the workflow state, recent handoff, and source records.	Collect the supporting documents, transaction records, and stakeholder context needed to explain the break.	Decide whether to correct data, reroute work, escalate, or absorb the issue.	Update the workflow record, attach missing support, or restage the process.	Secure internal or external approval where the workflow requires it.	Resend the corrected record or restart the blocked step.	Close the issue only when downstream flow resumes or the exception is accepted.	In practice, recovery usually relies on spreadsheets, email, calls, and side notes outside the system of record.	Not pursued
Educational services	Scheduling and Staffing	Scheduling and Staffing cannot move forward cleanly.	Review the workflow state, recent handoff, and source records.	Collect the supporting documents, transaction records, and stakeholder context needed to explain the break.	Decide whether to correct data, reroute work, escalate, or absorb the issue.	Update the workflow record, attach missing support, or restage the process.	Secure internal or external approval where the workflow requires it.	Resend the corrected record or restart the blocked step.	Close the issue only when downstream flow resumes or the exception is accepted.	In practice, recovery usually relies on spreadsheets, email, calls, and side notes outside the system of record.	Not pursued
Educational services	Instruction Delivery	Instruction Delivery cannot move forward cleanly.	Review the workflow state, recent handoff, and source records.	Collect the supporting documents, transaction records, and stakeholder context needed to explain the break.	Decide whether to correct data, reroute work, escalate, or absorb the issue.	Update the workflow record, attach missing support, or restage the process.	Secure internal or external approval where the workflow requires it.	Resend the corrected record or restart the blocked step.	Close the issue only when downstream flow resumes or the exception is accepted.	In practice, recovery usually relies on spreadsheets, email, calls, and side notes outside the system of record.	Not pursued
Educational services	Student Service and Retention Management	Student Service and Retention Management cannot move forward cleanly.	Review the workflow state, recent handoff, and source records.	Collect the supporting documents, transaction records, and stakeholder context needed to explain the break.	Decide whether to correct data, reroute work, escalate, or absorb the issue.	Update the workflow record, attach missing support, or restage the process.	Secure internal or external approval where the workflow requires it.	Resend the corrected record or restart the blocked step.	Close the issue only when downstream flow resumes or the exception is accepted.	In practice, recovery usually relies on spreadsheets, email, calls, and side notes outside the system of record.	Not pursued
Educational services	Billing, Aid, and Regulatory Reporting	Billing, Aid, and Regulatory Reporting cannot move forward cleanly.	Review the workflow state, recent handoff, and source records.	Collect the supporting documents, transaction records, and stakeholder context needed to explain the break.	Decide whether to correct data, reroute work, escalate, or absorb the issue.	Update the workflow record, attach missing support, or restage the process.	Secure internal or external approval where the workflow requires it.	Resend the corrected record or restart the blocked step.	Close the issue only when downstream flow resumes or the exception is accepted.	In practice, recovery usually relies on spreadsheets, email, calls, and side notes outside the system of record.	KILL-candidate
Educational services	Supplier, vendor, or partner onboarding and compliance	Supplier, vendor, or partner onboarding and compliance cannot move forward cleanly.	Review the workflow state, recent handoff, and source records.	Collect the supporting documents, transaction records, and stakeholder context needed to explain the break.	Decide whether to correct data, reroute work, escalate, or absorb the issue.	Update the workflow record, attach missing support, or restage the process.	Secure internal or external approval where the workflow requires it.	Resend the corrected record or restart the blocked step.	Close the issue only when downstream flow resumes or the exception is accepted.	In practice, recovery usually relies on spreadsheets, email, calls, and side notes outside the system of record.	Not pursued
Educational services	Compliance, reporting, and audit support	Compliance, reporting, and audit support cannot move forward cleanly.	Review the workflow state, recent handoff, and source records.	Collect the supporting documents, transaction records, and stakeholder context needed to explain the break.	Decide whether to correct data, reroute work, escalate, or absorb the issue.	Update the workflow record, attach missing support, or restage the process.	Secure internal or external approval where the workflow requires it.	Resend the corrected record or restart the blocked step.	Close the issue only when downstream flow resumes or the exception is accepted.	In practice, recovery usually relies on spreadsheets, email, calls, and side notes outside the system of record.	Not pursued
Educational services	Exception, dispute, and recovery handling	Exception, dispute, and recovery handling cannot move forward cleanly.	Review the workflow state, recent handoff, and source records.	Collect the supporting documents, transaction records, and stakeholder context needed to explain the break.	Decide whether to correct data, reroute work, escalate, or absorb the issue.	Update the workflow record, attach missing support, or restage the process.	Secure internal or external approval where the workflow requires it.	Resend the corrected record or restart the blocked step.	Close the issue only when downstream flow resumes or the exception is accepted.	In practice, recovery usually relies on spreadsheets, email, calls, and side notes outside the system of record.	Supporting workflow
Fabricated metal products	Estimating and Quotation	Estimating and Quotation cannot move forward cleanly.	Review the workflow state, recent handoff, and source records.	Collect the supporting documents, transaction records, and stakeholder context needed to explain the break.	Decide whether to correct data, reroute work, escalate, or absorb the issue.	Update the workflow record, attach missing support, or restage the process.	Secure internal or external approval where the workflow requires it.	Resend the corrected record or restart the blocked step.	Close the issue only when downstream flow resumes or the exception is accepted.	In practice, recovery usually relies on spreadsheets, email, calls, and side notes outside the system of record.	Not pursued
Fabricated metal products	Production Planning	Production Planning cannot move forward cleanly.	Review the workflow state, recent handoff, and source records.	Collect the supporting documents, transaction records, and stakeholder context needed to explain the break.	Decide whether to correct data, reroute work, escalate, or absorb the issue.	Update the workflow record, attach missing support, or restage the process.	Secure internal or external approval where the workflow requires it.	Resend the corrected record or restart the blocked step.	Close the issue only when downstream flow resumes or the exception is accepted.	In practice, recovery usually relies on spreadsheets, email, calls, and side notes outside the system of record.	Not pursued
Fabricated metal products	Shop Floor Execution and Quality Management	Shop Floor Execution and Quality Management cannot move forward cleanly.	Review the workflow state, recent handoff, and source records.	Collect the supporting documents, transaction records, and stakeholder context needed to explain the break.	Decide whether to correct data, reroute work, escalate, or absorb the issue.	Update the workflow record, attach missing support, or restage the process.	Secure internal or external approval where the workflow requires it.	Resend the corrected record or restart the blocked step.	Close the issue only when downstream flow resumes or the exception is accepted.	In practice, recovery usually relies on spreadsheets, email, calls, and side notes outside the system of record.	Not pursued
Fabricated metal products	Quality Inspection and Certification	Quality Inspection and Certification cannot move forward cleanly.	Review the workflow state, recent handoff, and source records.	Collect the supporting documents, transaction records, and stakeholder context needed to explain the break.	Decide whether to correct data, reroute work, escalate, or absorb the issue.	Update the workflow record, attach missing support, or restage the process.	Secure internal or external approval where the workflow requires it.	Resend the corrected record or restart the blocked step.	Close the issue only when downstream flow resumes or the exception is accepted.	In practice, recovery usually relies on spreadsheets, email, calls, and side notes outside the system of record.	Not pursued
Fabricated metal products	Shipping and Invoice Reconciliation	Shipping and Invoice Reconciliation cannot move forward cleanly.	Review the workflow state, recent handoff, and source records.	Collect the supporting documents, transaction records, and stakeholder context needed to explain the break.	Decide whether to correct data, reroute work, escalate, or absorb the issue.	Update the workflow record, attach missing support, or restage the process.	Secure internal or external approval where the workflow requires it.	Resend the corrected record or restart the blocked step.	Close the issue only when downstream flow resumes or the exception is accepted.	In practice, recovery usually relies on spreadsheets, email, calls, and side notes outside the system of record.	KILL-candidate
Fabricated metal products	Lead, intake, and qualification management	Lead, intake, and qualification management cannot move forward cleanly.	Review the workflow state, recent handoff, and source records.	Collect the supporting documents, transaction records, and stakeholder context needed to explain the break.	Decide whether to correct data, reroute work, escalate, or absorb the issue.	Update the workflow record, attach missing support, or restage the process.	Secure internal or external approval where the workflow requires it.	Resend the corrected record or restart the blocked step.	Close the issue only when downstream flow resumes or the exception is accepted.	In practice, recovery usually relies on spreadsheets, email, calls, and side notes outside the system of record.	Not pursued
Fabricated metal products	Billing, settlement, and close	Billing, settlement, and close cannot move forward cleanly.	Review the workflow state, recent handoff, and source records.	Collect the supporting documents, transaction records, and stakeholder context needed to explain the break.	Decide whether to correct data, reroute work, escalate, or absorb the issue.	Update the workflow record, attach missing support, or restage the process.	Secure internal or external approval where the workflow requires it.	Resend the corrected record or restart the blocked step.	Close the issue only when downstream flow resumes or the exception is accepted.	In practice, recovery usually relies on spreadsheets, email, calls, and side notes outside the system of record.	Supporting workflow
Fabricated metal products	Workforce planning, assignment, and time capture	Workforce planning, assignment, and time capture cannot move forward cleanly.	Review the workflow state, recent handoff, and source records.	Collect the supporting documents, transaction records, and stakeholder context needed to explain the break.	Decide whether to correct data, reroute work, escalate, or absorb the issue.	Update the workflow record, attach missing support, or restage the process.	Secure internal or external approval where the workflow requires it.	Resend the corrected record or restart the blocked step.	Close the issue only when downstream flow resumes or the exception is accepted.	In practice, recovery usually relies on spreadsheets, email, calls, and side notes outside the system of record.	Not pursued
Fabricated metal products	Supplier, vendor, or partner onboarding and compliance	Supplier, vendor, or partner onboarding and compliance cannot move forward cleanly.	Review the workflow state, recent handoff, and source records.	Collect the supporting documents, transaction records, and stakeholder context needed to explain the break.	Decide whether to correct data, reroute work, escalate, or absorb the issue.	Update the workflow record, attach missing support, or restage the process.	Secure internal or external approval where the workflow requires it.	Resend the corrected record or restart the blocked step.	Close the issue only when downstream flow resumes or the exception is accepted.	In practice, recovery usually relies on spreadsheets, email, calls, and side notes outside the system of record.	Not pursued
Fabricated metal products	Customer, participant, or stakeholder communication and escalation	Customer, participant, or stakeholder communication and escalation cannot move forward cleanly.	Review the workflow state, recent handoff, and source records.	Collect the supporting documents, transaction records, and stakeholder context needed to explain the break.	Decide whether to correct data, reroute work, escalate, or absorb the issue.	Update the workflow record, attach missing support, or restage the process.	Secure internal or external approval where the workflow requires it.	Resend the corrected record or restart the blocked step.	Close the issue only when downstream flow resumes or the exception is accepted.	In practice, recovery usually relies on spreadsheets, email, calls, and side notes outside the system of record.	Not pursued
Oil and gas extraction	Asset and Reserve Evaluation	Asset and Reserve Evaluation cannot move forward cleanly.	Review the workflow state, recent handoff, and source records.	Collect the supporting documents, transaction records, and stakeholder context needed to explain the break.	Decide whether to correct data, reroute work, escalate, or absorb the issue.	Update the workflow record, attach missing support, or restage the process.	Secure internal or external approval where the workflow requires it.	Resend the corrected record or restart the blocked step.	Close the issue only when downstream flow resumes or the exception is accepted.	In practice, recovery usually relies on spreadsheets, email, calls, and side notes outside the system of record.	Supporting workflow
Oil and gas extraction	Field Development Planning	Field Development Planning cannot move forward cleanly.	Review the workflow state, recent handoff, and source records.	Collect the supporting documents, transaction records, and stakeholder context needed to explain the break.	Decide whether to correct data, reroute work, escalate, or absorb the issue.	Update the workflow record, attach missing support, or restage the process.	Secure internal or external approval where the workflow requires it.	Resend the corrected record or restart the blocked step.	Close the issue only when downstream flow resumes or the exception is accepted.	In practice, recovery usually relies on spreadsheets, email, calls, and side notes outside the system of record.	Not pursued
Oil and gas extraction	Production Operations	Production Operations cannot move forward cleanly.	Review the workflow state, recent handoff, and source records.	Collect the supporting documents, transaction records, and stakeholder context needed to explain the break.	Decide whether to correct data, reroute work, escalate, or absorb the issue.	Update the workflow record, attach missing support, or restage the process.	Secure internal or external approval where the workflow requires it.	Resend the corrected record or restart the blocked step.	Close the issue only when downstream flow resumes or the exception is accepted.	In practice, recovery usually relies on spreadsheets, email, calls, and side notes outside the system of record.	Not pursued
Oil and gas extraction	Midstream Coordination	Midstream Coordination cannot move forward cleanly.	Review the workflow state, recent handoff, and source records.	Collect the supporting documents, transaction records, and stakeholder context needed to explain the break.	Decide whether to correct data, reroute work, escalate, or absorb the issue.	Update the workflow record, attach missing support, or restage the process.	Secure internal or external approval where the workflow requires it.	Resend the corrected record or restart the blocked step.	Close the issue only when downstream flow resumes or the exception is accepted.	In practice, recovery usually relies on spreadsheets, email, calls, and side notes outside the system of record.	Not pursued
Oil and gas extraction	Revenue and Regulatory Reporting	Revenue and Regulatory Reporting cannot move forward cleanly.	Review the workflow state, recent handoff, and source records.	Collect the supporting documents, transaction records, and stakeholder context needed to explain the break.	Decide whether to correct data, reroute work, escalate, or absorb the issue.	Update the workflow record, attach missing support, or restage the process.	Secure internal or external approval where the workflow requires it.	Resend the corrected record or restart the blocked step.	Close the issue only when downstream flow resumes or the exception is accepted.	In practice, recovery usually relies on spreadsheets, email, calls, and side notes outside the system of record.	KILL-candidate
Oil and gas extraction	Lead, intake, and qualification management	Lead, intake, and qualification management cannot move forward cleanly.	Review the workflow state, recent handoff, and source records.	Collect the supporting documents, transaction records, and stakeholder context needed to explain the break.	Decide whether to correct data, reroute work, escalate, or absorb the issue.	Update the workflow record, attach missing support, or restage the process.	Secure internal or external approval where the workflow requires it.	Resend the corrected record or restart the blocked step.	Close the issue only when downstream flow resumes or the exception is accepted.	In practice, recovery usually relies on spreadsheets, email, calls, and side notes outside the system of record.	Not pursued
Oil and gas extraction	Workforce planning, assignment, and time capture	Workforce planning, assignment, and time capture cannot move forward cleanly.	Review the workflow state, recent handoff, and source records.	Collect the supporting documents, transaction records, and stakeholder context needed to explain the break.	Decide whether to correct data, reroute work, escalate, or absorb the issue.	Update the workflow record, attach missing support, or restage the process.	Secure internal or external approval where the workflow requires it.	Resend the corrected record or restart the blocked step.	Close the issue only when downstream flow resumes or the exception is accepted.	In practice, recovery usually relies on spreadsheets, email, calls, and side notes outside the system of record.	Not pursued
Oil and gas extraction	Supplier, vendor, or partner onboarding and compliance	Supplier, vendor, or partner onboarding and compliance cannot move forward cleanly.	Review the workflow state, recent handoff, and source records.	Collect the supporting documents, transaction records, and stakeholder context needed to explain the break.	Decide whether to correct data, reroute work, escalate, or absorb the issue.	Update the workflow record, attach missing support, or restage the process.	Secure internal or external approval where the workflow requires it.	Resend the corrected record or restart the blocked step.	Close the issue only when downstream flow resumes or the exception is accepted.	In practice, recovery usually relies on spreadsheets, email, calls, and side notes outside the system of record.	Not pursued
Oil and gas extraction	Customer, participant, or stakeholder communication and escalation	Customer, participant, or stakeholder communication and escalation cannot move forward cleanly.	Review the workflow state, recent handoff, and source records.	Collect the supporting documents, transaction records, and stakeholder context needed to explain the break.	Decide whether to correct data, reroute work, escalate, or absorb the issue.	Update the workflow record, attach missing support, or restage the process.	Secure internal or external approval where the workflow requires it.	Resend the corrected record or restart the blocked step.	Close the issue only when downstream flow resumes or the exception is accepted.	In practice, recovery usually relies on spreadsheets, email, calls, and side notes outside the system of record.	Not pursued
Oil and gas extraction	Compliance, reporting, and audit support	Compliance, reporting, and audit support cannot move forward cleanly.	Review the workflow state, recent handoff, and source records.	Collect the supporting documents, transaction records, and stakeholder context needed to explain the break.	Decide whether to correct data, reroute work, escalate, or absorb the issue.	Update the workflow record, attach missing support, or restage the process.	Secure internal or external approval where the workflow requires it.	Resend the corrected record or restart the blocked step.	Close the issue only when downstream flow resumes or the exception is accepted.	In practice, recovery usually relies on spreadsheets, email, calls, and side notes outside the system of record.	Not pursued
Oil and gas extraction	Exception, dispute, and recovery handling	Exception, dispute, and recovery handling cannot move forward cleanly.	Review the workflow state, recent handoff, and source records.	Collect the supporting documents, transaction records, and stakeholder context needed to explain the break.	Decide whether to correct data, reroute work, escalate, or absorb the issue.	Update the workflow record, attach missing support, or restage the process.	Secure internal or external approval where the workflow requires it.	Resend the corrected record or restart the blocked step.	Close the issue only when downstream flow resumes or the exception is accepted.	In practice, recovery usually relies on spreadsheets, email, calls, and side notes outside the system of record.	Supporting workflow
Machinery	Product and Engineering Configuration	Product and Engineering Configuration cannot move forward cleanly.	Review the workflow state, recent handoff, and source records.	Collect the supporting documents, transaction records, and stakeholder context needed to explain the break.	Decide whether to correct data, reroute work, escalate, or absorb the issue.	Update the workflow record, attach missing support, or restage the process.	Secure internal or external approval where the workflow requires it.	Resend the corrected record or restart the blocked step.	Close the issue only when downstream flow resumes or the exception is accepted.	In practice, recovery usually relies on spreadsheets, email, calls, and side notes outside the system of record.	Not pursued
Machinery	Supplier Scheduling and Procurement	Supplier Scheduling and Procurement cannot move forward cleanly.	Review the workflow state, recent handoff, and source records.	Collect the supporting documents, transaction records, and stakeholder context needed to explain the break.	Decide whether to correct data, reroute work, escalate, or absorb the issue.	Update the workflow record, attach missing support, or restage the process.	Secure internal or external approval where the workflow requires it.	Resend the corrected record or restart the blocked step.	Close the issue only when downstream flow resumes or the exception is accepted.	In practice, recovery usually relies on spreadsheets, email, calls, and side notes outside the system of record.	Not pursued
Machinery	Assembly and Test	Assembly and Test cannot move forward cleanly.	Review the workflow state, recent handoff, and source records.	Collect the supporting documents, transaction records, and stakeholder context needed to explain the break.	Decide whether to correct data, reroute work, escalate, or absorb the issue.	Update the workflow record, attach missing support, or restage the process.	Secure internal or external approval where the workflow requires it.	Resend the corrected record or restart the blocked step.	Close the issue only when downstream flow resumes or the exception is accepted.	In practice, recovery usually relies on spreadsheets, email, calls, and side notes outside the system of record.	Not pursued
Machinery	Logistics and Channel Fulfillment	Logistics and Channel Fulfillment cannot move forward cleanly.	Review the workflow state, recent handoff, and source records.	Collect the supporting documents, transaction records, and stakeholder context needed to explain the break.	Decide whether to correct data, reroute work, escalate, or absorb the issue.	Update the workflow record, attach missing support, or restage the process.	Secure internal or external approval where the workflow requires it.	Resend the corrected record or restart the blocked step.	Close the issue only when downstream flow resumes or the exception is accepted.	In practice, recovery usually relies on spreadsheets, email, calls, and side notes outside the system of record.	Not pursued
Machinery	Aftermarket Service and Field Support	Aftermarket Service and Field Support cannot move forward cleanly.	Review the workflow state, recent handoff, and source records.	Collect the supporting documents, transaction records, and stakeholder context needed to explain the break.	Decide whether to correct data, reroute work, escalate, or absorb the issue.	Update the workflow record, attach missing support, or restage the process.	Secure internal or external approval where the workflow requires it.	Resend the corrected record or restart the blocked step.	Close the issue only when downstream flow resumes or the exception is accepted.	In practice, recovery usually relies on spreadsheets, email, calls, and side notes outside the system of record.	KILL-candidate
Machinery	Lead, intake, and qualification management	Lead, intake, and qualification management cannot move forward cleanly.	Review the workflow state, recent handoff, and source records.	Collect the supporting documents, transaction records, and stakeholder context needed to explain the break.	Decide whether to correct data, reroute work, escalate, or absorb the issue.	Update the workflow record, attach missing support, or restage the process.	Secure internal or external approval where the workflow requires it.	Resend the corrected record or restart the blocked step.	Close the issue only when downstream flow resumes or the exception is accepted.	In practice, recovery usually relies on spreadsheets, email, calls, and side notes outside the system of record.	Not pursued
Machinery	Billing, settlement, and close	Billing, settlement, and close cannot move forward cleanly.	Review the workflow state, recent handoff, and source records.	Collect the supporting documents, transaction records, and stakeholder context needed to explain the break.	Decide whether to correct data, reroute work, escalate, or absorb the issue.	Update the workflow record, attach missing support, or restage the process.	Secure internal or external approval where the workflow requires it.	Resend the corrected record or restart the blocked step.	Close the issue only when downstream flow resumes or the exception is accepted.	In practice, recovery usually relies on spreadsheets, email, calls, and side notes outside the system of record.	Supporting workflow
Machinery	Supplier, vendor, or partner onboarding and compliance	Supplier, vendor, or partner onboarding and compliance cannot move forward cleanly.	Review the workflow state, recent handoff, and source records.	Collect the supporting documents, transaction records, and stakeholder context needed to explain the break.	Decide whether to correct data, reroute work, escalate, or absorb the issue.	Update the workflow record, attach missing support, or restage the process.	Secure internal or external approval where the workflow requires it.	Resend the corrected record or restart the blocked step.	Close the issue only when downstream flow resumes or the exception is accepted.	In practice, recovery usually relies on spreadsheets, email, calls, and side notes outside the system of record.	Not pursued
Machinery	Compliance, reporting, and audit support	Compliance, reporting, and audit support cannot move forward cleanly.	Review the workflow state, recent handoff, and source records.	Collect the supporting documents, transaction records, and stakeholder context needed to explain the break.	Decide whether to correct data, reroute work, escalate, or absorb the issue.	Update the workflow record, attach missing support, or restage the process.	Secure internal or external approval where the workflow requires it.	Resend the corrected record or restart the blocked step.	Close the issue only when downstream flow resumes or the exception is accepted.	In practice, recovery usually relies on spreadsheets, email, calls, and side notes outside the system of record.	Not pursued
Machinery	Exception, dispute, and recovery handling	Exception, dispute, and recovery handling cannot move forward cleanly.	Review the workflow state, recent handoff, and source records.	Collect the supporting documents, transaction records, and stakeholder context needed to explain the break.	Decide whether to correct data, reroute work, escalate, or absorb the issue.	Update the workflow record, attach missing support, or restage the process.	Secure internal or external approval where the workflow requires it.	Resend the corrected record or restart the blocked step.	Close the issue only when downstream flow resumes or the exception is accepted.	In practice, recovery usually relies on spreadsheets, email, calls, and side notes outside the system of record.	Supporting workflow
Other transportation equipment	Program and Platform Planning	Program and Platform Planning cannot move forward cleanly.	Review the workflow state, recent handoff, and source records.	Collect the supporting documents, transaction records, and stakeholder context needed to explain the break.	Decide whether to correct data, reroute work, escalate, or absorb the issue.	Update the workflow record, attach missing support, or restage the process.	Secure internal or external approval where the workflow requires it.	Resend the corrected record or restart the blocked step.	Close the issue only when downstream flow resumes or the exception is accepted.	In practice, recovery usually relies on spreadsheets, email, calls, and side notes outside the system of record.	Not pursued
Other transportation equipment	Supplier Coordination and Compliance	Supplier Coordination and Compliance cannot move forward cleanly.	Review the workflow state, recent handoff, and source records.	Collect the supporting documents, transaction records, and stakeholder context needed to explain the break.	Decide whether to correct data, reroute work, escalate, or absorb the issue.	Update the workflow record, attach missing support, or restage the process.	Secure internal or external approval where the workflow requires it.	Resend the corrected record or restart the blocked step.	Close the issue only when downstream flow resumes or the exception is accepted.	In practice, recovery usually relies on spreadsheets, email, calls, and side notes outside the system of record.	Not pursued
Other transportation equipment	Assembly, Test, and Certification	Assembly, Test, and Certification cannot move forward cleanly.	Review the workflow state, recent handoff, and source records.	Collect the supporting documents, transaction records, and stakeholder context needed to explain the break.	Decide whether to correct data, reroute work, escalate, or absorb the issue.	Update the workflow record, attach missing support, or restage the process.	Secure internal or external approval where the workflow requires it.	Resend the corrected record or restart the blocked step.	Close the issue only when downstream flow resumes or the exception is accepted.	In practice, recovery usually relies on spreadsheets, email, calls, and side notes outside the system of record.	Not pursued
Other transportation equipment	Delivery and Contract Milestone Management	Delivery and Contract Milestone Management cannot move forward cleanly.	Review the workflow state, recent handoff, and source records.	Collect the supporting documents, transaction records, and stakeholder context needed to explain the break.	Decide whether to correct data, reroute work, escalate, or absorb the issue.	Update the workflow record, attach missing support, or restage the process.	Secure internal or external approval where the workflow requires it.	Resend the corrected record or restart the blocked step.	Close the issue only when downstream flow resumes or the exception is accepted.	In practice, recovery usually relies on spreadsheets, email, calls, and side notes outside the system of record.	KILL-candidate
Other transportation equipment	Aftermarket Service and Field Support	Aftermarket Service and Field Support cannot move forward cleanly.	Review the workflow state, recent handoff, and source records.	Collect the supporting documents, transaction records, and stakeholder context needed to explain the break.	Decide whether to correct data, reroute work, escalate, or absorb the issue.	Update the workflow record, attach missing support, or restage the process.	Secure internal or external approval where the workflow requires it.	Resend the corrected record or restart the blocked step.	Close the issue only when downstream flow resumes or the exception is accepted.	In practice, recovery usually relies on spreadsheets, email, calls, and side notes outside the system of record.	Not pursued
Other transportation equipment	Lead, intake, and qualification management	Lead, intake, and qualification management cannot move forward cleanly.	Review the workflow state, recent handoff, and source records.	Collect the supporting documents, transaction records, and stakeholder context needed to explain the break.	Decide whether to correct data, reroute work, escalate, or absorb the issue.	Update the workflow record, attach missing support, or restage the process.	Secure internal or external approval where the workflow requires it.	Resend the corrected record or restart the blocked step.	Close the issue only when downstream flow resumes or the exception is accepted.	In practice, recovery usually relies on spreadsheets, email, calls, and side notes outside the system of record.	Not pursued
Other transportation equipment	Billing, settlement, and close	Billing, settlement, and close cannot move forward cleanly.	Review the workflow state, recent handoff, and source records.	Collect the supporting documents, transaction records, and stakeholder context needed to explain the break.	Decide whether to correct data, reroute work, escalate, or absorb the issue.	Update the workflow record, attach missing support, or restage the process.	Secure internal or external approval where the workflow requires it.	Resend the corrected record or restart the blocked step.	Close the issue only when downstream flow resumes or the exception is accepted.	In practice, recovery usually relies on spreadsheets, email, calls, and side notes outside the system of record.	Supporting workflow
Other transportation equipment	Workforce planning, assignment, and time capture	Workforce planning, assignment, and time capture cannot move forward cleanly.	Review the workflow state, recent handoff, and source records.	Collect the supporting documents, transaction records, and stakeholder context needed to explain the break.	Decide whether to correct data, reroute work, escalate, or absorb the issue.	Update the workflow record, attach missing support, or restage the process.	Secure internal or external approval where the workflow requires it.	Resend the corrected record or restart the blocked step.	Close the issue only when downstream flow resumes or the exception is accepted.	In practice, recovery usually relies on spreadsheets, email, calls, and side notes outside the system of record.	Not pursued
Other transportation equipment	Exception, dispute, and recovery handling	Exception, dispute, and recovery handling cannot move forward cleanly.	Review the workflow state, recent handoff, and source records.	Collect the supporting documents, transaction records, and stakeholder context needed to explain the break.	Decide whether to correct data, reroute work, escalate, or absorb the issue.	Update the workflow record, attach missing support, or restage the process.	Secure internal or external approval where the workflow requires it.	Resend the corrected record or restart the blocked step.	Close the issue only when downstream flow resumes or the exception is accepted.	In practice, recovery usually relies on spreadsheets, email, calls, and side notes outside the system of record.	Supporting workflow
Computer and electronic products	Demand and Allocation Planning	Demand and Allocation Planning cannot move forward cleanly.	Review the workflow state, recent handoff, and source records.	Collect the supporting documents, transaction records, and stakeholder context needed to explain the break.	Decide whether to correct data, reroute work, escalate, or absorb the issue.	Update the workflow record, attach missing support, or restage the process.	Secure internal or external approval where the workflow requires it.	Resend the corrected record or restart the blocked step.	Close the issue only when downstream flow resumes or the exception is accepted.	In practice, recovery usually relies on spreadsheets, email, calls, and side notes outside the system of record.	Not pursued
Computer and electronic products	Engineering Change Management	Engineering Change Management cannot move forward cleanly.	Review the workflow state, recent handoff, and source records.	Collect the supporting documents, transaction records, and stakeholder context needed to explain the break.	Decide whether to correct data, reroute work, escalate, or absorb the issue.	Update the workflow record, attach missing support, or restage the process.	Secure internal or external approval where the workflow requires it.	Resend the corrected record or restart the blocked step.	Close the issue only when downstream flow resumes or the exception is accepted.	In practice, recovery usually relies on spreadsheets, email, calls, and side notes outside the system of record.	KILL-candidate
Computer and electronic products	Shop Floor Execution and Quality Management	Shop Floor Execution and Quality Management cannot move forward cleanly.	Review the workflow state, recent handoff, and source records.	Collect the supporting documents, transaction records, and stakeholder context needed to explain the break.	Decide whether to correct data, reroute work, escalate, or absorb the issue.	Update the workflow record, attach missing support, or restage the process.	Secure internal or external approval where the workflow requires it.	Resend the corrected record or restart the blocked step.	Close the issue only when downstream flow resumes or the exception is accepted.	In practice, recovery usually relies on spreadsheets, email, calls, and side notes outside the system of record.	Not pursued
Computer and electronic products	Quality and Traceability Management	Quality and Traceability Management cannot move forward cleanly.	Review the workflow state, recent handoff, and source records.	Collect the supporting documents, transaction records, and stakeholder context needed to explain the break.	Decide whether to correct data, reroute work, escalate, or absorb the issue.	Update the workflow record, attach missing support, or restage the process.	Secure internal or external approval where the workflow requires it.	Resend the corrected record or restart the blocked step.	Close the issue only when downstream flow resumes or the exception is accepted.	In practice, recovery usually relies on spreadsheets, email, calls, and side notes outside the system of record.	Not pursued
Computer and electronic products	Logistics and Channel Fulfillment	Logistics and Channel Fulfillment cannot move forward cleanly.	Review the workflow state, recent handoff, and source records.	Collect the supporting documents, transaction records, and stakeholder context needed to explain the break.	Decide whether to correct data, reroute work, escalate, or absorb the issue.	Update the workflow record, attach missing support, or restage the process.	Secure internal or external approval where the workflow requires it.	Resend the corrected record or restart the blocked step.	Close the issue only when downstream flow resumes or the exception is accepted.	In practice, recovery usually relies on spreadsheets, email, calls, and side notes outside the system of record.	Not pursued
Computer and electronic products	Lead, intake, and qualification management	Lead, intake, and qualification management cannot move forward cleanly.	Review the workflow state, recent handoff, and source records.	Collect the supporting documents, transaction records, and stakeholder context needed to explain the break.	Decide whether to correct data, reroute work, escalate, or absorb the issue.	Update the workflow record, attach missing support, or restage the process.	Secure internal or external approval where the workflow requires it.	Resend the corrected record or restart the blocked step.	Close the issue only when downstream flow resumes or the exception is accepted.	In practice, recovery usually relies on spreadsheets, email, calls, and side notes outside the system of record.	Not pursued
Computer and electronic products	Billing, settlement, and close	Billing, settlement, and close cannot move forward cleanly.	Review the workflow state, recent handoff, and source records.	Collect the supporting documents, transaction records, and stakeholder context needed to explain the break.	Decide whether to correct data, reroute work, escalate, or absorb the issue.	Update the workflow record, attach missing support, or restage the process.	Secure internal or external approval where the workflow requires it.	Resend the corrected record or restart the blocked step.	Close the issue only when downstream flow resumes or the exception is accepted.	In practice, recovery usually relies on spreadsheets, email, calls, and side notes outside the system of record.	Supporting workflow
Computer and electronic products	Workforce planning, assignment, and time capture	Workforce planning, assignment, and time capture cannot move forward cleanly.	Review the workflow state, recent handoff, and source records.	Collect the supporting documents, transaction records, and stakeholder context needed to explain the break.	Decide whether to correct data, reroute work, escalate, or absorb the issue.	Update the workflow record, attach missing support, or restage the process.	Secure internal or external approval where the workflow requires it.	Resend the corrected record or restart the blocked step.	Close the issue only when downstream flow resumes or the exception is accepted.	In practice, recovery usually relies on spreadsheets, email, calls, and side notes outside the system of record.	Not pursued
Computer and electronic products	Supplier, vendor, or partner onboarding and compliance	Supplier, vendor, or partner onboarding and compliance cannot move forward cleanly.	Review the workflow state, recent handoff, and source records.	Collect the supporting documents, transaction records, and stakeholder context needed to explain the break.	Decide whether to correct data, reroute work, escalate, or absorb the issue.	Update the workflow record, attach missing support, or restage the process.	Secure internal or external approval where the workflow requires it.	Resend the corrected record or restart the blocked step.	Close the issue only when downstream flow resumes or the exception is accepted.	In practice, recovery usually relies on spreadsheets, email, calls, and side notes outside the system of record.	Not pursued
Computer and electronic products	Customer, participant, or stakeholder communication and escalation	Customer, participant, or stakeholder communication and escalation cannot move forward cleanly.	Review the workflow state, recent handoff, and source records.	Collect the supporting documents, transaction records, and stakeholder context needed to explain the break.	Decide whether to correct data, reroute work, escalate, or absorb the issue.	Update the workflow record, attach missing support, or restage the process.	Secure internal or external approval where the workflow requires it.	Resend the corrected record or restart the blocked step.	Close the issue only when downstream flow resumes or the exception is accepted.	In practice, recovery usually relies on spreadsheets, email, calls, and side notes outside the system of record.	Not pursued
Computer and electronic products	Exception, dispute, and recovery handling	Exception, dispute, and recovery handling cannot move forward cleanly.	Review the workflow state, recent handoff, and source records.	Collect the supporting documents, transaction records, and stakeholder context needed to explain the break.	Decide whether to correct data, reroute work, escalate, or absorb the issue.	Update the workflow record, attach missing support, or restage the process.	Secure internal or external approval where the workflow requires it.	Resend the corrected record or restart the blocked step.	Close the issue only when downstream flow resumes or the exception is accepted.	In practice, recovery usually relies on spreadsheets, email, calls, and side notes outside the system of record.	Supporting workflow
Accommodation	Reservation and Distribution Management	Reservation and Distribution Management cannot move forward cleanly.	Review the workflow state, recent handoff, and source records.	Collect the supporting documents, transaction records, and stakeholder context needed to explain the break.	Decide whether to correct data, reroute work, escalate, or absorb the issue.	Update the workflow record, attach missing support, or restage the process.	Secure internal or external approval where the workflow requires it.	Resend the corrected record or restart the blocked step.	Close the issue only when downstream flow resumes or the exception is accepted.	In practice, recovery usually relies on spreadsheets, email, calls, and side notes outside the system of record.	Not pursued
Accommodation	Revenue Management	Revenue Management cannot move forward cleanly.	Review the workflow state, recent handoff, and source records.	Collect the supporting documents, transaction records, and stakeholder context needed to explain the break.	Decide whether to correct data, reroute work, escalate, or absorb the issue.	Update the workflow record, attach missing support, or restage the process.	Secure internal or external approval where the workflow requires it.	Resend the corrected record or restart the blocked step.	Close the issue only when downstream flow resumes or the exception is accepted.	In practice, recovery usually relies on spreadsheets, email, calls, and side notes outside the system of record.	Supporting workflow
Accommodation	Front Desk and Housekeeping Operations	Front Desk and Housekeeping Operations cannot move forward cleanly.	Review the workflow state, recent handoff, and source records.	Collect the supporting documents, transaction records, and stakeholder context needed to explain the break.	Decide whether to correct data, reroute work, escalate, or absorb the issue.	Update the workflow record, attach missing support, or restage the process.	Secure internal or external approval where the workflow requires it.	Resend the corrected record or restart the blocked step.	Close the issue only when downstream flow resumes or the exception is accepted.	In practice, recovery usually relies on spreadsheets, email, calls, and side notes outside the system of record.	Not pursued
Accommodation	Maintenance and Guest Service	Maintenance and Guest Service cannot move forward cleanly.	Review the workflow state, recent handoff, and source records.	Collect the supporting documents, transaction records, and stakeholder context needed to explain the break.	Decide whether to correct data, reroute work, escalate, or absorb the issue.	Update the workflow record, attach missing support, or restage the process.	Secure internal or external approval where the workflow requires it.	Resend the corrected record or restart the blocked step.	Close the issue only when downstream flow resumes or the exception is accepted.	In practice, recovery usually relies on spreadsheets, email, calls, and side notes outside the system of record.	Not pursued
Accommodation	Night Audit and Owner Reporting	Night Audit and Owner Reporting cannot move forward cleanly.	Review the workflow state, recent handoff, and source records.	Collect the supporting documents, transaction records, and stakeholder context needed to explain the break.	Decide whether to correct data, reroute work, escalate, or absorb the issue.	Update the workflow record, attach missing support, or restage the process.	Secure internal or external approval where the workflow requires it.	Resend the corrected record or restart the blocked step.	Close the issue only when downstream flow resumes or the exception is accepted.	In practice, recovery usually relies on spreadsheets, email, calls, and side notes outside the system of record.	Not pursued
Accommodation	Front desk, housekeeping, and maintenance recovery	Front desk, housekeeping, and maintenance recovery cannot move forward cleanly.	Review the workflow state, recent handoff, and source records.	Collect the supporting documents, transaction records, and stakeholder context needed to explain the break.	Decide whether to correct data, reroute work, escalate, or absorb the issue.	Update the workflow record, attach missing support, or restage the process.	Secure internal or external approval where the workflow requires it.	Resend the corrected record or restart the blocked step.	Close the issue only when downstream flow resumes or the exception is accepted.	In practice, recovery usually relies on spreadsheets, email, calls, and side notes outside the system of record.	MERGE->W-002
Accommodation	Lead, intake, and qualification management	Lead, intake, and qualification management cannot move forward cleanly.	Review the workflow state, recent handoff, and source records.	Collect the supporting documents, transaction records, and stakeholder context needed to explain the break.	Decide whether to correct data, reroute work, escalate, or absorb the issue.	Update the workflow record, attach missing support, or restage the process.	Secure internal or external approval where the workflow requires it.	Resend the corrected record or restart the blocked step.	Close the issue only when downstream flow resumes or the exception is accepted.	In practice, recovery usually relies on spreadsheets, email, calls, and side notes outside the system of record.	Not pursued
Accommodation	Workforce planning, assignment, and time capture	Workforce planning, assignment, and time capture cannot move forward cleanly.	Review the workflow state, recent handoff, and source records.	Collect the supporting documents, transaction records, and stakeholder context needed to explain the break.	Decide whether to correct data, reroute work, escalate, or absorb the issue.	Update the workflow record, attach missing support, or restage the process.	Secure internal or external approval where the workflow requires it.	Resend the corrected record or restart the blocked step.	Close the issue only when downstream flow resumes or the exception is accepted.	In practice, recovery usually relies on spreadsheets, email, calls, and side notes outside the system of record.	Not pursued
Accommodation	Supplier, vendor, or partner onboarding and compliance	Supplier, vendor, or partner onboarding and compliance cannot move forward cleanly.	Review the workflow state, recent handoff, and source records.	Collect the supporting documents, transaction records, and stakeholder context needed to explain the break.	Decide whether to correct data, reroute work, escalate, or absorb the issue.	Update the workflow record, attach missing support, or restage the process.	Secure internal or external approval where the workflow requires it.	Resend the corrected record or restart the blocked step.	Close the issue only when downstream flow resumes or the exception is accepted.	In practice, recovery usually relies on spreadsheets, email, calls, and side notes outside the system of record.	Not pursued
Nursing and residential care facilities	Access, Admissions, and Throughput Management	Access, Admissions, and Throughput Management cannot move forward cleanly.	Review the workflow state, recent handoff, and source records.	Collect the supporting documents, transaction records, and stakeholder context needed to explain the break.	Decide whether to correct data, reroute work, escalate, or absorb the issue.	Update the workflow record, attach missing support, or restage the process.	Secure internal or external approval where the workflow requires it.	Resend the corrected record or restart the blocked step.	Close the issue only when downstream flow resumes or the exception is accepted.	In practice, recovery usually relies on spreadsheets, email, calls, and side notes outside the system of record.	Not pursued
Nursing and residential care facilities	Workforce Scheduling	Workforce Scheduling cannot move forward cleanly.	Review the workflow state, recent handoff, and source records.	Collect the supporting documents, transaction records, and stakeholder context needed to explain the break.	Decide whether to correct data, reroute work, escalate, or absorb the issue.	Update the workflow record, attach missing support, or restage the process.	Secure internal or external approval where the workflow requires it.	Resend the corrected record or restart the blocked step.	Close the issue only when downstream flow resumes or the exception is accepted.	In practice, recovery usually relies on spreadsheets, email, calls, and side notes outside the system of record.	Not pursued
Nursing and residential care facilities	Clinical Documentation	Clinical Documentation cannot move forward cleanly.	Review the workflow state, recent handoff, and source records.	Collect the supporting documents, transaction records, and stakeholder context needed to explain the break.	Decide whether to correct data, reroute work, escalate, or absorb the issue.	Update the workflow record, attach missing support, or restage the process.	Secure internal or external approval where the workflow requires it.	Resend the corrected record or restart the blocked step.	Close the issue only when downstream flow resumes or the exception is accepted.	In practice, recovery usually relies on spreadsheets, email, calls, and side notes outside the system of record.	Not pursued
Nursing and residential care facilities	Medication and Compliance Management	Medication and Compliance Management cannot move forward cleanly.	Review the workflow state, recent handoff, and source records.	Collect the supporting documents, transaction records, and stakeholder context needed to explain the break.	Decide whether to correct data, reroute work, escalate, or absorb the issue.	Update the workflow record, attach missing support, or restage the process.	Secure internal or external approval where the workflow requires it.	Resend the corrected record or restart the blocked step.	Close the issue only when downstream flow resumes or the exception is accepted.	In practice, recovery usually relies on spreadsheets, email, calls, and side notes outside the system of record.	Not pursued
Nursing and residential care facilities	Billing, Claims, and Collections	Billing, Claims, and Collections cannot move forward cleanly.	Review the workflow state, recent handoff, and source records.	Collect the supporting documents, transaction records, and stakeholder context needed to explain the break.	Decide whether to correct data, reroute work, escalate, or absorb the issue.	Update the workflow record, attach missing support, or restage the process.	Secure internal or external approval where the workflow requires it.	Resend the corrected record or restart the blocked step.	Close the issue only when downstream flow resumes or the exception is accepted.	In practice, recovery usually relies on spreadsheets, email, calls, and side notes outside the system of record.	KILL-candidate
Nursing and residential care facilities	Supplier, vendor, or partner onboarding and compliance	Supplier, vendor, or partner onboarding and compliance cannot move forward cleanly.	Review the workflow state, recent handoff, and source records.	Collect the supporting documents, transaction records, and stakeholder context needed to explain the break.	Decide whether to correct data, reroute work, escalate, or absorb the issue.	Update the workflow record, attach missing support, or restage the process.	Secure internal or external approval where the workflow requires it.	Resend the corrected record or restart the blocked step.	Close the issue only when downstream flow resumes or the exception is accepted.	In practice, recovery usually relies on spreadsheets, email, calls, and side notes outside the system of record.	Not pursued
Nursing and residential care facilities	Customer, participant, or stakeholder communication and escalation	Customer, participant, or stakeholder communication and escalation cannot move forward cleanly.	Review the workflow state, recent handoff, and source records.	Collect the supporting documents, transaction records, and stakeholder context needed to explain the break.	Decide whether to correct data, reroute work, escalate, or absorb the issue.	Update the workflow record, attach missing support, or restage the process.	Secure internal or external approval where the workflow requires it.	Resend the corrected record or restart the blocked step.	Close the issue only when downstream flow resumes or the exception is accepted.	In practice, recovery usually relies on spreadsheets, email, calls, and side notes outside the system of record.	Not pursued
Nursing and residential care facilities	Exception, dispute, and recovery handling	Exception, dispute, and recovery handling cannot move forward cleanly.	Review the workflow state, recent handoff, and source records.	Collect the supporting documents, transaction records, and stakeholder context needed to explain the break.	Decide whether to correct data, reroute work, escalate, or absorb the issue.	Update the workflow record, attach missing support, or restage the process.	Secure internal or external approval where the workflow requires it.	Resend the corrected record or restart the blocked step.	Close the issue only when downstream flow resumes or the exception is accepted.	In practice, recovery usually relies on spreadsheets, email, calls, and side notes outside the system of record.	Supporting workflow
Social assistance	Intake and Eligibility Determination	Intake and Eligibility Determination cannot move forward cleanly.	Review the workflow state, recent handoff, and source records.	Collect the supporting documents, transaction records, and stakeholder context needed to explain the break.	Decide whether to correct data, reroute work, escalate, or absorb the issue.	Update the workflow record, attach missing support, or restage the process.	Secure internal or external approval where the workflow requires it.	Resend the corrected record or restart the blocked step.	Close the issue only when downstream flow resumes or the exception is accepted.	In practice, recovery usually relies on spreadsheets, email, calls, and side notes outside the system of record.	Not pursued
Social assistance	Case Planning	Case Planning cannot move forward cleanly.	Review the workflow state, recent handoff, and source records.	Collect the supporting documents, transaction records, and stakeholder context needed to explain the break.	Decide whether to correct data, reroute work, escalate, or absorb the issue.	Update the workflow record, attach missing support, or restage the process.	Secure internal or external approval where the workflow requires it.	Resend the corrected record or restart the blocked step.	Close the issue only when downstream flow resumes or the exception is accepted.	In practice, recovery usually relies on spreadsheets, email, calls, and side notes outside the system of record.	Not pursued
Social assistance	Service Delivery and Referral Coordination	Service Delivery and Referral Coordination cannot move forward cleanly.	Review the workflow state, recent handoff, and source records.	Collect the supporting documents, transaction records, and stakeholder context needed to explain the break.	Decide whether to correct data, reroute work, escalate, or absorb the issue.	Update the workflow record, attach missing support, or restage the process.	Secure internal or external approval where the workflow requires it.	Resend the corrected record or restart the blocked step.	Close the issue only when downstream flow resumes or the exception is accepted.	In practice, recovery usually relies on spreadsheets, email, calls, and side notes outside the system of record.	Not pursued
Social assistance	Documentation and Compliance Management	Documentation and Compliance Management cannot move forward cleanly.	Review the workflow state, recent handoff, and source records.	Collect the supporting documents, transaction records, and stakeholder context needed to explain the break.	Decide whether to correct data, reroute work, escalate, or absorb the issue.	Update the workflow record, attach missing support, or restage the process.	Secure internal or external approval where the workflow requires it.	Resend the corrected record or restart the blocked step.	Close the issue only when downstream flow resumes or the exception is accepted.	In practice, recovery usually relies on spreadsheets, email, calls, and side notes outside the system of record.	Not pursued
Social assistance	Billing, Grant Reporting, and Reimbursement	Billing, Grant Reporting, and Reimbursement cannot move forward cleanly.	Review the workflow state, recent handoff, and source records.	Collect the supporting documents, transaction records, and stakeholder context needed to explain the break.	Decide whether to correct data, reroute work, escalate, or absorb the issue.	Update the workflow record, attach missing support, or restage the process.	Secure internal or external approval where the workflow requires it.	Resend the corrected record or restart the blocked step.	Close the issue only when downstream flow resumes or the exception is accepted.	In practice, recovery usually relies on spreadsheets, email, calls, and side notes outside the system of record.	KILL-candidate
Social assistance	Workforce planning, assignment, and time capture	Workforce planning, assignment, and time capture cannot move forward cleanly.	Review the workflow state, recent handoff, and source records.	Collect the supporting documents, transaction records, and stakeholder context needed to explain the break.	Decide whether to correct data, reroute work, escalate, or absorb the issue.	Update the workflow record, attach missing support, or restage the process.	Secure internal or external approval where the workflow requires it.	Resend the corrected record or restart the blocked step.	Close the issue only when downstream flow resumes or the exception is accepted.	In practice, recovery usually relies on spreadsheets, email, calls, and side notes outside the system of record.	Not pursued
Social assistance	Supplier, vendor, or partner onboarding and compliance	Supplier, vendor, or partner onboarding and compliance cannot move forward cleanly.	Review the workflow state, recent handoff, and source records.	Collect the supporting documents, transaction records, and stakeholder context needed to explain the break.	Decide whether to correct data, reroute work, escalate, or absorb the issue.	Update the workflow record, attach missing support, or restage the process.	Secure internal or external approval where the workflow requires it.	Resend the corrected record or restart the blocked step.	Close the issue only when downstream flow resumes or the exception is accepted.	In practice, recovery usually relies on spreadsheets, email, calls, and side notes outside the system of record.	Not pursued
Social assistance	Customer, participant, or stakeholder communication and escalation	Customer, participant, or stakeholder communication and escalation cannot move forward cleanly.	Review the workflow state, recent handoff, and source records.	Collect the supporting documents, transaction records, and stakeholder context needed to explain the break.	Decide whether to correct data, reroute work, escalate, or absorb the issue.	Update the workflow record, attach missing support, or restage the process.	Secure internal or external approval where the workflow requires it.	Resend the corrected record or restart the blocked step.	Close the issue only when downstream flow resumes or the exception is accepted.	In practice, recovery usually relies on spreadsheets, email, calls, and side notes outside the system of record.	Not pursued
Social assistance	Exception, dispute, and recovery handling	Exception, dispute, and recovery handling cannot move forward cleanly.	Review the workflow state, recent handoff, and source records.	Collect the supporting documents, transaction records, and stakeholder context needed to explain the break.	Decide whether to correct data, reroute work, escalate, or absorb the issue.	Update the workflow record, attach missing support, or restage the process.	Secure internal or external approval where the workflow requires it.	Resend the corrected record or restart the blocked step.	Close the issue only when downstream flow resumes or the exception is accepted.	In practice, recovery usually relies on spreadsheets, email, calls, and side notes outside the system of record.	Supporting workflow
Other transportation and support activities	Load Intake and Booking	Load Intake and Booking cannot move forward cleanly.	Review the workflow state, recent handoff, and source records.	Collect the supporting documents, transaction records, and stakeholder context needed to explain the break.	Decide whether to correct data, reroute work, escalate, or absorb the issue.	Update the workflow record, attach missing support, or restage the process.	Secure internal or external approval where the workflow requires it.	Resend the corrected record or restart the blocked step.	Close the issue only when downstream flow resumes or the exception is accepted.	In practice, recovery usually relies on spreadsheets, email, calls, and side notes outside the system of record.	Not pursued
Other transportation and support activities	Carrier Coordination and Brokerage	Carrier Coordination and Brokerage cannot move forward cleanly.	Review the workflow state, recent handoff, and source records.	Collect the supporting documents, transaction records, and stakeholder context needed to explain the break.	Decide whether to correct data, reroute work, escalate, or absorb the issue.	Update the workflow record, attach missing support, or restage the process.	Secure internal or external approval where the workflow requires it.	Resend the corrected record or restart the blocked step.	Close the issue only when downstream flow resumes or the exception is accepted.	In practice, recovery usually relies on spreadsheets, email, calls, and side notes outside the system of record.	Not pursued
Other transportation and support activities	Terminal and Yard Operations	Terminal and Yard Operations cannot move forward cleanly.	Review the workflow state, recent handoff, and source records.	Collect the supporting documents, transaction records, and stakeholder context needed to explain the break.	Decide whether to correct data, reroute work, escalate, or absorb the issue.	Update the workflow record, attach missing support, or restage the process.	Secure internal or external approval where the workflow requires it.	Resend the corrected record or restart the blocked step.	Close the issue only when downstream flow resumes or the exception is accepted.	In practice, recovery usually relies on spreadsheets, email, calls, and side notes outside the system of record.	Not pursued
Other transportation and support activities	Exception Management	Exception Management cannot move forward cleanly.	Review the workflow state, recent handoff, and source records.	Collect the supporting documents, transaction records, and stakeholder context needed to explain the break.	Decide whether to correct data, reroute work, escalate, or absorb the issue.	Update the workflow record, attach missing support, or restage the process.	Secure internal or external approval where the workflow requires it.	Resend the corrected record or restart the blocked step.	Close the issue only when downstream flow resumes or the exception is accepted.	In practice, recovery usually relies on spreadsheets, email, calls, and side notes outside the system of record.	Supporting workflow
Other transportation and support activities	Freight Audit and Settlement	Freight Audit and Settlement cannot move forward cleanly.	Review the workflow state, recent handoff, and source records.	Collect the supporting documents, transaction records, and stakeholder context needed to explain the break.	Decide whether to correct data, reroute work, escalate, or absorb the issue.	Update the workflow record, attach missing support, or restage the process.	Secure internal or external approval where the workflow requires it.	Resend the corrected record or restart the blocked step.	Close the issue only when downstream flow resumes or the exception is accepted.	In practice, recovery usually relies on spreadsheets, email, calls, and side notes outside the system of record.	MERGE->W-005
Other transportation and support activities	Workforce planning, assignment, and time capture	Workforce planning, assignment, and time capture cannot move forward cleanly.	Review the workflow state, recent handoff, and source records.	Collect the supporting documents, transaction records, and stakeholder context needed to explain the break.	Decide whether to correct data, reroute work, escalate, or absorb the issue.	Update the workflow record, attach missing support, or restage the process.	Secure internal or external approval where the workflow requires it.	Resend the corrected record or restart the blocked step.	Close the issue only when downstream flow resumes or the exception is accepted.	In practice, recovery usually relies on spreadsheets, email, calls, and side notes outside the system of record.	Not pursued
Other transportation and support activities	Supplier, vendor, or partner onboarding and compliance	Supplier, vendor, or partner onboarding and compliance cannot move forward cleanly.	Review the workflow state, recent handoff, and source records.	Collect the supporting documents, transaction records, and stakeholder context needed to explain the break.	Decide whether to correct data, reroute work, escalate, or absorb the issue.	Update the workflow record, attach missing support, or restage the process.	Secure internal or external approval where the workflow requires it.	Resend the corrected record or restart the blocked step.	Close the issue only when downstream flow resumes or the exception is accepted.	In practice, recovery usually relies on spreadsheets, email, calls, and side notes outside the system of record.	Not pursued
Other transportation and support activities	Customer, participant, or stakeholder communication and escalation	Customer, participant, or stakeholder communication and escalation cannot move forward cleanly.	Review the workflow state, recent handoff, and source records.	Collect the supporting documents, transaction records, and stakeholder context needed to explain the break.	Decide whether to correct data, reroute work, escalate, or absorb the issue.	Update the workflow record, attach missing support, or restage the process.	Secure internal or external approval where the workflow requires it.	Resend the corrected record or restart the blocked step.	Close the issue only when downstream flow resumes or the exception is accepted.	In practice, recovery usually relies on spreadsheets, email, calls, and side notes outside the system of record.	Not pursued
Other transportation and support activities	Compliance, reporting, and audit support	Compliance, reporting, and audit support cannot move forward cleanly.	Review the workflow state, recent handoff, and source records.	Collect the supporting documents, transaction records, and stakeholder context needed to explain the break.	Decide whether to correct data, reroute work, escalate, or absorb the issue.	Update the workflow record, attach missing support, or restage the process.	Secure internal or external approval where the workflow requires it.	Resend the corrected record or restart the blocked step.	Close the issue only when downstream flow resumes or the exception is accepted.	In practice, recovery usually relies on spreadsheets, email, calls, and side notes outside the system of record.	Not pursued
Food and beverage stores	Merchandising and Assortment Planning	Merchandising and Assortment Planning cannot move forward cleanly.	Review the workflow state, recent handoff, and source records.	Collect the supporting documents, transaction records, and stakeholder context needed to explain the break.	Decide whether to correct data, reroute work, escalate, or absorb the issue.	Update the workflow record, attach missing support, or restage the process.	Secure internal or external approval where the workflow requires it.	Resend the corrected record or restart the blocked step.	Close the issue only when downstream flow resumes or the exception is accepted.	In practice, recovery usually relies on spreadsheets, email, calls, and side notes outside the system of record.	Not pursued
Food and beverage stores	Inventory and Perishables Management	Inventory and Perishables Management cannot move forward cleanly.	Review the workflow state, recent handoff, and source records.	Collect the supporting documents, transaction records, and stakeholder context needed to explain the break.	Decide whether to correct data, reroute work, escalate, or absorb the issue.	Update the workflow record, attach missing support, or restage the process.	Secure internal or external approval where the workflow requires it.	Resend the corrected record or restart the blocked step.	Close the issue only when downstream flow resumes or the exception is accepted.	In practice, recovery usually relies on spreadsheets, email, calls, and side notes outside the system of record.	Not pursued
Food and beverage stores	Point-of-Sale and Loyalty Operations	Point-of-Sale and Loyalty Operations cannot move forward cleanly.	Review the workflow state, recent handoff, and source records.	Collect the supporting documents, transaction records, and stakeholder context needed to explain the break.	Decide whether to correct data, reroute work, escalate, or absorb the issue.	Update the workflow record, attach missing support, or restage the process.	Secure internal or external approval where the workflow requires it.	Resend the corrected record or restart the blocked step.	Close the issue only when downstream flow resumes or the exception is accepted.	In practice, recovery usually relies on spreadsheets, email, calls, and side notes outside the system of record.	Not pursued
Food and beverage stores	Workforce Scheduling	Workforce Scheduling cannot move forward cleanly.	Review the workflow state, recent handoff, and source records.	Collect the supporting documents, transaction records, and stakeholder context needed to explain the break.	Decide whether to correct data, reroute work, escalate, or absorb the issue.	Update the workflow record, attach missing support, or restage the process.	Secure internal or external approval where the workflow requires it.	Resend the corrected record or restart the blocked step.	Close the issue only when downstream flow resumes or the exception is accepted.	In practice, recovery usually relies on spreadsheets, email, calls, and side notes outside the system of record.	Not pursued
Food and beverage stores	Margin and Shrink Management	Margin and Shrink Management cannot move forward cleanly.	Review the workflow state, recent handoff, and source records.	Collect the supporting documents, transaction records, and stakeholder context needed to explain the break.	Decide whether to correct data, reroute work, escalate, or absorb the issue.	Update the workflow record, attach missing support, or restage the process.	Secure internal or external approval where the workflow requires it.	Resend the corrected record or restart the blocked step.	Close the issue only when downstream flow resumes or the exception is accepted.	In practice, recovery usually relies on spreadsheets, email, calls, and side notes outside the system of record.	KILL-candidate
Food and beverage stores	Lead, intake, and qualification management	Lead, intake, and qualification management cannot move forward cleanly.	Review the workflow state, recent handoff, and source records.	Collect the supporting documents, transaction records, and stakeholder context needed to explain the break.	Decide whether to correct data, reroute work, escalate, or absorb the issue.	Update the workflow record, attach missing support, or restage the process.	Secure internal or external approval where the workflow requires it.	Resend the corrected record or restart the blocked step.	Close the issue only when downstream flow resumes or the exception is accepted.	In practice, recovery usually relies on spreadsheets, email, calls, and side notes outside the system of record.	Not pursued
Food and beverage stores	Supplier, vendor, or partner onboarding and compliance	Supplier, vendor, or partner onboarding and compliance cannot move forward cleanly.	Review the workflow state, recent handoff, and source records.	Collect the supporting documents, transaction records, and stakeholder context needed to explain the break.	Decide whether to correct data, reroute work, escalate, or absorb the issue.	Update the workflow record, attach missing support, or restage the process.	Secure internal or external approval where the workflow requires it.	Resend the corrected record or restart the blocked step.	Close the issue only when downstream flow resumes or the exception is accepted.	In practice, recovery usually relies on spreadsheets, email, calls, and side notes outside the system of record.	Not pursued
Food and beverage stores	Customer, participant, or stakeholder communication and escalation	Customer, participant, or stakeholder communication and escalation cannot move forward cleanly.	Review the workflow state, recent handoff, and source records.	Collect the supporting documents, transaction records, and stakeholder context needed to explain the break.	Decide whether to correct data, reroute work, escalate, or absorb the issue.	Update the workflow record, attach missing support, or restage the process.	Secure internal or external approval where the workflow requires it.	Resend the corrected record or restart the blocked step.	Close the issue only when downstream flow resumes or the exception is accepted.	In practice, recovery usually relies on spreadsheets, email, calls, and side notes outside the system of record.	Not pursued
Food and beverage stores	Compliance, reporting, and audit support	Compliance, reporting, and audit support cannot move forward cleanly.	Review the workflow state, recent handoff, and source records.	Collect the supporting documents, transaction records, and stakeholder context needed to explain the break.	Decide whether to correct data, reroute work, escalate, or absorb the issue.	Update the workflow record, attach missing support, or restage the process.	Secure internal or external approval where the workflow requires it.	Resend the corrected record or restart the blocked step.	Close the issue only when downstream flow resumes or the exception is accepted.	In practice, recovery usually relies on spreadsheets, email, calls, and side notes outside the system of record.	Not pursued
Food and beverage stores	Exception, dispute, and recovery handling	Exception, dispute, and recovery handling cannot move forward cleanly.	Review the workflow state, recent handoff, and source records.	Collect the supporting documents, transaction records, and stakeholder context needed to explain the break.	Decide whether to correct data, reroute work, escalate, or absorb the issue.	Update the workflow record, attach missing support, or restage the process.	Secure internal or external approval where the workflow requires it.	Resend the corrected record or restart the blocked step.	Close the issue only when downstream flow resumes or the exception is accepted.	In practice, recovery usually relies on spreadsheets, email, calls, and side notes outside the system of record.	Supporting workflow
Performing arts, spectator sports, museums, and related activities	Programming and Event Planning	Programming and Event Planning cannot move forward cleanly.	Review the workflow state, recent handoff, and source records.	Collect the supporting documents, transaction records, and stakeholder context needed to explain the break.	Decide whether to correct data, reroute work, escalate, or absorb the issue.	Update the workflow record, attach missing support, or restage the process.	Secure internal or external approval where the workflow requires it.	Resend the corrected record or restart the blocked step.	Close the issue only when downstream flow resumes or the exception is accepted.	In practice, recovery usually relies on spreadsheets, email, calls, and side notes outside the system of record.	Not pursued
Performing arts, spectator sports, museums, and related activities	Ticketing and Pricing	Ticketing and Pricing cannot move forward cleanly.	Review the workflow state, recent handoff, and source records.	Collect the supporting documents, transaction records, and stakeholder context needed to explain the break.	Decide whether to correct data, reroute work, escalate, or absorb the issue.	Update the workflow record, attach missing support, or restage the process.	Secure internal or external approval where the workflow requires it.	Resend the corrected record or restart the blocked step.	Close the issue only when downstream flow resumes or the exception is accepted.	In practice, recovery usually relies on spreadsheets, email, calls, and side notes outside the system of record.	Not pursued
Performing arts, spectator sports, museums, and related activities	Venue and Staff Operations	Venue and Staff Operations cannot move forward cleanly.	Review the workflow state, recent handoff, and source records.	Collect the supporting documents, transaction records, and stakeholder context needed to explain the break.	Decide whether to correct data, reroute work, escalate, or absorb the issue.	Update the workflow record, attach missing support, or restage the process.	Secure internal or external approval where the workflow requires it.	Resend the corrected record or restart the blocked step.	Close the issue only when downstream flow resumes or the exception is accepted.	In practice, recovery usually relies on spreadsheets, email, calls, and side notes outside the system of record.	Not pursued
Performing arts, spectator sports, museums, and related activities	Sponsorship and Donor Management	Sponsorship and Donor Management cannot move forward cleanly.	Review the workflow state, recent handoff, and source records.	Collect the supporting documents, transaction records, and stakeholder context needed to explain the break.	Decide whether to correct data, reroute work, escalate, or absorb the issue.	Update the workflow record, attach missing support, or restage the process.	Secure internal or external approval where the workflow requires it.	Resend the corrected record or restart the blocked step.	Close the issue only when downstream flow resumes or the exception is accepted.	In practice, recovery usually relies on spreadsheets, email, calls, and side notes outside the system of record.	Not pursued
Performing arts, spectator sports, museums, and related activities	Event Settlement and Reporting	Event Settlement and Reporting cannot move forward cleanly.	Review the workflow state, recent handoff, and source records.	Collect the supporting documents, transaction records, and stakeholder context needed to explain the break.	Decide whether to correct data, reroute work, escalate, or absorb the issue.	Update the workflow record, attach missing support, or restage the process.	Secure internal or external approval where the workflow requires it.	Resend the corrected record or restart the blocked step.	Close the issue only when downstream flow resumes or the exception is accepted.	In practice, recovery usually relies on spreadsheets, email, calls, and side notes outside the system of record.	KILL-candidate
Performing arts, spectator sports, museums, and related activities	Workforce planning, assignment, and time capture	Workforce planning, assignment, and time capture cannot move forward cleanly.	Review the workflow state, recent handoff, and source records.	Collect the supporting documents, transaction records, and stakeholder context needed to explain the break.	Decide whether to correct data, reroute work, escalate, or absorb the issue.	Update the workflow record, attach missing support, or restage the process.	Secure internal or external approval where the workflow requires it.	Resend the corrected record or restart the blocked step.	Close the issue only when downstream flow resumes or the exception is accepted.	In practice, recovery usually relies on spreadsheets, email, calls, and side notes outside the system of record.	Not pursued
Performing arts, spectator sports, museums, and related activities	Supplier, vendor, or partner onboarding and compliance	Supplier, vendor, or partner onboarding and compliance cannot move forward cleanly.	Review the workflow state, recent handoff, and source records.	Collect the supporting documents, transaction records, and stakeholder context needed to explain the break.	Decide whether to correct data, reroute work, escalate, or absorb the issue.	Update the workflow record, attach missing support, or restage the process.	Secure internal or external approval where the workflow requires it.	Resend the corrected record or restart the blocked step.	Close the issue only when downstream flow resumes or the exception is accepted.	In practice, recovery usually relies on spreadsheets, email, calls, and side notes outside the system of record.	Not pursued
Performing arts, spectator sports, museums, and related activities	Customer, participant, or stakeholder communication and escalation	Customer, participant, or stakeholder communication and escalation cannot move forward cleanly.	Review the workflow state, recent handoff, and source records.	Collect the supporting documents, transaction records, and stakeholder context needed to explain the break.	Decide whether to correct data, reroute work, escalate, or absorb the issue.	Update the workflow record, attach missing support, or restage the process.	Secure internal or external approval where the workflow requires it.	Resend the corrected record or restart the blocked step.	Close the issue only when downstream flow resumes or the exception is accepted.	In practice, recovery usually relies on spreadsheets, email, calls, and side notes outside the system of record.	Not pursued
Performing arts, spectator sports, museums, and related activities	Compliance, reporting, and audit support	Compliance, reporting, and audit support cannot move forward cleanly.	Review the workflow state, recent handoff, and source records.	Collect the supporting documents, transaction records, and stakeholder context needed to explain the break.	Decide whether to correct data, reroute work, escalate, or absorb the issue.	Update the workflow record, attach missing support, or restage the process.	Secure internal or external approval where the workflow requires it.	Resend the corrected record or restart the blocked step.	Close the issue only when downstream flow resumes or the exception is accepted.	In practice, recovery usually relies on spreadsheets, email, calls, and side notes outside the system of record.	Not pursued
Performing arts, spectator sports, museums, and related activities	Exception, dispute, and recovery handling	Exception, dispute, and recovery handling cannot move forward cleanly.	Review the workflow state, recent handoff, and source records.	Collect the supporting documents, transaction records, and stakeholder context needed to explain the break.	Decide whether to correct data, reroute work, escalate, or absorb the issue.	Update the workflow record, attach missing support, or restage the process.	Secure internal or external approval where the workflow requires it.	Resend the corrected record or restart the blocked step.	Close the issue only when downstream flow resumes or the exception is accepted.	In practice, recovery usually relies on spreadsheets, email, calls, and side notes outside the system of record.	Supporting workflow
Air transportation	Network and Schedule Planning	Network and Schedule Planning cannot move forward cleanly.	Review the workflow state, recent handoff, and source records.	Collect the supporting documents, transaction records, and stakeholder context needed to explain the break.	Decide whether to correct data, reroute work, escalate, or absorb the issue.	Update the workflow record, attach missing support, or restage the process.	Secure internal or external approval where the workflow requires it.	Resend the corrected record or restart the blocked step.	Close the issue only when downstream flow resumes or the exception is accepted.	In practice, recovery usually relies on spreadsheets, email, calls, and side notes outside the system of record.	Not pursued
Air transportation	Crew and Fleet Assignment	Crew and Fleet Assignment cannot move forward cleanly.	Review the workflow state, recent handoff, and source records.	Collect the supporting documents, transaction records, and stakeholder context needed to explain the break.	Decide whether to correct data, reroute work, escalate, or absorb the issue.	Update the workflow record, attach missing support, or restage the process.	Secure internal or external approval where the workflow requires it.	Resend the corrected record or restart the blocked step.	Close the issue only when downstream flow resumes or the exception is accepted.	In practice, recovery usually relies on spreadsheets, email, calls, and side notes outside the system of record.	Not pursued
Air transportation	Revenue Management	Revenue Management cannot move forward cleanly.	Review the workflow state, recent handoff, and source records.	Collect the supporting documents, transaction records, and stakeholder context needed to explain the break.	Decide whether to correct data, reroute work, escalate, or absorb the issue.	Update the workflow record, attach missing support, or restage the process.	Secure internal or external approval where the workflow requires it.	Resend the corrected record or restart the blocked step.	Close the issue only when downstream flow resumes or the exception is accepted.	In practice, recovery usually relies on spreadsheets, email, calls, and side notes outside the system of record.	Supporting workflow
Air transportation	Operational Recovery and Disruption Management	Operational Recovery and Disruption Management cannot move forward cleanly.	Review the workflow state, recent handoff, and source records.	Collect the supporting documents, transaction records, and stakeholder context needed to explain the break.	Decide whether to correct data, reroute work, escalate, or absorb the issue.	Update the workflow record, attach missing support, or restage the process.	Secure internal or external approval where the workflow requires it.	Resend the corrected record or restart the blocked step.	Close the issue only when downstream flow resumes or the exception is accepted.	In practice, recovery usually relies on spreadsheets, email, calls, and side notes outside the system of record.	KILL-candidate
Air transportation	Loyalty and Settlement Accounting	Loyalty and Settlement Accounting cannot move forward cleanly.	Review the workflow state, recent handoff, and source records.	Collect the supporting documents, transaction records, and stakeholder context needed to explain the break.	Decide whether to correct data, reroute work, escalate, or absorb the issue.	Update the workflow record, attach missing support, or restage the process.	Secure internal or external approval where the workflow requires it.	Resend the corrected record or restart the blocked step.	Close the issue only when downstream flow resumes or the exception is accepted.	In practice, recovery usually relies on spreadsheets, email, calls, and side notes outside the system of record.	Supporting workflow
Air transportation	Lead, intake, and qualification management	Lead, intake, and qualification management cannot move forward cleanly.	Review the workflow state, recent handoff, and source records.	Collect the supporting documents, transaction records, and stakeholder context needed to explain the break.	Decide whether to correct data, reroute work, escalate, or absorb the issue.	Update the workflow record, attach missing support, or restage the process.	Secure internal or external approval where the workflow requires it.	Resend the corrected record or restart the blocked step.	Close the issue only when downstream flow resumes or the exception is accepted.	In practice, recovery usually relies on spreadsheets, email, calls, and side notes outside the system of record.	Not pursued
Air transportation	Workforce planning, assignment, and time capture	Workforce planning, assignment, and time capture cannot move forward cleanly.	Review the workflow state, recent handoff, and source records.	Collect the supporting documents, transaction records, and stakeholder context needed to explain the break.	Decide whether to correct data, reroute work, escalate, or absorb the issue.	Update the workflow record, attach missing support, or restage the process.	Secure internal or external approval where the workflow requires it.	Resend the corrected record or restart the blocked step.	Close the issue only when downstream flow resumes or the exception is accepted.	In practice, recovery usually relies on spreadsheets, email, calls, and side notes outside the system of record.	Not pursued
Air transportation	Supplier, vendor, or partner onboarding and compliance	Supplier, vendor, or partner onboarding and compliance cannot move forward cleanly.	Review the workflow state, recent handoff, and source records.	Collect the supporting documents, transaction records, and stakeholder context needed to explain the break.	Decide whether to correct data, reroute work, escalate, or absorb the issue.	Update the workflow record, attach missing support, or restage the process.	Secure internal or external approval where the workflow requires it.	Resend the corrected record or restart the blocked step.	Close the issue only when downstream flow resumes or the exception is accepted.	In practice, recovery usually relies on spreadsheets, email, calls, and side notes outside the system of record.	Not pursued
Air transportation	Customer, participant, or stakeholder communication and escalation	Customer, participant, or stakeholder communication and escalation cannot move forward cleanly.	Review the workflow state, recent handoff, and source records.	Collect the supporting documents, transaction records, and stakeholder context needed to explain the break.	Decide whether to correct data, reroute work, escalate, or absorb the issue.	Update the workflow record, attach missing support, or restage the process.	Secure internal or external approval where the workflow requires it.	Resend the corrected record or restart the blocked step.	Close the issue only when downstream flow resumes or the exception is accepted.	In practice, recovery usually relies on spreadsheets, email, calls, and side notes outside the system of record.	Not pursued
Air transportation	Compliance, reporting, and audit support	Compliance, reporting, and audit support cannot move forward cleanly.	Review the workflow state, recent handoff, and source records.	Collect the supporting documents, transaction records, and stakeholder context needed to explain the break.	Decide whether to correct data, reroute work, escalate, or absorb the issue.	Update the workflow record, attach missing support, or restage the process.	Secure internal or external approval where the workflow requires it.	Resend the corrected record or restart the blocked step.	Close the issue only when downstream flow resumes or the exception is accepted.	In practice, recovery usually relies on spreadsheets, email, calls, and side notes outside the system of record.	Not pursued
General merchandise stores	Merchandising and Assortment Planning	Merchandising and Assortment Planning cannot move forward cleanly.	Review the workflow state, recent handoff, and source records.	Collect the supporting documents, transaction records, and stakeholder context needed to explain the break.	Decide whether to correct data, reroute work, escalate, or absorb the issue.	Update the workflow record, attach missing support, or restage the process.	Secure internal or external approval where the workflow requires it.	Resend the corrected record or restart the blocked step.	Close the issue only when downstream flow resumes or the exception is accepted.	In practice, recovery usually relies on spreadsheets, email, calls, and side notes outside the system of record.	Not pursued
General merchandise stores	Inventory Allocation and Replenishment	Inventory Allocation and Replenishment cannot move forward cleanly.	Review the workflow state, recent handoff, and source records.	Collect the supporting documents, transaction records, and stakeholder context needed to explain the break.	Decide whether to correct data, reroute work, escalate, or absorb the issue.	Update the workflow record, attach missing support, or restage the process.	Secure internal or external approval where the workflow requires it.	Resend the corrected record or restart the blocked step.	Close the issue only when downstream flow resumes or the exception is accepted.	In practice, recovery usually relies on spreadsheets, email, calls, and side notes outside the system of record.	Not pursued
General merchandise stores	Order Orchestration and Fulfillment	Order Orchestration and Fulfillment cannot move forward cleanly.	Review the workflow state, recent handoff, and source records.	Collect the supporting documents, transaction records, and stakeholder context needed to explain the break.	Decide whether to correct data, reroute work, escalate, or absorb the issue.	Update the workflow record, attach missing support, or restage the process.	Secure internal or external approval where the workflow requires it.	Resend the corrected record or restart the blocked step.	Close the issue only when downstream flow resumes or the exception is accepted.	In practice, recovery usually relies on spreadsheets, email, calls, and side notes outside the system of record.	Not pursued
General merchandise stores	Store Labor Execution	Store Labor Execution cannot move forward cleanly.	Review the workflow state, recent handoff, and source records.	Collect the supporting documents, transaction records, and stakeholder context needed to explain the break.	Decide whether to correct data, reroute work, escalate, or absorb the issue.	Update the workflow record, attach missing support, or restage the process.	Secure internal or external approval where the workflow requires it.	Resend the corrected record or restart the blocked step.	Close the issue only when downstream flow resumes or the exception is accepted.	In practice, recovery usually relies on spreadsheets, email, calls, and side notes outside the system of record.	Not pursued
General merchandise stores	Returns and Markdown Management	Returns and Markdown Management cannot move forward cleanly.	Review the workflow state, recent handoff, and source records.	Collect the supporting documents, transaction records, and stakeholder context needed to explain the break.	Decide whether to correct data, reroute work, escalate, or absorb the issue.	Update the workflow record, attach missing support, or restage the process.	Secure internal or external approval where the workflow requires it.	Resend the corrected record or restart the blocked step.	Close the issue only when downstream flow resumes or the exception is accepted.	In practice, recovery usually relies on spreadsheets, email, calls, and side notes outside the system of record.	KILL-candidate
General merchandise stores	Lead, intake, and qualification management	Lead, intake, and qualification management cannot move forward cleanly.	Review the workflow state, recent handoff, and source records.	Collect the supporting documents, transaction records, and stakeholder context needed to explain the break.	Decide whether to correct data, reroute work, escalate, or absorb the issue.	Update the workflow record, attach missing support, or restage the process.	Secure internal or external approval where the workflow requires it.	Resend the corrected record or restart the blocked step.	Close the issue only when downstream flow resumes or the exception is accepted.	In practice, recovery usually relies on spreadsheets, email, calls, and side notes outside the system of record.	Not pursued
General merchandise stores	Billing, settlement, and close	Billing, settlement, and close cannot move forward cleanly.	Review the workflow state, recent handoff, and source records.	Collect the supporting documents, transaction records, and stakeholder context needed to explain the break.	Decide whether to correct data, reroute work, escalate, or absorb the issue.	Update the workflow record, attach missing support, or restage the process.	Secure internal or external approval where the workflow requires it.	Resend the corrected record or restart the blocked step.	Close the issue only when downstream flow resumes or the exception is accepted.	In practice, recovery usually relies on spreadsheets, email, calls, and side notes outside the system of record.	Supporting workflow
General merchandise stores	Workforce planning, assignment, and time capture	Workforce planning, assignment, and time capture cannot move forward cleanly.	Review the workflow state, recent handoff, and source records.	Collect the supporting documents, transaction records, and stakeholder context needed to explain the break.	Decide whether to correct data, reroute work, escalate, or absorb the issue.	Update the workflow record, attach missing support, or restage the process.	Secure internal or external approval where the workflow requires it.	Resend the corrected record or restart the blocked step.	Close the issue only when downstream flow resumes or the exception is accepted.	In practice, recovery usually relies on spreadsheets, email, calls, and side notes outside the system of record.	Not pursued
General merchandise stores	Customer, participant, or stakeholder communication and escalation	Customer, participant, or stakeholder communication and escalation cannot move forward cleanly.	Review the workflow state, recent handoff, and source records.	Collect the supporting documents, transaction records, and stakeholder context needed to explain the break.	Decide whether to correct data, reroute work, escalate, or absorb the issue.	Update the workflow record, attach missing support, or restage the process.	Secure internal or external approval where the workflow requires it.	Resend the corrected record or restart the blocked step.	Close the issue only when downstream flow resumes or the exception is accepted.	In practice, recovery usually relies on spreadsheets, email, calls, and side notes outside the system of record.	Not pursued
General merchandise stores	Compliance, reporting, and audit support	Compliance, reporting, and audit support cannot move forward cleanly.	Review the workflow state, recent handoff, and source records.	Collect the supporting documents, transaction records, and stakeholder context needed to explain the break.	Decide whether to correct data, reroute work, escalate, or absorb the issue.	Update the workflow record, attach missing support, or restage the process.	Secure internal or external approval where the workflow requires it.	Resend the corrected record or restart the blocked step.	Close the issue only when downstream flow resumes or the exception is accepted.	In practice, recovery usually relies on spreadsheets, email, calls, and side notes outside the system of record.	Not pursued
Primary metals	Material Sourcing	Material Sourcing cannot move forward cleanly.	Review the workflow state, recent handoff, and source records.	Collect the supporting documents, transaction records, and stakeholder context needed to explain the break.	Decide whether to correct data, reroute work, escalate, or absorb the issue.	Update the workflow record, attach missing support, or restage the process.	Secure internal or external approval where the workflow requires it.	Resend the corrected record or restart the blocked step.	Close the issue only when downstream flow resumes or the exception is accepted.	In practice, recovery usually relies on spreadsheets, email, calls, and side notes outside the system of record.	Not pursued
Primary metals	Production Planning and Process Control	Production Planning and Process Control cannot move forward cleanly.	Review the workflow state, recent handoff, and source records.	Collect the supporting documents, transaction records, and stakeholder context needed to explain the break.	Decide whether to correct data, reroute work, escalate, or absorb the issue.	Update the workflow record, attach missing support, or restage the process.	Secure internal or external approval where the workflow requires it.	Resend the corrected record or restart the blocked step.	Close the issue only when downstream flow resumes or the exception is accepted.	In practice, recovery usually relies on spreadsheets, email, calls, and side notes outside the system of record.	Not pursued
Primary metals	Asset Maintenance and Uptime Management	Asset Maintenance and Uptime Management cannot move forward cleanly.	Review the workflow state, recent handoff, and source records.	Collect the supporting documents, transaction records, and stakeholder context needed to explain the break.	Decide whether to correct data, reroute work, escalate, or absorb the issue.	Update the workflow record, attach missing support, or restage the process.	Secure internal or external approval where the workflow requires it.	Resend the corrected record or restart the blocked step.	Close the issue only when downstream flow resumes or the exception is accepted.	In practice, recovery usually relies on spreadsheets, email, calls, and side notes outside the system of record.	Not pursued
Primary metals	Quality Inspection and Certification	Quality Inspection and Certification cannot move forward cleanly.	Review the workflow state, recent handoff, and source records.	Collect the supporting documents, transaction records, and stakeholder context needed to explain the break.	Decide whether to correct data, reroute work, escalate, or absorb the issue.	Update the workflow record, attach missing support, or restage the process.	Secure internal or external approval where the workflow requires it.	Resend the corrected record or restart the blocked step.	Close the issue only when downstream flow resumes or the exception is accepted.	In practice, recovery usually relies on spreadsheets, email, calls, and side notes outside the system of record.	KILL-candidate
Primary metals	Order Management and Fulfillment	Order Management and Fulfillment cannot move forward cleanly.	Review the workflow state, recent handoff, and source records.	Collect the supporting documents, transaction records, and stakeholder context needed to explain the break.	Decide whether to correct data, reroute work, escalate, or absorb the issue.	Update the workflow record, attach missing support, or restage the process.	Secure internal or external approval where the workflow requires it.	Resend the corrected record or restart the blocked step.	Close the issue only when downstream flow resumes or the exception is accepted.	In practice, recovery usually relies on spreadsheets, email, calls, and side notes outside the system of record.	Not pursued
Primary metals	Lead, intake, and qualification management	Lead, intake, and qualification management cannot move forward cleanly.	Review the workflow state, recent handoff, and source records.	Collect the supporting documents, transaction records, and stakeholder context needed to explain the break.	Decide whether to correct data, reroute work, escalate, or absorb the issue.	Update the workflow record, attach missing support, or restage the process.	Secure internal or external approval where the workflow requires it.	Resend the corrected record or restart the blocked step.	Close the issue only when downstream flow resumes or the exception is accepted.	In practice, recovery usually relies on spreadsheets, email, calls, and side notes outside the system of record.	Not pursued
Primary metals	Billing, settlement, and close	Billing, settlement, and close cannot move forward cleanly.	Review the workflow state, recent handoff, and source records.	Collect the supporting documents, transaction records, and stakeholder context needed to explain the break.	Decide whether to correct data, reroute work, escalate, or absorb the issue.	Update the workflow record, attach missing support, or restage the process.	Secure internal or external approval where the workflow requires it.	Resend the corrected record or restart the blocked step.	Close the issue only when downstream flow resumes or the exception is accepted.	In practice, recovery usually relies on spreadsheets, email, calls, and side notes outside the system of record.	Supporting workflow
Primary metals	Workforce planning, assignment, and time capture	Workforce planning, assignment, and time capture cannot move forward cleanly.	Review the workflow state, recent handoff, and source records.	Collect the supporting documents, transaction records, and stakeholder context needed to explain the break.	Decide whether to correct data, reroute work, escalate, or absorb the issue.	Update the workflow record, attach missing support, or restage the process.	Secure internal or external approval where the workflow requires it.	Resend the corrected record or restart the blocked step.	Close the issue only when downstream flow resumes or the exception is accepted.	In practice, recovery usually relies on spreadsheets, email, calls, and side notes outside the system of record.	Not pursued
Primary metals	Customer, participant, or stakeholder communication and escalation	Customer, participant, or stakeholder communication and escalation cannot move forward cleanly.	Review the workflow state, recent handoff, and source records.	Collect the supporting documents, transaction records, and stakeholder context needed to explain the break.	Decide whether to correct data, reroute work, escalate, or absorb the issue.	Update the workflow record, attach missing support, or restage the process.	Secure internal or external approval where the workflow requires it.	Resend the corrected record or restart the blocked step.	Close the issue only when downstream flow resumes or the exception is accepted.	In practice, recovery usually relies on spreadsheets, email, calls, and side notes outside the system of record.	Not pursued
Primary metals	Exception, dispute, and recovery handling	Exception, dispute, and recovery handling cannot move forward cleanly.	Review the workflow state, recent handoff, and source records.	Collect the supporting documents, transaction records, and stakeholder context needed to explain the break.	Decide whether to correct data, reroute work, escalate, or absorb the issue.	Update the workflow record, attach missing support, or restage the process.	Secure internal or external approval where the workflow requires it.	Resend the corrected record or restart the blocked step.	Close the issue only when downstream flow resumes or the exception is accepted.	In practice, recovery usually relies on spreadsheets, email, calls, and side notes outside the system of record.	Supporting workflow
Plastics and rubber products	Material Sourcing	Material Sourcing cannot move forward cleanly.	Review the workflow state, recent handoff, and source records.	Collect the supporting documents, transaction records, and stakeholder context needed to explain the break.	Decide whether to correct data, reroute work, escalate, or absorb the issue.	Update the workflow record, attach missing support, or restage the process.	Secure internal or external approval where the workflow requires it.	Resend the corrected record or restart the blocked step.	Close the issue only when downstream flow resumes or the exception is accepted.	In practice, recovery usually relies on spreadsheets, email, calls, and side notes outside the system of record.	Not pursued
Plastics and rubber products	Production Planning	Production Planning cannot move forward cleanly.	Review the workflow state, recent handoff, and source records.	Collect the supporting documents, transaction records, and stakeholder context needed to explain the break.	Decide whether to correct data, reroute work, escalate, or absorb the issue.	Update the workflow record, attach missing support, or restage the process.	Secure internal or external approval where the workflow requires it.	Resend the corrected record or restart the blocked step.	Close the issue only when downstream flow resumes or the exception is accepted.	In practice, recovery usually relies on spreadsheets, email, calls, and side notes outside the system of record.	Not pursued
Plastics and rubber products	Tooling and Machine Execution	Tooling and Machine Execution cannot move forward cleanly.	Review the workflow state, recent handoff, and source records.	Collect the supporting documents, transaction records, and stakeholder context needed to explain the break.	Decide whether to correct data, reroute work, escalate, or absorb the issue.	Update the workflow record, attach missing support, or restage the process.	Secure internal or external approval where the workflow requires it.	Resend the corrected record or restart the blocked step.	Close the issue only when downstream flow resumes or the exception is accepted.	In practice, recovery usually relies on spreadsheets, email, calls, and side notes outside the system of record.	Not pursued
Plastics and rubber products	Quality and Compliance Management	Quality and Compliance Management cannot move forward cleanly.	Review the workflow state, recent handoff, and source records.	Collect the supporting documents, transaction records, and stakeholder context needed to explain the break.	Decide whether to correct data, reroute work, escalate, or absorb the issue.	Update the workflow record, attach missing support, or restage the process.	Secure internal or external approval where the workflow requires it.	Resend the corrected record or restart the blocked step.	Close the issue only when downstream flow resumes or the exception is accepted.	In practice, recovery usually relies on spreadsheets, email, calls, and side notes outside the system of record.	KILL-candidate
Plastics and rubber products	Logistics and Channel Fulfillment	Logistics and Channel Fulfillment cannot move forward cleanly.	Review the workflow state, recent handoff, and source records.	Collect the supporting documents, transaction records, and stakeholder context needed to explain the break.	Decide whether to correct data, reroute work, escalate, or absorb the issue.	Update the workflow record, attach missing support, or restage the process.	Secure internal or external approval where the workflow requires it.	Resend the corrected record or restart the blocked step.	Close the issue only when downstream flow resumes or the exception is accepted.	In practice, recovery usually relies on spreadsheets, email, calls, and side notes outside the system of record.	Not pursued
Plastics and rubber products	Lead, intake, and qualification management	Lead, intake, and qualification management cannot move forward cleanly.	Review the workflow state, recent handoff, and source records.	Collect the supporting documents, transaction records, and stakeholder context needed to explain the break.	Decide whether to correct data, reroute work, escalate, or absorb the issue.	Update the workflow record, attach missing support, or restage the process.	Secure internal or external approval where the workflow requires it.	Resend the corrected record or restart the blocked step.	Close the issue only when downstream flow resumes or the exception is accepted.	In practice, recovery usually relies on spreadsheets, email, calls, and side notes outside the system of record.	Not pursued
Plastics and rubber products	Billing, settlement, and close	Billing, settlement, and close cannot move forward cleanly.	Review the workflow state, recent handoff, and source records.	Collect the supporting documents, transaction records, and stakeholder context needed to explain the break.	Decide whether to correct data, reroute work, escalate, or absorb the issue.	Update the workflow record, attach missing support, or restage the process.	Secure internal or external approval where the workflow requires it.	Resend the corrected record or restart the blocked step.	Close the issue only when downstream flow resumes or the exception is accepted.	In practice, recovery usually relies on spreadsheets, email, calls, and side notes outside the system of record.	Supporting workflow
Plastics and rubber products	Workforce planning, assignment, and time capture	Workforce planning, assignment, and time capture cannot move forward cleanly.	Review the workflow state, recent handoff, and source records.	Collect the supporting documents, transaction records, and stakeholder context needed to explain the break.	Decide whether to correct data, reroute work, escalate, or absorb the issue.	Update the workflow record, attach missing support, or restage the process.	Secure internal or external approval where the workflow requires it.	Resend the corrected record or restart the blocked step.	Close the issue only when downstream flow resumes or the exception is accepted.	In practice, recovery usually relies on spreadsheets, email, calls, and side notes outside the system of record.	Not pursued
Plastics and rubber products	Customer, participant, or stakeholder communication and escalation	Customer, participant, or stakeholder communication and escalation cannot move forward cleanly.	Review the workflow state, recent handoff, and source records.	Collect the supporting documents, transaction records, and stakeholder context needed to explain the break.	Decide whether to correct data, reroute work, escalate, or absorb the issue.	Update the workflow record, attach missing support, or restage the process.	Secure internal or external approval where the workflow requires it.	Resend the corrected record or restart the blocked step.	Close the issue only when downstream flow resumes or the exception is accepted.	In practice, recovery usually relies on spreadsheets, email, calls, and side notes outside the system of record.	Not pursued
Plastics and rubber products	Exception, dispute, and recovery handling	Exception, dispute, and recovery handling cannot move forward cleanly.	Review the workflow state, recent handoff, and source records.	Collect the supporting documents, transaction records, and stakeholder context needed to explain the break.	Decide whether to correct data, reroute work, escalate, or absorb the issue.	Update the workflow record, attach missing support, or restage the process.	Secure internal or external approval where the workflow requires it.	Resend the corrected record or restart the blocked step.	Close the issue only when downstream flow resumes or the exception is accepted.	In practice, recovery usually relies on spreadsheets, email, calls, and side notes outside the system of record.	Supporting workflow
Funds, trusts, and other financial vehicles	Fund Onboarding and Setup	Fund Onboarding and Setup cannot move forward cleanly.	Review the workflow state, recent handoff, and source records.	Collect the supporting documents, transaction records, and stakeholder context needed to explain the break.	Decide whether to correct data, reroute work, escalate, or absorb the issue.	Update the workflow record, attach missing support, or restage the process.	Secure internal or external approval where the workflow requires it.	Resend the corrected record or restart the blocked step.	Close the issue only when downstream flow resumes or the exception is accepted.	In practice, recovery usually relies on spreadsheets, email, calls, and side notes outside the system of record.	Not pursued
Funds, trusts, and other financial vehicles	Fund Accounting	Fund Accounting cannot move forward cleanly.	Review the workflow state, recent handoff, and source records.	Collect the supporting documents, transaction records, and stakeholder context needed to explain the break.	Decide whether to correct data, reroute work, escalate, or absorb the issue.	Update the workflow record, attach missing support, or restage the process.	Secure internal or external approval where the workflow requires it.	Resend the corrected record or restart the blocked step.	Close the issue only when downstream flow resumes or the exception is accepted.	In practice, recovery usually relies on spreadsheets, email, calls, and side notes outside the system of record.	Supporting workflow
Funds, trusts, and other financial vehicles	Valuation, NAV, and Reconciliation	Valuation, NAV, and Reconciliation cannot move forward cleanly.	Review the workflow state, recent handoff, and source records.	Collect the supporting documents, transaction records, and stakeholder context needed to explain the break.	Decide whether to correct data, reroute work, escalate, or absorb the issue.	Update the workflow record, attach missing support, or restage the process.	Secure internal or external approval where the workflow requires it.	Resend the corrected record or restart the blocked step.	Close the issue only when downstream flow resumes or the exception is accepted.	In practice, recovery usually relies on spreadsheets, email, calls, and side notes outside the system of record.	YELLOW-W-004
Funds, trusts, and other financial vehicles	Investor Reporting	Investor Reporting cannot move forward cleanly.	Review the workflow state, recent handoff, and source records.	Collect the supporting documents, transaction records, and stakeholder context needed to explain the break.	Decide whether to correct data, reroute work, escalate, or absorb the issue.	Update the workflow record, attach missing support, or restage the process.	Secure internal or external approval where the workflow requires it.	Resend the corrected record or restart the blocked step.	Close the issue only when downstream flow resumes or the exception is accepted.	In practice, recovery usually relies on spreadsheets, email, calls, and side notes outside the system of record.	Not pursued
Funds, trusts, and other financial vehicles	Compliance and Service-Provider Oversight	Compliance and Service-Provider Oversight cannot move forward cleanly.	Review the workflow state, recent handoff, and source records.	Collect the supporting documents, transaction records, and stakeholder context needed to explain the break.	Decide whether to correct data, reroute work, escalate, or absorb the issue.	Update the workflow record, attach missing support, or restage the process.	Secure internal or external approval where the workflow requires it.	Resend the corrected record or restart the blocked step.	Close the issue only when downstream flow resumes or the exception is accepted.	In practice, recovery usually relies on spreadsheets, email, calls, and side notes outside the system of record.	Not pursued
Funds, trusts, and other financial vehicles	Execution monitoring and operational coordination	Execution monitoring and operational coordination cannot move forward cleanly.	Review the workflow state, recent handoff, and source records.	Collect the supporting documents, transaction records, and stakeholder context needed to explain the break.	Decide whether to correct data, reroute work, escalate, or absorb the issue.	Update the workflow record, attach missing support, or restage the process.	Secure internal or external approval where the workflow requires it.	Resend the corrected record or restart the blocked step.	Close the issue only when downstream flow resumes or the exception is accepted.	In practice, recovery usually relies on spreadsheets, email, calls, and side notes outside the system of record.	Not pursued
Funds, trusts, and other financial vehicles	Workforce planning, assignment, and time capture	Workforce planning, assignment, and time capture cannot move forward cleanly.	Review the workflow state, recent handoff, and source records.	Collect the supporting documents, transaction records, and stakeholder context needed to explain the break.	Decide whether to correct data, reroute work, escalate, or absorb the issue.	Update the workflow record, attach missing support, or restage the process.	Secure internal or external approval where the workflow requires it.	Resend the corrected record or restart the blocked step.	Close the issue only when downstream flow resumes or the exception is accepted.	In practice, recovery usually relies on spreadsheets, email, calls, and side notes outside the system of record.	Not pursued
Funds, trusts, and other financial vehicles	Compliance, reporting, and audit support	Compliance, reporting, and audit support cannot move forward cleanly.	Review the workflow state, recent handoff, and source records.	Collect the supporting documents, transaction records, and stakeholder context needed to explain the break.	Decide whether to correct data, reroute work, escalate, or absorb the issue.	Update the workflow record, attach missing support, or restage the process.	Secure internal or external approval where the workflow requires it.	Resend the corrected record or restart the blocked step.	Close the issue only when downstream flow resumes or the exception is accepted.	In practice, recovery usually relies on spreadsheets, email, calls, and side notes outside the system of record.	Not pursued
Amusements, gambling, and recreation industries	Capacity and Event Planning	Capacity and Event Planning cannot move forward cleanly.	Review the workflow state, recent handoff, and source records.	Collect the supporting documents, transaction records, and stakeholder context needed to explain the break.	Decide whether to correct data, reroute work, escalate, or absorb the issue.	Update the workflow record, attach missing support, or restage the process.	Secure internal or external approval where the workflow requires it.	Resend the corrected record or restart the blocked step.	Close the issue only when downstream flow resumes or the exception is accepted.	In practice, recovery usually relies on spreadsheets, email, calls, and side notes outside the system of record.	Not pursued
Amusements, gambling, and recreation industries	Ticketing, POS, and Cage Operations	Ticketing, POS, and Cage Operations cannot move forward cleanly.	Review the workflow state, recent handoff, and source records.	Collect the supporting documents, transaction records, and stakeholder context needed to explain the break.	Decide whether to correct data, reroute work, escalate, or absorb the issue.	Update the workflow record, attach missing support, or restage the process.	Secure internal or external approval where the workflow requires it.	Resend the corrected record or restart the blocked step.	Close the issue only when downstream flow resumes or the exception is accepted.	In practice, recovery usually relies on spreadsheets, email, calls, and side notes outside the system of record.	Not pursued
Amusements, gambling, and recreation industries	Workforce Scheduling	Workforce Scheduling cannot move forward cleanly.	Review the workflow state, recent handoff, and source records.	Collect the supporting documents, transaction records, and stakeholder context needed to explain the break.	Decide whether to correct data, reroute work, escalate, or absorb the issue.	Update the workflow record, attach missing support, or restage the process.	Secure internal or external approval where the workflow requires it.	Resend the corrected record or restart the blocked step.	Close the issue only when downstream flow resumes or the exception is accepted.	In practice, recovery usually relies on spreadsheets, email, calls, and side notes outside the system of record.	Not pursued
Amusements, gambling, and recreation industries	Safety and Compliance Management	Safety and Compliance Management cannot move forward cleanly.	Review the workflow state, recent handoff, and source records.	Collect the supporting documents, transaction records, and stakeholder context needed to explain the break.	Decide whether to correct data, reroute work, escalate, or absorb the issue.	Update the workflow record, attach missing support, or restage the process.	Secure internal or external approval where the workflow requires it.	Resend the corrected record or restart the blocked step.	Close the issue only when downstream flow resumes or the exception is accepted.	In practice, recovery usually relies on spreadsheets, email, calls, and side notes outside the system of record.	Not pursued
Amusements, gambling, and recreation industries	Loyalty and Settlement Management	Loyalty and Settlement Management cannot move forward cleanly.	Review the workflow state, recent handoff, and source records.	Collect the supporting documents, transaction records, and stakeholder context needed to explain the break.	Decide whether to correct data, reroute work, escalate, or absorb the issue.	Update the workflow record, attach missing support, or restage the process.	Secure internal or external approval where the workflow requires it.	Resend the corrected record or restart the blocked step.	Close the issue only when downstream flow resumes or the exception is accepted.	In practice, recovery usually relies on spreadsheets, email, calls, and side notes outside the system of record.	KILL-candidate
Amusements, gambling, and recreation industries	Lead, intake, and qualification management	Lead, intake, and qualification management cannot move forward cleanly.	Review the workflow state, recent handoff, and source records.	Collect the supporting documents, transaction records, and stakeholder context needed to explain the break.	Decide whether to correct data, reroute work, escalate, or absorb the issue.	Update the workflow record, attach missing support, or restage the process.	Secure internal or external approval where the workflow requires it.	Resend the corrected record or restart the blocked step.	Close the issue only when downstream flow resumes or the exception is accepted.	In practice, recovery usually relies on spreadsheets, email, calls, and side notes outside the system of record.	Not pursued
Amusements, gambling, and recreation industries	Supplier, vendor, or partner onboarding and compliance	Supplier, vendor, or partner onboarding and compliance cannot move forward cleanly.	Review the workflow state, recent handoff, and source records.	Collect the supporting documents, transaction records, and stakeholder context needed to explain the break.	Decide whether to correct data, reroute work, escalate, or absorb the issue.	Update the workflow record, attach missing support, or restage the process.	Secure internal or external approval where the workflow requires it.	Resend the corrected record or restart the blocked step.	Close the issue only when downstream flow resumes or the exception is accepted.	In practice, recovery usually relies on spreadsheets, email, calls, and side notes outside the system of record.	Not pursued
Amusements, gambling, and recreation industries	Customer, participant, or stakeholder communication and escalation	Customer, participant, or stakeholder communication and escalation cannot move forward cleanly.	Review the workflow state, recent handoff, and source records.	Collect the supporting documents, transaction records, and stakeholder context needed to explain the break.	Decide whether to correct data, reroute work, escalate, or absorb the issue.	Update the workflow record, attach missing support, or restage the process.	Secure internal or external approval where the workflow requires it.	Resend the corrected record or restart the blocked step.	Close the issue only when downstream flow resumes or the exception is accepted.	In practice, recovery usually relies on spreadsheets, email, calls, and side notes outside the system of record.	Not pursued
Amusements, gambling, and recreation industries	Exception, dispute, and recovery handling	Exception, dispute, and recovery handling cannot move forward cleanly.	Review the workflow state, recent handoff, and source records.	Collect the supporting documents, transaction records, and stakeholder context needed to explain the break.	Decide whether to correct data, reroute work, escalate, or absorb the issue.	Update the workflow record, attach missing support, or restage the process.	Secure internal or external approval where the workflow requires it.	Resend the corrected record or restart the blocked step.	Close the issue only when downstream flow resumes or the exception is accepted.	In practice, recovery usually relies on spreadsheets, email, calls, and side notes outside the system of record.	Supporting workflow
Paper products	Material Sourcing	Material Sourcing cannot move forward cleanly.	Review the workflow state, recent handoff, and source records.	Collect the supporting documents, transaction records, and stakeholder context needed to explain the break.	Decide whether to correct data, reroute work, escalate, or absorb the issue.	Update the workflow record, attach missing support, or restage the process.	Secure internal or external approval where the workflow requires it.	Resend the corrected record or restart the blocked step.	Close the issue only when downstream flow resumes or the exception is accepted.	In practice, recovery usually relies on spreadsheets, email, calls, and side notes outside the system of record.	Not pursued
Paper products	Production Planning and Process Control	Production Planning and Process Control cannot move forward cleanly.	Review the workflow state, recent handoff, and source records.	Collect the supporting documents, transaction records, and stakeholder context needed to explain the break.	Decide whether to correct data, reroute work, escalate, or absorb the issue.	Update the workflow record, attach missing support, or restage the process.	Secure internal or external approval where the workflow requires it.	Resend the corrected record or restart the blocked step.	Close the issue only when downstream flow resumes or the exception is accepted.	In practice, recovery usually relies on spreadsheets, email, calls, and side notes outside the system of record.	Not pursued
Paper products	Asset Maintenance and Uptime Management	Asset Maintenance and Uptime Management cannot move forward cleanly.	Review the workflow state, recent handoff, and source records.	Collect the supporting documents, transaction records, and stakeholder context needed to explain the break.	Decide whether to correct data, reroute work, escalate, or absorb the issue.	Update the workflow record, attach missing support, or restage the process.	Secure internal or external approval where the workflow requires it.	Resend the corrected record or restart the blocked step.	Close the issue only when downstream flow resumes or the exception is accepted.	In practice, recovery usually relies on spreadsheets, email, calls, and side notes outside the system of record.	Not pursued
Paper products	Quality and Converting Management	Quality and Converting Management cannot move forward cleanly.	Review the workflow state, recent handoff, and source records.	Collect the supporting documents, transaction records, and stakeholder context needed to explain the break.	Decide whether to correct data, reroute work, escalate, or absorb the issue.	Update the workflow record, attach missing support, or restage the process.	Secure internal or external approval where the workflow requires it.	Resend the corrected record or restart the blocked step.	Close the issue only when downstream flow resumes or the exception is accepted.	In practice, recovery usually relies on spreadsheets, email, calls, and side notes outside the system of record.	KILL-candidate
Paper products	Logistics and Channel Fulfillment	Logistics and Channel Fulfillment cannot move forward cleanly.	Review the workflow state, recent handoff, and source records.	Collect the supporting documents, transaction records, and stakeholder context needed to explain the break.	Decide whether to correct data, reroute work, escalate, or absorb the issue.	Update the workflow record, attach missing support, or restage the process.	Secure internal or external approval where the workflow requires it.	Resend the corrected record or restart the blocked step.	Close the issue only when downstream flow resumes or the exception is accepted.	In practice, recovery usually relies on spreadsheets, email, calls, and side notes outside the system of record.	Not pursued
Paper products	Lead, intake, and qualification management	Lead, intake, and qualification management cannot move forward cleanly.	Review the workflow state, recent handoff, and source records.	Collect the supporting documents, transaction records, and stakeholder context needed to explain the break.	Decide whether to correct data, reroute work, escalate, or absorb the issue.	Update the workflow record, attach missing support, or restage the process.	Secure internal or external approval where the workflow requires it.	Resend the corrected record or restart the blocked step.	Close the issue only when downstream flow resumes or the exception is accepted.	In practice, recovery usually relies on spreadsheets, email, calls, and side notes outside the system of record.	Not pursued
Paper products	Billing, settlement, and close	Billing, settlement, and close cannot move forward cleanly.	Review the workflow state, recent handoff, and source records.	Collect the supporting documents, transaction records, and stakeholder context needed to explain the break.	Decide whether to correct data, reroute work, escalate, or absorb the issue.	Update the workflow record, attach missing support, or restage the process.	Secure internal or external approval where the workflow requires it.	Resend the corrected record or restart the blocked step.	Close the issue only when downstream flow resumes or the exception is accepted.	In practice, recovery usually relies on spreadsheets, email, calls, and side notes outside the system of record.	Supporting workflow
Paper products	Workforce planning, assignment, and time capture	Workforce planning, assignment, and time capture cannot move forward cleanly.	Review the workflow state, recent handoff, and source records.	Collect the supporting documents, transaction records, and stakeholder context needed to explain the break.	Decide whether to correct data, reroute work, escalate, or absorb the issue.	Update the workflow record, attach missing support, or restage the process.	Secure internal or external approval where the workflow requires it.	Resend the corrected record or restart the blocked step.	Close the issue only when downstream flow resumes or the exception is accepted.	In practice, recovery usually relies on spreadsheets, email, calls, and side notes outside the system of record.	Not pursued
Paper products	Customer, participant, or stakeholder communication and escalation	Customer, participant, or stakeholder communication and escalation cannot move forward cleanly.	Review the workflow state, recent handoff, and source records.	Collect the supporting documents, transaction records, and stakeholder context needed to explain the break.	Decide whether to correct data, reroute work, escalate, or absorb the issue.	Update the workflow record, attach missing support, or restage the process.	Secure internal or external approval where the workflow requires it.	Resend the corrected record or restart the blocked step.	Close the issue only when downstream flow resumes or the exception is accepted.	In practice, recovery usually relies on spreadsheets, email, calls, and side notes outside the system of record.	Not pursued
Paper products	Exception, dispute, and recovery handling	Exception, dispute, and recovery handling cannot move forward cleanly.	Review the workflow state, recent handoff, and source records.	Collect the supporting documents, transaction records, and stakeholder context needed to explain the break.	Decide whether to correct data, reroute work, escalate, or absorb the issue.	Update the workflow record, attach missing support, or restage the process.	Secure internal or external approval where the workflow requires it.	Resend the corrected record or restart the blocked step.	Close the issue only when downstream flow resumes or the exception is accepted.	In practice, recovery usually relies on spreadsheets, email, calls, and side notes outside the system of record.	Supporting workflow
Motion picture and sound recording industries	Development and Greenlight Management	Development and Greenlight Management cannot move forward cleanly.	Review the workflow state, recent handoff, and source records.	Collect the supporting documents, transaction records, and stakeholder context needed to explain the break.	Decide whether to correct data, reroute work, escalate, or absorb the issue.	Update the workflow record, attach missing support, or restage the process.	Secure internal or external approval where the workflow requires it.	Resend the corrected record or restart the blocked step.	Close the issue only when downstream flow resumes or the exception is accepted.	In practice, recovery usually relies on spreadsheets, email, calls, and side notes outside the system of record.	Not pursued
Motion picture and sound recording industries	Production Scheduling	Production Scheduling cannot move forward cleanly.	Review the workflow state, recent handoff, and source records.	Collect the supporting documents, transaction records, and stakeholder context needed to explain the break.	Decide whether to correct data, reroute work, escalate, or absorb the issue.	Update the workflow record, attach missing support, or restage the process.	Secure internal or external approval where the workflow requires it.	Resend the corrected record or restart the blocked step.	Close the issue only when downstream flow resumes or the exception is accepted.	In practice, recovery usually relies on spreadsheets, email, calls, and side notes outside the system of record.	Not pursued
Motion picture and sound recording industries	Rights and Contract Management	Rights and Contract Management cannot move forward cleanly.	Review the workflow state, recent handoff, and source records.	Collect the supporting documents, transaction records, and stakeholder context needed to explain the break.	Decide whether to correct data, reroute work, escalate, or absorb the issue.	Update the workflow record, attach missing support, or restage the process.	Secure internal or external approval where the workflow requires it.	Resend the corrected record or restart the blocked step.	Close the issue only when downstream flow resumes or the exception is accepted.	In practice, recovery usually relies on spreadsheets, email, calls, and side notes outside the system of record.	Not pursued
Motion picture and sound recording industries	Distribution and Release Management	Distribution and Release Management cannot move forward cleanly.	Review the workflow state, recent handoff, and source records.	Collect the supporting documents, transaction records, and stakeholder context needed to explain the break.	Decide whether to correct data, reroute work, escalate, or absorb the issue.	Update the workflow record, attach missing support, or restage the process.	Secure internal or external approval where the workflow requires it.	Resend the corrected record or restart the blocked step.	Close the issue only when downstream flow resumes or the exception is accepted.	In practice, recovery usually relies on spreadsheets, email, calls, and side notes outside the system of record.	Not pursued
Motion picture and sound recording industries	Royalty and Participation Accounting	Royalty and Participation Accounting cannot move forward cleanly.	Review the workflow state, recent handoff, and source records.	Collect the supporting documents, transaction records, and stakeholder context needed to explain the break.	Decide whether to correct data, reroute work, escalate, or absorb the issue.	Update the workflow record, attach missing support, or restage the process.	Secure internal or external approval where the workflow requires it.	Resend the corrected record or restart the blocked step.	Close the issue only when downstream flow resumes or the exception is accepted.	In practice, recovery usually relies on spreadsheets, email, calls, and side notes outside the system of record.	KILL-candidate
Motion picture and sound recording industries	Lead, intake, and qualification management	Lead, intake, and qualification management cannot move forward cleanly.	Review the workflow state, recent handoff, and source records.	Collect the supporting documents, transaction records, and stakeholder context needed to explain the break.	Decide whether to correct data, reroute work, escalate, or absorb the issue.	Update the workflow record, attach missing support, or restage the process.	Secure internal or external approval where the workflow requires it.	Resend the corrected record or restart the blocked step.	Close the issue only when downstream flow resumes or the exception is accepted.	In practice, recovery usually relies on spreadsheets, email, calls, and side notes outside the system of record.	Not pursued
Motion picture and sound recording industries	Supplier, vendor, or partner onboarding and compliance	Supplier, vendor, or partner onboarding and compliance cannot move forward cleanly.	Review the workflow state, recent handoff, and source records.	Collect the supporting documents, transaction records, and stakeholder context needed to explain the break.	Decide whether to correct data, reroute work, escalate, or absorb the issue.	Update the workflow record, attach missing support, or restage the process.	Secure internal or external approval where the workflow requires it.	Resend the corrected record or restart the blocked step.	Close the issue only when downstream flow resumes or the exception is accepted.	In practice, recovery usually relies on spreadsheets, email, calls, and side notes outside the system of record.	Not pursued
Motion picture and sound recording industries	Customer, participant, or stakeholder communication and escalation	Customer, participant, or stakeholder communication and escalation cannot move forward cleanly.	Review the workflow state, recent handoff, and source records.	Collect the supporting documents, transaction records, and stakeholder context needed to explain the break.	Decide whether to correct data, reroute work, escalate, or absorb the issue.	Update the workflow record, attach missing support, or restage the process.	Secure internal or external approval where the workflow requires it.	Resend the corrected record or restart the blocked step.	Close the issue only when downstream flow resumes or the exception is accepted.	In practice, recovery usually relies on spreadsheets, email, calls, and side notes outside the system of record.	Not pursued
Motion picture and sound recording industries	Compliance, reporting, and audit support	Compliance, reporting, and audit support cannot move forward cleanly.	Review the workflow state, recent handoff, and source records.	Collect the supporting documents, transaction records, and stakeholder context needed to explain the break.	Decide whether to correct data, reroute work, escalate, or absorb the issue.	Update the workflow record, attach missing support, or restage the process.	Secure internal or external approval where the workflow requires it.	Resend the corrected record or restart the blocked step.	Close the issue only when downstream flow resumes or the exception is accepted.	In practice, recovery usually relies on spreadsheets, email, calls, and side notes outside the system of record.	Not pursued
Motion picture and sound recording industries	Exception, dispute, and recovery handling	Exception, dispute, and recovery handling cannot move forward cleanly.	Review the workflow state, recent handoff, and source records.	Collect the supporting documents, transaction records, and stakeholder context needed to explain the break.	Decide whether to correct data, reroute work, escalate, or absorb the issue.	Update the workflow record, attach missing support, or restage the process.	Secure internal or external approval where the workflow requires it.	Resend the corrected record or restart the blocked step.	Close the issue only when downstream flow resumes or the exception is accepted.	In practice, recovery usually relies on spreadsheets, email, calls, and side notes outside the system of record.	Supporting workflow
Electrical equipment, appliances, and components	Product Lifecycle and Engineering Management	Product Lifecycle and Engineering Management cannot move forward cleanly.	Review the workflow state, recent handoff, and source records.	Collect the supporting documents, transaction records, and stakeholder context needed to explain the break.	Decide whether to correct data, reroute work, escalate, or absorb the issue.	Update the workflow record, attach missing support, or restage the process.	Secure internal or external approval where the workflow requires it.	Resend the corrected record or restart the blocked step.	Close the issue only when downstream flow resumes or the exception is accepted.	In practice, recovery usually relies on spreadsheets, email, calls, and side notes outside the system of record.	Not pursued
Electrical equipment, appliances, and components	Supplier Scheduling and Procurement	Supplier Scheduling and Procurement cannot move forward cleanly.	Review the workflow state, recent handoff, and source records.	Collect the supporting documents, transaction records, and stakeholder context needed to explain the break.	Decide whether to correct data, reroute work, escalate, or absorb the issue.	Update the workflow record, attach missing support, or restage the process.	Secure internal or external approval where the workflow requires it.	Resend the corrected record or restart the blocked step.	Close the issue only when downstream flow resumes or the exception is accepted.	In practice, recovery usually relies on spreadsheets, email, calls, and side notes outside the system of record.	Not pursued
Electrical equipment, appliances, and components	Assembly and Test	Assembly and Test cannot move forward cleanly.	Review the workflow state, recent handoff, and source records.	Collect the supporting documents, transaction records, and stakeholder context needed to explain the break.	Decide whether to correct data, reroute work, escalate, or absorb the issue.	Update the workflow record, attach missing support, or restage the process.	Secure internal or external approval where the workflow requires it.	Resend the corrected record or restart the blocked step.	Close the issue only when downstream flow resumes or the exception is accepted.	In practice, recovery usually relies on spreadsheets, email, calls, and side notes outside the system of record.	Not pursued
Electrical equipment, appliances, and components	Compliance and Certification Management	Compliance and Certification Management cannot move forward cleanly.	Review the workflow state, recent handoff, and source records.	Collect the supporting documents, transaction records, and stakeholder context needed to explain the break.	Decide whether to correct data, reroute work, escalate, or absorb the issue.	Update the workflow record, attach missing support, or restage the process.	Secure internal or external approval where the workflow requires it.	Resend the corrected record or restart the blocked step.	Close the issue only when downstream flow resumes or the exception is accepted.	In practice, recovery usually relies on spreadsheets, email, calls, and side notes outside the system of record.	KILL-candidate
Electrical equipment, appliances, and components	Channel and Service Support	Channel and Service Support cannot move forward cleanly.	Review the workflow state, recent handoff, and source records.	Collect the supporting documents, transaction records, and stakeholder context needed to explain the break.	Decide whether to correct data, reroute work, escalate, or absorb the issue.	Update the workflow record, attach missing support, or restage the process.	Secure internal or external approval where the workflow requires it.	Resend the corrected record or restart the blocked step.	Close the issue only when downstream flow resumes or the exception is accepted.	In practice, recovery usually relies on spreadsheets, email, calls, and side notes outside the system of record.	Not pursued
Electrical equipment, appliances, and components	Lead, intake, and qualification management	Lead, intake, and qualification management cannot move forward cleanly.	Review the workflow state, recent handoff, and source records.	Collect the supporting documents, transaction records, and stakeholder context needed to explain the break.	Decide whether to correct data, reroute work, escalate, or absorb the issue.	Update the workflow record, attach missing support, or restage the process.	Secure internal or external approval where the workflow requires it.	Resend the corrected record or restart the blocked step.	Close the issue only when downstream flow resumes or the exception is accepted.	In practice, recovery usually relies on spreadsheets, email, calls, and side notes outside the system of record.	Not pursued
Electrical equipment, appliances, and components	Billing, settlement, and close	Billing, settlement, and close cannot move forward cleanly.	Review the workflow state, recent handoff, and source records.	Collect the supporting documents, transaction records, and stakeholder context needed to explain the break.	Decide whether to correct data, reroute work, escalate, or absorb the issue.	Update the workflow record, attach missing support, or restage the process.	Secure internal or external approval where the workflow requires it.	Resend the corrected record or restart the blocked step.	Close the issue only when downstream flow resumes or the exception is accepted.	In practice, recovery usually relies on spreadsheets, email, calls, and side notes outside the system of record.	Supporting workflow
Electrical equipment, appliances, and components	Supplier, vendor, or partner onboarding and compliance	Supplier, vendor, or partner onboarding and compliance cannot move forward cleanly.	Review the workflow state, recent handoff, and source records.	Collect the supporting documents, transaction records, and stakeholder context needed to explain the break.	Decide whether to correct data, reroute work, escalate, or absorb the issue.	Update the workflow record, attach missing support, or restage the process.	Secure internal or external approval where the workflow requires it.	Resend the corrected record or restart the blocked step.	Close the issue only when downstream flow resumes or the exception is accepted.	In practice, recovery usually relies on spreadsheets, email, calls, and side notes outside the system of record.	Not pursued
Electrical equipment, appliances, and components	Exception, dispute, and recovery handling	Exception, dispute, and recovery handling cannot move forward cleanly.	Review the workflow state, recent handoff, and source records.	Collect the supporting documents, transaction records, and stakeholder context needed to explain the break.	Decide whether to correct data, reroute work, escalate, or absorb the issue.	Update the workflow record, attach missing support, or restage the process.	Secure internal or external approval where the workflow requires it.	Resend the corrected record or restart the blocked step.	Close the issue only when downstream flow resumes or the exception is accepted.	In practice, recovery usually relies on spreadsheets, email, calls, and side notes outside the system of record.	Supporting workflow
