industry	workflow	manual_work	duplicate_entry	spreadsheets	emails	reconciliation	document_gathering	approvals	coordination	blocked_work	revenue_leakage	delayed_cash	compliance_burden	investigation	status_chasing	operational_friction	pain_summary
Construction	Market development and bid intake	Medium	Low	Medium	High	Low	Medium	Medium	Medium	Medium	Medium	Low	Low	Low	Medium	Medium	Bid pursuit still runs through addenda chasing and email-based clarification.
Construction	Estimating and proposal management	High	Medium	High	High	Low	High	Medium	Medium	Medium	High	Low	Low	Medium	Medium	High	Scope assumptions and price updates still require manual restitching.
Construction	Contract review and project setup	High	Medium	Medium	High	Medium	High	High	Medium	High	High	Medium	High	Medium	Medium	High	Billing and compliance rules are easy to misload and costly later.
Construction	Project scheduling and resource planning	Medium	Low	Medium	Medium	Low	Low	High	High	High	Medium	Low	Low	Medium	High	High	Planning pain is real but broad rather than wedge-shaped.
Construction	Subcontractor and vendor onboarding and compliance	High	Low	Low	High	Low	High	High	High	Medium	Low	Low	High	Medium	High	High	COIs and vendor readiness still cause manual unblock work.
Construction	Labor time capture and cost coding	Medium	Medium	Medium	Medium	Medium	Low	Medium	Medium	Medium	Medium	Low	Low	Medium	Medium	Medium	Daily cost capture still needs correction but is not the deepest pain.
Construction	Field execution and daily production	High	Low	Low	High	Low	Low	Medium	High	High	Medium	Low	Low	High	High	High	Field coordination remains manual but too broad for first entry.
Construction	Safety, quality, and inspection management	High	Low	Low	Medium	Low	High	High	Medium	High	Medium	Low	High	High	Medium	High	Inspection failure creates real rework and evidence burden.
Construction	Change-order and cost-to-complete reconciliation	High	High	High	High	High	High	High	High	High	High	Medium	Medium	High	High	High	Unsigned scope drift creates repeated investigation and margin leakage.
Construction	Progress billing, SOV, and pay application preparation	High	High	High	High	High	High	High	High	High	High	High	High	High	High	High	Draw-package assembly remains intensely manual and rejection-prone.
Construction	Collections, waiver, and payment dispute recovery	High	Medium	High	High	High	High	High	High	High	High	High	High	High	High	High	Blocked submissions create the sharpest cash and coordination pain.
Construction	Punchlist, closeout, and retainage release	High	Medium	Medium	High	Medium	High	High	High	High	Medium	High	Medium	High	High	High	Closeout work is painful but later-cycle and more episodic.
Housing	Unit marketing and lead management	Medium	Low	Medium	High	Low	Low	Low	Medium	Medium	Medium	Low	Low	Low	Medium	Medium	Availability and follow-up still drift across channels.
Housing	Applicant screening and lease execution	Medium	Low	Low	High	Low	High	High	Medium	Medium	Medium	Low	Medium	Medium	Medium	Medium	Document chase exists, but the workflow is more bounded.
Housing	Move-in onboarding and account setup	Medium	Medium	Low	Medium	Low	Medium	Medium	Medium	Medium	Low	Low	Low	Medium	Medium	Medium	Account setup errors are annoying but not wedge-defining.
Housing	Rent billing and cash application	Medium	Medium	Medium	Medium	High	Low	Medium	Low	Medium	Medium	Low	Low	Medium	Medium	Medium	Finance friction exists but is already owned by the PMS stack.
Housing	Delinquency, collections, and move-out notices	High	Low	Low	High	Medium	High	High	Medium	High	High	Low	Medium	High	High	High	Collections work is manual but not the strongest neglected workflow.
Housing	Maintenance intake and triage	High	Low	Low	Medium	Low	Low	Medium	High	Medium	Low	Low	Low	Medium	Medium	High	Intake can be digitized, but it does not solve downstream blockage.
Housing	Vendor onboarding and compliance	High	Low	Low	High	Low	High	High	High	High	Low	Low	Medium	Medium	High	High	Vendor readiness remains a repeat source of stalled turns.
Housing	Repair dispatch and work order execution	High	Low	Low	High	Low	Low	Medium	High	High	Medium	Low	Low	High	High	High	Assigned work still escapes into text and call-based recovery.
Housing	Turnover and make-ready recovery	High	Medium	High	High	Medium	High	High	High	High	High	High	Medium	High	High	High	Missed ready dates trigger the densest coordination and rent loss pain.
Housing	Resident communication, renewal, and retention	Medium	Low	Low	High	Low	Low	Low	Medium	Medium	Low	Low	Low	Medium	Medium	Medium	Communication pain exists but is secondary to turn recovery.
Housing	Inspections, owner reporting, and compliance	High	Medium	Medium	High	Medium	High	High	Medium	High	Low	Low	High	High	Medium	High	Evidence and reporting work intensify when turns slip.
Administrative and support services	Client sales, scoping, and rate setup	Medium	High	High	High	Medium	Medium	High	Medium	Medium	High	Low	Low	Medium	Medium	High	Bad setup creates future pay/bill pain and margin risk.
Administrative and support services	Client and VMS onboarding	High	High	Medium	High	Medium	High	High	High	High	Medium	Low	Low	Medium	High	High	Account-specific workflow setup is a recurring exception seed.
Administrative and support services	Recruiting and candidate submission	Medium	Low	Medium	High	Low	Low	Low	Medium	Medium	High	Low	Low	Medium	Medium	Medium	Submission work is busy but not the best exception wedge.
Administrative and support services	Credentialing and compliance onboarding	High	Low	Low	High	Low	High	High	High	High	Medium	Low	Medium	High	High	High	Compliance packet chasing is real but still adjacent.
Administrative and support services	Assignment setup, scheduling, and worker communication	High	Low	Low	High	Low	Low	Medium	High	High	Medium	Low	Low	Medium	High	High	Shift-change coordination is painful but less budget-visible.
Administrative and support services	Time capture and approval	High	Medium	High	High	High	Low	High	High	High	High	Medium	Low	High	High	High	Weekly approval chasing is a direct input to the surviving wedge.
Administrative and support services	Pay/bill discrepancy resolution	High	High	High	High	High	Medium	High	High	High	High	High	Low	High	High	High	Mismatch diagnosis is the clearest middle-office exception desk.
Administrative and support services	Payroll processing	High	Medium	Medium	Medium	High	Low	High	Medium	High	High	Low	Medium	High	Medium	High	Payroll corrections are costly but sit close to incumbent modules.
Administrative and support services	Client invoicing, cash application, and collections	High	High	High	High	High	Medium	Medium	High	High	High	Medium	Low	High	High	High	Disputes and rebills expose the same mismatch problem downstream.
Administrative and support services	Service-level monitoring, reporting, and escalation	Medium	Medium	High	High	Medium	Low	Medium	Medium	Medium	Medium	Low	Low	Medium	Medium	Medium	Account reporting pain exists but is not as recurring.
Administrative and support services	Renewal, replacement, and offboarding	Medium	Low	Medium	High	Low	Low	Medium	Medium	Medium	Medium	Low	Low	Medium	Medium	Medium	Offboarding creates cleanup work but not the strongest wedge.
Food services and drinking places	Menu, pricing, and promotion planning	Medium	High	High	Medium	Low	Low	High	Medium	Medium	High	Low	Low	Medium	Medium	Medium	Channel pricing drift creates friction but not enough whitespace.
Food services and drinking places	Labor scheduling and time capture	Medium	Low	Low	Medium	Medium	Low	High	High	Medium	Medium	Low	Low	Medium	Medium	Medium	Labor issues are real but already software-heavy.
Food services and drinking places	Procurement, receiving, and inventory setup	High	Medium	Medium	High	Medium	High	Low	Medium	Medium	Medium	Low	Low	Medium	Medium	Medium	Receiving and invoice mismatch create workload but not a wedge.
Food services and drinking places	Prep and production planning	Medium	Low	Low	Low	Low	Low	Low	Medium	Medium	Medium	Low	Low	Medium	Low	Medium	Prep variance matters operationally but is hard to isolate as software.
Food services and drinking places	POS, delivery-channel, and order capture	High	High	Medium	Medium	Medium	Low	Low	Medium	High	Medium	Low	Low	Medium	High	Medium	Channel mismatches persist, but incumbents own most of the boundary.
Food services and drinking places	Kitchen and service fulfillment	Medium	Low	Low	Low	Low	Low	Low	High	Medium	Medium	Low	Low	Medium	Low	Medium	Service recovery is important but too operationally broad.
Food services and drinking places	Daily sales summary and cash close	High	High	High	Medium	High	Medium	High	Medium	Medium	Medium	Low	Low	High	Medium	High	Close still takes manual review even with broad restaurant suites.
Food services and drinking places	Inventory, waste, and recipe variance reconciliation	High	High	High	Medium	High	Medium	Low	Medium	Medium	High	Low	Low	High	Medium	High	Variance work is real but remains diffuse and already served.
Food services and drinking places	Complaint, refund, chargeback, and third-party dispute recovery	High	High	High	High	High	High	Medium	High	High	High	Low	Low	High	High	High	Marketplace payout disputes remain painful but too occupied.
Food services and drinking places	Health, safety, labor, tax, and compliance reporting	High	Low	Medium	Medium	Medium	High	High	Medium	Medium	Low	Low	High	High	Medium	High	Compliance work is heavy but periodic and incumbent-adjacent.
Wholesale trade	Demand Planning	Medium	Low	Low	Medium	Low	Medium	Medium	High	High	Medium	Low	Low	Medium	High	High	Demand Planning still depends on manual coordination and exception handling inside the wholesale trade workflow stack.
Wholesale trade	Procurement and Replenishment	High	Low	Low	High	Medium	High	Medium	High	High	Low	Low	Medium	Medium	High	Medium	Procurement and Replenishment still depends on manual coordination and exception handling inside the wholesale trade workflow stack.
Wholesale trade	Pricing and Quoting	Medium	Medium	Medium	High	Low	Medium	High	Medium	Medium	High	Medium	Low	Medium	Medium	Medium	Pricing and Quoting still depends on manual coordination and exception handling inside the wholesale trade workflow stack.
Wholesale trade	Order Management and Fulfillment	Medium	Low	Low	Medium	Low	Medium	Medium	High	High	Medium	Low	Low	Medium	High	High	Order Management and Fulfillment still depends on manual coordination and exception handling inside the wholesale trade workflow stack.
Wholesale trade	Billing and Collections	High	High	High	High	High	Medium	High	Medium	Medium	High	High	Medium	High	Medium	Medium	Billing and Collections still depends on manual coordination and exception handling inside the wholesale trade workflow stack.
Wholesale trade	Workforce planning, assignment, and time capture	High	High	Medium	High	Low	Medium	High	Medium	Medium	Low	Low	Low	Medium	Medium	High	Workforce planning, assignment, and time capture still depends on manual coordination and exception handling inside the wholesale trade workflow stack.
Wholesale trade	Customer, participant, or stakeholder communication and escalation	Medium	Low	Low	High	Low	Medium	Medium	High	Medium	Medium	Low	Low	Medium	High	Medium	Customer, participant, or stakeholder communication and escalation still depends on manual coordination and exception handling inside the wholesale trade workflow stack.
Wholesale trade	Compliance, reporting, and audit support	High	Medium	Medium	High	Medium	High	High	Medium	Medium	Low	Low	High	Medium	Medium	Medium	Compliance, reporting, and audit support still depends on manual coordination and exception handling inside the wholesale trade workflow stack.
Wholesale trade	Exception, dispute, and recovery handling	High	High	High	High	High	High	High	High	High	High	High	Medium	High	High	High	Exception, dispute, and recovery handling still depends on manual coordination and exception handling inside the wholesale trade workflow stack.
Miscellaneous professional, scientific, and technical services	Lead and Proposal Management	Medium	Medium	Medium	High	Low	Medium	High	Medium	Medium	High	Medium	Low	Medium	Medium	Medium	Lead and Proposal Management still depends on manual coordination and exception handling inside the miscellaneous professional, scientific, and technical services workflow stack.
Miscellaneous professional, scientific, and technical services	Staffing and Capacity Planning	High	High	Medium	High	Low	Medium	High	Medium	Medium	Low	Low	Low	Medium	Medium	High	Staffing and Capacity Planning still depends on manual coordination and exception handling inside the miscellaneous professional, scientific, and technical services workflow stack.
Miscellaneous professional, scientific, and technical services	Project Delivery	Medium	Low	Low	Medium	Low	Medium	Medium	High	High	Medium	Low	Low	Medium	High	High	Project Delivery still depends on manual coordination and exception handling inside the miscellaneous professional, scientific, and technical services workflow stack.
Miscellaneous professional, scientific, and technical services	Time and Expense Capture	Medium	Low	Low	Medium	Low	Medium	Medium	High	High	Medium	Low	Low	Medium	High	High	Time and Expense Capture still depends on manual coordination and exception handling inside the miscellaneous professional, scientific, and technical services workflow stack.
Miscellaneous professional, scientific, and technical services	Billing and Collections	High	High	High	High	High	Medium	High	Medium	Medium	High	High	Medium	High	Medium	Medium	Billing and Collections still depends on manual coordination and exception handling inside the miscellaneous professional, scientific, and technical services workflow stack.
Miscellaneous professional, scientific, and technical services	Time and expense capture to billing	High	High	High	High	High	Medium	High	Medium	Medium	High	High	Medium	High	Medium	Medium	Time and expense capture to billing still depends on manual coordination and exception handling inside the miscellaneous professional, scientific, and technical services workflow stack.
Miscellaneous professional, scientific, and technical services	Supplier, vendor, or partner onboarding and compliance	High	Low	Low	High	Medium	High	Medium	High	High	Low	Low	Medium	Medium	High	Medium	Supplier, vendor, or partner onboarding and compliance still depends on manual coordination and exception handling inside the miscellaneous professional, scientific, and technical services workflow stack.
Miscellaneous professional, scientific, and technical services	Customer, participant, or stakeholder communication and escalation	Medium	Low	Low	High	Low	Medium	Medium	High	Medium	Medium	Low	Low	Medium	High	Medium	Customer, participant, or stakeholder communication and escalation still depends on manual coordination and exception handling inside the miscellaneous professional, scientific, and technical services workflow stack.
Miscellaneous professional, scientific, and technical services	Compliance, reporting, and audit support	High	Medium	Medium	High	Medium	High	High	Medium	Medium	Low	Low	High	Medium	Medium	Medium	Compliance, reporting, and audit support still depends on manual coordination and exception handling inside the miscellaneous professional, scientific, and technical services workflow stack.
Miscellaneous professional, scientific, and technical services	Exception, dispute, and recovery handling	High	High	High	High	High	High	High	High	High	High	High	Medium	High	High	High	Exception, dispute, and recovery handling still depends on manual coordination and exception handling inside the miscellaneous professional, scientific, and technical services workflow stack.
Other real estate	Lease Acquisition and Pipeline Management	Medium	Medium	Medium	High	Low	Medium	High	Medium	Medium	High	Medium	Low	Medium	Medium	Medium	Lease Acquisition and Pipeline Management still depends on manual coordination and exception handling inside the other real estate workflow stack.
Other real estate	Asset and Investor Reporting	Medium	Low	Low	High	Low	Medium	Medium	High	Medium	Medium	Low	Low	Medium	High	Medium	Asset and Investor Reporting still depends on manual coordination and exception handling inside the other real estate workflow stack.
Other real estate	Asset Maintenance and Work Orders	Medium	Low	Low	Medium	Low	Medium	Medium	High	High	Medium	Low	Low	Medium	High	High	Asset Maintenance and Work Orders still depends on manual coordination and exception handling inside the other real estate workflow stack.
Other real estate	Billing and Reconciliation	High	High	High	High	High	High	High	High	High	High	High	Medium	High	High	High	Billing and Reconciliation still depends on manual coordination and exception handling inside the other real estate workflow stack.
Other real estate	Capital Planning and Compliance Reporting	High	Medium	Medium	High	Medium	High	High	Medium	Medium	Low	Low	High	Medium	Medium	Medium	Capital Planning and Compliance Reporting still depends on manual coordination and exception handling inside the other real estate workflow stack.
Other real estate	Billing, settlement, and close	High	High	High	High	High	Medium	High	Medium	Medium	High	High	Medium	High	Medium	Medium	Billing, settlement, and close still depends on manual coordination and exception handling inside the other real estate workflow stack.
Other real estate	Workforce planning, assignment, and time capture	High	High	Medium	High	Low	Medium	High	Medium	Medium	Low	Low	Low	Medium	Medium	High	Workforce planning, assignment, and time capture still depends on manual coordination and exception handling inside the other real estate workflow stack.
Other real estate	Supplier, vendor, or partner onboarding and compliance	High	Low	Low	High	Medium	High	Medium	High	High	Low	Low	Medium	Medium	High	Medium	Supplier, vendor, or partner onboarding and compliance still depends on manual coordination and exception handling inside the other real estate workflow stack.
Ambulatory health care services	Access, Intake, and Scheduling	High	High	Medium	High	Low	Medium	High	Medium	Medium	Low	Low	Low	Medium	Medium	High	Access, Intake, and Scheduling still depends on manual coordination and exception handling inside the ambulatory health care services workflow stack.
Ambulatory health care services	Eligibility and Authorization	Medium	Low	Low	Medium	Low	Medium	Medium	High	High	Medium	Low	Low	Medium	High	High	Eligibility and Authorization still depends on manual coordination and exception handling inside the ambulatory health care services workflow stack.
Ambulatory health care services	Clinical Documentation	Medium	Low	Low	Medium	Low	Medium	Medium	High	High	Medium	Low	Low	Medium	High	High	Clinical Documentation still depends on manual coordination and exception handling inside the ambulatory health care services workflow stack.
Ambulatory health care services	Coding and Charge Capture	Medium	Low	Low	Medium	Low	Medium	Medium	High	High	Medium	Low	Low	Medium	High	High	Coding and Charge Capture still depends on manual coordination and exception handling inside the ambulatory health care services workflow stack.
Ambulatory health care services	Billing, Claims, and Collections	High	High	High	High	High	Medium	High	Medium	Medium	High	High	Medium	High	Medium	Medium	Billing, Claims, and Collections still depends on manual coordination and exception handling inside the ambulatory health care services workflow stack.
Ambulatory health care services	Lead, intake, and qualification management	Medium	Medium	Medium	High	Low	Medium	High	Medium	Medium	High	Medium	Low	Medium	Medium	Medium	Lead, intake, and qualification management still depends on manual coordination and exception handling inside the ambulatory health care services workflow stack.
Ambulatory health care services	Supplier, vendor, or partner onboarding and compliance	High	Low	Low	High	Medium	High	Medium	High	High	Low	Low	Medium	Medium	High	Medium	Supplier, vendor, or partner onboarding and compliance still depends on manual coordination and exception handling inside the ambulatory health care services workflow stack.
Ambulatory health care services	Customer, participant, or stakeholder communication and escalation	Medium	Low	Low	High	Low	Medium	Medium	High	Medium	Medium	Low	Low	Medium	High	Medium	Customer, participant, or stakeholder communication and escalation still depends on manual coordination and exception handling inside the ambulatory health care services workflow stack.
Ambulatory health care services	Compliance, reporting, and audit support	High	Medium	Medium	High	Medium	High	High	Medium	Medium	Low	Low	High	Medium	Medium	Medium	Compliance, reporting, and audit support still depends on manual coordination and exception handling inside the ambulatory health care services workflow stack.
Ambulatory health care services	Exception, dispute, and recovery handling	High	High	High	High	High	High	High	High	High	High	High	Medium	High	High	High	Exception, dispute, and recovery handling still depends on manual coordination and exception handling inside the ambulatory health care services workflow stack.
Other retail	Merchandising and Assortment Planning	Medium	Low	Low	Medium	Low	Medium	Medium	High	High	Medium	Low	Low	Medium	High	High	Merchandising and Assortment Planning still depends on manual coordination and exception handling inside the other retail workflow stack.
Other retail	Inventory Allocation and Replenishment	High	Low	Low	High	Medium	High	Medium	High	High	Low	Low	Medium	Medium	High	Medium	Inventory Allocation and Replenishment still depends on manual coordination and exception handling inside the other retail workflow stack.
Other retail	Order Capture and Payment Processing	High	High	High	High	High	Medium	High	Medium	Medium	High	High	Medium	High	Medium	Medium	Order Capture and Payment Processing still depends on manual coordination and exception handling inside the other retail workflow stack.
Other retail	Fulfillment and Returns Management	High	High	High	High	High	High	High	High	High	High	High	Medium	High	High	High	Fulfillment and Returns Management still depends on manual coordination and exception handling inside the other retail workflow stack.
Other retail	Pricing and Promotion Management	Medium	Medium	Medium	High	Low	Medium	High	Medium	Medium	High	Medium	Low	Medium	Medium	Medium	Pricing and Promotion Management still depends on manual coordination and exception handling inside the other retail workflow stack.
Other retail	Workforce planning, assignment, and time capture	High	High	Medium	High	Low	Medium	High	Medium	Medium	Low	Low	Low	Medium	Medium	High	Workforce planning, assignment, and time capture still depends on manual coordination and exception handling inside the other retail workflow stack.
Other retail	Customer, participant, or stakeholder communication and escalation	Medium	Low	Low	High	Low	Medium	Medium	High	Medium	Medium	Low	Low	Medium	High	Medium	Customer, participant, or stakeholder communication and escalation still depends on manual coordination and exception handling inside the other retail workflow stack.
Other retail	Compliance, reporting, and audit support	High	Medium	Medium	High	Medium	High	High	Medium	Medium	Low	Low	High	Medium	Medium	Medium	Compliance, reporting, and audit support still depends on manual coordination and exception handling inside the other retail workflow stack.
Insurance carriers and related activities	Distribution and Quote-to-Bind	Medium	Medium	Medium	High	Low	Medium	High	Medium	Medium	High	Medium	Low	Medium	Medium	Medium	Distribution and Quote-to-Bind still depends on manual coordination and exception handling inside the insurance carriers and related activities workflow stack.
Insurance carriers and related activities	Underwriting and Pricing	Medium	Medium	Medium	High	Low	Medium	High	Medium	Medium	High	Medium	Low	Medium	Medium	Medium	Underwriting and Pricing still depends on manual coordination and exception handling inside the insurance carriers and related activities workflow stack.
Insurance carriers and related activities	Policy Administration	Medium	Low	Low	Medium	Low	Medium	Medium	High	High	Medium	Low	Low	Medium	High	High	Policy Administration still depends on manual coordination and exception handling inside the insurance carriers and related activities workflow stack.
Insurance carriers and related activities	Claims Administration	High	High	High	High	High	Medium	High	Medium	Medium	High	High	Medium	High	Medium	Medium	Claims Administration still depends on manual coordination and exception handling inside the insurance carriers and related activities workflow stack.
Insurance carriers and related activities	Regulatory and Reinsurance Reporting	High	Medium	Medium	High	Medium	High	High	Medium	Medium	Low	Low	High	Medium	Medium	Medium	Regulatory and Reinsurance Reporting still depends on manual coordination and exception handling inside the insurance carriers and related activities workflow stack.
Insurance carriers and related activities	Workforce planning, assignment, and time capture	High	High	Medium	High	Low	Medium	High	Medium	Medium	Low	Low	Low	Medium	Medium	High	Workforce planning, assignment, and time capture still depends on manual coordination and exception handling inside the insurance carriers and related activities workflow stack.
Insurance carriers and related activities	Supplier, vendor, or partner onboarding and compliance	High	Low	Low	High	Medium	High	Medium	High	High	Low	Low	Medium	Medium	High	Medium	Supplier, vendor, or partner onboarding and compliance still depends on manual coordination and exception handling inside the insurance carriers and related activities workflow stack.
Insurance carriers and related activities	Customer, participant, or stakeholder communication and escalation	Medium	Low	Low	High	Low	Medium	Medium	High	Medium	Medium	Low	Low	Medium	High	Medium	Customer, participant, or stakeholder communication and escalation still depends on manual coordination and exception handling inside the insurance carriers and related activities workflow stack.
Insurance carriers and related activities	Exception, dispute, and recovery handling	High	High	High	High	High	High	High	High	High	High	High	Medium	High	High	High	Exception, dispute, and recovery handling still depends on manual coordination and exception handling inside the insurance carriers and related activities workflow stack.
Federal Reserve banks, credit intermediation, and related activities	Account and Loan Onboarding	Medium	Medium	Medium	High	Low	Medium	High	Medium	Medium	High	Medium	Low	Medium	Medium	Medium	Account and Loan Onboarding still depends on manual coordination and exception handling inside the federal reserve banks, credit intermediation, and related activities workflow stack.
Federal Reserve banks, credit intermediation, and related activities	Deposit and Payment Operations	High	High	High	High	High	Medium	High	Medium	Medium	High	High	Medium	High	Medium	Medium	Deposit and Payment Operations still depends on manual coordination and exception handling inside the federal reserve banks, credit intermediation, and related activities workflow stack.
Federal Reserve banks, credit intermediation, and related activities	Credit Underwriting and Servicing	Medium	Medium	Medium	High	Low	Medium	High	Medium	Medium	High	Medium	Low	Medium	Medium	Medium	Credit Underwriting and Servicing still depends on manual coordination and exception handling inside the federal reserve banks, credit intermediation, and related activities workflow stack.
Federal Reserve banks, credit intermediation, and related activities	Risk and Compliance Monitoring	High	Medium	Medium	High	Medium	High	High	Medium	Medium	Low	Low	High	Medium	Medium	Medium	Risk and Compliance Monitoring still depends on manual coordination and exception handling inside the federal reserve banks, credit intermediation, and related activities workflow stack.
Federal Reserve banks, credit intermediation, and related activities	Collections and Loss Mitigation	High	High	High	High	High	Medium	High	Medium	Medium	High	High	Medium	High	Medium	Medium	Collections and Loss Mitigation still depends on manual coordination and exception handling inside the federal reserve banks, credit intermediation, and related activities workflow stack.
Federal Reserve banks, credit intermediation, and related activities	Account and loan onboarding; collections	High	High	High	High	High	Medium	High	Medium	Medium	High	High	Medium	High	Medium	Medium	Account and loan onboarding; collections still depends on manual coordination and exception handling inside the federal reserve banks, credit intermediation, and related activities workflow stack.
Federal Reserve banks, credit intermediation, and related activities	Execution monitoring and operational coordination	Medium	Low	Low	Medium	Low	Medium	Medium	High	High	Medium	Low	Low	Medium	High	High	Execution monitoring and operational coordination still depends on manual coordination and exception handling inside the federal reserve banks, credit intermediation, and related activities workflow stack.
Federal Reserve banks, credit intermediation, and related activities	Workforce planning, assignment, and time capture	High	High	Medium	High	Low	Medium	High	Medium	Medium	Low	Low	Low	Medium	Medium	High	Workforce planning, assignment, and time capture still depends on manual coordination and exception handling inside the federal reserve banks, credit intermediation, and related activities workflow stack.
Federal Reserve banks, credit intermediation, and related activities	Supplier, vendor, or partner onboarding and compliance	High	Low	Low	High	Medium	High	Medium	High	High	Low	Low	Medium	Medium	High	Medium	Supplier, vendor, or partner onboarding and compliance still depends on manual coordination and exception handling inside the federal reserve banks, credit intermediation, and related activities workflow stack.
Federal Reserve banks, credit intermediation, and related activities	Customer, participant, or stakeholder communication and escalation	Medium	Low	Low	High	Low	Medium	Medium	High	Medium	Medium	Low	Low	Medium	High	Medium	Customer, participant, or stakeholder communication and escalation still depends on manual coordination and exception handling inside the federal reserve banks, credit intermediation, and related activities workflow stack.
Federal Reserve banks, credit intermediation, and related activities	Exception, dispute, and recovery handling	High	High	High	High	High	High	High	High	High	High	High	Medium	High	High	High	Exception, dispute, and recovery handling still depends on manual coordination and exception handling inside the federal reserve banks, credit intermediation, and related activities workflow stack.
Hospitals	Access, Admissions, and Throughput Management	Medium	Medium	Medium	High	Low	Medium	High	Medium	Medium	High	Medium	Low	Medium	Medium	Medium	Access, Admissions, and Throughput Management still depends on manual coordination and exception handling inside the hospitals workflow stack.
Hospitals	Clinical Documentation	Medium	Low	Low	Medium	Low	Medium	Medium	High	High	Medium	Low	Low	Medium	High	High	Clinical Documentation still depends on manual coordination and exception handling inside the hospitals workflow stack.
Hospitals	Care Coordination and Order Management	Medium	Low	Low	Medium	Low	Medium	Medium	High	High	Medium	Low	Low	Medium	High	High	Care Coordination and Order Management still depends on manual coordination and exception handling inside the hospitals workflow stack.
Hospitals	Billing, Claims, and Collections	High	High	High	High	High	Medium	High	Medium	Medium	High	High	Medium	High	Medium	Medium	Billing, Claims, and Collections still depends on manual coordination and exception handling inside the hospitals workflow stack.
Hospitals	Payer Contract Management	Medium	Low	Low	Medium	Low	Medium	Medium	High	High	Medium	Low	Low	Medium	High	High	Payer Contract Management still depends on manual coordination and exception handling inside the hospitals workflow stack.
Hospitals	Workforce planning, assignment, and time capture	High	High	Medium	High	Low	Medium	High	Medium	Medium	Low	Low	Low	Medium	Medium	High	Workforce planning, assignment, and time capture still depends on manual coordination and exception handling inside the hospitals workflow stack.
Hospitals	Supplier, vendor, or partner onboarding and compliance	High	Low	Low	High	Medium	High	Medium	High	High	Low	Low	Medium	Medium	High	Medium	Supplier, vendor, or partner onboarding and compliance still depends on manual coordination and exception handling inside the hospitals workflow stack.
Hospitals	Customer, participant, or stakeholder communication and escalation	Medium	Low	Low	High	Low	Medium	Medium	High	Medium	Medium	Low	Low	Medium	High	Medium	Customer, participant, or stakeholder communication and escalation still depends on manual coordination and exception handling inside the hospitals workflow stack.
Hospitals	Compliance, reporting, and audit support	High	Medium	Medium	High	Medium	High	High	Medium	Medium	Low	Low	High	Medium	Medium	Medium	Compliance, reporting, and audit support still depends on manual coordination and exception handling inside the hospitals workflow stack.
Hospitals	Exception, dispute, and recovery handling	High	High	High	High	High	High	High	High	High	High	High	Medium	High	High	High	Exception, dispute, and recovery handling still depends on manual coordination and exception handling inside the hospitals workflow stack.
Food and beverage and tobacco products	Demand Planning	Medium	Low	Low	Medium	Low	Medium	Medium	High	High	Medium	Low	Low	Medium	High	High	Demand Planning still depends on manual coordination and exception handling inside the food and beverage and tobacco products workflow stack.
Food and beverage and tobacco products	Material Sourcing	High	Low	Low	High	Medium	High	Medium	High	High	Low	Low	Medium	Medium	High	Medium	Material Sourcing still depends on manual coordination and exception handling inside the food and beverage and tobacco products workflow stack.
Food and beverage and tobacco products	Production Planning and Process Control	Medium	Low	Low	Medium	Low	Medium	Medium	High	High	Medium	Low	Low	Medium	High	High	Production Planning and Process Control still depends on manual coordination and exception handling inside the food and beverage and tobacco products workflow stack.
Food and beverage and tobacco products	Regulatory Labeling and Compliance	High	Medium	Medium	High	Medium	High	High	Medium	Medium	Low	Low	High	Medium	Medium	Medium	Regulatory Labeling and Compliance still depends on manual coordination and exception handling inside the food and beverage and tobacco products workflow stack.
Food and beverage and tobacco products	Distribution and Trade Promotion	Medium	Low	Low	Medium	Low	Medium	Medium	High	High	Medium	Low	Low	Medium	High	High	Distribution and Trade Promotion still depends on manual coordination and exception handling inside the food and beverage and tobacco products workflow stack.
Food and beverage and tobacco products	Lead, intake, and qualification management	Medium	Medium	Medium	High	Low	Medium	High	Medium	Medium	High	Medium	Low	Medium	Medium	Medium	Lead, intake, and qualification management still depends on manual coordination and exception handling inside the food and beverage and tobacco products workflow stack.
Food and beverage and tobacco products	Billing, settlement, and close	High	High	High	High	High	Medium	High	Medium	Medium	High	High	Medium	High	Medium	Medium	Billing, settlement, and close still depends on manual coordination and exception handling inside the food and beverage and tobacco products workflow stack.
Food and beverage and tobacco products	Workforce planning, assignment, and time capture	High	High	Medium	High	Low	Medium	High	Medium	Medium	Low	Low	Low	Medium	Medium	High	Workforce planning, assignment, and time capture still depends on manual coordination and exception handling inside the food and beverage and tobacco products workflow stack.
Food and beverage and tobacco products	Customer, participant, or stakeholder communication and escalation	Medium	Low	Low	High	Low	Medium	Medium	High	Medium	Medium	Low	Low	Medium	High	Medium	Customer, participant, or stakeholder communication and escalation still depends on manual coordination and exception handling inside the food and beverage and tobacco products workflow stack.
Food and beverage and tobacco products	Exception, dispute, and recovery handling	High	High	High	High	High	High	High	High	High	High	High	Medium	High	High	High	Exception, dispute, and recovery handling still depends on manual coordination and exception handling inside the food and beverage and tobacco products workflow stack.
Other services, except government	Lead Intake and Scheduling	High	High	Medium	High	Low	Medium	High	Medium	Medium	Low	Low	Low	Medium	Medium	High	Lead Intake and Scheduling still depends on manual coordination and exception handling inside the other services, except government workflow stack.
Other services, except government	Workforce Scheduling and Dispatch	High	High	Medium	High	Low	Medium	High	Medium	Medium	Low	Low	Low	Medium	Medium	High	Workforce Scheduling and Dispatch still depends on manual coordination and exception handling inside the other services, except government workflow stack.
Other services, except government	Field Service Execution	Medium	Low	Low	Medium	Low	Medium	Medium	High	High	Medium	Low	Low	Medium	High	High	Field Service Execution still depends on manual coordination and exception handling inside the other services, except government workflow stack.
Other services, except government	Billing and Payment Processing	High	High	High	High	High	Medium	High	Medium	Medium	High	High	Medium	High	Medium	Medium	Billing and Payment Processing still depends on manual coordination and exception handling inside the other services, except government workflow stack.
Other services, except government	Customer Retention and Repeat Service	Medium	Low	Low	High	Low	Medium	Medium	High	Medium	Medium	Low	Low	Medium	High	Medium	Customer Retention and Repeat Service still depends on manual coordination and exception handling inside the other services, except government workflow stack.
Other services, except government	Lead, intake, and qualification management	Medium	Medium	Medium	High	Low	Medium	High	Medium	Medium	High	Medium	Low	Medium	Medium	Medium	Lead, intake, and qualification management still depends on manual coordination and exception handling inside the other services, except government workflow stack.
Other services, except government	Supplier, vendor, or partner onboarding and compliance	High	Low	Low	High	Medium	High	Medium	High	High	Low	Low	Medium	Medium	High	Medium	Supplier, vendor, or partner onboarding and compliance still depends on manual coordination and exception handling inside the other services, except government workflow stack.
Other services, except government	Compliance, reporting, and audit support	High	Medium	Medium	High	Medium	High	High	Medium	Medium	Low	Low	High	Medium	Medium	Medium	Compliance, reporting, and audit support still depends on manual coordination and exception handling inside the other services, except government workflow stack.
Other services, except government	Exception, dispute, and recovery handling	High	High	High	High	High	High	High	High	High	High	High	Medium	High	High	High	Exception, dispute, and recovery handling still depends on manual coordination and exception handling inside the other services, except government workflow stack.
Securities, commodity contracts, and investments	Client Onboarding and KYC	Medium	Low	Low	High	Low	Medium	Medium	High	Medium	Medium	Low	Low	Medium	High	Medium	Client Onboarding and KYC still depends on manual coordination and exception handling inside the securities, commodity contracts, and investments workflow stack.
Securities, commodity contracts, and investments	Portfolio and Order Management	Medium	Low	Low	Medium	Low	Medium	Medium	High	High	Medium	Low	Low	Medium	High	High	Portfolio and Order Management still depends on manual coordination and exception handling inside the securities, commodity contracts, and investments workflow stack.
Securities, commodity contracts, and investments	Trade Execution and Settlement	High	High	High	High	High	Medium	High	Medium	Medium	High	High	Medium	High	Medium	Medium	Trade Execution and Settlement still depends on manual coordination and exception handling inside the securities, commodity contracts, and investments workflow stack.
Securities, commodity contracts, and investments	Risk and Compliance Surveillance	High	Medium	Medium	High	Medium	High	High	Medium	Medium	Low	Low	High	Medium	Medium	Medium	Risk and Compliance Surveillance still depends on manual coordination and exception handling inside the securities, commodity contracts, and investments workflow stack.
Securities, commodity contracts, and investments	Investor Reporting and Performance	Medium	Low	Low	High	Low	Medium	Medium	High	Medium	Medium	Low	Low	Medium	High	Medium	Investor Reporting and Performance still depends on manual coordination and exception handling inside the securities, commodity contracts, and investments workflow stack.
Securities, commodity contracts, and investments	Trade execution, settlement, and books-and-records exceptions	High	High	High	High	High	High	High	High	High	High	High	Medium	High	High	High	Trade execution, settlement, and books-and-records exceptions still depends on manual coordination and exception handling inside the securities, commodity contracts, and investments workflow stack.
Securities, commodity contracts, and investments	Lead, intake, and qualification management	Medium	Medium	Medium	High	Low	Medium	High	Medium	Medium	High	Medium	Low	Medium	Medium	Medium	Lead, intake, and qualification management still depends on manual coordination and exception handling inside the securities, commodity contracts, and investments workflow stack.
Securities, commodity contracts, and investments	Workforce planning, assignment, and time capture	High	High	Medium	High	Low	Medium	High	Medium	Medium	Low	Low	Low	Medium	Medium	High	Workforce planning, assignment, and time capture still depends on manual coordination and exception handling inside the securities, commodity contracts, and investments workflow stack.
Securities, commodity contracts, and investments	Supplier, vendor, or partner onboarding and compliance	High	Low	Low	High	Medium	High	Medium	High	High	Low	Low	Medium	Medium	High	Medium	Supplier, vendor, or partner onboarding and compliance still depends on manual coordination and exception handling inside the securities, commodity contracts, and investments workflow stack.
Chemical products	Material Sourcing	High	Low	Low	High	Medium	High	Medium	High	High	Low	Low	Medium	Medium	High	Medium	Material Sourcing still depends on manual coordination and exception handling inside the chemical products workflow stack.
Chemical products	Production Planning and Process Control	Medium	Low	Low	Medium	Low	Medium	Medium	High	High	Medium	Low	Low	Medium	High	High	Production Planning and Process Control still depends on manual coordination and exception handling inside the chemical products workflow stack.
Chemical products	Quality, Safety, and Environmental Management	High	Medium	Medium	High	Medium	High	High	Medium	Medium	Low	Low	High	Medium	Medium	Medium	Quality, Safety, and Environmental Management still depends on manual coordination and exception handling inside the chemical products workflow stack.
Chemical products	Order Management and Fulfillment	Medium	Low	Low	Medium	Low	Medium	Medium	High	High	Medium	Low	Low	Medium	High	High	Order Management and Fulfillment still depends on manual coordination and exception handling inside the chemical products workflow stack.
Chemical products	Contract and Margin Management	High	High	High	High	High	Medium	High	Medium	Medium	High	High	Medium	High	Medium	Medium	Contract and Margin Management still depends on manual coordination and exception handling inside the chemical products workflow stack.
Chemical products	Lead, intake, and qualification management	Medium	Medium	Medium	High	Low	Medium	High	Medium	Medium	High	Medium	Low	Medium	Medium	Medium	Lead, intake, and qualification management still depends on manual coordination and exception handling inside the chemical products workflow stack.
Chemical products	Workforce planning, assignment, and time capture	High	High	Medium	High	Low	Medium	High	Medium	Medium	Low	Low	Low	Medium	Medium	High	Workforce planning, assignment, and time capture still depends on manual coordination and exception handling inside the chemical products workflow stack.
Chemical products	Customer, participant, or stakeholder communication and escalation	Medium	Low	Low	High	Low	Medium	Medium	High	Medium	Medium	Low	Low	Medium	High	Medium	Customer, participant, or stakeholder communication and escalation still depends on manual coordination and exception handling inside the chemical products workflow stack.
Chemical products	Exception, dispute, and recovery handling	High	High	High	High	High	High	High	High	High	High	High	Medium	High	High	High	Exception, dispute, and recovery handling still depends on manual coordination and exception handling inside the chemical products workflow stack.
Data processing, internet publishing, and other information services	Infrastructure Capacity Planning	Medium	Low	Low	Medium	Low	Medium	Medium	High	High	Medium	Low	Low	Medium	High	High	Infrastructure Capacity Planning still depends on manual coordination and exception handling inside the data processing, internet publishing, and other information services workflow stack.
Data processing, internet publishing, and other information services	Product and Content Release Management	Medium	Low	Low	Medium	Low	Medium	Medium	High	High	Medium	Low	Low	Medium	High	High	Product and Content Release Management still depends on manual coordination and exception handling inside the data processing, internet publishing, and other information services workflow stack.
Data processing, internet publishing, and other information services	Customer Acquisition and Onboarding	Medium	Low	Low	High	Low	Medium	Medium	High	Medium	Medium	Low	Low	Medium	High	Medium	Customer Acquisition and Onboarding still depends on manual coordination and exception handling inside the data processing, internet publishing, and other information services workflow stack.
Data processing, internet publishing, and other information services	Usage Billing and Monetization	High	High	High	High	High	Medium	High	Medium	Medium	High	High	Medium	High	Medium	Medium	Usage Billing and Monetization still depends on manual coordination and exception handling inside the data processing, internet publishing, and other information services workflow stack.
Data processing, internet publishing, and other information services	Reliability and Security Operations	Medium	Low	Low	Medium	Low	Medium	Medium	High	High	Medium	Low	Low	Medium	High	High	Reliability and Security Operations still depends on manual coordination and exception handling inside the data processing, internet publishing, and other information services workflow stack.
Data processing, internet publishing, and other information services	Lead, intake, and qualification management	Medium	Medium	Medium	High	Low	Medium	High	Medium	Medium	High	Medium	Low	Medium	Medium	Medium	Lead, intake, and qualification management still depends on manual coordination and exception handling inside the data processing, internet publishing, and other information services workflow stack.
Data processing, internet publishing, and other information services	Workforce planning, assignment, and time capture	High	High	Medium	High	Low	Medium	High	Medium	Medium	Low	Low	Low	Medium	Medium	High	Workforce planning, assignment, and time capture still depends on manual coordination and exception handling inside the data processing, internet publishing, and other information services workflow stack.
Data processing, internet publishing, and other information services	Supplier, vendor, or partner onboarding and compliance	High	Low	Low	High	Medium	High	Medium	High	High	Low	Low	Medium	Medium	High	Medium	Supplier, vendor, or partner onboarding and compliance still depends on manual coordination and exception handling inside the data processing, internet publishing, and other information services workflow stack.
Data processing, internet publishing, and other information services	Compliance, reporting, and audit support	High	Medium	Medium	High	Medium	High	High	Medium	Medium	Low	Low	High	Medium	Medium	Medium	Compliance, reporting, and audit support still depends on manual coordination and exception handling inside the data processing, internet publishing, and other information services workflow stack.
Data processing, internet publishing, and other information services	Exception, dispute, and recovery handling	High	High	High	High	High	High	High	High	High	High	High	Medium	High	High	High	Exception, dispute, and recovery handling still depends on manual coordination and exception handling inside the data processing, internet publishing, and other information services workflow stack.
Broadcasting and telecommunications	Network Planning and Capital Management	Medium	Low	Low	Medium	Low	Medium	Medium	High	High	Medium	Low	Low	Medium	High	High	Network Planning and Capital Management still depends on manual coordination and exception handling inside the broadcasting and telecommunications workflow stack.
Broadcasting and telecommunications	Service Provisioning and Activation	Medium	Low	Low	Medium	Low	Medium	Medium	High	High	Medium	Low	Low	Medium	High	High	Service Provisioning and Activation still depends on manual coordination and exception handling inside the broadcasting and telecommunications workflow stack.
Broadcasting and telecommunications	Content and Service Operations	Medium	Low	Low	Medium	Low	Medium	Medium	High	High	Medium	Low	Low	Medium	High	High	Content and Service Operations still depends on manual coordination and exception handling inside the broadcasting and telecommunications workflow stack.
Broadcasting and telecommunications	Billing and Collections	High	High	High	High	High	Medium	High	Medium	Medium	High	High	Medium	High	Medium	Medium	Billing and Collections still depends on manual coordination and exception handling inside the broadcasting and telecommunications workflow stack.
Broadcasting and telecommunications	Outage and Regulatory Management	High	High	High	High	High	High	High	High	High	High	High	Medium	High	High	High	Outage and Regulatory Management still depends on manual coordination and exception handling inside the broadcasting and telecommunications workflow stack.
Broadcasting and telecommunications	Lead, intake, and qualification management	Medium	Medium	Medium	High	Low	Medium	High	Medium	Medium	High	Medium	Low	Medium	Medium	Medium	Lead, intake, and qualification management still depends on manual coordination and exception handling inside the broadcasting and telecommunications workflow stack.
Broadcasting and telecommunications	Workforce planning, assignment, and time capture	High	High	Medium	High	Low	Medium	High	Medium	Medium	Low	Low	Low	Medium	Medium	High	Workforce planning, assignment, and time capture still depends on manual coordination and exception handling inside the broadcasting and telecommunications workflow stack.
Broadcasting and telecommunications	Supplier, vendor, or partner onboarding and compliance	High	Low	Low	High	Medium	High	Medium	High	High	Low	Low	Medium	Medium	High	Medium	Supplier, vendor, or partner onboarding and compliance still depends on manual coordination and exception handling inside the broadcasting and telecommunications workflow stack.
Broadcasting and telecommunications	Customer, participant, or stakeholder communication and escalation	Medium	Low	Low	High	Low	Medium	Medium	High	Medium	Medium	Low	Low	Medium	High	Medium	Customer, participant, or stakeholder communication and escalation still depends on manual coordination and exception handling inside the broadcasting and telecommunications workflow stack.
Broadcasting and telecommunications	Compliance, reporting, and audit support	High	Medium	Medium	High	Medium	High	High	Medium	Medium	Low	Low	High	Medium	Medium	Medium	Compliance, reporting, and audit support still depends on manual coordination and exception handling inside the broadcasting and telecommunications workflow stack.
Management of companies and enterprises	Capital Allocation and Planning	Medium	Low	Low	Medium	Low	Medium	Medium	High	High	Medium	Low	Low	Medium	High	High	Capital Allocation and Planning still depends on manual coordination and exception handling inside the management of companies and enterprises workflow stack.
Management of companies and enterprises	Financial Consolidation	Medium	Low	Low	Medium	Low	Medium	Medium	High	High	Medium	Low	Low	Medium	High	High	Financial Consolidation still depends on manual coordination and exception handling inside the management of companies and enterprises workflow stack.
Management of companies and enterprises	Governance and Risk Review	Medium	Low	Low	Medium	Low	Medium	Medium	High	High	Medium	Low	Low	Medium	High	High	Governance and Risk Review still depends on manual coordination and exception handling inside the management of companies and enterprises workflow stack.
Management of companies and enterprises	Shared Service Operations	Medium	Low	Low	Medium	Low	Medium	Medium	High	High	Medium	Low	Low	Medium	High	High	Shared Service Operations still depends on manual coordination and exception handling inside the management of companies and enterprises workflow stack.
Management of companies and enterprises	Performance Management	Medium	Low	Low	Medium	Low	Medium	Medium	High	High	Medium	Low	Low	Medium	High	High	Performance Management still depends on manual coordination and exception handling inside the management of companies and enterprises workflow stack.
Management of companies and enterprises	Lead, intake, and qualification management	Medium	Medium	Medium	High	Low	Medium	High	Medium	Medium	High	Medium	Low	Medium	Medium	Medium	Lead, intake, and qualification management still depends on manual coordination and exception handling inside the management of companies and enterprises workflow stack.
Management of companies and enterprises	Billing, settlement, and close	High	High	High	High	High	Medium	High	Medium	Medium	High	High	Medium	High	Medium	Medium	Billing, settlement, and close still depends on manual coordination and exception handling inside the management of companies and enterprises workflow stack.
Management of companies and enterprises	Workforce planning, assignment, and time capture	High	High	Medium	High	Low	Medium	High	Medium	Medium	Low	Low	Low	Medium	Medium	High	Workforce planning, assignment, and time capture still depends on manual coordination and exception handling inside the management of companies and enterprises workflow stack.
Management of companies and enterprises	Supplier, vendor, or partner onboarding and compliance	High	Low	Low	High	Medium	High	Medium	High	High	Low	Low	Medium	Medium	High	Medium	Supplier, vendor, or partner onboarding and compliance still depends on manual coordination and exception handling inside the management of companies and enterprises workflow stack.
Management of companies and enterprises	Customer, participant, or stakeholder communication and escalation	Medium	Low	Low	High	Low	Medium	Medium	High	Medium	Medium	Low	Low	Medium	High	Medium	Customer, participant, or stakeholder communication and escalation still depends on manual coordination and exception handling inside the management of companies and enterprises workflow stack.
Management of companies and enterprises	Compliance, reporting, and audit support	High	Medium	Medium	High	Medium	High	High	Medium	Medium	Low	Low	High	Medium	Medium	Medium	Compliance, reporting, and audit support still depends on manual coordination and exception handling inside the management of companies and enterprises workflow stack.
Management of companies and enterprises	Exception, dispute, and recovery handling	High	High	High	High	High	High	High	High	High	High	High	Medium	High	High	High	Exception, dispute, and recovery handling still depends on manual coordination and exception handling inside the management of companies and enterprises workflow stack.
Computer systems design and related services	Lead and Proposal Management	Medium	Medium	Medium	High	Low	Medium	High	Medium	Medium	High	Medium	Low	Medium	Medium	Medium	Lead and Proposal Management still depends on manual coordination and exception handling inside the computer systems design and related services workflow stack.
Computer systems design and related services	Staffing and Capacity Planning	High	High	Medium	High	Low	Medium	High	Medium	Medium	Low	Low	Low	Medium	Medium	High	Staffing and Capacity Planning still depends on manual coordination and exception handling inside the computer systems design and related services workflow stack.
Computer systems design and related services	Project Delivery	Medium	Low	Low	Medium	Low	Medium	Medium	High	High	Medium	Low	Low	Medium	High	High	Project Delivery still depends on manual coordination and exception handling inside the computer systems design and related services workflow stack.
Computer systems design and related services	Time and Expense Capture	Medium	Low	Low	Medium	Low	Medium	Medium	High	High	Medium	Low	Low	Medium	High	High	Time and Expense Capture still depends on manual coordination and exception handling inside the computer systems design and related services workflow stack.
Computer systems design and related services	Renewal and Account Expansion	Medium	Low	Low	High	Low	Medium	Medium	High	Medium	Medium	Low	Low	Medium	High	Medium	Renewal and Account Expansion still depends on manual coordination and exception handling inside the computer systems design and related services workflow stack.
Computer systems design and related services	Time, billing, and renewal handoffs	High	High	High	High	High	Medium	High	Medium	Medium	High	High	Medium	High	Medium	Medium	Time, billing, and renewal handoffs still depends on manual coordination and exception handling inside the computer systems design and related services workflow stack.
Computer systems design and related services	Supplier, vendor, or partner onboarding and compliance	High	Low	Low	High	Medium	High	Medium	High	High	Low	Low	Medium	Medium	High	Medium	Supplier, vendor, or partner onboarding and compliance still depends on manual coordination and exception handling inside the computer systems design and related services workflow stack.
Computer systems design and related services	Compliance, reporting, and audit support	High	Medium	Medium	High	Medium	High	High	Medium	Medium	Low	Low	High	Medium	Medium	Medium	Compliance, reporting, and audit support still depends on manual coordination and exception handling inside the computer systems design and related services workflow stack.
Computer systems design and related services	Exception, dispute, and recovery handling	High	High	High	High	High	High	High	High	High	High	High	Medium	High	High	High	Exception, dispute, and recovery handling still depends on manual coordination and exception handling inside the computer systems design and related services workflow stack.
Motor vehicles, bodies and trailers, and parts	Program and Platform Planning	Medium	Low	Low	Medium	Low	Medium	Medium	High	High	Medium	Low	Low	Medium	High	High	Program and Platform Planning still depends on manual coordination and exception handling inside the motor vehicles, bodies and trailers, and parts workflow stack.
Motor vehicles, bodies and trailers, and parts	Supplier Scheduling and Procurement	High	High	Medium	High	Low	Medium	High	Medium	Medium	Low	Low	Low	Medium	Medium	High	Supplier Scheduling and Procurement still depends on manual coordination and exception handling inside the motor vehicles, bodies and trailers, and parts workflow stack.
Motor vehicles, bodies and trailers, and parts	Shop Floor Execution and Quality Management	High	Medium	Medium	High	Medium	High	High	Medium	Medium	Low	Low	High	Medium	Medium	Medium	Shop Floor Execution and Quality Management still depends on manual coordination and exception handling inside the motor vehicles, bodies and trailers, and parts workflow stack.
Motor vehicles, bodies and trailers, and parts	Logistics and Channel Fulfillment	Medium	Low	Low	Medium	Low	Medium	Medium	High	High	Medium	Low	Low	Medium	High	High	Logistics and Channel Fulfillment still depends on manual coordination and exception handling inside the motor vehicles, bodies and trailers, and parts workflow stack.
Motor vehicles, bodies and trailers, and parts	Aftermarket Service and Field Support	Medium	Low	Low	High	Low	Medium	Medium	High	Medium	Medium	Low	Low	Medium	High	Medium	Aftermarket Service and Field Support still depends on manual coordination and exception handling inside the motor vehicles, bodies and trailers, and parts workflow stack.
Motor vehicles, bodies and trailers, and parts	Lead, intake, and qualification management	Medium	Medium	Medium	High	Low	Medium	High	Medium	Medium	High	Medium	Low	Medium	Medium	Medium	Lead, intake, and qualification management still depends on manual coordination and exception handling inside the motor vehicles, bodies and trailers, and parts workflow stack.
Motor vehicles, bodies and trailers, and parts	Billing, settlement, and close	High	High	High	High	High	Medium	High	Medium	Medium	High	High	Medium	High	Medium	Medium	Billing, settlement, and close still depends on manual coordination and exception handling inside the motor vehicles, bodies and trailers, and parts workflow stack.
Motor vehicles, bodies and trailers, and parts	Supplier, vendor, or partner onboarding and compliance	High	Low	Low	High	Medium	High	Medium	High	High	Low	Low	Medium	Medium	High	Medium	Supplier, vendor, or partner onboarding and compliance still depends on manual coordination and exception handling inside the motor vehicles, bodies and trailers, and parts workflow stack.
Motor vehicles, bodies and trailers, and parts	Exception, dispute, and recovery handling	High	High	High	High	High	High	High	High	High	High	High	Medium	High	High	High	Exception, dispute, and recovery handling still depends on manual coordination and exception handling inside the motor vehicles, bodies and trailers, and parts workflow stack.
Publishing industries, except internet (includes software)	Product and Content Development	Medium	Low	Low	Medium	Low	Medium	Medium	High	High	Medium	Low	Low	Medium	High	High	Product and Content Development still depends on manual coordination and exception handling inside the publishing industries, except internet (includes software) workflow stack.
Publishing industries, except internet (includes software)	Subscription and License Management	Medium	Low	Low	Medium	Low	Medium	Medium	High	High	Medium	Low	Low	Medium	High	High	Subscription and License Management still depends on manual coordination and exception handling inside the publishing industries, except internet (includes software) workflow stack.
Publishing industries, except internet (includes software)	Distribution and Release Management	Medium	Low	Low	Medium	Low	Medium	Medium	High	High	Medium	Low	Low	Medium	High	High	Distribution and Release Management still depends on manual coordination and exception handling inside the publishing industries, except internet (includes software) workflow stack.
Publishing industries, except internet (includes software)	Customer Support and Success	Medium	Low	Low	High	Low	Medium	Medium	High	Medium	Medium	Low	Low	Medium	High	Medium	Customer Support and Success still depends on manual coordination and exception handling inside the publishing industries, except internet (includes software) workflow stack.
Publishing industries, except internet (includes software)	Billing and Renewals	High	High	High	High	High	Medium	High	Medium	Medium	High	High	Medium	High	Medium	Medium	Billing and Renewals still depends on manual coordination and exception handling inside the publishing industries, except internet (includes software) workflow stack.
Publishing industries, except internet (includes software)	Lead, intake, and qualification management	Medium	Medium	Medium	High	Low	Medium	High	Medium	Medium	High	Medium	Low	Medium	Medium	Medium	Lead, intake, and qualification management still depends on manual coordination and exception handling inside the publishing industries, except internet (includes software) workflow stack.
Publishing industries, except internet (includes software)	Workforce planning, assignment, and time capture	High	High	Medium	High	Low	Medium	High	Medium	Medium	Low	Low	Low	Medium	Medium	High	Workforce planning, assignment, and time capture still depends on manual coordination and exception handling inside the publishing industries, except internet (includes software) workflow stack.
Publishing industries, except internet (includes software)	Supplier, vendor, or partner onboarding and compliance	High	Low	Low	High	Medium	High	Medium	High	High	Low	Low	Medium	Medium	High	Medium	Supplier, vendor, or partner onboarding and compliance still depends on manual coordination and exception handling inside the publishing industries, except internet (includes software) workflow stack.
Publishing industries, except internet (includes software)	Compliance, reporting, and audit support	High	Medium	Medium	High	Medium	High	High	Medium	Medium	Low	Low	High	Medium	Medium	Medium	Compliance, reporting, and audit support still depends on manual coordination and exception handling inside the publishing industries, except internet (includes software) workflow stack.
Publishing industries, except internet (includes software)	Exception, dispute, and recovery handling	High	High	High	High	High	High	High	High	High	High	High	Medium	High	High	High	Exception, dispute, and recovery handling still depends on manual coordination and exception handling inside the publishing industries, except internet (includes software) workflow stack.
Rental and leasing services and lessors of intangible assets	Asset Acquisition and Setup	Medium	Low	Low	Medium	Low	Medium	Medium	High	High	Medium	Low	Low	Medium	High	High	Asset Acquisition and Setup still depends on manual coordination and exception handling inside the rental and leasing services and lessors of intangible assets workflow stack.
Rental and leasing services and lessors of intangible assets	Reservation and Contract Management	Medium	Low	Low	High	Low	Medium	Medium	High	Medium	Medium	Low	Low	Medium	High	Medium	Reservation and Contract Management still depends on manual coordination and exception handling inside the rental and leasing services and lessors of intangible assets workflow stack.
Rental and leasing services and lessors of intangible assets	Dispatch and Checkout	Medium	Low	Low	Medium	Low	Medium	Medium	High	High	Medium	Low	Low	Medium	High	High	Dispatch and Checkout still depends on manual coordination and exception handling inside the rental and leasing services and lessors of intangible assets workflow stack.
Rental and leasing services and lessors of intangible assets	Asset Maintenance and Turnover	Medium	Low	Low	Medium	Low	Medium	Medium	High	High	Medium	Low	Low	Medium	High	High	Asset Maintenance and Turnover still depends on manual coordination and exception handling inside the rental and leasing services and lessors of intangible assets workflow stack.
Rental and leasing services and lessors of intangible assets	Billing and Asset Recovery	High	High	High	High	High	High	High	High	High	High	High	Medium	High	High	High	Billing and Asset Recovery still depends on manual coordination and exception handling inside the rental and leasing services and lessors of intangible assets workflow stack.
Rental and leasing services and lessors of intangible assets	Lead, intake, and qualification management	Medium	Medium	Medium	High	Low	Medium	High	Medium	Medium	High	Medium	Low	Medium	Medium	Medium	Lead, intake, and qualification management still depends on manual coordination and exception handling inside the rental and leasing services and lessors of intangible assets workflow stack.
Rental and leasing services and lessors of intangible assets	Billing, settlement, and close	High	High	High	High	High	Medium	High	Medium	Medium	High	High	Medium	High	Medium	Medium	Billing, settlement, and close still depends on manual coordination and exception handling inside the rental and leasing services and lessors of intangible assets workflow stack.
Rental and leasing services and lessors of intangible assets	Workforce planning, assignment, and time capture	High	High	Medium	High	Low	Medium	High	Medium	Medium	Low	Low	Low	Medium	Medium	High	Workforce planning, assignment, and time capture still depends on manual coordination and exception handling inside the rental and leasing services and lessors of intangible assets workflow stack.
Rental and leasing services and lessors of intangible assets	Supplier, vendor, or partner onboarding and compliance	High	Low	Low	High	Medium	High	Medium	High	High	Low	Low	Medium	Medium	High	Medium	Supplier, vendor, or partner onboarding and compliance still depends on manual coordination and exception handling inside the rental and leasing services and lessors of intangible assets workflow stack.
Rental and leasing services and lessors of intangible assets	Compliance, reporting, and audit support	High	Medium	Medium	High	Medium	High	High	Medium	Medium	Low	Low	High	Medium	Medium	Medium	Compliance, reporting, and audit support still depends on manual coordination and exception handling inside the rental and leasing services and lessors of intangible assets workflow stack.
Utilities	Load Forecasting and Dispatch	Medium	Low	Low	Medium	Low	Medium	Medium	High	High	Medium	Low	Low	Medium	High	High	Load Forecasting and Dispatch still depends on manual coordination and exception handling inside the utilities workflow stack.
Utilities	Asset Maintenance and Outage Management	High	High	High	High	High	High	High	High	High	High	High	Medium	High	High	High	Asset Maintenance and Outage Management still depends on manual coordination and exception handling inside the utilities workflow stack.
Utilities	Meter-to-Cash	High	High	High	High	High	Medium	High	Medium	Medium	High	High	Medium	High	Medium	Medium	Meter-to-Cash still depends on manual coordination and exception handling inside the utilities workflow stack.
Utilities	Capital Planning and Compliance Reporting	High	Medium	Medium	High	Medium	High	High	Medium	Medium	Low	Low	High	Medium	Medium	Medium	Capital Planning and Compliance Reporting still depends on manual coordination and exception handling inside the utilities workflow stack.
Utilities	Customer Service and Field Response	Medium	Low	Low	High	Low	Medium	Medium	High	Medium	Medium	Low	Low	Medium	High	Medium	Customer Service and Field Response still depends on manual coordination and exception handling inside the utilities workflow stack.
Utilities	Lead, intake, and qualification management	Medium	Medium	Medium	High	Low	Medium	High	Medium	Medium	High	Medium	Low	Medium	Medium	Medium	Lead, intake, and qualification management still depends on manual coordination and exception handling inside the utilities workflow stack.
Utilities	Workforce planning, assignment, and time capture	High	High	Medium	High	Low	Medium	High	Medium	Medium	Low	Low	Low	Medium	Medium	High	Workforce planning, assignment, and time capture still depends on manual coordination and exception handling inside the utilities workflow stack.
Utilities	Supplier, vendor, or partner onboarding and compliance	High	Low	Low	High	Medium	High	Medium	High	High	Low	Low	Medium	Medium	High	Medium	Supplier, vendor, or partner onboarding and compliance still depends on manual coordination and exception handling inside the utilities workflow stack.
Petroleum and coal products	Material Sourcing	High	Low	Low	High	Medium	High	Medium	High	High	Low	Low	Medium	Medium	High	Medium	Material Sourcing still depends on manual coordination and exception handling inside the petroleum and coal products workflow stack.
Petroleum and coal products	Production Planning and Process Control	Medium	Low	Low	Medium	Low	Medium	Medium	High	High	Medium	Low	Low	Medium	High	High	Production Planning and Process Control still depends on manual coordination and exception handling inside the petroleum and coal products workflow stack.
Petroleum and coal products	Maintenance and Turnaround Management	High	High	High	High	High	High	High	High	High	High	High	Medium	High	High	High	Maintenance and Turnaround Management still depends on manual coordination and exception handling inside the petroleum and coal products workflow stack.
Petroleum and coal products	Blending, Logistics, and Distribution	Medium	Low	Low	Medium	Low	Medium	Medium	High	High	Medium	Low	Low	Medium	High	High	Blending, Logistics, and Distribution still depends on manual coordination and exception handling inside the petroleum and coal products workflow stack.
Petroleum and coal products	Margin, Safety, and Emissions Reporting	High	High	High	High	High	Medium	High	Medium	Medium	High	High	Medium	High	Medium	Medium	Margin, Safety, and Emissions Reporting still depends on manual coordination and exception handling inside the petroleum and coal products workflow stack.
Petroleum and coal products	Lead, intake, and qualification management	Medium	Medium	Medium	High	Low	Medium	High	Medium	Medium	High	Medium	Low	Medium	Medium	Medium	Lead, intake, and qualification management still depends on manual coordination and exception handling inside the petroleum and coal products workflow stack.
Petroleum and coal products	Workforce planning, assignment, and time capture	High	High	Medium	High	Low	Medium	High	Medium	Medium	Low	Low	Low	Medium	Medium	High	Workforce planning, assignment, and time capture still depends on manual coordination and exception handling inside the petroleum and coal products workflow stack.
Petroleum and coal products	Customer, participant, or stakeholder communication and escalation	Medium	Low	Low	High	Low	Medium	Medium	High	Medium	Medium	Low	Low	Medium	High	Medium	Customer, participant, or stakeholder communication and escalation still depends on manual coordination and exception handling inside the petroleum and coal products workflow stack.
Petroleum and coal products	Compliance, reporting, and audit support	High	Medium	Medium	High	Medium	High	High	Medium	Medium	Low	Low	High	Medium	Medium	Medium	Compliance, reporting, and audit support still depends on manual coordination and exception handling inside the petroleum and coal products workflow stack.
Farms	Production Planning	Medium	Low	Low	Medium	Low	Medium	Medium	High	High	Medium	Low	Low	Medium	High	High	Production Planning still depends on manual coordination and exception handling inside the farms workflow stack.
Farms	Input Sourcing and Procurement	High	Low	Low	High	Medium	High	Medium	High	High	Low	Low	Medium	Medium	High	Medium	Input Sourcing and Procurement still depends on manual coordination and exception handling inside the farms workflow stack.
Farms	Field Operations	Medium	Low	Low	Medium	Low	Medium	Medium	High	High	Medium	Low	Low	Medium	High	High	Field Operations still depends on manual coordination and exception handling inside the farms workflow stack.
Farms	Harvest and Logistics Management	Medium	Low	Low	Medium	Low	Medium	Medium	High	High	Medium	Low	Low	Medium	High	High	Harvest and Logistics Management still depends on manual coordination and exception handling inside the farms workflow stack.
Farms	Marketing, Hedging, and Program Reporting	Medium	Low	Low	Medium	Low	Medium	Medium	High	High	Medium	Low	Low	Medium	High	High	Marketing, Hedging, and Program Reporting still depends on manual coordination and exception handling inside the farms workflow stack.
Farms	Lead, intake, and qualification management	Medium	Medium	Medium	High	Low	Medium	High	Medium	Medium	High	Medium	Low	Medium	Medium	Medium	Lead, intake, and qualification management still depends on manual coordination and exception handling inside the farms workflow stack.
Farms	Billing, settlement, and close	High	High	High	High	High	Medium	High	Medium	Medium	High	High	Medium	High	Medium	Medium	Billing, settlement, and close still depends on manual coordination and exception handling inside the farms workflow stack.
Farms	Workforce planning, assignment, and time capture	High	High	Medium	High	Low	Medium	High	Medium	Medium	Low	Low	Low	Medium	Medium	High	Workforce planning, assignment, and time capture still depends on manual coordination and exception handling inside the farms workflow stack.
Farms	Customer, participant, or stakeholder communication and escalation	Medium	Low	Low	High	Low	Medium	Medium	High	Medium	Medium	Low	Low	Medium	High	Medium	Customer, participant, or stakeholder communication and escalation still depends on manual coordination and exception handling inside the farms workflow stack.
Farms	Compliance, reporting, and audit support	High	Medium	Medium	High	Medium	High	High	Medium	Medium	Low	Low	High	Medium	Medium	Medium	Compliance, reporting, and audit support still depends on manual coordination and exception handling inside the farms workflow stack.
Farms	Exception, dispute, and recovery handling	High	High	High	High	High	High	High	High	High	High	High	Medium	High	High	High	Exception, dispute, and recovery handling still depends on manual coordination and exception handling inside the farms workflow stack.
Motor vehicle and parts dealers	Inventory Sourcing and Aging Management	High	Low	Low	High	Medium	High	Medium	High	High	Low	Low	Medium	Medium	High	Medium	Inventory Sourcing and Aging Management still depends on manual coordination and exception handling inside the motor vehicle and parts dealers workflow stack.
Motor vehicle and parts dealers	Lead Management and Sales	Medium	Low	Low	Medium	Low	Medium	Medium	High	High	Medium	Low	Low	Medium	High	High	Lead Management and Sales still depends on manual coordination and exception handling inside the motor vehicle and parts dealers workflow stack.
Motor vehicle and parts dealers	Financing and Underwriting	Medium	Medium	Medium	High	Low	Medium	High	Medium	Medium	High	Medium	Low	Medium	Medium	Medium	Financing and Underwriting still depends on manual coordination and exception handling inside the motor vehicle and parts dealers workflow stack.
Motor vehicle and parts dealers	Service Scheduling and Parts Management	Medium	Low	Low	Medium	Low	Medium	Medium	High	High	Medium	Low	Low	Medium	High	High	Service Scheduling and Parts Management still depends on manual coordination and exception handling inside the motor vehicle and parts dealers workflow stack.
Motor vehicle and parts dealers	Customer Retention and Remarketing	Medium	Low	Low	High	Low	Medium	Medium	High	Medium	Medium	Low	Low	Medium	High	Medium	Customer Retention and Remarketing still depends on manual coordination and exception handling inside the motor vehicle and parts dealers workflow stack.
Motor vehicle and parts dealers	Financing and underwriting; service scheduling	Medium	Medium	Medium	High	Low	Medium	High	Medium	Medium	High	Medium	Low	Medium	Medium	Medium	Financing and underwriting; service scheduling still depends on manual coordination and exception handling inside the motor vehicle and parts dealers workflow stack.
Motor vehicle and parts dealers	Billing, settlement, and close	High	High	High	High	High	Medium	High	Medium	Medium	High	High	Medium	High	Medium	Medium	Billing, settlement, and close still depends on manual coordination and exception handling inside the motor vehicle and parts dealers workflow stack.
Motor vehicle and parts dealers	Workforce planning, assignment, and time capture	High	High	Medium	High	Low	Medium	High	Medium	Medium	Low	Low	Low	Medium	Medium	High	Workforce planning, assignment, and time capture still depends on manual coordination and exception handling inside the motor vehicle and parts dealers workflow stack.
Motor vehicle and parts dealers	Compliance, reporting, and audit support	High	Medium	Medium	High	Medium	High	High	Medium	Medium	Low	Low	High	Medium	Medium	Medium	Compliance, reporting, and audit support still depends on manual coordination and exception handling inside the motor vehicle and parts dealers workflow stack.
Motor vehicle and parts dealers	Exception, dispute, and recovery handling	High	High	High	High	High	High	High	High	High	High	High	Medium	High	High	High	Exception, dispute, and recovery handling still depends on manual coordination and exception handling inside the motor vehicle and parts dealers workflow stack.
Truck transportation	Capacity and Load Planning	Medium	Low	Low	Medium	Low	Medium	Medium	High	High	Medium	Low	Low	Medium	High	High	Capacity and Load Planning still depends on manual coordination and exception handling inside the truck transportation workflow stack.
Truck transportation	Dispatch and Routing	Medium	Low	Low	Medium	Low	Medium	Medium	High	High	Medium	Low	Low	Medium	High	High	Dispatch and Routing still depends on manual coordination and exception handling inside the truck transportation workflow stack.
Truck transportation	Driver Safety and Compliance	High	High	Medium	High	Low	Medium	High	Medium	Medium	Low	Low	Low	Medium	Medium	High	Driver Safety and Compliance still depends on manual coordination and exception handling inside the truck transportation workflow stack.
Truck transportation	In-Transit Visibility and Proof of Delivery	Medium	Low	Low	Medium	Low	Medium	Medium	High	High	Medium	Low	Low	Medium	High	High	In-Transit Visibility and Proof of Delivery still depends on manual coordination and exception handling inside the truck transportation workflow stack.
Truck transportation	Freight Audit and Billing	High	High	High	High	High	Medium	High	Medium	Medium	High	High	Medium	High	Medium	Medium	Freight Audit and Billing still depends on manual coordination and exception handling inside the truck transportation workflow stack.
Truck transportation	Lead, intake, and qualification management	Medium	Medium	Medium	High	Low	Medium	High	Medium	Medium	High	Medium	Low	Medium	Medium	Medium	Lead, intake, and qualification management still depends on manual coordination and exception handling inside the truck transportation workflow stack.
Truck transportation	Supplier, vendor, or partner onboarding and compliance	High	Low	Low	High	Medium	High	Medium	High	High	Low	Low	Medium	Medium	High	Medium	Supplier, vendor, or partner onboarding and compliance still depends on manual coordination and exception handling inside the truck transportation workflow stack.
Truck transportation	Customer, participant, or stakeholder communication and escalation	Medium	Low	Low	High	Low	Medium	Medium	High	Medium	Medium	Low	Low	Medium	High	Medium	Customer, participant, or stakeholder communication and escalation still depends on manual coordination and exception handling inside the truck transportation workflow stack.
Truck transportation	Compliance, reporting, and audit support	High	Medium	Medium	High	Medium	High	High	Medium	Medium	Low	Low	High	Medium	Medium	Medium	Compliance, reporting, and audit support still depends on manual coordination and exception handling inside the truck transportation workflow stack.
Truck transportation	Exception, dispute, and recovery handling	High	High	High	High	High	High	High	High	High	High	High	Medium	High	High	High	Exception, dispute, and recovery handling still depends on manual coordination and exception handling inside the truck transportation workflow stack.
Legal services	Matter Intake and Conflict Review	Medium	Medium	Medium	High	Low	Medium	High	Medium	Medium	High	Medium	Low	Medium	Medium	Medium	Matter Intake and Conflict Review still depends on manual coordination and exception handling inside the legal services workflow stack.
Legal services	Staffing and Task Management	High	High	Medium	High	Low	Medium	High	Medium	Medium	Low	Low	Low	Medium	Medium	High	Staffing and Task Management still depends on manual coordination and exception handling inside the legal services workflow stack.
Legal services	Document and Knowledge Management	Medium	Low	Low	Medium	Low	Medium	Medium	High	High	Medium	Low	Low	Medium	High	High	Document and Knowledge Management still depends on manual coordination and exception handling inside the legal services workflow stack.
Legal services	Time and Expense Capture	Medium	Low	Low	Medium	Low	Medium	Medium	High	High	Medium	Low	Low	Medium	High	High	Time and Expense Capture still depends on manual coordination and exception handling inside the legal services workflow stack.
Legal services	Docketing and Compliance Tracking	High	Medium	Medium	High	Medium	High	High	Medium	Medium	Low	Low	High	Medium	Medium	Medium	Docketing and Compliance Tracking still depends on manual coordination and exception handling inside the legal services workflow stack.
Legal services	Billing, settlement, and close	High	High	High	High	High	Medium	High	Medium	Medium	High	High	Medium	High	Medium	Medium	Billing, settlement, and close still depends on manual coordination and exception handling inside the legal services workflow stack.
Legal services	Supplier, vendor, or partner onboarding and compliance	High	Low	Low	High	Medium	High	Medium	High	High	Low	Low	Medium	Medium	High	Medium	Supplier, vendor, or partner onboarding and compliance still depends on manual coordination and exception handling inside the legal services workflow stack.
Legal services	Customer, participant, or stakeholder communication and escalation	Medium	Low	Low	High	Low	Medium	Medium	High	Medium	Medium	Low	Low	Medium	High	Medium	Customer, participant, or stakeholder communication and escalation still depends on manual coordination and exception handling inside the legal services workflow stack.
Legal services	Exception, dispute, and recovery handling	High	High	High	High	High	High	High	High	High	High	High	Medium	High	High	High	Exception, dispute, and recovery handling still depends on manual coordination and exception handling inside the legal services workflow stack.
Educational services	Admissions and Enrollment	Medium	Medium	Medium	High	Low	Medium	High	Medium	Medium	High	Medium	Low	Medium	Medium	Medium	Admissions and Enrollment still depends on manual coordination and exception handling inside the educational services workflow stack.
Educational services	Scheduling and Staffing	High	High	Medium	High	Low	Medium	High	Medium	Medium	Low	Low	Low	Medium	Medium	High	Scheduling and Staffing still depends on manual coordination and exception handling inside the educational services workflow stack.
Educational services	Instruction Delivery	Medium	Low	Low	Medium	Low	Medium	Medium	High	High	Medium	Low	Low	Medium	High	High	Instruction Delivery still depends on manual coordination and exception handling inside the educational services workflow stack.
Educational services	Student Service and Retention Management	Medium	Low	Low	High	Low	Medium	Medium	High	Medium	Medium	Low	Low	Medium	High	Medium	Student Service and Retention Management still depends on manual coordination and exception handling inside the educational services workflow stack.
Educational services	Billing, Aid, and Regulatory Reporting	High	High	High	High	High	Medium	High	Medium	Medium	High	High	Medium	High	Medium	Medium	Billing, Aid, and Regulatory Reporting still depends on manual coordination and exception handling inside the educational services workflow stack.
Educational services	Supplier, vendor, or partner onboarding and compliance	High	Low	Low	High	Medium	High	Medium	High	High	Low	Low	Medium	Medium	High	Medium	Supplier, vendor, or partner onboarding and compliance still depends on manual coordination and exception handling inside the educational services workflow stack.
Educational services	Compliance, reporting, and audit support	High	Medium	Medium	High	Medium	High	High	Medium	Medium	Low	Low	High	Medium	Medium	Medium	Compliance, reporting, and audit support still depends on manual coordination and exception handling inside the educational services workflow stack.
Educational services	Exception, dispute, and recovery handling	High	High	High	High	High	High	High	High	High	High	High	Medium	High	High	High	Exception, dispute, and recovery handling still depends on manual coordination and exception handling inside the educational services workflow stack.
Fabricated metal products	Estimating and Quotation	Medium	Low	Low	Medium	Low	Medium	Medium	High	High	Medium	Low	Low	Medium	High	High	Estimating and Quotation still depends on manual coordination and exception handling inside the fabricated metal products workflow stack.
Fabricated metal products	Production Planning	Medium	Low	Low	Medium	Low	Medium	Medium	High	High	Medium	Low	Low	Medium	High	High	Production Planning still depends on manual coordination and exception handling inside the fabricated metal products workflow stack.
Fabricated metal products	Shop Floor Execution and Quality Management	High	Medium	Medium	High	Medium	High	High	Medium	Medium	Low	Low	High	Medium	Medium	Medium	Shop Floor Execution and Quality Management still depends on manual coordination and exception handling inside the fabricated metal products workflow stack.
Fabricated metal products	Quality Inspection and Certification	High	Medium	Medium	High	Medium	High	High	Medium	Medium	Low	Low	High	Medium	Medium	Medium	Quality Inspection and Certification still depends on manual coordination and exception handling inside the fabricated metal products workflow stack.
Fabricated metal products	Shipping and Invoice Reconciliation	High	High	High	High	High	High	High	High	High	High	High	Medium	High	High	High	Shipping and Invoice Reconciliation still depends on manual coordination and exception handling inside the fabricated metal products workflow stack.
Fabricated metal products	Lead, intake, and qualification management	Medium	Medium	Medium	High	Low	Medium	High	Medium	Medium	High	Medium	Low	Medium	Medium	Medium	Lead, intake, and qualification management still depends on manual coordination and exception handling inside the fabricated metal products workflow stack.
Fabricated metal products	Billing, settlement, and close	High	High	High	High	High	Medium	High	Medium	Medium	High	High	Medium	High	Medium	Medium	Billing, settlement, and close still depends on manual coordination and exception handling inside the fabricated metal products workflow stack.
Fabricated metal products	Workforce planning, assignment, and time capture	High	High	Medium	High	Low	Medium	High	Medium	Medium	Low	Low	Low	Medium	Medium	High	Workforce planning, assignment, and time capture still depends on manual coordination and exception handling inside the fabricated metal products workflow stack.
Fabricated metal products	Supplier, vendor, or partner onboarding and compliance	High	Low	Low	High	Medium	High	Medium	High	High	Low	Low	Medium	Medium	High	Medium	Supplier, vendor, or partner onboarding and compliance still depends on manual coordination and exception handling inside the fabricated metal products workflow stack.
Fabricated metal products	Customer, participant, or stakeholder communication and escalation	Medium	Low	Low	High	Low	Medium	Medium	High	Medium	Medium	Low	Low	Medium	High	Medium	Customer, participant, or stakeholder communication and escalation still depends on manual coordination and exception handling inside the fabricated metal products workflow stack.
Oil and gas extraction	Asset and Reserve Evaluation	High	High	High	High	High	Medium	High	Medium	Medium	High	High	Medium	High	Medium	Medium	Asset and Reserve Evaluation still depends on manual coordination and exception handling inside the oil and gas extraction workflow stack.
Oil and gas extraction	Field Development Planning	Medium	Low	Low	Medium	Low	Medium	Medium	High	High	Medium	Low	Low	Medium	High	High	Field Development Planning still depends on manual coordination and exception handling inside the oil and gas extraction workflow stack.
Oil and gas extraction	Production Operations	Medium	Low	Low	Medium	Low	Medium	Medium	High	High	Medium	Low	Low	Medium	High	High	Production Operations still depends on manual coordination and exception handling inside the oil and gas extraction workflow stack.
Oil and gas extraction	Midstream Coordination	Medium	Low	Low	Medium	Low	Medium	Medium	High	High	Medium	Low	Low	Medium	High	High	Midstream Coordination still depends on manual coordination and exception handling inside the oil and gas extraction workflow stack.
Oil and gas extraction	Revenue and Regulatory Reporting	High	High	High	High	High	Medium	High	Medium	Medium	High	High	Medium	High	Medium	Medium	Revenue and Regulatory Reporting still depends on manual coordination and exception handling inside the oil and gas extraction workflow stack.
Oil and gas extraction	Lead, intake, and qualification management	Medium	Medium	Medium	High	Low	Medium	High	Medium	Medium	High	Medium	Low	Medium	Medium	Medium	Lead, intake, and qualification management still depends on manual coordination and exception handling inside the oil and gas extraction workflow stack.
Oil and gas extraction	Workforce planning, assignment, and time capture	High	High	Medium	High	Low	Medium	High	Medium	Medium	Low	Low	Low	Medium	Medium	High	Workforce planning, assignment, and time capture still depends on manual coordination and exception handling inside the oil and gas extraction workflow stack.
Oil and gas extraction	Supplier, vendor, or partner onboarding and compliance	High	Low	Low	High	Medium	High	Medium	High	High	Low	Low	Medium	Medium	High	Medium	Supplier, vendor, or partner onboarding and compliance still depends on manual coordination and exception handling inside the oil and gas extraction workflow stack.
Oil and gas extraction	Customer, participant, or stakeholder communication and escalation	Medium	Low	Low	High	Low	Medium	Medium	High	Medium	Medium	Low	Low	Medium	High	Medium	Customer, participant, or stakeholder communication and escalation still depends on manual coordination and exception handling inside the oil and gas extraction workflow stack.
Oil and gas extraction	Compliance, reporting, and audit support	High	Medium	Medium	High	Medium	High	High	Medium	Medium	Low	Low	High	Medium	Medium	Medium	Compliance, reporting, and audit support still depends on manual coordination and exception handling inside the oil and gas extraction workflow stack.
Oil and gas extraction	Exception, dispute, and recovery handling	High	High	High	High	High	High	High	High	High	High	High	Medium	High	High	High	Exception, dispute, and recovery handling still depends on manual coordination and exception handling inside the oil and gas extraction workflow stack.
Machinery	Product and Engineering Configuration	Medium	Low	Low	Medium	Low	Medium	Medium	High	High	Medium	Low	Low	Medium	High	High	Product and Engineering Configuration still depends on manual coordination and exception handling inside the machinery workflow stack.
Machinery	Supplier Scheduling and Procurement	High	High	Medium	High	Low	Medium	High	Medium	Medium	Low	Low	Low	Medium	Medium	High	Supplier Scheduling and Procurement still depends on manual coordination and exception handling inside the machinery workflow stack.
Machinery	Assembly and Test	Medium	Low	Low	Medium	Low	Medium	Medium	High	High	Medium	Low	Low	Medium	High	High	Assembly and Test still depends on manual coordination and exception handling inside the machinery workflow stack.
Machinery	Logistics and Channel Fulfillment	Medium	Low	Low	Medium	Low	Medium	Medium	High	High	Medium	Low	Low	Medium	High	High	Logistics and Channel Fulfillment still depends on manual coordination and exception handling inside the machinery workflow stack.
Machinery	Aftermarket Service and Field Support	Medium	Low	Low	High	Low	Medium	Medium	High	Medium	Medium	Low	Low	Medium	High	Medium	Aftermarket Service and Field Support still depends on manual coordination and exception handling inside the machinery workflow stack.
Machinery	Lead, intake, and qualification management	Medium	Medium	Medium	High	Low	Medium	High	Medium	Medium	High	Medium	Low	Medium	Medium	Medium	Lead, intake, and qualification management still depends on manual coordination and exception handling inside the machinery workflow stack.
Machinery	Billing, settlement, and close	High	High	High	High	High	Medium	High	Medium	Medium	High	High	Medium	High	Medium	Medium	Billing, settlement, and close still depends on manual coordination and exception handling inside the machinery workflow stack.
Machinery	Supplier, vendor, or partner onboarding and compliance	High	Low	Low	High	Medium	High	Medium	High	High	Low	Low	Medium	Medium	High	Medium	Supplier, vendor, or partner onboarding and compliance still depends on manual coordination and exception handling inside the machinery workflow stack.
Machinery	Compliance, reporting, and audit support	High	Medium	Medium	High	Medium	High	High	Medium	Medium	Low	Low	High	Medium	Medium	Medium	Compliance, reporting, and audit support still depends on manual coordination and exception handling inside the machinery workflow stack.
Machinery	Exception, dispute, and recovery handling	High	High	High	High	High	High	High	High	High	High	High	Medium	High	High	High	Exception, dispute, and recovery handling still depends on manual coordination and exception handling inside the machinery workflow stack.
Other transportation equipment	Program and Platform Planning	Medium	Low	Low	Medium	Low	Medium	Medium	High	High	Medium	Low	Low	Medium	High	High	Program and Platform Planning still depends on manual coordination and exception handling inside the other transportation equipment workflow stack.
Other transportation equipment	Supplier Coordination and Compliance	High	Low	Low	High	Medium	High	Medium	High	High	Low	Low	Medium	Medium	High	Medium	Supplier Coordination and Compliance still depends on manual coordination and exception handling inside the other transportation equipment workflow stack.
Other transportation equipment	Assembly, Test, and Certification	High	Medium	Medium	High	Medium	High	High	Medium	Medium	Low	Low	High	Medium	Medium	Medium	Assembly, Test, and Certification still depends on manual coordination and exception handling inside the other transportation equipment workflow stack.
Other transportation equipment	Delivery and Contract Milestone Management	Medium	Low	Low	Medium	Low	Medium	Medium	High	High	Medium	Low	Low	Medium	High	High	Delivery and Contract Milestone Management still depends on manual coordination and exception handling inside the other transportation equipment workflow stack.
Other transportation equipment	Aftermarket Service and Field Support	Medium	Low	Low	High	Low	Medium	Medium	High	Medium	Medium	Low	Low	Medium	High	Medium	Aftermarket Service and Field Support still depends on manual coordination and exception handling inside the other transportation equipment workflow stack.
Other transportation equipment	Lead, intake, and qualification management	Medium	Medium	Medium	High	Low	Medium	High	Medium	Medium	High	Medium	Low	Medium	Medium	Medium	Lead, intake, and qualification management still depends on manual coordination and exception handling inside the other transportation equipment workflow stack.
Other transportation equipment	Billing, settlement, and close	High	High	High	High	High	Medium	High	Medium	Medium	High	High	Medium	High	Medium	Medium	Billing, settlement, and close still depends on manual coordination and exception handling inside the other transportation equipment workflow stack.
Other transportation equipment	Workforce planning, assignment, and time capture	High	High	Medium	High	Low	Medium	High	Medium	Medium	Low	Low	Low	Medium	Medium	High	Workforce planning, assignment, and time capture still depends on manual coordination and exception handling inside the other transportation equipment workflow stack.
Other transportation equipment	Exception, dispute, and recovery handling	High	High	High	High	High	High	High	High	High	High	High	Medium	High	High	High	Exception, dispute, and recovery handling still depends on manual coordination and exception handling inside the other transportation equipment workflow stack.
Computer and electronic products	Demand and Allocation Planning	Medium	Low	Low	Medium	Low	Medium	Medium	High	High	Medium	Low	Low	Medium	High	High	Demand and Allocation Planning still depends on manual coordination and exception handling inside the computer and electronic products workflow stack.
Computer and electronic products	Engineering Change Management	Medium	Low	Low	Medium	Low	Medium	Medium	High	High	Medium	Low	Low	Medium	High	High	Engineering Change Management still depends on manual coordination and exception handling inside the computer and electronic products workflow stack.
Computer and electronic products	Shop Floor Execution and Quality Management	High	Medium	Medium	High	Medium	High	High	Medium	Medium	Low	Low	High	Medium	Medium	Medium	Shop Floor Execution and Quality Management still depends on manual coordination and exception handling inside the computer and electronic products workflow stack.
Computer and electronic products	Quality and Traceability Management	High	Medium	Medium	High	Medium	High	High	Medium	Medium	Low	Low	High	Medium	Medium	Medium	Quality and Traceability Management still depends on manual coordination and exception handling inside the computer and electronic products workflow stack.
Computer and electronic products	Logistics and Channel Fulfillment	Medium	Low	Low	Medium	Low	Medium	Medium	High	High	Medium	Low	Low	Medium	High	High	Logistics and Channel Fulfillment still depends on manual coordination and exception handling inside the computer and electronic products workflow stack.
Computer and electronic products	Lead, intake, and qualification management	Medium	Medium	Medium	High	Low	Medium	High	Medium	Medium	High	Medium	Low	Medium	Medium	Medium	Lead, intake, and qualification management still depends on manual coordination and exception handling inside the computer and electronic products workflow stack.
Computer and electronic products	Billing, settlement, and close	High	High	High	High	High	Medium	High	Medium	Medium	High	High	Medium	High	Medium	Medium	Billing, settlement, and close still depends on manual coordination and exception handling inside the computer and electronic products workflow stack.
Computer and electronic products	Workforce planning, assignment, and time capture	High	High	Medium	High	Low	Medium	High	Medium	Medium	Low	Low	Low	Medium	Medium	High	Workforce planning, assignment, and time capture still depends on manual coordination and exception handling inside the computer and electronic products workflow stack.
Computer and electronic products	Supplier, vendor, or partner onboarding and compliance	High	Low	Low	High	Medium	High	Medium	High	High	Low	Low	Medium	Medium	High	Medium	Supplier, vendor, or partner onboarding and compliance still depends on manual coordination and exception handling inside the computer and electronic products workflow stack.
Computer and electronic products	Customer, participant, or stakeholder communication and escalation	Medium	Low	Low	High	Low	Medium	Medium	High	Medium	Medium	Low	Low	Medium	High	Medium	Customer, participant, or stakeholder communication and escalation still depends on manual coordination and exception handling inside the computer and electronic products workflow stack.
Computer and electronic products	Exception, dispute, and recovery handling	High	High	High	High	High	High	High	High	High	High	High	Medium	High	High	High	Exception, dispute, and recovery handling still depends on manual coordination and exception handling inside the computer and electronic products workflow stack.
Accommodation	Reservation and Distribution Management	Medium	Low	Low	High	Low	Medium	Medium	High	Medium	Medium	Low	Low	Medium	High	Medium	Reservation and Distribution Management still depends on manual coordination and exception handling inside the accommodation workflow stack.
Accommodation	Revenue Management	High	High	High	High	High	Medium	High	Medium	Medium	High	High	Medium	High	Medium	Medium	Revenue Management still depends on manual coordination and exception handling inside the accommodation workflow stack.
Accommodation	Front Desk and Housekeeping Operations	Medium	Low	Low	Medium	Low	Medium	Medium	High	High	Medium	Low	Low	Medium	High	High	Front Desk and Housekeeping Operations still depends on manual coordination and exception handling inside the accommodation workflow stack.
Accommodation	Maintenance and Guest Service	Medium	Low	Low	Medium	Low	Medium	Medium	High	High	Medium	Low	Low	Medium	High	High	Maintenance and Guest Service still depends on manual coordination and exception handling inside the accommodation workflow stack.
Accommodation	Night Audit and Owner Reporting	High	Medium	Medium	High	Medium	High	High	Medium	Medium	Low	Low	High	Medium	Medium	Medium	Night Audit and Owner Reporting still depends on manual coordination and exception handling inside the accommodation workflow stack.
Accommodation	Front desk, housekeeping, and maintenance recovery	High	High	High	High	High	High	High	High	High	High	High	Medium	High	High	High	Front desk, housekeeping, and maintenance recovery still depends on manual coordination and exception handling inside the accommodation workflow stack.
Accommodation	Lead, intake, and qualification management	Medium	Medium	Medium	High	Low	Medium	High	Medium	Medium	High	Medium	Low	Medium	Medium	Medium	Lead, intake, and qualification management still depends on manual coordination and exception handling inside the accommodation workflow stack.
Accommodation	Workforce planning, assignment, and time capture	High	High	Medium	High	Low	Medium	High	Medium	Medium	Low	Low	Low	Medium	Medium	High	Workforce planning, assignment, and time capture still depends on manual coordination and exception handling inside the accommodation workflow stack.
Accommodation	Supplier, vendor, or partner onboarding and compliance	High	Low	Low	High	Medium	High	Medium	High	High	Low	Low	Medium	Medium	High	Medium	Supplier, vendor, or partner onboarding and compliance still depends on manual coordination and exception handling inside the accommodation workflow stack.
Nursing and residential care facilities	Access, Admissions, and Throughput Management	Medium	Medium	Medium	High	Low	Medium	High	Medium	Medium	High	Medium	Low	Medium	Medium	Medium	Access, Admissions, and Throughput Management still depends on manual coordination and exception handling inside the nursing and residential care facilities workflow stack.
Nursing and residential care facilities	Workforce Scheduling	High	High	Medium	High	Low	Medium	High	Medium	Medium	Low	Low	Low	Medium	Medium	High	Workforce Scheduling still depends on manual coordination and exception handling inside the nursing and residential care facilities workflow stack.
Nursing and residential care facilities	Clinical Documentation	Medium	Low	Low	Medium	Low	Medium	Medium	High	High	Medium	Low	Low	Medium	High	High	Clinical Documentation still depends on manual coordination and exception handling inside the nursing and residential care facilities workflow stack.
Nursing and residential care facilities	Medication and Compliance Management	High	Medium	Medium	High	Medium	High	High	Medium	Medium	Low	Low	High	Medium	Medium	Medium	Medication and Compliance Management still depends on manual coordination and exception handling inside the nursing and residential care facilities workflow stack.
Nursing and residential care facilities	Billing, Claims, and Collections	High	High	High	High	High	Medium	High	Medium	Medium	High	High	Medium	High	Medium	Medium	Billing, Claims, and Collections still depends on manual coordination and exception handling inside the nursing and residential care facilities workflow stack.
Nursing and residential care facilities	Supplier, vendor, or partner onboarding and compliance	High	Low	Low	High	Medium	High	Medium	High	High	Low	Low	Medium	Medium	High	Medium	Supplier, vendor, or partner onboarding and compliance still depends on manual coordination and exception handling inside the nursing and residential care facilities workflow stack.
Nursing and residential care facilities	Customer, participant, or stakeholder communication and escalation	Medium	Low	Low	High	Low	Medium	Medium	High	Medium	Medium	Low	Low	Medium	High	Medium	Customer, participant, or stakeholder communication and escalation still depends on manual coordination and exception handling inside the nursing and residential care facilities workflow stack.
Nursing and residential care facilities	Exception, dispute, and recovery handling	High	High	High	High	High	High	High	High	High	High	High	Medium	High	High	High	Exception, dispute, and recovery handling still depends on manual coordination and exception handling inside the nursing and residential care facilities workflow stack.
Social assistance	Intake and Eligibility Determination	Medium	Medium	Medium	High	Low	Medium	High	Medium	Medium	High	Medium	Low	Medium	Medium	Medium	Intake and Eligibility Determination still depends on manual coordination and exception handling inside the social assistance workflow stack.
Social assistance	Case Planning	Medium	Low	Low	Medium	Low	Medium	Medium	High	High	Medium	Low	Low	Medium	High	High	Case Planning still depends on manual coordination and exception handling inside the social assistance workflow stack.
Social assistance	Service Delivery and Referral Coordination	Medium	Low	Low	Medium	Low	Medium	Medium	High	High	Medium	Low	Low	Medium	High	High	Service Delivery and Referral Coordination still depends on manual coordination and exception handling inside the social assistance workflow stack.
Social assistance	Documentation and Compliance Management	High	Medium	Medium	High	Medium	High	High	Medium	Medium	Low	Low	High	Medium	Medium	Medium	Documentation and Compliance Management still depends on manual coordination and exception handling inside the social assistance workflow stack.
Social assistance	Billing, Grant Reporting, and Reimbursement	High	High	High	High	High	Medium	High	Medium	Medium	High	High	Medium	High	Medium	Medium	Billing, Grant Reporting, and Reimbursement still depends on manual coordination and exception handling inside the social assistance workflow stack.
Social assistance	Workforce planning, assignment, and time capture	High	High	Medium	High	Low	Medium	High	Medium	Medium	Low	Low	Low	Medium	Medium	High	Workforce planning, assignment, and time capture still depends on manual coordination and exception handling inside the social assistance workflow stack.
Social assistance	Supplier, vendor, or partner onboarding and compliance	High	Low	Low	High	Medium	High	Medium	High	High	Low	Low	Medium	Medium	High	Medium	Supplier, vendor, or partner onboarding and compliance still depends on manual coordination and exception handling inside the social assistance workflow stack.
Social assistance	Customer, participant, or stakeholder communication and escalation	Medium	Low	Low	High	Low	Medium	Medium	High	Medium	Medium	Low	Low	Medium	High	Medium	Customer, participant, or stakeholder communication and escalation still depends on manual coordination and exception handling inside the social assistance workflow stack.
Social assistance	Exception, dispute, and recovery handling	High	High	High	High	High	High	High	High	High	High	High	Medium	High	High	High	Exception, dispute, and recovery handling still depends on manual coordination and exception handling inside the social assistance workflow stack.
Other transportation and support activities	Load Intake and Booking	Medium	Medium	Medium	High	Low	Medium	High	Medium	Medium	High	Medium	Low	Medium	Medium	Medium	Load Intake and Booking still depends on manual coordination and exception handling inside the other transportation and support activities workflow stack.
Other transportation and support activities	Carrier Coordination and Brokerage	Medium	Low	Low	Medium	Low	Medium	Medium	High	High	Medium	Low	Low	Medium	High	High	Carrier Coordination and Brokerage still depends on manual coordination and exception handling inside the other transportation and support activities workflow stack.
Other transportation and support activities	Terminal and Yard Operations	Medium	Low	Low	Medium	Low	Medium	Medium	High	High	Medium	Low	Low	Medium	High	High	Terminal and Yard Operations still depends on manual coordination and exception handling inside the other transportation and support activities workflow stack.
Other transportation and support activities	Exception Management	High	High	High	High	High	High	High	High	High	High	High	Medium	High	High	High	Exception Management still depends on manual coordination and exception handling inside the other transportation and support activities workflow stack.
Other transportation and support activities	Freight Audit and Settlement	High	High	High	High	High	Medium	High	Medium	Medium	High	High	Medium	High	Medium	Medium	Freight Audit and Settlement still depends on manual coordination and exception handling inside the other transportation and support activities workflow stack.
Other transportation and support activities	Workforce planning, assignment, and time capture	High	High	Medium	High	Low	Medium	High	Medium	Medium	Low	Low	Low	Medium	Medium	High	Workforce planning, assignment, and time capture still depends on manual coordination and exception handling inside the other transportation and support activities workflow stack.
Other transportation and support activities	Supplier, vendor, or partner onboarding and compliance	High	Low	Low	High	Medium	High	Medium	High	High	Low	Low	Medium	Medium	High	Medium	Supplier, vendor, or partner onboarding and compliance still depends on manual coordination and exception handling inside the other transportation and support activities workflow stack.
Other transportation and support activities	Customer, participant, or stakeholder communication and escalation	Medium	Low	Low	High	Low	Medium	Medium	High	Medium	Medium	Low	Low	Medium	High	Medium	Customer, participant, or stakeholder communication and escalation still depends on manual coordination and exception handling inside the other transportation and support activities workflow stack.
Other transportation and support activities	Compliance, reporting, and audit support	High	Medium	Medium	High	Medium	High	High	Medium	Medium	Low	Low	High	Medium	Medium	Medium	Compliance, reporting, and audit support still depends on manual coordination and exception handling inside the other transportation and support activities workflow stack.
Food and beverage stores	Merchandising and Assortment Planning	Medium	Low	Low	Medium	Low	Medium	Medium	High	High	Medium	Low	Low	Medium	High	High	Merchandising and Assortment Planning still depends on manual coordination and exception handling inside the food and beverage stores workflow stack.
Food and beverage stores	Inventory and Perishables Management	Medium	Low	Low	Medium	Low	Medium	Medium	High	High	Medium	Low	Low	Medium	High	High	Inventory and Perishables Management still depends on manual coordination and exception handling inside the food and beverage stores workflow stack.
Food and beverage stores	Point-of-Sale and Loyalty Operations	Medium	Low	Low	Medium	Low	Medium	Medium	High	High	Medium	Low	Low	Medium	High	High	Point-of-Sale and Loyalty Operations still depends on manual coordination and exception handling inside the food and beverage stores workflow stack.
Food and beverage stores	Workforce Scheduling	High	High	Medium	High	Low	Medium	High	Medium	Medium	Low	Low	Low	Medium	Medium	High	Workforce Scheduling still depends on manual coordination and exception handling inside the food and beverage stores workflow stack.
Food and beverage stores	Margin and Shrink Management	High	High	High	High	High	Medium	High	Medium	Medium	High	High	Medium	High	Medium	Medium	Margin and Shrink Management still depends on manual coordination and exception handling inside the food and beverage stores workflow stack.
Food and beverage stores	Lead, intake, and qualification management	Medium	Medium	Medium	High	Low	Medium	High	Medium	Medium	High	Medium	Low	Medium	Medium	Medium	Lead, intake, and qualification management still depends on manual coordination and exception handling inside the food and beverage stores workflow stack.
Food and beverage stores	Supplier, vendor, or partner onboarding and compliance	High	Low	Low	High	Medium	High	Medium	High	High	Low	Low	Medium	Medium	High	Medium	Supplier, vendor, or partner onboarding and compliance still depends on manual coordination and exception handling inside the food and beverage stores workflow stack.
Food and beverage stores	Customer, participant, or stakeholder communication and escalation	Medium	Low	Low	High	Low	Medium	Medium	High	Medium	Medium	Low	Low	Medium	High	Medium	Customer, participant, or stakeholder communication and escalation still depends on manual coordination and exception handling inside the food and beverage stores workflow stack.
Food and beverage stores	Compliance, reporting, and audit support	High	Medium	Medium	High	Medium	High	High	Medium	Medium	Low	Low	High	Medium	Medium	Medium	Compliance, reporting, and audit support still depends on manual coordination and exception handling inside the food and beverage stores workflow stack.
Food and beverage stores	Exception, dispute, and recovery handling	High	High	High	High	High	High	High	High	High	High	High	Medium	High	High	High	Exception, dispute, and recovery handling still depends on manual coordination and exception handling inside the food and beverage stores workflow stack.
Performing arts, spectator sports, museums, and related activities	Programming and Event Planning	Medium	Low	Low	Medium	Low	Medium	Medium	High	High	Medium	Low	Low	Medium	High	High	Programming and Event Planning still depends on manual coordination and exception handling inside the performing arts, spectator sports, museums, and related activities workflow stack.
Performing arts, spectator sports, museums, and related activities	Ticketing and Pricing	Medium	Medium	Medium	High	Low	Medium	High	Medium	Medium	High	Medium	Low	Medium	Medium	Medium	Ticketing and Pricing still depends on manual coordination and exception handling inside the performing arts, spectator sports, museums, and related activities workflow stack.
Performing arts, spectator sports, museums, and related activities	Venue and Staff Operations	Medium	Low	Low	Medium	Low	Medium	Medium	High	High	Medium	Low	Low	Medium	High	High	Venue and Staff Operations still depends on manual coordination and exception handling inside the performing arts, spectator sports, museums, and related activities workflow stack.
Performing arts, spectator sports, museums, and related activities	Sponsorship and Donor Management	Medium	Low	Low	Medium	Low	Medium	Medium	High	High	Medium	Low	Low	Medium	High	High	Sponsorship and Donor Management still depends on manual coordination and exception handling inside the performing arts, spectator sports, museums, and related activities workflow stack.
Performing arts, spectator sports, museums, and related activities	Event Settlement and Reporting	High	High	High	High	High	Medium	High	Medium	Medium	High	High	Medium	High	Medium	Medium	Event Settlement and Reporting still depends on manual coordination and exception handling inside the performing arts, spectator sports, museums, and related activities workflow stack.
Performing arts, spectator sports, museums, and related activities	Workforce planning, assignment, and time capture	High	High	Medium	High	Low	Medium	High	Medium	Medium	Low	Low	Low	Medium	Medium	High	Workforce planning, assignment, and time capture still depends on manual coordination and exception handling inside the performing arts, spectator sports, museums, and related activities workflow stack.
Performing arts, spectator sports, museums, and related activities	Supplier, vendor, or partner onboarding and compliance	High	Low	Low	High	Medium	High	Medium	High	High	Low	Low	Medium	Medium	High	Medium	Supplier, vendor, or partner onboarding and compliance still depends on manual coordination and exception handling inside the performing arts, spectator sports, museums, and related activities workflow stack.
Performing arts, spectator sports, museums, and related activities	Customer, participant, or stakeholder communication and escalation	Medium	Low	Low	High	Low	Medium	Medium	High	Medium	Medium	Low	Low	Medium	High	Medium	Customer, participant, or stakeholder communication and escalation still depends on manual coordination and exception handling inside the performing arts, spectator sports, museums, and related activities workflow stack.
Performing arts, spectator sports, museums, and related activities	Compliance, reporting, and audit support	High	Medium	Medium	High	Medium	High	High	Medium	Medium	Low	Low	High	Medium	Medium	Medium	Compliance, reporting, and audit support still depends on manual coordination and exception handling inside the performing arts, spectator sports, museums, and related activities workflow stack.
Performing arts, spectator sports, museums, and related activities	Exception, dispute, and recovery handling	High	High	High	High	High	High	High	High	High	High	High	Medium	High	High	High	Exception, dispute, and recovery handling still depends on manual coordination and exception handling inside the performing arts, spectator sports, museums, and related activities workflow stack.
Air transportation	Network and Schedule Planning	Medium	Low	Low	Medium	Low	Medium	Medium	High	High	Medium	Low	Low	Medium	High	High	Network and Schedule Planning still depends on manual coordination and exception handling inside the air transportation workflow stack.
Air transportation	Crew and Fleet Assignment	Medium	Low	Low	Medium	Low	Medium	Medium	High	High	Medium	Low	Low	Medium	High	High	Crew and Fleet Assignment still depends on manual coordination and exception handling inside the air transportation workflow stack.
Air transportation	Revenue Management	High	High	High	High	High	Medium	High	Medium	Medium	High	High	Medium	High	Medium	Medium	Revenue Management still depends on manual coordination and exception handling inside the air transportation workflow stack.
Air transportation	Operational Recovery and Disruption Management	High	High	High	High	High	High	High	High	High	High	High	Medium	High	High	High	Operational Recovery and Disruption Management still depends on manual coordination and exception handling inside the air transportation workflow stack.
Air transportation	Loyalty and Settlement Accounting	High	High	High	High	High	Medium	High	Medium	Medium	High	High	Medium	High	Medium	Medium	Loyalty and Settlement Accounting still depends on manual coordination and exception handling inside the air transportation workflow stack.
Air transportation	Lead, intake, and qualification management	Medium	Medium	Medium	High	Low	Medium	High	Medium	Medium	High	Medium	Low	Medium	Medium	Medium	Lead, intake, and qualification management still depends on manual coordination and exception handling inside the air transportation workflow stack.
Air transportation	Workforce planning, assignment, and time capture	High	High	Medium	High	Low	Medium	High	Medium	Medium	Low	Low	Low	Medium	Medium	High	Workforce planning, assignment, and time capture still depends on manual coordination and exception handling inside the air transportation workflow stack.
Air transportation	Supplier, vendor, or partner onboarding and compliance	High	Low	Low	High	Medium	High	Medium	High	High	Low	Low	Medium	Medium	High	Medium	Supplier, vendor, or partner onboarding and compliance still depends on manual coordination and exception handling inside the air transportation workflow stack.
Air transportation	Customer, participant, or stakeholder communication and escalation	Medium	Low	Low	High	Low	Medium	Medium	High	Medium	Medium	Low	Low	Medium	High	Medium	Customer, participant, or stakeholder communication and escalation still depends on manual coordination and exception handling inside the air transportation workflow stack.
Air transportation	Compliance, reporting, and audit support	High	Medium	Medium	High	Medium	High	High	Medium	Medium	Low	Low	High	Medium	Medium	Medium	Compliance, reporting, and audit support still depends on manual coordination and exception handling inside the air transportation workflow stack.
General merchandise stores	Merchandising and Assortment Planning	Medium	Low	Low	Medium	Low	Medium	Medium	High	High	Medium	Low	Low	Medium	High	High	Merchandising and Assortment Planning still depends on manual coordination and exception handling inside the general merchandise stores workflow stack.
General merchandise stores	Inventory Allocation and Replenishment	High	Low	Low	High	Medium	High	Medium	High	High	Low	Low	Medium	Medium	High	Medium	Inventory Allocation and Replenishment still depends on manual coordination and exception handling inside the general merchandise stores workflow stack.
General merchandise stores	Order Orchestration and Fulfillment	Medium	Low	Low	Medium	Low	Medium	Medium	High	High	Medium	Low	Low	Medium	High	High	Order Orchestration and Fulfillment still depends on manual coordination and exception handling inside the general merchandise stores workflow stack.
General merchandise stores	Store Labor Execution	Medium	Low	Low	Medium	Low	Medium	Medium	High	High	Medium	Low	Low	Medium	High	High	Store Labor Execution still depends on manual coordination and exception handling inside the general merchandise stores workflow stack.
General merchandise stores	Returns and Markdown Management	High	High	High	High	High	High	High	High	High	High	High	Medium	High	High	High	Returns and Markdown Management still depends on manual coordination and exception handling inside the general merchandise stores workflow stack.
General merchandise stores	Lead, intake, and qualification management	Medium	Medium	Medium	High	Low	Medium	High	Medium	Medium	High	Medium	Low	Medium	Medium	Medium	Lead, intake, and qualification management still depends on manual coordination and exception handling inside the general merchandise stores workflow stack.
General merchandise stores	Billing, settlement, and close	High	High	High	High	High	Medium	High	Medium	Medium	High	High	Medium	High	Medium	Medium	Billing, settlement, and close still depends on manual coordination and exception handling inside the general merchandise stores workflow stack.
General merchandise stores	Workforce planning, assignment, and time capture	High	High	Medium	High	Low	Medium	High	Medium	Medium	Low	Low	Low	Medium	Medium	High	Workforce planning, assignment, and time capture still depends on manual coordination and exception handling inside the general merchandise stores workflow stack.
General merchandise stores	Customer, participant, or stakeholder communication and escalation	Medium	Low	Low	High	Low	Medium	Medium	High	Medium	Medium	Low	Low	Medium	High	Medium	Customer, participant, or stakeholder communication and escalation still depends on manual coordination and exception handling inside the general merchandise stores workflow stack.
General merchandise stores	Compliance, reporting, and audit support	High	Medium	Medium	High	Medium	High	High	Medium	Medium	Low	Low	High	Medium	Medium	Medium	Compliance, reporting, and audit support still depends on manual coordination and exception handling inside the general merchandise stores workflow stack.
Primary metals	Material Sourcing	High	Low	Low	High	Medium	High	Medium	High	High	Low	Low	Medium	Medium	High	Medium	Material Sourcing still depends on manual coordination and exception handling inside the primary metals workflow stack.
Primary metals	Production Planning and Process Control	Medium	Low	Low	Medium	Low	Medium	Medium	High	High	Medium	Low	Low	Medium	High	High	Production Planning and Process Control still depends on manual coordination and exception handling inside the primary metals workflow stack.
Primary metals	Asset Maintenance and Uptime Management	Medium	Low	Low	Medium	Low	Medium	Medium	High	High	Medium	Low	Low	Medium	High	High	Asset Maintenance and Uptime Management still depends on manual coordination and exception handling inside the primary metals workflow stack.
Primary metals	Quality Inspection and Certification	High	Medium	Medium	High	Medium	High	High	Medium	Medium	Low	Low	High	Medium	Medium	Medium	Quality Inspection and Certification still depends on manual coordination and exception handling inside the primary metals workflow stack.
Primary metals	Order Management and Fulfillment	Medium	Low	Low	Medium	Low	Medium	Medium	High	High	Medium	Low	Low	Medium	High	High	Order Management and Fulfillment still depends on manual coordination and exception handling inside the primary metals workflow stack.
Primary metals	Lead, intake, and qualification management	Medium	Medium	Medium	High	Low	Medium	High	Medium	Medium	High	Medium	Low	Medium	Medium	Medium	Lead, intake, and qualification management still depends on manual coordination and exception handling inside the primary metals workflow stack.
Primary metals	Billing, settlement, and close	High	High	High	High	High	Medium	High	Medium	Medium	High	High	Medium	High	Medium	Medium	Billing, settlement, and close still depends on manual coordination and exception handling inside the primary metals workflow stack.
Primary metals	Workforce planning, assignment, and time capture	High	High	Medium	High	Low	Medium	High	Medium	Medium	Low	Low	Low	Medium	Medium	High	Workforce planning, assignment, and time capture still depends on manual coordination and exception handling inside the primary metals workflow stack.
Primary metals	Customer, participant, or stakeholder communication and escalation	Medium	Low	Low	High	Low	Medium	Medium	High	Medium	Medium	Low	Low	Medium	High	Medium	Customer, participant, or stakeholder communication and escalation still depends on manual coordination and exception handling inside the primary metals workflow stack.
Primary metals	Exception, dispute, and recovery handling	High	High	High	High	High	High	High	High	High	High	High	Medium	High	High	High	Exception, dispute, and recovery handling still depends on manual coordination and exception handling inside the primary metals workflow stack.
Plastics and rubber products	Material Sourcing	High	Low	Low	High	Medium	High	Medium	High	High	Low	Low	Medium	Medium	High	Medium	Material Sourcing still depends on manual coordination and exception handling inside the plastics and rubber products workflow stack.
Plastics and rubber products	Production Planning	Medium	Low	Low	Medium	Low	Medium	Medium	High	High	Medium	Low	Low	Medium	High	High	Production Planning still depends on manual coordination and exception handling inside the plastics and rubber products workflow stack.
Plastics and rubber products	Tooling and Machine Execution	Medium	Low	Low	Medium	Low	Medium	Medium	High	High	Medium	Low	Low	Medium	High	High	Tooling and Machine Execution still depends on manual coordination and exception handling inside the plastics and rubber products workflow stack.
Plastics and rubber products	Quality and Compliance Management	High	Medium	Medium	High	Medium	High	High	Medium	Medium	Low	Low	High	Medium	Medium	Medium	Quality and Compliance Management still depends on manual coordination and exception handling inside the plastics and rubber products workflow stack.
Plastics and rubber products	Logistics and Channel Fulfillment	Medium	Low	Low	Medium	Low	Medium	Medium	High	High	Medium	Low	Low	Medium	High	High	Logistics and Channel Fulfillment still depends on manual coordination and exception handling inside the plastics and rubber products workflow stack.
Plastics and rubber products	Lead, intake, and qualification management	Medium	Medium	Medium	High	Low	Medium	High	Medium	Medium	High	Medium	Low	Medium	Medium	Medium	Lead, intake, and qualification management still depends on manual coordination and exception handling inside the plastics and rubber products workflow stack.
Plastics and rubber products	Billing, settlement, and close	High	High	High	High	High	Medium	High	Medium	Medium	High	High	Medium	High	Medium	Medium	Billing, settlement, and close still depends on manual coordination and exception handling inside the plastics and rubber products workflow stack.
Plastics and rubber products	Workforce planning, assignment, and time capture	High	High	Medium	High	Low	Medium	High	Medium	Medium	Low	Low	Low	Medium	Medium	High	Workforce planning, assignment, and time capture still depends on manual coordination and exception handling inside the plastics and rubber products workflow stack.
Plastics and rubber products	Customer, participant, or stakeholder communication and escalation	Medium	Low	Low	High	Low	Medium	Medium	High	Medium	Medium	Low	Low	Medium	High	Medium	Customer, participant, or stakeholder communication and escalation still depends on manual coordination and exception handling inside the plastics and rubber products workflow stack.
Plastics and rubber products	Exception, dispute, and recovery handling	High	High	High	High	High	High	High	High	High	High	High	Medium	High	High	High	Exception, dispute, and recovery handling still depends on manual coordination and exception handling inside the plastics and rubber products workflow stack.
Funds, trusts, and other financial vehicles	Fund Onboarding and Setup	Medium	Medium	Medium	High	Low	Medium	High	Medium	Medium	High	Medium	Low	Medium	Medium	Medium	Fund Onboarding and Setup still depends on manual coordination and exception handling inside the funds, trusts, and other financial vehicles workflow stack.
Funds, trusts, and other financial vehicles	Fund Accounting	High	High	High	High	High	Medium	High	Medium	Medium	High	High	Medium	High	Medium	Medium	Fund Accounting still depends on manual coordination and exception handling inside the funds, trusts, and other financial vehicles workflow stack.
Funds, trusts, and other financial vehicles	Valuation, NAV, and Reconciliation	High	High	High	High	High	High	High	High	High	High	High	Medium	High	High	High	Valuation, NAV, and Reconciliation still depends on manual coordination and exception handling inside the funds, trusts, and other financial vehicles workflow stack.
Funds, trusts, and other financial vehicles	Investor Reporting	Medium	Low	Low	High	Low	Medium	Medium	High	Medium	Medium	Low	Low	Medium	High	Medium	Investor Reporting still depends on manual coordination and exception handling inside the funds, trusts, and other financial vehicles workflow stack.
Funds, trusts, and other financial vehicles	Compliance and Service-Provider Oversight	High	Low	Low	High	Medium	High	Medium	High	High	Low	Low	Medium	Medium	High	Medium	Compliance and Service-Provider Oversight still depends on manual coordination and exception handling inside the funds, trusts, and other financial vehicles workflow stack.
Funds, trusts, and other financial vehicles	Execution monitoring and operational coordination	Medium	Low	Low	Medium	Low	Medium	Medium	High	High	Medium	Low	Low	Medium	High	High	Execution monitoring and operational coordination still depends on manual coordination and exception handling inside the funds, trusts, and other financial vehicles workflow stack.
Funds, trusts, and other financial vehicles	Workforce planning, assignment, and time capture	High	High	Medium	High	Low	Medium	High	Medium	Medium	Low	Low	Low	Medium	Medium	High	Workforce planning, assignment, and time capture still depends on manual coordination and exception handling inside the funds, trusts, and other financial vehicles workflow stack.
Funds, trusts, and other financial vehicles	Compliance, reporting, and audit support	High	Medium	Medium	High	Medium	High	High	Medium	Medium	Low	Low	High	Medium	Medium	Medium	Compliance, reporting, and audit support still depends on manual coordination and exception handling inside the funds, trusts, and other financial vehicles workflow stack.
Amusements, gambling, and recreation industries	Capacity and Event Planning	Medium	Low	Low	Medium	Low	Medium	Medium	High	High	Medium	Low	Low	Medium	High	High	Capacity and Event Planning still depends on manual coordination and exception handling inside the amusements, gambling, and recreation industries workflow stack.
Amusements, gambling, and recreation industries	Ticketing, POS, and Cage Operations	Medium	Low	Low	Medium	Low	Medium	Medium	High	High	Medium	Low	Low	Medium	High	High	Ticketing, POS, and Cage Operations still depends on manual coordination and exception handling inside the amusements, gambling, and recreation industries workflow stack.
Amusements, gambling, and recreation industries	Workforce Scheduling	High	High	Medium	High	Low	Medium	High	Medium	Medium	Low	Low	Low	Medium	Medium	High	Workforce Scheduling still depends on manual coordination and exception handling inside the amusements, gambling, and recreation industries workflow stack.
Amusements, gambling, and recreation industries	Safety and Compliance Management	High	Medium	Medium	High	Medium	High	High	Medium	Medium	Low	Low	High	Medium	Medium	Medium	Safety and Compliance Management still depends on manual coordination and exception handling inside the amusements, gambling, and recreation industries workflow stack.
Amusements, gambling, and recreation industries	Loyalty and Settlement Management	High	High	High	High	High	Medium	High	Medium	Medium	High	High	Medium	High	Medium	Medium	Loyalty and Settlement Management still depends on manual coordination and exception handling inside the amusements, gambling, and recreation industries workflow stack.
Amusements, gambling, and recreation industries	Lead, intake, and qualification management	Medium	Medium	Medium	High	Low	Medium	High	Medium	Medium	High	Medium	Low	Medium	Medium	Medium	Lead, intake, and qualification management still depends on manual coordination and exception handling inside the amusements, gambling, and recreation industries workflow stack.
Amusements, gambling, and recreation industries	Supplier, vendor, or partner onboarding and compliance	High	Low	Low	High	Medium	High	Medium	High	High	Low	Low	Medium	Medium	High	Medium	Supplier, vendor, or partner onboarding and compliance still depends on manual coordination and exception handling inside the amusements, gambling, and recreation industries workflow stack.
Amusements, gambling, and recreation industries	Customer, participant, or stakeholder communication and escalation	Medium	Low	Low	High	Low	Medium	Medium	High	Medium	Medium	Low	Low	Medium	High	Medium	Customer, participant, or stakeholder communication and escalation still depends on manual coordination and exception handling inside the amusements, gambling, and recreation industries workflow stack.
Amusements, gambling, and recreation industries	Exception, dispute, and recovery handling	High	High	High	High	High	High	High	High	High	High	High	Medium	High	High	High	Exception, dispute, and recovery handling still depends on manual coordination and exception handling inside the amusements, gambling, and recreation industries workflow stack.
Paper products	Material Sourcing	High	Low	Low	High	Medium	High	Medium	High	High	Low	Low	Medium	Medium	High	Medium	Material Sourcing still depends on manual coordination and exception handling inside the paper products workflow stack.
Paper products	Production Planning and Process Control	Medium	Low	Low	Medium	Low	Medium	Medium	High	High	Medium	Low	Low	Medium	High	High	Production Planning and Process Control still depends on manual coordination and exception handling inside the paper products workflow stack.
Paper products	Asset Maintenance and Uptime Management	Medium	Low	Low	Medium	Low	Medium	Medium	High	High	Medium	Low	Low	Medium	High	High	Asset Maintenance and Uptime Management still depends on manual coordination and exception handling inside the paper products workflow stack.
Paper products	Quality and Converting Management	High	Medium	Medium	High	Medium	High	High	Medium	Medium	Low	Low	High	Medium	Medium	Medium	Quality and Converting Management still depends on manual coordination and exception handling inside the paper products workflow stack.
Paper products	Logistics and Channel Fulfillment	Medium	Low	Low	Medium	Low	Medium	Medium	High	High	Medium	Low	Low	Medium	High	High	Logistics and Channel Fulfillment still depends on manual coordination and exception handling inside the paper products workflow stack.
Paper products	Lead, intake, and qualification management	Medium	Medium	Medium	High	Low	Medium	High	Medium	Medium	High	Medium	Low	Medium	Medium	Medium	Lead, intake, and qualification management still depends on manual coordination and exception handling inside the paper products workflow stack.
Paper products	Billing, settlement, and close	High	High	High	High	High	Medium	High	Medium	Medium	High	High	Medium	High	Medium	Medium	Billing, settlement, and close still depends on manual coordination and exception handling inside the paper products workflow stack.
Paper products	Workforce planning, assignment, and time capture	High	High	Medium	High	Low	Medium	High	Medium	Medium	Low	Low	Low	Medium	Medium	High	Workforce planning, assignment, and time capture still depends on manual coordination and exception handling inside the paper products workflow stack.
Paper products	Customer, participant, or stakeholder communication and escalation	Medium	Low	Low	High	Low	Medium	Medium	High	Medium	Medium	Low	Low	Medium	High	Medium	Customer, participant, or stakeholder communication and escalation still depends on manual coordination and exception handling inside the paper products workflow stack.
Paper products	Exception, dispute, and recovery handling	High	High	High	High	High	High	High	High	High	High	High	Medium	High	High	High	Exception, dispute, and recovery handling still depends on manual coordination and exception handling inside the paper products workflow stack.
Motion picture and sound recording industries	Development and Greenlight Management	Medium	Low	Low	Medium	Low	Medium	Medium	High	High	Medium	Low	Low	Medium	High	High	Development and Greenlight Management still depends on manual coordination and exception handling inside the motion picture and sound recording industries workflow stack.
Motion picture and sound recording industries	Production Scheduling	High	High	Medium	High	Low	Medium	High	Medium	Medium	Low	Low	Low	Medium	Medium	High	Production Scheduling still depends on manual coordination and exception handling inside the motion picture and sound recording industries workflow stack.
Motion picture and sound recording industries	Rights and Contract Management	Medium	Low	Low	Medium	Low	Medium	Medium	High	High	Medium	Low	Low	Medium	High	High	Rights and Contract Management still depends on manual coordination and exception handling inside the motion picture and sound recording industries workflow stack.
Motion picture and sound recording industries	Distribution and Release Management	Medium	Low	Low	Medium	Low	Medium	Medium	High	High	Medium	Low	Low	Medium	High	High	Distribution and Release Management still depends on manual coordination and exception handling inside the motion picture and sound recording industries workflow stack.
Motion picture and sound recording industries	Royalty and Participation Accounting	High	High	High	High	High	Medium	High	Medium	Medium	High	High	Medium	High	Medium	Medium	Royalty and Participation Accounting still depends on manual coordination and exception handling inside the motion picture and sound recording industries workflow stack.
Motion picture and sound recording industries	Lead, intake, and qualification management	Medium	Medium	Medium	High	Low	Medium	High	Medium	Medium	High	Medium	Low	Medium	Medium	Medium	Lead, intake, and qualification management still depends on manual coordination and exception handling inside the motion picture and sound recording industries workflow stack.
Motion picture and sound recording industries	Supplier, vendor, or partner onboarding and compliance	High	Low	Low	High	Medium	High	Medium	High	High	Low	Low	Medium	Medium	High	Medium	Supplier, vendor, or partner onboarding and compliance still depends on manual coordination and exception handling inside the motion picture and sound recording industries workflow stack.
Motion picture and sound recording industries	Customer, participant, or stakeholder communication and escalation	Medium	Low	Low	High	Low	Medium	Medium	High	Medium	Medium	Low	Low	Medium	High	Medium	Customer, participant, or stakeholder communication and escalation still depends on manual coordination and exception handling inside the motion picture and sound recording industries workflow stack.
Motion picture and sound recording industries	Compliance, reporting, and audit support	High	Medium	Medium	High	Medium	High	High	Medium	Medium	Low	Low	High	Medium	Medium	Medium	Compliance, reporting, and audit support still depends on manual coordination and exception handling inside the motion picture and sound recording industries workflow stack.
Motion picture and sound recording industries	Exception, dispute, and recovery handling	High	High	High	High	High	High	High	High	High	High	High	Medium	High	High	High	Exception, dispute, and recovery handling still depends on manual coordination and exception handling inside the motion picture and sound recording industries workflow stack.
Electrical equipment, appliances, and components	Product Lifecycle and Engineering Management	Medium	Low	Low	Medium	Low	Medium	Medium	High	High	Medium	Low	Low	Medium	High	High	Product Lifecycle and Engineering Management still depends on manual coordination and exception handling inside the electrical equipment, appliances, and components workflow stack.
Electrical equipment, appliances, and components	Supplier Scheduling and Procurement	High	High	Medium	High	Low	Medium	High	Medium	Medium	Low	Low	Low	Medium	Medium	High	Supplier Scheduling and Procurement still depends on manual coordination and exception handling inside the electrical equipment, appliances, and components workflow stack.
Electrical equipment, appliances, and components	Assembly and Test	Medium	Low	Low	Medium	Low	Medium	Medium	High	High	Medium	Low	Low	Medium	High	High	Assembly and Test still depends on manual coordination and exception handling inside the electrical equipment, appliances, and components workflow stack.
Electrical equipment, appliances, and components	Compliance and Certification Management	High	Medium	Medium	High	Medium	High	High	Medium	Medium	Low	Low	High	Medium	Medium	Medium	Compliance and Certification Management still depends on manual coordination and exception handling inside the electrical equipment, appliances, and components workflow stack.
Electrical equipment, appliances, and components	Channel and Service Support	Medium	Low	Low	High	Low	Medium	Medium	High	Medium	Medium	Low	Low	Medium	High	Medium	Channel and Service Support still depends on manual coordination and exception handling inside the electrical equipment, appliances, and components workflow stack.
Electrical equipment, appliances, and components	Lead, intake, and qualification management	Medium	Medium	Medium	High	Low	Medium	High	Medium	Medium	High	Medium	Low	Medium	Medium	Medium	Lead, intake, and qualification management still depends on manual coordination and exception handling inside the electrical equipment, appliances, and components workflow stack.
Electrical equipment, appliances, and components	Billing, settlement, and close	High	High	High	High	High	Medium	High	Medium	Medium	High	High	Medium	High	Medium	Medium	Billing, settlement, and close still depends on manual coordination and exception handling inside the electrical equipment, appliances, and components workflow stack.
Electrical equipment, appliances, and components	Supplier, vendor, or partner onboarding and compliance	High	Low	Low	High	Medium	High	Medium	High	High	Low	Low	Medium	Medium	High	Medium	Supplier, vendor, or partner onboarding and compliance still depends on manual coordination and exception handling inside the electrical equipment, appliances, and components workflow stack.
Electrical equipment, appliances, and components	Exception, dispute, and recovery handling	High	High	High	High	High	High	High	High	High	High	High	Medium	High	High	High	Exception, dispute, and recovery handling still depends on manual coordination and exception handling inside the electrical equipment, appliances, and components workflow stack.
