industry	workflow	lifecycle_stage	objective	trigger	actors	economic_buyer	systems_of_record	manual_tools	decisions	handoffs	customer_interactions	exceptions	recovery_loops	manual_work	spreadsheet_usage	email_usage	money_lost	time_lost	judgment	customer_evidence	incumbent_products	economics	candidate_status	gate_workflow_coverage	gate_customer_evidence	gate_frequency	gate_buyer	gate_bottom_up_economics	gate_incumbent_boundary	gate_timing	gate_competitive_stress	gate_kill_test	worker_role_signal
Construction	Market development and bid intake	Commercial	Win qualified work invitations	RFP; ITB; referral	BD lead; estimator; principal	Owner; preconstruction lead	CRM; bid board	Email; shared drive; phone	Bid or no-bid	BD to estimating	GC bid desk; owners	Missing bid docs; late addenda	Request clarifications; revise scope	Medium	Medium	High	Medium	Medium	High	Low	BuildingConnected; SmartBid; CRM	Pursuit waste; bad project mix	Not pursued	Pass	N/A	N/A	N/A	N/A	N/A	N/A	N/A	N/A	Estimating coordinator
Construction	Estimating and proposal management	Commercial	Price scope accurately	Qualified bid invitation	Estimator; precon lead; suppliers	Owner; preconstruction lead	Estimating tools; spreadsheets	Email; Excel; PDF markup	Price assumptions; exclusions	Estimating to PM/exec	GC scope clarifications	Scope mismatch; stale pricing	Reprice; restate assumptions	High	High	High	Medium	High	High	Medium	Estimating tools; ERP	Margin leakage; rebid labor	Not pursued	Pass	N/A	N/A	N/A	N/A	N/A	N/A	N/A	N/A	Estimator
Construction	Contract review and project setup	Commercial	Load billing and compliance rules	Award notice	PM; project accountant; controller	Controller; principal	ERP; project management system	Checklists; PDFs; email	SOV setup; billing rules; compliance path	Precon to project team	GC admin; surety; owner	Misread terms; bad SOV setup	Correct setup; restage billing file	High	Medium	High	Medium	High	High	Medium	ERP; Procore; ACC	First-bill delay; rework	Support-W-001	Pass	N/A	N/A	N/A	N/A	N/A	N/A	N/A	N/A	Project accountant
Construction	Project scheduling and resource planning	Planning	Set plan for crews and billing cadence	Contracted project start	PM; superintendent; scheduler	Operations head; principal	Scheduling system; PM suite	Whiteboards; phone; Excel	Crew sequence; milestone dates	PM to field team	GC schedule meetings	Sequence slippage; labor conflict	Resequence crews; revise plan	Medium	Medium	High	Medium	High	High	Low	Primavera; MS Project; Procore	Idle labor; delay risk	Not pursued	Pass	N/A	N/A	N/A	N/A	N/A	N/A	N/A	N/A	Scheduler
Construction	Subcontractor and vendor onboarding and compliance	Supplier / Partner	Make counterparties billable and compliant	Vendor award; project mobilization	Project engineer; AP/AR admin; PM	Controller; PM	ERP; PM suite; compliance tool	Email; checklists; PDF exchange	Approve vendor; accept docs	PM to AP/AR; vendor to project	Vendors; insurers; GC	Expired COI; missing docs	Chase insurer; replace vendor; resubmit	High	Low	High	Low	Medium	Medium	Medium	ERP; PM suites	Mobilization delay; pay hold	Support-W-001	Pass	N/A	N/A	N/A	N/A	N/A	N/A	N/A	N/A	Vendor coordinator
Construction	Labor time capture and cost coding	Workforce	Record cost and progress daily	Daily field work	Foreman; payroll admin; superintendent	Controller; operations lead	ERP; timekeeping	Paper; text; Excel	Cost code choice; approve hours	Field to payroll; field to PM	Crew questions	Late timecards; bad coding	Correct codes; chase crews	Medium	Medium	Medium	Medium	Medium	Medium	Low	Timekeeping; ERP	WIP error; payroll rework	Not pursued	Pass	N/A	N/A	N/A	N/A	N/A	N/A	N/A	N/A	Payroll admin
Construction	Field execution and daily production	Operational	Deliver scoped work safely	Daily production plan	Superintendent; foreman; field engineer	Operations head; PM	PM suite; field app	Phone; notebook; WhatsApp	Sequence work; flag blockers	Field to office; trade to trade	GC; owner rep; inspectors	Missing context; site conflicts	Escalate constraint; resequence work	High	Low	High	Medium	High	High	Medium	Procore; ACC; field apps	Productivity loss; schedule slip	Not pursued	Pass	N/A	N/A	N/A	N/A	N/A	N/A	N/A	N/A	Field engineer
Construction	Safety, quality, and inspection management	Operational	Pass inspections and avoid defects	Inspection due; quality issue	Safety manager; QA lead; superintendent	Operations head; principal	PM suite; inspection tools	Photos; PDF forms; email	Accept work; remediate defect	Field to QA; QA to PM	Inspectors; owner rep	Failed inspection; missing proof	Gather evidence; repair; reinspect	High	Low	Medium	Medium	High	High	Medium	PM suites; inspection apps	Rework; delay; risk	Not pursued	Pass	N/A	N/A	N/A	N/A	N/A	N/A	N/A	N/A	QA coordinator
Construction	Change-order and cost-to-complete reconciliation	Recovery	Protect margin on scope drift	Field change; disputed extra	PM; estimator; project accountant	Controller; PM	ERP; PM suite	Excel; email; change logs	Price change; escalate dispute	Field to PM to billing	GC PM; architect	Unsigned CO; stale budget	Restitch logs; reprice; negotiate	High	High	High	High	High	High	High	ERP; Procore; ACC	Margin leakage; billing delay	Support-W-001	Pass	N/A	N/A	N/A	N/A	N/A	N/A	N/A	N/A	Project accountant
Construction	Progress billing, SOV, and pay application preparation	Financial	Submit clean draw package	Billing cycle close	Project accountant; billing specialist	Controller; CFO	GCPay; Textura; Procore; ERP	Excel; PDF packs; email	SOV mapping; backup package	PM to billing; billing to portal	GC AP; owner; lender	SOV mismatch; missing backup; rejection	Compare versions; rebuild package; resubmit	High	High	High	High	High	High	High	GCPay; Textura; Procore	Delayed cash; draw labor	Support-W-001	Pass	N/A	N/A	N/A	N/A	N/A	N/A	N/A	N/A	Project accountant
Construction	Collections, waiver, and payment dispute recovery	Financial / Recovery	Unblock cash after submission fails	Rejected pay app; waiver hold	AR lead; project accountant; controller	CFO; controller	GCPay; Textura; ERP	Excel; email; phone; PDF tracking	Escalate; accept deduction; resubmit	Billing to AR to GC AP	GC AP; owner; lender; surety	Payment hold; short pay; waiver issue	Diagnose cause; gather proof; resubmit	High	High	High	High	High	High	High	GCPay; Textura; Procore	DSO; financing cost; labor	GREEN-W-001	Pass	Pass	Pass	Pass	Pass	Pass	Pass	Pass	Pass	Project accountant; AR specialist
Construction	Punchlist, closeout, and retainage release	Closeout	Close project and release retainage	Substantial completion	PM; project engineer; accountant	Controller; PM	PM suite; ERP	PDF logs; email; Excel	Close or keep pursuing retainage	Field to closeout; closeout to billing	Owner; GC; inspectors	Missing closeout docs; punch items	Collect docs; clear items; rebill	High	Medium	High	High	High	High	Medium	PM suites; ERP	Retainage delay; closeout labor	Not pursued	Pass	N/A	N/A	N/A	N/A	N/A	N/A	N/A	N/A	Closeout coordinator
Housing	Unit marketing and lead management	Commercial	Fill units quickly	Upcoming vacancy; available unit	Leasing agent; community manager	Property manager; asset manager	PMS; CRM	Email; listing sites; spreadsheets	Set pricing; open applications	Leasing to screening	Prospects; listing channels	Stale availability; missed follow-up	Update listings; reassign lead	Medium	Medium	High	Medium	Medium	Medium	Low	Yardi; Entrata; AppFolio	Vacancy days from poor follow-up	Not pursued	Pass	N/A	N/A	N/A	N/A	N/A	N/A	N/A	N/A	Leasing coordinator
Housing	Applicant screening and lease execution	Commercial	Convert qualified applicants	Application received	Leasing agent; assistant manager	Property manager	PMS; screening tools	Email; PDF exchange	Approve; deny; request docs	Leasing to accounting/resident	Applicants; screening vendors	Missing docs; screening delays	Chase docs; rerun screening	Medium	Low	High	Medium	Medium	High	Medium	Entrata; AppFolio; Yardi	Delay to occupancy	Not pursued	Pass	N/A	N/A	N/A	N/A	N/A	N/A	N/A	N/A	Leasing specialist
Housing	Move-in onboarding and account setup	Commercial / Onboarding	Start tenancy cleanly	Approved lease	Leasing admin; property manager	Property manager	PMS	Email; checklists; PDF forms	Assign unit; set accounts	Leasing to ops/resident	Residents; utilities	Missing utilities; bad setup	Correct account; resend info	Medium	Low	Medium	Low	Medium	Medium	Low	PMS suites	Resident friction; first-month errors	Not pursued	Pass	N/A	N/A	N/A	N/A	N/A	N/A	N/A	N/A	Resident services coordinator
Housing	Rent billing and cash application	Financial	Post charges and receipts	Rent cycle; payment receipt	Property accountant; manager	Property manager; regional ops	PMS; accounting	Spreadsheet checks; email	Apply cash; waive fees	Ops to accounting	Residents; processors	Posting errors; unapplied cash	Research ledger; reapply receipts	Medium	Medium	Medium	Medium	Medium	Medium	Medium	PMS; accounting suites	Cash application labor; resident disputes	Not pursued	Pass	N/A	N/A	N/A	N/A	N/A	N/A	N/A	N/A	Property accountant
Housing	Delinquency, collections, and move-out notices	Financial / Recovery	Recover rent or exit delinquent resident	Overdue balance	Property manager; collections specialist	Property manager; regional ops	PMS; collections tools	Phone; email; letter templates	Offer plan; escalate legal	Ops to legal/accounting	Residents; counsel	Broken plans; notice timing gaps	Reset notices; renegotiate; escalate	High	Low	High	High	High	High	Medium	PMS; collections modules	Bad debt; delay	Not pursued	Pass	N/A	N/A	N/A	N/A	N/A	N/A	N/A	N/A	Collections specialist
Housing	Maintenance intake and triage	Operational	Route work correctly	Service request	Coordinator; resident services	Property manager	PMS; maintenance platform	Phone; text; email	Priority; internal vs vendor	Intake to dispatch	Residents; call centers	Wrong priority; duplicate request	Retriage; reassign vendor	High	Low	Medium	Low	Medium	High	Medium	AppFolio; Entrata; Yardi	Resident dissatisfaction; delay	Support-W-002	Pass	N/A	N/A	N/A	N/A	N/A	N/A	N/A	N/A	Maintenance coordinator
Housing	Vendor onboarding and compliance	Supplier / Partner	Keep vendors ready and compliant	New vendor; expiring COI	Coordinator; AP admin	Property manager	PMS; AP system	Email; PDF files; checklists	Approve vendor; accept COI	Ops to AP/vendor	Vendors; insurers	Missing COI; slow approval	Chase insurer; swap vendor	High	Low	High	Low	Medium	Medium	Medium	PMS; AP tools	Delay to dispatch; turn slip	Support-W-002	Pass	N/A	N/A	N/A	N/A	N/A	N/A	N/A	N/A	Maintenance coordinator
Housing	Repair dispatch and work order execution	Operational	Complete repair on time	Assigned work order	Maintenance supervisor; vendor coordinator	Property manager	PMS; maintenance platform	Text; phone; side boards	Reschedule; reassign; approve extra work	Coordinator to vendor/resident	Residents; vendors	No-show; missing parts; access issue	Call vendor; reschedule; chase access	High	Low	High	Low	High	High	High	Property Meld; PMS suites	Repeat visits; SLA misses	Support-W-002	Pass	N/A	N/A	N/A	N/A	N/A	N/A	N/A	N/A	Maintenance coordinator
Housing	Turnover and make-ready recovery	Recovery	Protect ready date and rent start	Unit notice; failed turn milestone	Turns coordinator; community manager	Regional ops; asset manager	PMS; maintenance platform	Spreadsheets; texts; calls; photos	Escalate blockers; reorder work	Leasing to maintenance to vendor	Residents; vendors; inspectors	Vendor delay; failed inspection; approvals	Gather status; escalate; resequence	High	High	High	High	High	High	High	Yardi; Entrata; AppFolio; Property Meld	Vacancy days; lost rent; coordinator labor	GREEN-W-002	Pass	Pass	Pass	Pass	Pass	Pass	Pass	Pass	Pass	Maintenance coordinator
Housing	Resident communication, renewal, and retention	Customer / Retention	Keep residents informed and retained	Open issue; renewal cycle	Community manager; leasing manager	Property manager	PMS; CRM	Email; SMS; call log	Offer renewal; resolve concern	Ops to leasing to resident	Residents	Missed updates; renewal confusion	Manual outreach; adjust offer	Medium	Low	High	Low	Medium	High	Medium	PMS; CRM	Renewal risk; staff time	Not pursued	Pass	N/A	N/A	N/A	N/A	N/A	N/A	N/A	N/A	Community manager
Housing	Inspections, owner reporting, and compliance	Governance / Risk	Pass audits and report status	Inspection due; owner reporting cycle	Regional manager; property accountant	Asset manager; owner	PMS; reporting suite	Photos; email; spreadsheets	Approve spend; clear compliance	Ops to ownership/regulators	Owners; lenders; regulators	Missing evidence; failed turn inspection	Collect proof; reinspect; update owner	High	Medium	High	Medium	High	High	Medium	PMS; reporting suites	Compliance risk; delayed turn	Support-W-002	Pass	N/A	N/A	N/A	N/A	N/A	N/A	N/A	N/A	Regional maintenance coordinator
Administrative and support services	Client sales, scoping, and rate setup	Commercial	Set account economics and rules	New client opportunity	Account executive; implementation lead	Branch leader; VP ops	ATS; CRM	Email; Excel; proposal docs	Bill rates; margin floor; terms	Sales to implementation/client success	Client; MSP; VMS	Bad rate card; missing rules	Restate terms; update account	Medium	High	High	High	Medium	High	Low	Bullhorn; Avionte; CRM	Bad account economics	Support-W-003	Pass	N/A	N/A	N/A	N/A	N/A	N/A	N/A	N/A	Account executive
Administrative and support services	Client and VMS onboarding	Commercial / Partner	Configure clean middle-office flow	New account win	Implementation analyst; middle-office admin	Branch leader; controller	ATS; VMS; middle-office suite	Email; checklists; portal notes	Configure approvers; sync fields	Implementation to ops/pay-bill	Client AP; MSP; VMS	Misconfigured portal; missing approver	Reconfigure; retest; retrain	High	Medium	High	Medium	High	High	Medium	Bullhorn; Avionte; VMS tools	Launch delay; later exceptions	Support-W-003	Pass	N/A	N/A	N/A	N/A	N/A	N/A	N/A	N/A	Implementation analyst
Administrative and support services	Recruiting and candidate submission	Workforce	Fill open demand	Open requisition	Recruiter; account manager	Branch leader	ATS	Email; phone; spreadsheets	Submit candidate or hold	Recruiting to client/account	Client; candidates	Rejected submission; missing data	Resubmit profile; chase docs	Medium	Low	High	Low	Medium	High	Low	ATS suites	Lost fill revenue	Not pursued	Pass	N/A	N/A	N/A	N/A	N/A	N/A	N/A	N/A	Recruiter
Administrative and support services	Credentialing and compliance onboarding	Workforce / Risk	Clear worker to start	Candidate accepted	Onboarding coordinator; compliance specialist	Branch leader; compliance head	ATS; credentialing tools	Email; PDF packets; phone	Approve start; request docs	Onboarding to scheduling/payroll	Candidates; screening vendors	Missing docs; failed screening	Chase candidate; resubmit docs	High	Low	High	Low	Medium	High	Medium	Credentialing tools; ATS	Start delay; redeploy risk	Not pursued	Pass	N/A	N/A	N/A	N/A	N/A	N/A	N/A	N/A	Credentialing specialist
Administrative and support services	Assignment setup, scheduling, and worker communication	Workforce	Activate placement correctly	Placement start	Scheduler; recruiter; account manager	Branch leader	ATS; workforce tools	Text; phone; email	Shift rules; communication path	Recruiter to worker/site	Workers; site supervisors	Wrong shift; late change	Call worker; restage schedule	High	Low	High	Low	Medium	High	Low	ATS; workforce apps	Attendance issues; client friction	Not pursued	Pass	N/A	N/A	N/A	N/A	N/A	N/A	N/A	N/A	Scheduler
Administrative and support services	Time capture and approval	Workforce / Financial	Secure approved hours	Week end; pay period close	Timecard admin; payroll coordinator	Controller; ops lead	Bullhorn; Avionte; VMS	Email; portal chase; Excel	Approve time; escalate missing hours	Worker/site to middle office	Workers; client approvers; VMS	Unapproved hours; missing punches	Chase approver; reopen or correct timecard	High	Medium	High	High	High	High	High	Bullhorn; Avionte; VMS tools	Payroll delay; billing delay	Support-W-003	Pass	N/A	N/A	N/A	N/A	N/A	N/A	N/A	N/A	Timecard admin
Administrative and support services	Pay/bill discrepancy resolution	Recovery	Correct mismatches before close	Mismatch flagged; export failure	Reconciliation analyst; billing ops	Controller; VP finance	Bullhorn; Avionte; Ascen; ATS	VLOOKUPs; email; portal logs	Correct data; rerun payroll or invoice	Middle office to payroll/billing	Client AP; MSP; VMS; workers	Rate mismatch; sync error; rule conflict	Compare systems; correct record; rerun	High	High	High	High	High	High	High	Bullhorn; Avionte; Ascen	Payroll risk; margin leakage; DSO	YELLOW-W-003	Pass	Borderline	Pass	Pass	Pass	Borderline	Pass	Borderline	Borderline	Billing operations coordinator; payroll/billing specialist
Administrative and support services	Payroll processing	Financial	Pay workers on time	Approved hours ready	Payroll specialist; payroll manager	Controller	Payroll system; middle-office suite	Excel checks; email	Issue payroll; correction run	Middle office to payroll	Workers	Bad export; tax/rule conflict	Reprocess batch; issue correction	High	Medium	Medium	High	High	High	Medium	Middle-office suites	Payroll penalties; trust loss	Support-W-003	Pass	N/A	N/A	N/A	N/A	N/A	N/A	N/A	N/A	Payroll specialist
Administrative and support services	Client invoicing, cash application, and collections	Financial	Bill client and collect cash	Approved billable hours	AR specialist; billing specialist	Controller; branch leader	Middle-office suite; ERP	Excel; email; portal uploads	Send invoice; escalate dispute	Billing to AR/client service	Client AP; MSP	Rejected invoice; short pay	Restitch support; rebill; chase payment	High	Medium	High	High	High	High	Medium	Bullhorn; Avionte; ERP	DSO; rebill labor	Support-W-003	Pass	N/A	N/A	N/A	N/A	N/A	N/A	N/A	N/A	Billing specialist
Administrative and support services	Service-level monitoring, reporting, and escalation	Governance / Customer	Keep account health visible	SLA review; complaint	Ops manager; account manager	Branch leader	ATS; BI tools	Excel; email decks	Escalate issue; replace worker	Ops to client success	Client; site supervisors	Missing attendance data; service breach	Manual report; corrective action	Medium	Medium	High	Low	Medium	High	Low	ATS; BI tools	Client retention risk	Not pursued	Pass	N/A	N/A	N/A	N/A	N/A	N/A	N/A	N/A	Operations manager
Administrative and support services	Renewal, replacement, and offboarding	Closeout	Close placement cleanly	End assignment	Recruiter; ops lead; billing	Branch leader	ATS; CRM	Email; spreadsheets	Backfill or close account	Ops to recruiting/billing	Client; workers	Final time dispute; delayed offboarding	Collect final hours; backfill	Medium	Low	High	Low	Medium	High	Low	ATS; CRM	Lost redeploy speed	Not pursued	Pass	N/A	N/A	N/A	N/A	N/A	N/A	N/A	N/A	Operations lead
Food services and drinking places	Menu, pricing, and promotion planning	Commercial	Set profitable offer	Menu change; promo plan	Owner; GM; finance lead	Owner; operator	POS; spreadsheets	Email; spreadsheet pricing	Set price; launch promo	Finance to store/team	Guests; delivery channels	Channel price mismatch	Update menus; correct channels	Medium	High	Medium	Medium	Medium	Medium	Low	Toast; Square; R365	Margin leakage	Not pursued	Pass	N/A	N/A	N/A	N/A	N/A	N/A	N/A	N/A	Owner-operator
Food services and drinking places	Labor scheduling and time capture	Workforce	Match labor to demand	Weekly schedule; shift close	GM; shift manager	Owner; GM	POS; workforce management	Text; spreadsheet edits	Approve overtime; cut shifts	Manager to staff	Employees	Bad punches; call-offs	Fix punch; rearrange shift	Medium	Low	Medium	Low	Medium	High	Low	7shifts; Toast; HotSchedules	Labor cost drift	Not pursued	Pass	N/A	N/A	N/A	N/A	N/A	N/A	N/A	N/A	Shift manager
Food services and drinking places	Procurement, receiving, and inventory setup	Supplier / Partner	Keep store stocked	Par reorder; delivery day	Kitchen manager; purchaser	Owner; GM	Inventory system; distributor portals	Phone; invoice checks	Accept shipment; reorder item	Receiving to kitchen/accounting	Suppliers	Missing delivery; bad item mapping	Call distributor; rekey invoice	High	Medium	High	Medium	Medium	Medium	Low	R365; MarketMan; distributor portals	Stockout; waste	Not pursued	Pass	N/A	N/A	N/A	N/A	N/A	N/A	N/A	N/A	Purchasing clerk
Food services and drinking places	Prep and production planning	Operational	Translate forecast to prep	Daily forecast	Chef; kitchen manager	Owner; GM	POS; prep sheets	Whiteboard; text	Set prep levels; cut waste	Manager to line cooks	Internal only	Bad forecast; prep shortfall	Fire extra prep; 86 menu item	Medium	Low	Low	Low	Medium	High	Low	POS; inventory tools	Waste; service slowdown	Not pursued	Pass	N/A	N/A	N/A	N/A	N/A	N/A	N/A	N/A	Kitchen manager
Food services and drinking places	POS, delivery-channel, and order capture	Customer / Commercial	Capture clean order	Guest or marketplace order	Cashier; manager; POS admin	Owner; GM	Toast; Square; delivery apps	Email; portal checks	Menu sync; source mapping	Channel to store	Guests; marketplaces	Menu sync issue; dropped order	Adjust menu; call support; rekey order	High	Medium	Medium	Low	Medium	High	Medium	Toast; Square; Otter	Order fallout; refunds	Support-Food-01	Pass	N/A	N/A	N/A	N/A	N/A	N/A	N/A	N/A	POS admin
Food services and drinking places	Kitchen and service fulfillment	Operational	Deliver complete order	Live ticket	FOH manager; line cooks	Owner; GM	POS; KDS	Verbal check; expo notes	Remake; comp; refund	Server to kitchen to guest	Guests; drivers	Missed item; delayed handoff	Expedite remake; comp order	Medium	Low	Low	Low	Medium	High	Low	POS; KDS	Refund cost; service delay	Not pursued	Pass	N/A	N/A	N/A	N/A	N/A	N/A	N/A	N/A	FOH manager
Food services and drinking places	Daily sales summary and cash close	Financial	Close books accurately	End of day	GM; bookkeeper; accountant	Owner; operator	Toast; Restaurant365; accounting	CSV export; Excel; email	Approve close; adjust deposits	Store to accounting	Processors; accounting	Missing deposit; DSS import issue	Compare reports; adjust close	High	High	Medium	Medium	High	High	Medium	Toast; Restaurant365	Close labor; posting delay	Support-Food-01	Pass	N/A	N/A	N/A	N/A	N/A	N/A	N/A	N/A	Bookkeeper
Food services and drinking places	Inventory, waste, and recipe variance reconciliation	Financial / Recovery	Explain margin variance	Weekly count; month close	Kitchen manager; finance analyst	Owner; GM	Inventory system; accounting	Count sheets; Excel; email	Adjust recipe; accept loss	Kitchen to accounting	Suppliers	Unknown variance; bad counts	Recount; inspect comps or waste	High	High	Medium	Medium	High	High	Medium	Restaurant365; MarketMan	Food cost variance	Not pursued	Pass	N/A	N/A	N/A	N/A	N/A	N/A	N/A	N/A	Kitchen manager
Food services and drinking places	Complaint, refund, chargeback, and third-party dispute recovery	Recovery	Recover payout and resolve disputes	Guest complaint; payout mismatch	Owner; GM; bookkeeper	Owner; operator	Toast; Restaurant365; Otter; marketplaces	CSV export; email; portals	File dispute; issue refund	Store to marketplace/accounting	Guests; DoorDash; Uber Eats; Grubhub	Fee mismatch; payout dispute; chargeback	Download reports; reconcile; file dispute	High	High	High	Medium	High	Medium	High	Toast; Restaurant365; Otter; marketplaces	Payout leakage; bookkeeping time	KILL-Food-01	Pass	Pass	Pass	Pass	Pass	Fail	Pass	Fail	Fail	Bookkeeper; office assistant
Food services and drinking places	Health, safety, labor, tax, and compliance reporting	Governance / Risk	Maintain compliance	Inspection; filing deadline	GM; accountant; HR admin	Owner; operator	POS; HR; accounting	Checklists; email; PDFs	File report; respond to issue	Store to regulators	Inspectors; tax authorities	Missing records; tax adjustment	Gather proof; amend filing	High	Low	Medium	Medium	Medium	High	Medium	Toast; HR; accounting	Audit burden; penalties	Not pursued	Pass	N/A	N/A	N/A	N/A	N/A	N/A	N/A	N/A	Accountant
Wholesale trade	Demand Planning	Operational	Manage demand planning to execute the recurring workflow reliably	scheduled operational work or live transaction flow	operations manager; supervisor	general manager; controller; operations leader	ERP | Supply Chain Planning | Warehouse Management System | Order Management System	calls; chat; shared trackers	sequence work, allocate resources, and escalate blockers	operations to downstream finance or service teams	internal teams; service partners; operators	capacity conflict, execution miss, or missing status context	triage blocker, resequence work, and update commitments	Medium	Low	Medium	Medium	Medium	High	Low - generalized from Atlas workflow and outcome layer	ERP | Supply Chain Planning | Warehouse Management System | Order Management System	cycle-time delay; manual labor; exception cost; quality or revenue leakage	Not pursued	Pass	N/A	N/A	N/A	N/A	N/A	N/A	N/A	N/A	operations manager
Wholesale trade	Procurement and Replenishment	Supplier / Partner	Manage procurement and replenishment to keep external partners ready and compliant	new partner need, replenishment event, or contract change	procurement lead; vendor manager	general manager; controller; operations leader	ERP | Supply Chain Planning | Warehouse Management System | Order Management System	email; PDF packets; checklist trackers	approve vendor, accept docs, and route work	operations to vendor and back-office teams	vendors; suppliers; partners	missing compliance items, delay, or contract mismatch	chase documents, swap counterparties, and resend the packet	High	Low	High	Medium	Medium	High	Low - generalized from Atlas workflow and outcome layer	ERP | Supply Chain Planning | Warehouse Management System | Order Management System	cycle-time delay; manual labor; exception cost; quality or revenue leakage	Not pursued	Pass	N/A	N/A	N/A	N/A	N/A	N/A	N/A	N/A	procurement lead
Wholesale trade	Pricing and Quoting	Commercial	Manage pricing and quoting to qualify demand and set the workflow up cleanly	new opportunity, intake, or renewal event	account lead; commercial manager	general manager; controller; operations leader	ERP | Supply Chain Planning | Warehouse Management System | Order Management System	email; shared docs; spreadsheets	approve terms, scope, and go/no-go path	commercial to operations and finance	customers; counterparties; prospects	missing information, misconfigured setup, or counterparty delay	request clarification, correct setup, and restage the workflow	Medium	Medium	High	Medium	Medium	High	Low - generalized from Atlas workflow and outcome layer	ERP | Supply Chain Planning | Warehouse Management System | Order Management System	cycle-time delay; manual labor; exception cost; quality or revenue leakage	Not pursued	Pass	N/A	N/A	N/A	N/A	N/A	N/A	N/A	N/A	account lead
Wholesale trade	Order Management and Fulfillment	Operational	Manage order management and fulfillment to execute the recurring workflow reliably	scheduled operational work or live transaction flow	operations manager; supervisor	general manager; controller; operations leader	ERP | Supply Chain Planning | Warehouse Management System | Order Management System	calls; chat; shared trackers	sequence work, allocate resources, and escalate blockers	operations to downstream finance or service teams	internal teams; service partners; operators	capacity conflict, execution miss, or missing status context	triage blocker, resequence work, and update commitments	Medium	Low	Medium	Medium	Medium	High	Low - generalized from Atlas workflow and outcome layer	ERP | Supply Chain Planning | Warehouse Management System | Order Management System	cycle-time delay; manual labor; exception cost; quality or revenue leakage	Not pursued	Pass	N/A	N/A	N/A	N/A	N/A	N/A	N/A	N/A	operations manager
Wholesale trade	Billing and Collections	Financial	Manage billing and collections to complete the financial cycle accurately and on time	billing cycle, settlement event, or period close	controller; finance manager; billing specialist	general manager; controller; operations leader	ERP | Supply Chain Planning | Warehouse Management System | Order Management System	spreadsheets; email; exported reports	post, settle, approve, dispute, or close	operations to finance to counterparty	customers; payers; counterparties	posting mismatch, settlement break, or disputed amount	reconcile records, correct the transaction, and reclose	High	High	High	High	High	High	Low-Medium - prior full-pass evidence	ERP | Supply Chain Planning | Warehouse Management System | Order Management System	cycle-time delay; manual labor; exception cost; quality or revenue leakage	KILL-candidate	Pass	Borderline	Pass	Pass	Borderline	Fail	Borderline	Fail	Pass	controller
Wholesale trade	Workforce planning, assignment, and time capture	Workforce	Manage workforce planning, assignment, and time capture to keep people assignment and time flow accurate	staffing need, schedule change, or pay-period cutoff	workforce manager; scheduler; payroll lead	general manager; controller; operations leader	ERP | Supply Chain Planning | Warehouse Management System | Order Management System	email; spreadsheets; portal checks	assign staff, approve time, and resolve exceptions	staffing or site teams to payroll and finance	employees; contractors; site leaders	missing approvals, bad assignment data, or pay-period mismatch	chase approval, restage records, and rerun the cycle	High	Medium	High	High	High	High	Low - generalized from Atlas workflow and outcome layer	ERP | Supply Chain Planning | Warehouse Management System | Order Management System	cycle-time delay; manual labor; exception cost; quality or revenue leakage	Not pursued	Pass	N/A	N/A	N/A	N/A	N/A	N/A	N/A	N/A	workforce manager
Wholesale trade	Customer, participant, or stakeholder communication and escalation	Customer / Participant	Manage customer, participant, or stakeholder communication and escalation to keep stakeholder communication and follow-through intact	customer request, service milestone, or escalation	account manager; service lead	general manager; controller; operations leader	ERP | Supply Chain Planning | Warehouse Management System | Order Management System	email; calls; ticket notes	respond, escalate, or resolve service issues	service or operations to stakeholder-facing teams	customers; clients; participants	stale follow-up, unresolved request, or churn-risk escalation	collect context, escalate ownership, and re-engage the stakeholder	Medium	Low	High	Low	Medium	High	Low - generalized from Atlas workflow and outcome layer	ERP | Supply Chain Planning | Warehouse Management System | Order Management System	cycle-time delay; manual labor; exception cost; quality or revenue leakage	Not pursued	Pass	N/A	N/A	N/A	N/A	N/A	N/A	N/A	N/A	account manager
Wholesale trade	Compliance, reporting, and audit support	Governance / Risk	Manage compliance, reporting, and audit support to maintain compliant records and reporting	reporting deadline, control review, or audit request	compliance lead; finance manager	general manager; controller; operations leader	ERP | Supply Chain Planning | Warehouse Management System | Order Management System	PDF evidence packs; spreadsheets; email	approve controls, certify records, and remediate gaps	operations and finance to compliance and external review	regulators; auditors; funders	missing evidence, failed control, or filing inconsistency	assemble proof, remediate the gap, and resubmit the record	High	Medium	High	Medium	High	High	Low - generalized from Atlas workflow and outcome layer	ERP | Supply Chain Planning | Warehouse Management System | Order Management System	cycle-time delay; manual labor; exception cost; quality or revenue leakage	Not pursued	Pass	N/A	N/A	N/A	N/A	N/A	N/A	N/A	N/A	compliance lead
Wholesale trade	Exception, dispute, and recovery handling	Recovery	Manage exception, dispute, and recovery handling to resolve deviations before they miss the economic deadline	deviation, mismatch, dispute, or blocked step	operations analyst; specialist; manager	general manager; controller; operations leader	ERP | Supply Chain Planning | Warehouse Management System | Order Management System	spreadsheets; email; calls; case notes	diagnose cause, choose correction, and resubmit	front-line teams to specialists and approvers	counterparties; clients; vendors; internal approvers	distributed error states, manual evidence gathering, and unclear ownership	diagnosis, evidence gathering, correction, approval, resubmission, and closure	High	High	High	High	High	High	Low - generalized from Atlas workflow and outcome layer	ERP | Supply Chain Planning | Warehouse Management System | Order Management System	cycle-time delay; manual labor; exception cost; quality or revenue leakage	Supporting workflow	Pass	N/A	N/A	N/A	N/A	N/A	N/A	N/A	N/A	operations analyst
Miscellaneous professional, scientific, and technical services	Lead and Proposal Management	Commercial	Manage lead and proposal management to qualify demand and set the workflow up cleanly	new opportunity, intake, or renewal event	account lead; commercial manager	practice leader; CFO; operations head	CRM | HCM / Workforce Management | Professional Services Automation | ERP	email; shared docs; spreadsheets	approve terms, scope, and go/no-go path	commercial to operations and finance	customers; counterparties; prospects	missing information, misconfigured setup, or counterparty delay	request clarification, correct setup, and restage the workflow	Medium	Medium	High	Medium	Medium	High	Low - generalized from Atlas workflow and outcome layer	CRM | HCM / Workforce Management | Professional Services Automation | ERP	cycle-time delay; manual labor; exception cost; quality or revenue leakage	Not pursued	Pass	N/A	N/A	N/A	N/A	N/A	N/A	N/A	N/A	account lead
Miscellaneous professional, scientific, and technical services	Staffing and Capacity Planning	Workforce	Manage staffing and capacity planning to keep people assignment and time flow accurate	staffing need, schedule change, or pay-period cutoff	workforce manager; scheduler; payroll lead	practice leader; CFO; operations head	CRM | HCM / Workforce Management | Professional Services Automation | ERP	email; spreadsheets; portal checks	assign staff, approve time, and resolve exceptions	staffing or site teams to payroll and finance	employees; contractors; site leaders	missing approvals, bad assignment data, or pay-period mismatch	chase approval, restage records, and rerun the cycle	High	Medium	High	High	High	High	Low - generalized from Atlas workflow and outcome layer	CRM | HCM / Workforce Management | Professional Services Automation | ERP	cycle-time delay; manual labor; exception cost; quality or revenue leakage	Not pursued	Pass	N/A	N/A	N/A	N/A	N/A	N/A	N/A	N/A	workforce manager
Miscellaneous professional, scientific, and technical services	Project Delivery	Operational	Manage project delivery to execute the recurring workflow reliably	scheduled operational work or live transaction flow	operations manager; supervisor	practice leader; CFO; operations head	CRM | HCM / Workforce Management | Professional Services Automation | ERP	calls; chat; shared trackers	sequence work, allocate resources, and escalate blockers	operations to downstream finance or service teams	internal teams; service partners; operators	capacity conflict, execution miss, or missing status context	triage blocker, resequence work, and update commitments	Medium	Low	Medium	Medium	Medium	High	Low - generalized from Atlas workflow and outcome layer	CRM | HCM / Workforce Management | Professional Services Automation | ERP	cycle-time delay; manual labor; exception cost; quality or revenue leakage	Not pursued	Pass	N/A	N/A	N/A	N/A	N/A	N/A	N/A	N/A	operations manager
Miscellaneous professional, scientific, and technical services	Time and Expense Capture	Operational	Manage time and expense capture to execute the recurring workflow reliably	scheduled operational work or live transaction flow	operations manager; supervisor	practice leader; CFO; operations head	CRM | HCM / Workforce Management | Professional Services Automation | ERP	calls; chat; shared trackers	sequence work, allocate resources, and escalate blockers	operations to downstream finance or service teams	internal teams; service partners; operators	capacity conflict, execution miss, or missing status context	triage blocker, resequence work, and update commitments	Medium	Low	Medium	Medium	Medium	High	Low - generalized from Atlas workflow and outcome layer	CRM | HCM / Workforce Management | Professional Services Automation | ERP	cycle-time delay; manual labor; exception cost; quality or revenue leakage	Not pursued	Pass	N/A	N/A	N/A	N/A	N/A	N/A	N/A	N/A	operations manager
Miscellaneous professional, scientific, and technical services	Billing and Collections	Financial	Manage billing and collections to complete the financial cycle accurately and on time	billing cycle, settlement event, or period close	controller; finance manager; billing specialist	practice leader; CFO; operations head	CRM | HCM / Workforce Management | Professional Services Automation | ERP	spreadsheets; email; exported reports	post, settle, approve, dispute, or close	operations to finance to counterparty	customers; payers; counterparties	posting mismatch, settlement break, or disputed amount	reconcile records, correct the transaction, and reclose	High	High	High	High	High	High	Low - generalized from Atlas workflow and outcome layer	CRM | HCM / Workforce Management | Professional Services Automation | ERP	cycle-time delay; manual labor; exception cost; quality or revenue leakage	Supporting workflow	Pass	N/A	N/A	N/A	N/A	N/A	N/A	N/A	N/A	controller
Miscellaneous professional, scientific, and technical services	Time and expense capture to billing	Financial	Manage time and expense capture to billing to complete the financial cycle accurately and on time	billing cycle, settlement event, or period close	controller; finance manager; billing specialist	practice leader; CFO; operations head	CRM | HCM / Workforce Management | Professional Services Automation | ERP	spreadsheets; email; exported reports	post, settle, approve, dispute, or close	operations to finance to counterparty	customers; payers; counterparties	posting mismatch, settlement break, or disputed amount	reconcile records, correct the transaction, and reclose	High	High	High	High	High	High	Low-Medium - prior full-pass evidence	CRM | HCM / Workforce Management | Professional Services Automation | ERP	cycle-time delay; manual labor; exception cost; quality or revenue leakage	KILL-candidate	Pass	Borderline	Pass	Pass	Borderline	Fail	Borderline	Fail	Pass	controller
Miscellaneous professional, scientific, and technical services	Supplier, vendor, or partner onboarding and compliance	Supplier / Partner	Manage supplier, vendor, or partner onboarding and compliance to keep external partners ready and compliant	new partner need, replenishment event, or contract change	procurement lead; vendor manager	practice leader; CFO; operations head	CRM | HCM / Workforce Management | Professional Services Automation | ERP	email; PDF packets; checklist trackers	approve vendor, accept docs, and route work	operations to vendor and back-office teams	vendors; suppliers; partners	missing compliance items, delay, or contract mismatch	chase documents, swap counterparties, and resend the packet	High	Low	High	Medium	Medium	High	Low - generalized from Atlas workflow and outcome layer	CRM | HCM / Workforce Management | Professional Services Automation | ERP	cycle-time delay; manual labor; exception cost; quality or revenue leakage	Not pursued	Pass	N/A	N/A	N/A	N/A	N/A	N/A	N/A	N/A	procurement lead
Miscellaneous professional, scientific, and technical services	Customer, participant, or stakeholder communication and escalation	Customer / Participant	Manage customer, participant, or stakeholder communication and escalation to keep stakeholder communication and follow-through intact	customer request, service milestone, or escalation	account manager; service lead	practice leader; CFO; operations head	CRM | HCM / Workforce Management | Professional Services Automation | ERP	email; calls; ticket notes	respond, escalate, or resolve service issues	service or operations to stakeholder-facing teams	customers; clients; participants	stale follow-up, unresolved request, or churn-risk escalation	collect context, escalate ownership, and re-engage the stakeholder	Medium	Low	High	Low	Medium	High	Low - generalized from Atlas workflow and outcome layer	CRM | HCM / Workforce Management | Professional Services Automation | ERP	cycle-time delay; manual labor; exception cost; quality or revenue leakage	Not pursued	Pass	N/A	N/A	N/A	N/A	N/A	N/A	N/A	N/A	account manager
Miscellaneous professional, scientific, and technical services	Compliance, reporting, and audit support	Governance / Risk	Manage compliance, reporting, and audit support to maintain compliant records and reporting	reporting deadline, control review, or audit request	compliance lead; finance manager	practice leader; CFO; operations head	CRM | HCM / Workforce Management | Professional Services Automation | ERP	PDF evidence packs; spreadsheets; email	approve controls, certify records, and remediate gaps	operations and finance to compliance and external review	regulators; auditors; funders	missing evidence, failed control, or filing inconsistency	assemble proof, remediate the gap, and resubmit the record	High	Medium	High	Medium	High	High	Low - generalized from Atlas workflow and outcome layer	CRM | HCM / Workforce Management | Professional Services Automation | ERP	cycle-time delay; manual labor; exception cost; quality or revenue leakage	Not pursued	Pass	N/A	N/A	N/A	N/A	N/A	N/A	N/A	N/A	compliance lead
Miscellaneous professional, scientific, and technical services	Exception, dispute, and recovery handling	Recovery	Manage exception, dispute, and recovery handling to resolve deviations before they miss the economic deadline	deviation, mismatch, dispute, or blocked step	operations analyst; specialist; manager	practice leader; CFO; operations head	CRM | HCM / Workforce Management | Professional Services Automation | ERP	spreadsheets; email; calls; case notes	diagnose cause, choose correction, and resubmit	front-line teams to specialists and approvers	counterparties; clients; vendors; internal approvers	distributed error states, manual evidence gathering, and unclear ownership	diagnosis, evidence gathering, correction, approval, resubmission, and closure	High	High	High	High	High	High	Low - generalized from Atlas workflow and outcome layer	CRM | HCM / Workforce Management | Professional Services Automation | ERP	cycle-time delay; manual labor; exception cost; quality or revenue leakage	Supporting workflow	Pass	N/A	N/A	N/A	N/A	N/A	N/A	N/A	N/A	operations analyst
Other real estate	Lease Acquisition and Pipeline Management	Commercial	Manage lease acquisition and pipeline management to qualify demand and set the workflow up cleanly	new opportunity, intake, or renewal event	account lead; commercial manager	regional operations leader; controller; asset manager	Property Management System | Real Estate Asset Management | CRM | Fund Administration and Accounting	email; shared docs; spreadsheets	approve terms, scope, and go/no-go path	commercial to operations and finance	customers; counterparties; prospects	missing information, misconfigured setup, or counterparty delay	request clarification, correct setup, and restage the workflow	Medium	Medium	High	Medium	Medium	High	Low - generalized from Atlas workflow and outcome layer	Property Management System | Real Estate Asset Management | CRM | Fund Administration and Accounting	cycle-time delay; manual labor; exception cost; quality or revenue leakage	Not pursued	Pass	N/A	N/A	N/A	N/A	N/A	N/A	N/A	N/A	account lead
Other real estate	Asset and Investor Reporting	Customer / Participant	Manage asset and investor reporting to keep stakeholder communication and follow-through intact	customer request, service milestone, or escalation	account manager; service lead	regional operations leader; controller; asset manager	Property Management System | Real Estate Asset Management | CRM | Fund Administration and Accounting	email; calls; ticket notes	respond, escalate, or resolve service issues	service or operations to stakeholder-facing teams	customers; clients; participants	stale follow-up, unresolved request, or churn-risk escalation	collect context, escalate ownership, and re-engage the stakeholder	Medium	Low	High	Low	Medium	High	Low - generalized from Atlas workflow and outcome layer	Property Management System | Real Estate Asset Management | CRM | Fund Administration and Accounting	cycle-time delay; manual labor; exception cost; quality or revenue leakage	Not pursued	Pass	N/A	N/A	N/A	N/A	N/A	N/A	N/A	N/A	account manager
Other real estate	Asset Maintenance and Work Orders	Operational	Manage asset maintenance and work orders to execute the recurring workflow reliably	scheduled operational work or live transaction flow	operations manager; supervisor	regional operations leader; controller; asset manager	Property Management System | Real Estate Asset Management | CRM | Fund Administration and Accounting	calls; chat; shared trackers	sequence work, allocate resources, and escalate blockers	operations to downstream finance or service teams	internal teams; service partners; operators	capacity conflict, execution miss, or missing status context	triage blocker, resequence work, and update commitments	Medium	Low	Medium	Medium	Medium	High	Low - generalized from Atlas workflow and outcome layer	Property Management System | Real Estate Asset Management | CRM | Fund Administration and Accounting	cycle-time delay; manual labor; exception cost; quality or revenue leakage	Not pursued	Pass	N/A	N/A	N/A	N/A	N/A	N/A	N/A	N/A	operations manager
Other real estate	Billing and Reconciliation	Recovery	Manage billing and reconciliation to resolve deviations before they miss the economic deadline	deviation, mismatch, dispute, or blocked step	operations analyst; specialist; manager	regional operations leader; controller; asset manager	Property Management System | Real Estate Asset Management | CRM | Fund Administration and Accounting	spreadsheets; email; calls; case notes	diagnose cause, choose correction, and resubmit	front-line teams to specialists and approvers	counterparties; clients; vendors; internal approvers	distributed error states, manual evidence gathering, and unclear ownership	diagnosis, evidence gathering, correction, approval, resubmission, and closure	High	High	High	High	High	High	Low-Medium - prior full-pass evidence	Property Management System | Real Estate Asset Management | CRM | Fund Administration and Accounting	cycle-time delay; manual labor; exception cost; quality or revenue leakage	KILL-candidate	Pass	Borderline	Pass	Pass	Borderline	Fail	Borderline	Fail	Pass	operations analyst
Other real estate	Capital Planning and Compliance Reporting	Governance / Risk	Manage capital planning and compliance reporting to maintain compliant records and reporting	reporting deadline, control review, or audit request	compliance lead; finance manager	regional operations leader; controller; asset manager	Property Management System | Real Estate Asset Management | CRM | Fund Administration and Accounting	PDF evidence packs; spreadsheets; email	approve controls, certify records, and remediate gaps	operations and finance to compliance and external review	regulators; auditors; funders	missing evidence, failed control, or filing inconsistency	assemble proof, remediate the gap, and resubmit the record	High	Medium	High	Medium	High	High	Low - generalized from Atlas workflow and outcome layer	Property Management System | Real Estate Asset Management | CRM | Fund Administration and Accounting	cycle-time delay; manual labor; exception cost; quality or revenue leakage	Not pursued	Pass	N/A	N/A	N/A	N/A	N/A	N/A	N/A	N/A	compliance lead
Other real estate	Billing, settlement, and close	Financial	Manage billing, settlement, and close to complete the financial cycle accurately and on time	billing cycle, settlement event, or period close	controller; finance manager; billing specialist	regional operations leader; controller; asset manager	Property Management System | Real Estate Asset Management | CRM | Fund Administration and Accounting	spreadsheets; email; exported reports	post, settle, approve, dispute, or close	operations to finance to counterparty	customers; payers; counterparties	posting mismatch, settlement break, or disputed amount	reconcile records, correct the transaction, and reclose	High	High	High	High	High	High	Low - generalized from Atlas workflow and outcome layer	Property Management System | Real Estate Asset Management | CRM | Fund Administration and Accounting	cycle-time delay; manual labor; exception cost; quality or revenue leakage	Supporting workflow	Pass	N/A	N/A	N/A	N/A	N/A	N/A	N/A	N/A	controller
Other real estate	Workforce planning, assignment, and time capture	Workforce	Manage workforce planning, assignment, and time capture to keep people assignment and time flow accurate	staffing need, schedule change, or pay-period cutoff	workforce manager; scheduler; payroll lead	regional operations leader; controller; asset manager	Property Management System | Real Estate Asset Management | CRM | Fund Administration and Accounting	email; spreadsheets; portal checks	assign staff, approve time, and resolve exceptions	staffing or site teams to payroll and finance	employees; contractors; site leaders	missing approvals, bad assignment data, or pay-period mismatch	chase approval, restage records, and rerun the cycle	High	Medium	High	High	High	High	Low - generalized from Atlas workflow and outcome layer	Property Management System | Real Estate Asset Management | CRM | Fund Administration and Accounting	cycle-time delay; manual labor; exception cost; quality or revenue leakage	Not pursued	Pass	N/A	N/A	N/A	N/A	N/A	N/A	N/A	N/A	workforce manager
Other real estate	Supplier, vendor, or partner onboarding and compliance	Supplier / Partner	Manage supplier, vendor, or partner onboarding and compliance to keep external partners ready and compliant	new partner need, replenishment event, or contract change	procurement lead; vendor manager	regional operations leader; controller; asset manager	Property Management System | Real Estate Asset Management | CRM | Fund Administration and Accounting	email; PDF packets; checklist trackers	approve vendor, accept docs, and route work	operations to vendor and back-office teams	vendors; suppliers; partners	missing compliance items, delay, or contract mismatch	chase documents, swap counterparties, and resend the packet	High	Low	High	Medium	Medium	High	Low - generalized from Atlas workflow and outcome layer	Property Management System | Real Estate Asset Management | CRM | Fund Administration and Accounting	cycle-time delay; manual labor; exception cost; quality or revenue leakage	Not pursued	Pass	N/A	N/A	N/A	N/A	N/A	N/A	N/A	N/A	procurement lead
Ambulatory health care services	Access, Intake, and Scheduling	Workforce	Manage access, intake, and scheduling to keep people assignment and time flow accurate	staffing need, schedule change, or pay-period cutoff	workforce manager; scheduler; payroll lead	revenue-cycle leader; COO; CFO	EHR and Care Management | Practice Management | Revenue Cycle Management	email; spreadsheets; portal checks	assign staff, approve time, and resolve exceptions	staffing or site teams to payroll and finance	employees; contractors; site leaders	missing approvals, bad assignment data, or pay-period mismatch	chase approval, restage records, and rerun the cycle	High	Medium	High	High	High	High	Low - generalized from Atlas workflow and outcome layer	EHR and Care Management | Practice Management | Revenue Cycle Management	cycle-time delay; manual labor; exception cost; quality or revenue leakage	Not pursued	Pass	N/A	N/A	N/A	N/A	N/A	N/A	N/A	N/A	workforce manager
Ambulatory health care services	Eligibility and Authorization	Operational	Manage eligibility and authorization to execute the recurring workflow reliably	scheduled operational work or live transaction flow	operations manager; supervisor	revenue-cycle leader; COO; CFO	EHR and Care Management | Practice Management | Revenue Cycle Management	calls; chat; shared trackers	sequence work, allocate resources, and escalate blockers	operations to downstream finance or service teams	internal teams; service partners; operators	capacity conflict, execution miss, or missing status context	triage blocker, resequence work, and update commitments	Medium	Low	Medium	Medium	Medium	High	Low - generalized from Atlas workflow and outcome layer	EHR and Care Management | Practice Management | Revenue Cycle Management	cycle-time delay; manual labor; exception cost; quality or revenue leakage	Not pursued	Pass	N/A	N/A	N/A	N/A	N/A	N/A	N/A	N/A	operations manager
Ambulatory health care services	Clinical Documentation	Operational	Manage clinical documentation to execute the recurring workflow reliably	scheduled operational work or live transaction flow	operations manager; supervisor	revenue-cycle leader; COO; CFO	EHR and Care Management | Practice Management | Revenue Cycle Management	calls; chat; shared trackers	sequence work, allocate resources, and escalate blockers	operations to downstream finance or service teams	internal teams; service partners; operators	capacity conflict, execution miss, or missing status context	triage blocker, resequence work, and update commitments	Medium	Low	Medium	Medium	Medium	High	Low - generalized from Atlas workflow and outcome layer	EHR and Care Management | Practice Management | Revenue Cycle Management	cycle-time delay; manual labor; exception cost; quality or revenue leakage	Not pursued	Pass	N/A	N/A	N/A	N/A	N/A	N/A	N/A	N/A	operations manager
Ambulatory health care services	Coding and Charge Capture	Operational	Manage coding and charge capture to execute the recurring workflow reliably	scheduled operational work or live transaction flow	operations manager; supervisor	revenue-cycle leader; COO; CFO	EHR and Care Management | Practice Management | Revenue Cycle Management	calls; chat; shared trackers	sequence work, allocate resources, and escalate blockers	operations to downstream finance or service teams	internal teams; service partners; operators	capacity conflict, execution miss, or missing status context	triage blocker, resequence work, and update commitments	Medium	Low	Medium	Medium	Medium	High	Low - generalized from Atlas workflow and outcome layer	EHR and Care Management | Practice Management | Revenue Cycle Management	cycle-time delay; manual labor; exception cost; quality or revenue leakage	Not pursued	Pass	N/A	N/A	N/A	N/A	N/A	N/A	N/A	N/A	operations manager
Ambulatory health care services	Billing, Claims, and Collections	Financial	Manage billing, claims, and collections to complete the financial cycle accurately and on time	billing cycle, settlement event, or period close	controller; finance manager; billing specialist	revenue-cycle leader; COO; CFO	EHR and Care Management | Practice Management | Revenue Cycle Management	spreadsheets; email; exported reports	post, settle, approve, dispute, or close	operations to finance to counterparty	customers; payers; counterparties	posting mismatch, settlement break, or disputed amount	reconcile records, correct the transaction, and reclose	High	High	High	High	High	High	Low-Medium - prior full-pass evidence	EHR and Care Management | Practice Management | Revenue Cycle Management	cycle-time delay; manual labor; exception cost; quality or revenue leakage	KILL-candidate	Pass	Borderline	Pass	Pass	Borderline	Fail	Borderline	Fail	Pass	controller
Ambulatory health care services	Lead, intake, and qualification management	Commercial	Manage lead, intake, and qualification management to qualify demand and set the workflow up cleanly	new opportunity, intake, or renewal event	account lead; commercial manager	revenue-cycle leader; COO; CFO	EHR and Care Management | Practice Management | Revenue Cycle Management	email; shared docs; spreadsheets	approve terms, scope, and go/no-go path	commercial to operations and finance	customers; counterparties; prospects	missing information, misconfigured setup, or counterparty delay	request clarification, correct setup, and restage the workflow	Medium	Medium	High	Medium	Medium	High	Low - generalized from Atlas workflow and outcome layer	EHR and Care Management | Practice Management | Revenue Cycle Management	cycle-time delay; manual labor; exception cost; quality or revenue leakage	Not pursued	Pass	N/A	N/A	N/A	N/A	N/A	N/A	N/A	N/A	account lead
Ambulatory health care services	Supplier, vendor, or partner onboarding and compliance	Supplier / Partner	Manage supplier, vendor, or partner onboarding and compliance to keep external partners ready and compliant	new partner need, replenishment event, or contract change	procurement lead; vendor manager	revenue-cycle leader; COO; CFO	EHR and Care Management | Practice Management | Revenue Cycle Management	email; PDF packets; checklist trackers	approve vendor, accept docs, and route work	operations to vendor and back-office teams	vendors; suppliers; partners	missing compliance items, delay, or contract mismatch	chase documents, swap counterparties, and resend the packet	High	Low	High	Medium	Medium	High	Low - generalized from Atlas workflow and outcome layer	EHR and Care Management | Practice Management | Revenue Cycle Management	cycle-time delay; manual labor; exception cost; quality or revenue leakage	Not pursued	Pass	N/A	N/A	N/A	N/A	N/A	N/A	N/A	N/A	procurement lead
Ambulatory health care services	Customer, participant, or stakeholder communication and escalation	Customer / Participant	Manage customer, participant, or stakeholder communication and escalation to keep stakeholder communication and follow-through intact	customer request, service milestone, or escalation	account manager; service lead	revenue-cycle leader; COO; CFO	EHR and Care Management | Practice Management | Revenue Cycle Management	email; calls; ticket notes	respond, escalate, or resolve service issues	service or operations to stakeholder-facing teams	customers; clients; participants	stale follow-up, unresolved request, or churn-risk escalation	collect context, escalate ownership, and re-engage the stakeholder	Medium	Low	High	Low	Medium	High	Low - generalized from Atlas workflow and outcome layer	EHR and Care Management | Practice Management | Revenue Cycle Management	cycle-time delay; manual labor; exception cost; quality or revenue leakage	Not pursued	Pass	N/A	N/A	N/A	N/A	N/A	N/A	N/A	N/A	account manager
Ambulatory health care services	Compliance, reporting, and audit support	Governance / Risk	Manage compliance, reporting, and audit support to maintain compliant records and reporting	reporting deadline, control review, or audit request	compliance lead; finance manager	revenue-cycle leader; COO; CFO	EHR and Care Management | Practice Management | Revenue Cycle Management	PDF evidence packs; spreadsheets; email	approve controls, certify records, and remediate gaps	operations and finance to compliance and external review	regulators; auditors; funders	missing evidence, failed control, or filing inconsistency	assemble proof, remediate the gap, and resubmit the record	High	Medium	High	Medium	High	High	Low - generalized from Atlas workflow and outcome layer	EHR and Care Management | Practice Management | Revenue Cycle Management	cycle-time delay; manual labor; exception cost; quality or revenue leakage	Not pursued	Pass	N/A	N/A	N/A	N/A	N/A	N/A	N/A	N/A	compliance lead
Ambulatory health care services	Exception, dispute, and recovery handling	Recovery	Manage exception, dispute, and recovery handling to resolve deviations before they miss the economic deadline	deviation, mismatch, dispute, or blocked step	operations analyst; specialist; manager	revenue-cycle leader; COO; CFO	EHR and Care Management | Practice Management | Revenue Cycle Management	spreadsheets; email; calls; case notes	diagnose cause, choose correction, and resubmit	front-line teams to specialists and approvers	counterparties; clients; vendors; internal approvers	distributed error states, manual evidence gathering, and unclear ownership	diagnosis, evidence gathering, correction, approval, resubmission, and closure	High	High	High	High	High	High	Low - generalized from Atlas workflow and outcome layer	EHR and Care Management | Practice Management | Revenue Cycle Management	cycle-time delay; manual labor; exception cost; quality or revenue leakage	Supporting workflow	Pass	N/A	N/A	N/A	N/A	N/A	N/A	N/A	N/A	operations analyst
Other retail	Merchandising and Assortment Planning	Operational	Manage merchandising and assortment planning to execute the recurring workflow reliably	scheduled operational work or live transaction flow	operations manager; supervisor	owner or GM; controller; operations leader	Commerce Platform | ERP | Order Management System | Warehouse Management System	calls; chat; shared trackers	sequence work, allocate resources, and escalate blockers	operations to downstream finance or service teams	internal teams; service partners; operators	capacity conflict, execution miss, or missing status context	triage blocker, resequence work, and update commitments	Medium	Low	Medium	Medium	Medium	High	Low - generalized from Atlas workflow and outcome layer	Commerce Platform | ERP | Order Management System | Warehouse Management System	cycle-time delay; manual labor; exception cost; quality or revenue leakage	Not pursued	Pass	N/A	N/A	N/A	N/A	N/A	N/A	N/A	N/A	operations manager
Other retail	Inventory Allocation and Replenishment	Supplier / Partner	Manage inventory allocation and replenishment to keep external partners ready and compliant	new partner need, replenishment event, or contract change	procurement lead; vendor manager	owner or GM; controller; operations leader	Commerce Platform | ERP | Order Management System | Warehouse Management System	email; PDF packets; checklist trackers	approve vendor, accept docs, and route work	operations to vendor and back-office teams	vendors; suppliers; partners	missing compliance items, delay, or contract mismatch	chase documents, swap counterparties, and resend the packet	High	Low	High	Medium	Medium	High	Low - generalized from Atlas workflow and outcome layer	Commerce Platform | ERP | Order Management System | Warehouse Management System	cycle-time delay; manual labor; exception cost; quality or revenue leakage	Not pursued	Pass	N/A	N/A	N/A	N/A	N/A	N/A	N/A	N/A	procurement lead
Other retail	Order Capture and Payment Processing	Financial	Manage order capture and payment processing to complete the financial cycle accurately and on time	billing cycle, settlement event, or period close	controller; finance manager; billing specialist	owner or GM; controller; operations leader	Commerce Platform | ERP | Order Management System | Warehouse Management System	spreadsheets; email; exported reports	post, settle, approve, dispute, or close	operations to finance to counterparty	customers; payers; counterparties	posting mismatch, settlement break, or disputed amount	reconcile records, correct the transaction, and reclose	High	High	High	High	High	High	Low - generalized from Atlas workflow and outcome layer	Commerce Platform | ERP | Order Management System | Warehouse Management System	cycle-time delay; manual labor; exception cost; quality or revenue leakage	Supporting workflow	Pass	N/A	N/A	N/A	N/A	N/A	N/A	N/A	N/A	controller
Other retail	Fulfillment and Returns Management	Recovery	Manage fulfillment and returns management to resolve deviations before they miss the economic deadline	deviation, mismatch, dispute, or blocked step	operations analyst; specialist; manager	owner or GM; controller; operations leader	Commerce Platform | ERP | Order Management System | Warehouse Management System	spreadsheets; email; calls; case notes	diagnose cause, choose correction, and resubmit	front-line teams to specialists and approvers	counterparties; clients; vendors; internal approvers	distributed error states, manual evidence gathering, and unclear ownership	diagnosis, evidence gathering, correction, approval, resubmission, and closure	High	High	High	High	High	High	Low-Medium - prior full-pass evidence	Commerce Platform | ERP | Order Management System | Warehouse Management System	cycle-time delay; manual labor; exception cost; quality or revenue leakage	KILL-candidate	Pass	Borderline	Pass	Pass	Borderline	Fail	Borderline	Fail	Pass	operations analyst
Other retail	Pricing and Promotion Management	Commercial	Manage pricing and promotion management to qualify demand and set the workflow up cleanly	new opportunity, intake, or renewal event	account lead; commercial manager	owner or GM; controller; operations leader	Commerce Platform | ERP | Order Management System | Warehouse Management System	email; shared docs; spreadsheets	approve terms, scope, and go/no-go path	commercial to operations and finance	customers; counterparties; prospects	missing information, misconfigured setup, or counterparty delay	request clarification, correct setup, and restage the workflow	Medium	Medium	High	Medium	Medium	High	Low - generalized from Atlas workflow and outcome layer	Commerce Platform | ERP | Order Management System | Warehouse Management System	cycle-time delay; manual labor; exception cost; quality or revenue leakage	Not pursued	Pass	N/A	N/A	N/A	N/A	N/A	N/A	N/A	N/A	account lead
Other retail	Workforce planning, assignment, and time capture	Workforce	Manage workforce planning, assignment, and time capture to keep people assignment and time flow accurate	staffing need, schedule change, or pay-period cutoff	workforce manager; scheduler; payroll lead	owner or GM; controller; operations leader	Commerce Platform | ERP | Order Management System | Warehouse Management System	email; spreadsheets; portal checks	assign staff, approve time, and resolve exceptions	staffing or site teams to payroll and finance	employees; contractors; site leaders	missing approvals, bad assignment data, or pay-period mismatch	chase approval, restage records, and rerun the cycle	High	Medium	High	High	High	High	Low - generalized from Atlas workflow and outcome layer	Commerce Platform | ERP | Order Management System | Warehouse Management System	cycle-time delay; manual labor; exception cost; quality or revenue leakage	Not pursued	Pass	N/A	N/A	N/A	N/A	N/A	N/A	N/A	N/A	workforce manager
Other retail	Customer, participant, or stakeholder communication and escalation	Customer / Participant	Manage customer, participant, or stakeholder communication and escalation to keep stakeholder communication and follow-through intact	customer request, service milestone, or escalation	account manager; service lead	owner or GM; controller; operations leader	Commerce Platform | ERP | Order Management System | Warehouse Management System	email; calls; ticket notes	respond, escalate, or resolve service issues	service or operations to stakeholder-facing teams	customers; clients; participants	stale follow-up, unresolved request, or churn-risk escalation	collect context, escalate ownership, and re-engage the stakeholder	Medium	Low	High	Low	Medium	High	Low - generalized from Atlas workflow and outcome layer	Commerce Platform | ERP | Order Management System | Warehouse Management System	cycle-time delay; manual labor; exception cost; quality or revenue leakage	Not pursued	Pass	N/A	N/A	N/A	N/A	N/A	N/A	N/A	N/A	account manager
Other retail	Compliance, reporting, and audit support	Governance / Risk	Manage compliance, reporting, and audit support to maintain compliant records and reporting	reporting deadline, control review, or audit request	compliance lead; finance manager	owner or GM; controller; operations leader	Commerce Platform | ERP | Order Management System | Warehouse Management System	PDF evidence packs; spreadsheets; email	approve controls, certify records, and remediate gaps	operations and finance to compliance and external review	regulators; auditors; funders	missing evidence, failed control, or filing inconsistency	assemble proof, remediate the gap, and resubmit the record	High	Medium	High	Medium	High	High	Low - generalized from Atlas workflow and outcome layer	Commerce Platform | ERP | Order Management System | Warehouse Management System	cycle-time delay; manual labor; exception cost; quality or revenue leakage	Not pursued	Pass	N/A	N/A	N/A	N/A	N/A	N/A	N/A	N/A	compliance lead
Insurance carriers and related activities	Distribution and Quote-to-Bind	Commercial	Manage distribution and quote-to-bind to qualify demand and set the workflow up cleanly	new opportunity, intake, or renewal event	account lead; commercial manager	claims executive; COO; finance leader	Policy Administration | Claims Management | Underwriting and Rating | CRM	email; shared docs; spreadsheets	approve terms, scope, and go/no-go path	commercial to operations and finance	customers; counterparties; prospects	missing information, misconfigured setup, or counterparty delay	request clarification, correct setup, and restage the workflow	Medium	Medium	High	Medium	Medium	High	Low - generalized from Atlas workflow and outcome layer	Policy Administration | Claims Management | Underwriting and Rating | CRM	cycle-time delay; manual labor; exception cost; quality or revenue leakage	Not pursued	Pass	N/A	N/A	N/A	N/A	N/A	N/A	N/A	N/A	account lead
Insurance carriers and related activities	Underwriting and Pricing	Commercial	Manage underwriting and pricing to qualify demand and set the workflow up cleanly	new opportunity, intake, or renewal event	account lead; commercial manager	claims executive; COO; finance leader	Policy Administration | Claims Management | Underwriting and Rating | CRM	email; shared docs; spreadsheets	approve terms, scope, and go/no-go path	commercial to operations and finance	customers; counterparties; prospects	missing information, misconfigured setup, or counterparty delay	request clarification, correct setup, and restage the workflow	Medium	Medium	High	Medium	Medium	High	Low - generalized from Atlas workflow and outcome layer	Policy Administration | Claims Management | Underwriting and Rating | CRM	cycle-time delay; manual labor; exception cost; quality or revenue leakage	Not pursued	Pass	N/A	N/A	N/A	N/A	N/A	N/A	N/A	N/A	account lead
Insurance carriers and related activities	Policy Administration	Operational	Manage policy administration to execute the recurring workflow reliably	scheduled operational work or live transaction flow	operations manager; supervisor	claims executive; COO; finance leader	Policy Administration | Claims Management | Underwriting and Rating | CRM	calls; chat; shared trackers	sequence work, allocate resources, and escalate blockers	operations to downstream finance or service teams	internal teams; service partners; operators	capacity conflict, execution miss, or missing status context	triage blocker, resequence work, and update commitments	Medium	Low	Medium	Medium	Medium	High	Low - generalized from Atlas workflow and outcome layer	Policy Administration | Claims Management | Underwriting and Rating | CRM	cycle-time delay; manual labor; exception cost; quality or revenue leakage	Not pursued	Pass	N/A	N/A	N/A	N/A	N/A	N/A	N/A	N/A	operations manager
Insurance carriers and related activities	Claims Administration	Financial	Manage claims administration to complete the financial cycle accurately and on time	billing cycle, settlement event, or period close	controller; finance manager; billing specialist	claims executive; COO; finance leader	Policy Administration | Claims Management | Underwriting and Rating | CRM	spreadsheets; email; exported reports	post, settle, approve, dispute, or close	operations to finance to counterparty	customers; payers; counterparties	posting mismatch, settlement break, or disputed amount	reconcile records, correct the transaction, and reclose	High	High	High	High	High	High	Low-Medium - prior full-pass evidence	Policy Administration | Claims Management | Underwriting and Rating | CRM	cycle-time delay; manual labor; exception cost; quality or revenue leakage	KILL-candidate	Pass	Borderline	Pass	Pass	Borderline	Fail	Borderline	Fail	Pass	controller
Insurance carriers and related activities	Regulatory and Reinsurance Reporting	Governance / Risk	Manage regulatory and reinsurance reporting to maintain compliant records and reporting	reporting deadline, control review, or audit request	compliance lead; finance manager	claims executive; COO; finance leader	Policy Administration | Claims Management | Underwriting and Rating | CRM	PDF evidence packs; spreadsheets; email	approve controls, certify records, and remediate gaps	operations and finance to compliance and external review	regulators; auditors; funders	missing evidence, failed control, or filing inconsistency	assemble proof, remediate the gap, and resubmit the record	High	Medium	High	Medium	High	High	Low - generalized from Atlas workflow and outcome layer	Policy Administration | Claims Management | Underwriting and Rating | CRM	cycle-time delay; manual labor; exception cost; quality or revenue leakage	Not pursued	Pass	N/A	N/A	N/A	N/A	N/A	N/A	N/A	N/A	compliance lead
Insurance carriers and related activities	Workforce planning, assignment, and time capture	Workforce	Manage workforce planning, assignment, and time capture to keep people assignment and time flow accurate	staffing need, schedule change, or pay-period cutoff	workforce manager; scheduler; payroll lead	claims executive; COO; finance leader	Policy Administration | Claims Management | Underwriting and Rating | CRM	email; spreadsheets; portal checks	assign staff, approve time, and resolve exceptions	staffing or site teams to payroll and finance	employees; contractors; site leaders	missing approvals, bad assignment data, or pay-period mismatch	chase approval, restage records, and rerun the cycle	High	Medium	High	High	High	High	Low - generalized from Atlas workflow and outcome layer	Policy Administration | Claims Management | Underwriting and Rating | CRM	cycle-time delay; manual labor; exception cost; quality or revenue leakage	Not pursued	Pass	N/A	N/A	N/A	N/A	N/A	N/A	N/A	N/A	workforce manager
Insurance carriers and related activities	Supplier, vendor, or partner onboarding and compliance	Supplier / Partner	Manage supplier, vendor, or partner onboarding and compliance to keep external partners ready and compliant	new partner need, replenishment event, or contract change	procurement lead; vendor manager	claims executive; COO; finance leader	Policy Administration | Claims Management | Underwriting and Rating | CRM	email; PDF packets; checklist trackers	approve vendor, accept docs, and route work	operations to vendor and back-office teams	vendors; suppliers; partners	missing compliance items, delay, or contract mismatch	chase documents, swap counterparties, and resend the packet	High	Low	High	Medium	Medium	High	Low - generalized from Atlas workflow and outcome layer	Policy Administration | Claims Management | Underwriting and Rating | CRM	cycle-time delay; manual labor; exception cost; quality or revenue leakage	Not pursued	Pass	N/A	N/A	N/A	N/A	N/A	N/A	N/A	N/A	procurement lead
Insurance carriers and related activities	Customer, participant, or stakeholder communication and escalation	Customer / Participant	Manage customer, participant, or stakeholder communication and escalation to keep stakeholder communication and follow-through intact	customer request, service milestone, or escalation	account manager; service lead	claims executive; COO; finance leader	Policy Administration | Claims Management | Underwriting and Rating | CRM	email; calls; ticket notes	respond, escalate, or resolve service issues	service or operations to stakeholder-facing teams	customers; clients; participants	stale follow-up, unresolved request, or churn-risk escalation	collect context, escalate ownership, and re-engage the stakeholder	Medium	Low	High	Low	Medium	High	Low - generalized from Atlas workflow and outcome layer	Policy Administration | Claims Management | Underwriting and Rating | CRM	cycle-time delay; manual labor; exception cost; quality or revenue leakage	Not pursued	Pass	N/A	N/A	N/A	N/A	N/A	N/A	N/A	N/A	account manager
Insurance carriers and related activities	Exception, dispute, and recovery handling	Recovery	Manage exception, dispute, and recovery handling to resolve deviations before they miss the economic deadline	deviation, mismatch, dispute, or blocked step	operations analyst; specialist; manager	claims executive; COO; finance leader	Policy Administration | Claims Management | Underwriting and Rating | CRM	spreadsheets; email; calls; case notes	diagnose cause, choose correction, and resubmit	front-line teams to specialists and approvers	counterparties; clients; vendors; internal approvers	distributed error states, manual evidence gathering, and unclear ownership	diagnosis, evidence gathering, correction, approval, resubmission, and closure	High	High	High	High	High	High	Low - generalized from Atlas workflow and outcome layer	Policy Administration | Claims Management | Underwriting and Rating | CRM	cycle-time delay; manual labor; exception cost; quality or revenue leakage	Supporting workflow	Pass	N/A	N/A	N/A	N/A	N/A	N/A	N/A	N/A	operations analyst
Federal Reserve banks, credit intermediation, and related activities	Account and Loan Onboarding	Commercial	Manage account and loan onboarding to qualify demand and set the workflow up cleanly	new opportunity, intake, or renewal event	account lead; commercial manager	operations executive; risk leader; controller	Core Banking | Loan Origination and Servicing | Payments | Risk and Compliance | CRM	email; shared docs; spreadsheets	approve terms, scope, and go/no-go path	commercial to operations and finance	customers; counterparties; prospects	missing information, misconfigured setup, or counterparty delay	request clarification, correct setup, and restage the workflow	Medium	Medium	High	Medium	Medium	High	Low - generalized from Atlas workflow and outcome layer	Core Banking | Loan Origination and Servicing | Payments | Risk and Compliance | CRM	cycle-time delay; manual labor; exception cost; quality or revenue leakage	Not pursued	Pass	N/A	N/A	N/A	N/A	N/A	N/A	N/A	N/A	account lead
Federal Reserve banks, credit intermediation, and related activities	Deposit and Payment Operations	Financial	Manage deposit and payment operations to complete the financial cycle accurately and on time	billing cycle, settlement event, or period close	controller; finance manager; billing specialist	operations executive; risk leader; controller	Core Banking | Loan Origination and Servicing | Payments | Risk and Compliance | CRM	spreadsheets; email; exported reports	post, settle, approve, dispute, or close	operations to finance to counterparty	customers; payers; counterparties	posting mismatch, settlement break, or disputed amount	reconcile records, correct the transaction, and reclose	High	High	High	High	High	High	Low - generalized from Atlas workflow and outcome layer	Core Banking | Loan Origination and Servicing | Payments | Risk and Compliance | CRM	cycle-time delay; manual labor; exception cost; quality or revenue leakage	Supporting workflow	Pass	N/A	N/A	N/A	N/A	N/A	N/A	N/A	N/A	controller
Federal Reserve banks, credit intermediation, and related activities	Credit Underwriting and Servicing	Commercial	Manage credit underwriting and servicing to qualify demand and set the workflow up cleanly	new opportunity, intake, or renewal event	account lead; commercial manager	operations executive; risk leader; controller	Core Banking | Loan Origination and Servicing | Payments | Risk and Compliance | CRM	email; shared docs; spreadsheets	approve terms, scope, and go/no-go path	commercial to operations and finance	customers; counterparties; prospects	missing information, misconfigured setup, or counterparty delay	request clarification, correct setup, and restage the workflow	Medium	Medium	High	Medium	Medium	High	Low - generalized from Atlas workflow and outcome layer	Core Banking | Loan Origination and Servicing | Payments | Risk and Compliance | CRM	cycle-time delay; manual labor; exception cost; quality or revenue leakage	Not pursued	Pass	N/A	N/A	N/A	N/A	N/A	N/A	N/A	N/A	account lead
Federal Reserve banks, credit intermediation, and related activities	Risk and Compliance Monitoring	Governance / Risk	Manage risk and compliance monitoring to maintain compliant records and reporting	reporting deadline, control review, or audit request	compliance lead; finance manager	operations executive; risk leader; controller	Core Banking | Loan Origination and Servicing | Payments | Risk and Compliance | CRM	PDF evidence packs; spreadsheets; email	approve controls, certify records, and remediate gaps	operations and finance to compliance and external review	regulators; auditors; funders	missing evidence, failed control, or filing inconsistency	assemble proof, remediate the gap, and resubmit the record	High	Medium	High	Medium	High	High	Low - generalized from Atlas workflow and outcome layer	Core Banking | Loan Origination and Servicing | Payments | Risk and Compliance | CRM	cycle-time delay; manual labor; exception cost; quality or revenue leakage	Not pursued	Pass	N/A	N/A	N/A	N/A	N/A	N/A	N/A	N/A	compliance lead
Federal Reserve banks, credit intermediation, and related activities	Collections and Loss Mitigation	Financial	Manage collections and loss mitigation to complete the financial cycle accurately and on time	billing cycle, settlement event, or period close	controller; finance manager; billing specialist	operations executive; risk leader; controller	Core Banking | Loan Origination and Servicing | Payments | Risk and Compliance | CRM	spreadsheets; email; exported reports	post, settle, approve, dispute, or close	operations to finance to counterparty	customers; payers; counterparties	posting mismatch, settlement break, or disputed amount	reconcile records, correct the transaction, and reclose	High	High	High	High	High	High	Low - generalized from Atlas workflow and outcome layer	Core Banking | Loan Origination and Servicing | Payments | Risk and Compliance | CRM	cycle-time delay; manual labor; exception cost; quality or revenue leakage	Supporting workflow	Pass	N/A	N/A	N/A	N/A	N/A	N/A	N/A	N/A	controller
Federal Reserve banks, credit intermediation, and related activities	Account and loan onboarding; collections	Financial	Manage account and loan onboarding; collections to complete the financial cycle accurately and on time	billing cycle, settlement event, or period close	controller; finance manager; billing specialist	operations executive; risk leader; controller	Core Banking | Loan Origination and Servicing | Payments | Risk and Compliance | CRM	spreadsheets; email; exported reports	post, settle, approve, dispute, or close	operations to finance to counterparty	customers; payers; counterparties	posting mismatch, settlement break, or disputed amount	reconcile records, correct the transaction, and reclose	High	High	High	High	High	High	Low-Medium - prior full-pass evidence	Core Banking | Loan Origination and Servicing | Payments | Risk and Compliance | CRM	cycle-time delay; manual labor; exception cost; quality or revenue leakage	KILL-candidate	Pass	Borderline	Pass	Pass	Borderline	Fail	Borderline	Fail	Pass	controller
Federal Reserve banks, credit intermediation, and related activities	Execution monitoring and operational coordination	Operational	Manage execution monitoring and operational coordination to execute the recurring workflow reliably	scheduled operational work or live transaction flow	operations manager; supervisor	operations executive; risk leader; controller	Core Banking | Loan Origination and Servicing | Payments | Risk and Compliance | CRM	calls; chat; shared trackers	sequence work, allocate resources, and escalate blockers	operations to downstream finance or service teams	internal teams; service partners; operators	capacity conflict, execution miss, or missing status context	triage blocker, resequence work, and update commitments	Medium	Low	Medium	Medium	Medium	High	Low - generalized from Atlas workflow and outcome layer	Core Banking | Loan Origination and Servicing | Payments | Risk and Compliance | CRM	cycle-time delay; manual labor; exception cost; quality or revenue leakage	Not pursued	Pass	N/A	N/A	N/A	N/A	N/A	N/A	N/A	N/A	operations manager
Federal Reserve banks, credit intermediation, and related activities	Workforce planning, assignment, and time capture	Workforce	Manage workforce planning, assignment, and time capture to keep people assignment and time flow accurate	staffing need, schedule change, or pay-period cutoff	workforce manager; scheduler; payroll lead	operations executive; risk leader; controller	Core Banking | Loan Origination and Servicing | Payments | Risk and Compliance | CRM	email; spreadsheets; portal checks	assign staff, approve time, and resolve exceptions	staffing or site teams to payroll and finance	employees; contractors; site leaders	missing approvals, bad assignment data, or pay-period mismatch	chase approval, restage records, and rerun the cycle	High	Medium	High	High	High	High	Low - generalized from Atlas workflow and outcome layer	Core Banking | Loan Origination and Servicing | Payments | Risk and Compliance | CRM	cycle-time delay; manual labor; exception cost; quality or revenue leakage	Not pursued	Pass	N/A	N/A	N/A	N/A	N/A	N/A	N/A	N/A	workforce manager
Federal Reserve banks, credit intermediation, and related activities	Supplier, vendor, or partner onboarding and compliance	Supplier / Partner	Manage supplier, vendor, or partner onboarding and compliance to keep external partners ready and compliant	new partner need, replenishment event, or contract change	procurement lead; vendor manager	operations executive; risk leader; controller	Core Banking | Loan Origination and Servicing | Payments | Risk and Compliance | CRM	email; PDF packets; checklist trackers	approve vendor, accept docs, and route work	operations to vendor and back-office teams	vendors; suppliers; partners	missing compliance items, delay, or contract mismatch	chase documents, swap counterparties, and resend the packet	High	Low	High	Medium	Medium	High	Low - generalized from Atlas workflow and outcome layer	Core Banking | Loan Origination and Servicing | Payments | Risk and Compliance | CRM	cycle-time delay; manual labor; exception cost; quality or revenue leakage	Not pursued	Pass	N/A	N/A	N/A	N/A	N/A	N/A	N/A	N/A	procurement lead
Federal Reserve banks, credit intermediation, and related activities	Customer, participant, or stakeholder communication and escalation	Customer / Participant	Manage customer, participant, or stakeholder communication and escalation to keep stakeholder communication and follow-through intact	customer request, service milestone, or escalation	account manager; service lead	operations executive; risk leader; controller	Core Banking | Loan Origination and Servicing | Payments | Risk and Compliance | CRM	email; calls; ticket notes	respond, escalate, or resolve service issues	service or operations to stakeholder-facing teams	customers; clients; participants	stale follow-up, unresolved request, or churn-risk escalation	collect context, escalate ownership, and re-engage the stakeholder	Medium	Low	High	Low	Medium	High	Low - generalized from Atlas workflow and outcome layer	Core Banking | Loan Origination and Servicing | Payments | Risk and Compliance | CRM	cycle-time delay; manual labor; exception cost; quality or revenue leakage	Not pursued	Pass	N/A	N/A	N/A	N/A	N/A	N/A	N/A	N/A	account manager
Federal Reserve banks, credit intermediation, and related activities	Exception, dispute, and recovery handling	Recovery	Manage exception, dispute, and recovery handling to resolve deviations before they miss the economic deadline	deviation, mismatch, dispute, or blocked step	operations analyst; specialist; manager	operations executive; risk leader; controller	Core Banking | Loan Origination and Servicing | Payments | Risk and Compliance | CRM	spreadsheets; email; calls; case notes	diagnose cause, choose correction, and resubmit	front-line teams to specialists and approvers	counterparties; clients; vendors; internal approvers	distributed error states, manual evidence gathering, and unclear ownership	diagnosis, evidence gathering, correction, approval, resubmission, and closure	High	High	High	High	High	High	Low - generalized from Atlas workflow and outcome layer	Core Banking | Loan Origination and Servicing | Payments | Risk and Compliance | CRM	cycle-time delay; manual labor; exception cost; quality or revenue leakage	Supporting workflow	Pass	N/A	N/A	N/A	N/A	N/A	N/A	N/A	N/A	operations analyst
Hospitals	Access, Admissions, and Throughput Management	Commercial	Manage access, admissions, and throughput management to qualify demand and set the workflow up cleanly	new opportunity, intake, or renewal event	account lead; commercial manager	revenue-cycle leader; COO; CFO	EHR and Care Management | Revenue Cycle Management | HCM / Workforce Management | ERP	email; shared docs; spreadsheets	approve terms, scope, and go/no-go path	commercial to operations and finance	customers; counterparties; prospects	missing information, misconfigured setup, or counterparty delay	request clarification, correct setup, and restage the workflow	Medium	Medium	High	Medium	Medium	High	Low - generalized from Atlas workflow and outcome layer	EHR and Care Management | Revenue Cycle Management | HCM / Workforce Management | ERP	cycle-time delay; manual labor; exception cost; quality or revenue leakage	Not pursued	Pass	N/A	N/A	N/A	N/A	N/A	N/A	N/A	N/A	account lead
Hospitals	Clinical Documentation	Operational	Manage clinical documentation to execute the recurring workflow reliably	scheduled operational work or live transaction flow	operations manager; supervisor	revenue-cycle leader; COO; CFO	EHR and Care Management | Revenue Cycle Management | HCM / Workforce Management | ERP	calls; chat; shared trackers	sequence work, allocate resources, and escalate blockers	operations to downstream finance or service teams	internal teams; service partners; operators	capacity conflict, execution miss, or missing status context	triage blocker, resequence work, and update commitments	Medium	Low	Medium	Medium	Medium	High	Low - generalized from Atlas workflow and outcome layer	EHR and Care Management | Revenue Cycle Management | HCM / Workforce Management | ERP	cycle-time delay; manual labor; exception cost; quality or revenue leakage	Not pursued	Pass	N/A	N/A	N/A	N/A	N/A	N/A	N/A	N/A	operations manager
Hospitals	Care Coordination and Order Management	Operational	Manage care coordination and order management to execute the recurring workflow reliably	scheduled operational work or live transaction flow	operations manager; supervisor	revenue-cycle leader; COO; CFO	EHR and Care Management | Revenue Cycle Management | HCM / Workforce Management | ERP	calls; chat; shared trackers	sequence work, allocate resources, and escalate blockers	operations to downstream finance or service teams	internal teams; service partners; operators	capacity conflict, execution miss, or missing status context	triage blocker, resequence work, and update commitments	Medium	Low	Medium	Medium	Medium	High	Low - generalized from Atlas workflow and outcome layer	EHR and Care Management | Revenue Cycle Management | HCM / Workforce Management | ERP	cycle-time delay; manual labor; exception cost; quality or revenue leakage	Not pursued	Pass	N/A	N/A	N/A	N/A	N/A	N/A	N/A	N/A	operations manager
Hospitals	Billing, Claims, and Collections	Financial	Manage billing, claims, and collections to complete the financial cycle accurately and on time	billing cycle, settlement event, or period close	controller; finance manager; billing specialist	revenue-cycle leader; COO; CFO	EHR and Care Management | Revenue Cycle Management | HCM / Workforce Management | ERP	spreadsheets; email; exported reports	post, settle, approve, dispute, or close	operations to finance to counterparty	customers; payers; counterparties	posting mismatch, settlement break, or disputed amount	reconcile records, correct the transaction, and reclose	High	High	High	High	High	High	Low-Medium - prior full-pass evidence	EHR and Care Management | Revenue Cycle Management | HCM / Workforce Management | ERP	cycle-time delay; manual labor; exception cost; quality or revenue leakage	KILL-candidate	Pass	Borderline	Pass	Pass	Borderline	Fail	Borderline	Fail	Pass	controller
Hospitals	Payer Contract Management	Operational	Manage payer contract management to execute the recurring workflow reliably	scheduled operational work or live transaction flow	operations manager; supervisor	revenue-cycle leader; COO; CFO	EHR and Care Management | Revenue Cycle Management | HCM / Workforce Management | ERP	calls; chat; shared trackers	sequence work, allocate resources, and escalate blockers	operations to downstream finance or service teams	internal teams; service partners; operators	capacity conflict, execution miss, or missing status context	triage blocker, resequence work, and update commitments	Medium	Low	Medium	Medium	Medium	High	Low - generalized from Atlas workflow and outcome layer	EHR and Care Management | Revenue Cycle Management | HCM / Workforce Management | ERP	cycle-time delay; manual labor; exception cost; quality or revenue leakage	Not pursued	Pass	N/A	N/A	N/A	N/A	N/A	N/A	N/A	N/A	operations manager
Hospitals	Workforce planning, assignment, and time capture	Workforce	Manage workforce planning, assignment, and time capture to keep people assignment and time flow accurate	staffing need, schedule change, or pay-period cutoff	workforce manager; scheduler; payroll lead	revenue-cycle leader; COO; CFO	EHR and Care Management | Revenue Cycle Management | HCM / Workforce Management | ERP	email; spreadsheets; portal checks	assign staff, approve time, and resolve exceptions	staffing or site teams to payroll and finance	employees; contractors; site leaders	missing approvals, bad assignment data, or pay-period mismatch	chase approval, restage records, and rerun the cycle	High	Medium	High	High	High	High	Low - generalized from Atlas workflow and outcome layer	EHR and Care Management | Revenue Cycle Management | HCM / Workforce Management | ERP	cycle-time delay; manual labor; exception cost; quality or revenue leakage	Not pursued	Pass	N/A	N/A	N/A	N/A	N/A	N/A	N/A	N/A	workforce manager
Hospitals	Supplier, vendor, or partner onboarding and compliance	Supplier / Partner	Manage supplier, vendor, or partner onboarding and compliance to keep external partners ready and compliant	new partner need, replenishment event, or contract change	procurement lead; vendor manager	revenue-cycle leader; COO; CFO	EHR and Care Management | Revenue Cycle Management | HCM / Workforce Management | ERP	email; PDF packets; checklist trackers	approve vendor, accept docs, and route work	operations to vendor and back-office teams	vendors; suppliers; partners	missing compliance items, delay, or contract mismatch	chase documents, swap counterparties, and resend the packet	High	Low	High	Medium	Medium	High	Low - generalized from Atlas workflow and outcome layer	EHR and Care Management | Revenue Cycle Management | HCM / Workforce Management | ERP	cycle-time delay; manual labor; exception cost; quality or revenue leakage	Not pursued	Pass	N/A	N/A	N/A	N/A	N/A	N/A	N/A	N/A	procurement lead
Hospitals	Customer, participant, or stakeholder communication and escalation	Customer / Participant	Manage customer, participant, or stakeholder communication and escalation to keep stakeholder communication and follow-through intact	customer request, service milestone, or escalation	account manager; service lead	revenue-cycle leader; COO; CFO	EHR and Care Management | Revenue Cycle Management | HCM / Workforce Management | ERP	email; calls; ticket notes	respond, escalate, or resolve service issues	service or operations to stakeholder-facing teams	customers; clients; participants	stale follow-up, unresolved request, or churn-risk escalation	collect context, escalate ownership, and re-engage the stakeholder	Medium	Low	High	Low	Medium	High	Low - generalized from Atlas workflow and outcome layer	EHR and Care Management | Revenue Cycle Management | HCM / Workforce Management | ERP	cycle-time delay; manual labor; exception cost; quality or revenue leakage	Not pursued	Pass	N/A	N/A	N/A	N/A	N/A	N/A	N/A	N/A	account manager
Hospitals	Compliance, reporting, and audit support	Governance / Risk	Manage compliance, reporting, and audit support to maintain compliant records and reporting	reporting deadline, control review, or audit request	compliance lead; finance manager	revenue-cycle leader; COO; CFO	EHR and Care Management | Revenue Cycle Management | HCM / Workforce Management | ERP	PDF evidence packs; spreadsheets; email	approve controls, certify records, and remediate gaps	operations and finance to compliance and external review	regulators; auditors; funders	missing evidence, failed control, or filing inconsistency	assemble proof, remediate the gap, and resubmit the record	High	Medium	High	Medium	High	High	Low - generalized from Atlas workflow and outcome layer	EHR and Care Management | Revenue Cycle Management | HCM / Workforce Management | ERP	cycle-time delay; manual labor; exception cost; quality or revenue leakage	Not pursued	Pass	N/A	N/A	N/A	N/A	N/A	N/A	N/A	N/A	compliance lead
Hospitals	Exception, dispute, and recovery handling	Recovery	Manage exception, dispute, and recovery handling to resolve deviations before they miss the economic deadline	deviation, mismatch, dispute, or blocked step	operations analyst; specialist; manager	revenue-cycle leader; COO; CFO	EHR and Care Management | Revenue Cycle Management | HCM / Workforce Management | ERP	spreadsheets; email; calls; case notes	diagnose cause, choose correction, and resubmit	front-line teams to specialists and approvers	counterparties; clients; vendors; internal approvers	distributed error states, manual evidence gathering, and unclear ownership	diagnosis, evidence gathering, correction, approval, resubmission, and closure	High	High	High	High	High	High	Low - generalized from Atlas workflow and outcome layer	EHR and Care Management | Revenue Cycle Management | HCM / Workforce Management | ERP	cycle-time delay; manual labor; exception cost; quality or revenue leakage	Supporting workflow	Pass	N/A	N/A	N/A	N/A	N/A	N/A	N/A	N/A	operations analyst
Food and beverage and tobacco products	Demand Planning	Operational	Manage demand planning to execute the recurring workflow reliably	scheduled operational work or live transaction flow	operations manager; supervisor	plant or business-unit leader; controller; operations head	ERP | Supply Chain Planning | Manufacturing Execution System | Industrial Automation and SCADA	calls; chat; shared trackers	sequence work, allocate resources, and escalate blockers	operations to downstream finance or service teams	internal teams; service partners; operators	capacity conflict, execution miss, or missing status context	triage blocker, resequence work, and update commitments	Medium	Low	Medium	Medium	Medium	High	Low - generalized from Atlas workflow and outcome layer	ERP | Supply Chain Planning | Manufacturing Execution System | Industrial Automation and SCADA	cycle-time delay; manual labor; exception cost; quality or revenue leakage	Not pursued	Pass	N/A	N/A	N/A	N/A	N/A	N/A	N/A	N/A	operations manager
Food and beverage and tobacco products	Material Sourcing	Supplier / Partner	Manage material sourcing to keep external partners ready and compliant	new partner need, replenishment event, or contract change	procurement lead; vendor manager	plant or business-unit leader; controller; operations head	ERP | Supply Chain Planning | Manufacturing Execution System | Industrial Automation and SCADA	email; PDF packets; checklist trackers	approve vendor, accept docs, and route work	operations to vendor and back-office teams	vendors; suppliers; partners	missing compliance items, delay, or contract mismatch	chase documents, swap counterparties, and resend the packet	High	Low	High	Medium	Medium	High	Low - generalized from Atlas workflow and outcome layer	ERP | Supply Chain Planning | Manufacturing Execution System | Industrial Automation and SCADA	cycle-time delay; manual labor; exception cost; quality or revenue leakage	Not pursued	Pass	N/A	N/A	N/A	N/A	N/A	N/A	N/A	N/A	procurement lead
Food and beverage and tobacco products	Production Planning and Process Control	Operational	Manage production planning and process control to execute the recurring workflow reliably	scheduled operational work or live transaction flow	operations manager; supervisor	plant or business-unit leader; controller; operations head	ERP | Supply Chain Planning | Manufacturing Execution System | Industrial Automation and SCADA	calls; chat; shared trackers	sequence work, allocate resources, and escalate blockers	operations to downstream finance or service teams	internal teams; service partners; operators	capacity conflict, execution miss, or missing status context	triage blocker, resequence work, and update commitments	Medium	Low	Medium	Medium	Medium	High	Low - generalized from Atlas workflow and outcome layer	ERP | Supply Chain Planning | Manufacturing Execution System | Industrial Automation and SCADA	cycle-time delay; manual labor; exception cost; quality or revenue leakage	Not pursued	Pass	N/A	N/A	N/A	N/A	N/A	N/A	N/A	N/A	operations manager
Food and beverage and tobacco products	Regulatory Labeling and Compliance	Governance / Risk	Manage regulatory labeling and compliance to maintain compliant records and reporting	reporting deadline, control review, or audit request	compliance lead; finance manager	plant or business-unit leader; controller; operations head	ERP | Supply Chain Planning | Manufacturing Execution System | Industrial Automation and SCADA	PDF evidence packs; spreadsheets; email	approve controls, certify records, and remediate gaps	operations and finance to compliance and external review	regulators; auditors; funders	missing evidence, failed control, or filing inconsistency	assemble proof, remediate the gap, and resubmit the record	High	Medium	High	Medium	High	High	Low - generalized from Atlas workflow and outcome layer	ERP | Supply Chain Planning | Manufacturing Execution System | Industrial Automation and SCADA	cycle-time delay; manual labor; exception cost; quality or revenue leakage	Not pursued	Pass	N/A	N/A	N/A	N/A	N/A	N/A	N/A	N/A	compliance lead
Food and beverage and tobacco products	Distribution and Trade Promotion	Operational	Manage distribution and trade promotion to execute the recurring workflow reliably	scheduled operational work or live transaction flow	operations manager; supervisor	plant or business-unit leader; controller; operations head	ERP | Supply Chain Planning | Manufacturing Execution System | Industrial Automation and SCADA	calls; chat; shared trackers	sequence work, allocate resources, and escalate blockers	operations to downstream finance or service teams	internal teams; service partners; operators	capacity conflict, execution miss, or missing status context	triage blocker, resequence work, and update commitments	Medium	Low	Medium	Medium	Medium	High	Low-Medium - prior full-pass evidence	ERP | Supply Chain Planning | Manufacturing Execution System | Industrial Automation and SCADA	cycle-time delay; manual labor; exception cost; quality or revenue leakage	KILL-candidate	Pass	Borderline	Pass	Pass	Borderline	Fail	Borderline	Fail	Pass	operations manager
Food and beverage and tobacco products	Lead, intake, and qualification management	Commercial	Manage lead, intake, and qualification management to qualify demand and set the workflow up cleanly	new opportunity, intake, or renewal event	account lead; commercial manager	plant or business-unit leader; controller; operations head	ERP | Supply Chain Planning | Manufacturing Execution System | Industrial Automation and SCADA	email; shared docs; spreadsheets	approve terms, scope, and go/no-go path	commercial to operations and finance	customers; counterparties; prospects	missing information, misconfigured setup, or counterparty delay	request clarification, correct setup, and restage the workflow	Medium	Medium	High	Medium	Medium	High	Low - generalized from Atlas workflow and outcome layer	ERP | Supply Chain Planning | Manufacturing Execution System | Industrial Automation and SCADA	cycle-time delay; manual labor; exception cost; quality or revenue leakage	Not pursued	Pass	N/A	N/A	N/A	N/A	N/A	N/A	N/A	N/A	account lead
Food and beverage and tobacco products	Billing, settlement, and close	Financial	Manage billing, settlement, and close to complete the financial cycle accurately and on time	billing cycle, settlement event, or period close	controller; finance manager; billing specialist	plant or business-unit leader; controller; operations head	ERP | Supply Chain Planning | Manufacturing Execution System | Industrial Automation and SCADA	spreadsheets; email; exported reports	post, settle, approve, dispute, or close	operations to finance to counterparty	customers; payers; counterparties	posting mismatch, settlement break, or disputed amount	reconcile records, correct the transaction, and reclose	High	High	High	High	High	High	Low - generalized from Atlas workflow and outcome layer	ERP | Supply Chain Planning | Manufacturing Execution System | Industrial Automation and SCADA	cycle-time delay; manual labor; exception cost; quality or revenue leakage	Supporting workflow	Pass	N/A	N/A	N/A	N/A	N/A	N/A	N/A	N/A	controller
Food and beverage and tobacco products	Workforce planning, assignment, and time capture	Workforce	Manage workforce planning, assignment, and time capture to keep people assignment and time flow accurate	staffing need, schedule change, or pay-period cutoff	workforce manager; scheduler; payroll lead	plant or business-unit leader; controller; operations head	ERP | Supply Chain Planning | Manufacturing Execution System | Industrial Automation and SCADA	email; spreadsheets; portal checks	assign staff, approve time, and resolve exceptions	staffing or site teams to payroll and finance	employees; contractors; site leaders	missing approvals, bad assignment data, or pay-period mismatch	chase approval, restage records, and rerun the cycle	High	Medium	High	High	High	High	Low - generalized from Atlas workflow and outcome layer	ERP | Supply Chain Planning | Manufacturing Execution System | Industrial Automation and SCADA	cycle-time delay; manual labor; exception cost; quality or revenue leakage	Not pursued	Pass	N/A	N/A	N/A	N/A	N/A	N/A	N/A	N/A	workforce manager
Food and beverage and tobacco products	Customer, participant, or stakeholder communication and escalation	Customer / Participant	Manage customer, participant, or stakeholder communication and escalation to keep stakeholder communication and follow-through intact	customer request, service milestone, or escalation	account manager; service lead	plant or business-unit leader; controller; operations head	ERP | Supply Chain Planning | Manufacturing Execution System | Industrial Automation and SCADA	email; calls; ticket notes	respond, escalate, or resolve service issues	service or operations to stakeholder-facing teams	customers; clients; participants	stale follow-up, unresolved request, or churn-risk escalation	collect context, escalate ownership, and re-engage the stakeholder	Medium	Low	High	Low	Medium	High	Low - generalized from Atlas workflow and outcome layer	ERP | Supply Chain Planning | Manufacturing Execution System | Industrial Automation and SCADA	cycle-time delay; manual labor; exception cost; quality or revenue leakage	Not pursued	Pass	N/A	N/A	N/A	N/A	N/A	N/A	N/A	N/A	account manager
Food and beverage and tobacco products	Exception, dispute, and recovery handling	Recovery	Manage exception, dispute, and recovery handling to resolve deviations before they miss the economic deadline	deviation, mismatch, dispute, or blocked step	operations analyst; specialist; manager	plant or business-unit leader; controller; operations head	ERP | Supply Chain Planning | Manufacturing Execution System | Industrial Automation and SCADA	spreadsheets; email; calls; case notes	diagnose cause, choose correction, and resubmit	front-line teams to specialists and approvers	counterparties; clients; vendors; internal approvers	distributed error states, manual evidence gathering, and unclear ownership	diagnosis, evidence gathering, correction, approval, resubmission, and closure	High	High	High	High	High	High	Low - generalized from Atlas workflow and outcome layer	ERP | Supply Chain Planning | Manufacturing Execution System | Industrial Automation and SCADA	cycle-time delay; manual labor; exception cost; quality or revenue leakage	Supporting workflow	Pass	N/A	N/A	N/A	N/A	N/A	N/A	N/A	N/A	operations analyst
Other services, except government	Lead Intake and Scheduling	Workforce	Manage lead intake and scheduling to keep people assignment and time flow accurate	staffing need, schedule change, or pay-period cutoff	workforce manager; scheduler; payroll lead	controller; branch leader; operations executive	CRM | POS and Payments | HCM / Workforce Management | Service Management	email; spreadsheets; portal checks	assign staff, approve time, and resolve exceptions	staffing or site teams to payroll and finance	employees; contractors; site leaders	missing approvals, bad assignment data, or pay-period mismatch	chase approval, restage records, and rerun the cycle	High	Medium	High	High	High	High	Low - generalized from Atlas workflow and outcome layer	CRM | POS and Payments | HCM / Workforce Management | Service Management	cycle-time delay; manual labor; exception cost; quality or revenue leakage	Not pursued	Pass	N/A	N/A	N/A	N/A	N/A	N/A	N/A	N/A	workforce manager
Other services, except government	Workforce Scheduling and Dispatch	Workforce	Manage workforce scheduling and dispatch to keep people assignment and time flow accurate	staffing need, schedule change, or pay-period cutoff	workforce manager; scheduler; payroll lead	controller; branch leader; operations executive	CRM | POS and Payments | HCM / Workforce Management | Service Management	email; spreadsheets; portal checks	assign staff, approve time, and resolve exceptions	staffing or site teams to payroll and finance	employees; contractors; site leaders	missing approvals, bad assignment data, or pay-period mismatch	chase approval, restage records, and rerun the cycle	High	Medium	High	High	High	High	Low - generalized from Atlas workflow and outcome layer	CRM | POS and Payments | HCM / Workforce Management | Service Management	cycle-time delay; manual labor; exception cost; quality or revenue leakage	Not pursued	Pass	N/A	N/A	N/A	N/A	N/A	N/A	N/A	N/A	workforce manager
Other services, except government	Field Service Execution	Operational	Manage field service execution to execute the recurring workflow reliably	scheduled operational work or live transaction flow	operations manager; supervisor	controller; branch leader; operations executive	CRM | POS and Payments | HCM / Workforce Management | Service Management	calls; chat; shared trackers	sequence work, allocate resources, and escalate blockers	operations to downstream finance or service teams	internal teams; service partners; operators	capacity conflict, execution miss, or missing status context	triage blocker, resequence work, and update commitments	Medium	Low	Medium	Medium	Medium	High	Low - generalized from Atlas workflow and outcome layer	CRM | POS and Payments | HCM / Workforce Management | Service Management	cycle-time delay; manual labor; exception cost; quality or revenue leakage	Not pursued	Pass	N/A	N/A	N/A	N/A	N/A	N/A	N/A	N/A	operations manager
Other services, except government	Billing and Payment Processing	Financial	Manage billing and payment processing to complete the financial cycle accurately and on time	billing cycle, settlement event, or period close	controller; finance manager; billing specialist	controller; branch leader; operations executive	CRM | POS and Payments | HCM / Workforce Management | Service Management	spreadsheets; email; exported reports	post, settle, approve, dispute, or close	operations to finance to counterparty	customers; payers; counterparties	posting mismatch, settlement break, or disputed amount	reconcile records, correct the transaction, and reclose	High	High	High	High	High	High	Low-Medium - prior full-pass evidence	CRM | POS and Payments | HCM / Workforce Management | Service Management	cycle-time delay; manual labor; exception cost; quality or revenue leakage	KILL-candidate	Pass	Borderline	Pass	Pass	Borderline	Fail	Borderline	Fail	Pass	controller
Other services, except government	Customer Retention and Repeat Service	Customer / Participant	Manage customer retention and repeat service to keep stakeholder communication and follow-through intact	customer request, service milestone, or escalation	account manager; service lead	controller; branch leader; operations executive	CRM | POS and Payments | HCM / Workforce Management | Service Management	email; calls; ticket notes	respond, escalate, or resolve service issues	service or operations to stakeholder-facing teams	customers; clients; participants	stale follow-up, unresolved request, or churn-risk escalation	collect context, escalate ownership, and re-engage the stakeholder	Medium	Low	High	Low	Medium	High	Low - generalized from Atlas workflow and outcome layer	CRM | POS and Payments | HCM / Workforce Management | Service Management	cycle-time delay; manual labor; exception cost; quality or revenue leakage	Not pursued	Pass	N/A	N/A	N/A	N/A	N/A	N/A	N/A	N/A	account manager
Other services, except government	Lead, intake, and qualification management	Commercial	Manage lead, intake, and qualification management to qualify demand and set the workflow up cleanly	new opportunity, intake, or renewal event	account lead; commercial manager	controller; branch leader; operations executive	CRM | POS and Payments | HCM / Workforce Management | Service Management	email; shared docs; spreadsheets	approve terms, scope, and go/no-go path	commercial to operations and finance	customers; counterparties; prospects	missing information, misconfigured setup, or counterparty delay	request clarification, correct setup, and restage the workflow	Medium	Medium	High	Medium	Medium	High	Low - generalized from Atlas workflow and outcome layer	CRM | POS and Payments | HCM / Workforce Management | Service Management	cycle-time delay; manual labor; exception cost; quality or revenue leakage	Not pursued	Pass	N/A	N/A	N/A	N/A	N/A	N/A	N/A	N/A	account lead
Other services, except government	Supplier, vendor, or partner onboarding and compliance	Supplier / Partner	Manage supplier, vendor, or partner onboarding and compliance to keep external partners ready and compliant	new partner need, replenishment event, or contract change	procurement lead; vendor manager	controller; branch leader; operations executive	CRM | POS and Payments | HCM / Workforce Management | Service Management	email; PDF packets; checklist trackers	approve vendor, accept docs, and route work	operations to vendor and back-office teams	vendors; suppliers; partners	missing compliance items, delay, or contract mismatch	chase documents, swap counterparties, and resend the packet	High	Low	High	Medium	Medium	High	Low - generalized from Atlas workflow and outcome layer	CRM | POS and Payments | HCM / Workforce Management | Service Management	cycle-time delay; manual labor; exception cost; quality or revenue leakage	Not pursued	Pass	N/A	N/A	N/A	N/A	N/A	N/A	N/A	N/A	procurement lead
Other services, except government	Compliance, reporting, and audit support	Governance / Risk	Manage compliance, reporting, and audit support to maintain compliant records and reporting	reporting deadline, control review, or audit request	compliance lead; finance manager	controller; branch leader; operations executive	CRM | POS and Payments | HCM / Workforce Management | Service Management	PDF evidence packs; spreadsheets; email	approve controls, certify records, and remediate gaps	operations and finance to compliance and external review	regulators; auditors; funders	missing evidence, failed control, or filing inconsistency	assemble proof, remediate the gap, and resubmit the record	High	Medium	High	Medium	High	High	Low - generalized from Atlas workflow and outcome layer	CRM | POS and Payments | HCM / Workforce Management | Service Management	cycle-time delay; manual labor; exception cost; quality or revenue leakage	Not pursued	Pass	N/A	N/A	N/A	N/A	N/A	N/A	N/A	N/A	compliance lead
Other services, except government	Exception, dispute, and recovery handling	Recovery	Manage exception, dispute, and recovery handling to resolve deviations before they miss the economic deadline	deviation, mismatch, dispute, or blocked step	operations analyst; specialist; manager	controller; branch leader; operations executive	CRM | POS and Payments | HCM / Workforce Management | Service Management	spreadsheets; email; calls; case notes	diagnose cause, choose correction, and resubmit	front-line teams to specialists and approvers	counterparties; clients; vendors; internal approvers	distributed error states, manual evidence gathering, and unclear ownership	diagnosis, evidence gathering, correction, approval, resubmission, and closure	High	High	High	High	High	High	Low - generalized from Atlas workflow and outcome layer	CRM | POS and Payments | HCM / Workforce Management | Service Management	cycle-time delay; manual labor; exception cost; quality or revenue leakage	Supporting workflow	Pass	N/A	N/A	N/A	N/A	N/A	N/A	N/A	N/A	operations analyst
Securities, commodity contracts, and investments	Client Onboarding and KYC	Customer / Participant	Manage client onboarding and kyc to keep stakeholder communication and follow-through intact	customer request, service milestone, or escalation	account manager; service lead	COO; CFO; head of operations	Portfolio and Order Management | Trading and Market Data | CRM | Investor Reporting and Performance	email; calls; ticket notes	respond, escalate, or resolve service issues	service or operations to stakeholder-facing teams	customers; clients; participants	stale follow-up, unresolved request, or churn-risk escalation	collect context, escalate ownership, and re-engage the stakeholder	Medium	Low	High	Low	Medium	High	Low - generalized from Atlas workflow and outcome layer	Portfolio and Order Management | Trading and Market Data | CRM | Investor Reporting and Performance	cycle-time delay; manual labor; exception cost; quality or revenue leakage	Not pursued	Pass	N/A	N/A	N/A	N/A	N/A	N/A	N/A	N/A	account manager
Securities, commodity contracts, and investments	Portfolio and Order Management	Operational	Manage portfolio and order management to execute the recurring workflow reliably	scheduled operational work or live transaction flow	operations manager; supervisor	COO; CFO; head of operations	Portfolio and Order Management | Trading and Market Data | CRM | Investor Reporting and Performance	calls; chat; shared trackers	sequence work, allocate resources, and escalate blockers	operations to downstream finance or service teams	internal teams; service partners; operators	capacity conflict, execution miss, or missing status context	triage blocker, resequence work, and update commitments	Medium	Low	Medium	Medium	Medium	High	Low - generalized from Atlas workflow and outcome layer	Portfolio and Order Management | Trading and Market Data | CRM | Investor Reporting and Performance	cycle-time delay; manual labor; exception cost; quality or revenue leakage	Not pursued	Pass	N/A	N/A	N/A	N/A	N/A	N/A	N/A	N/A	operations manager
Securities, commodity contracts, and investments	Trade Execution and Settlement	Financial	Manage trade execution and settlement to complete the financial cycle accurately and on time	billing cycle, settlement event, or period close	controller; finance manager; billing specialist	COO; CFO; head of operations	Portfolio and Order Management | Trading and Market Data | CRM | Investor Reporting and Performance	spreadsheets; email; exported reports	post, settle, approve, dispute, or close	operations to finance to counterparty	customers; payers; counterparties	posting mismatch, settlement break, or disputed amount	reconcile records, correct the transaction, and reclose	High	High	High	High	High	High	Low - generalized from Atlas workflow and outcome layer	Portfolio and Order Management | Trading and Market Data | CRM | Investor Reporting and Performance	cycle-time delay; manual labor; exception cost; quality or revenue leakage	Supporting workflow	Pass	N/A	N/A	N/A	N/A	N/A	N/A	N/A	N/A	controller
Securities, commodity contracts, and investments	Risk and Compliance Surveillance	Governance / Risk	Manage risk and compliance surveillance to maintain compliant records and reporting	reporting deadline, control review, or audit request	compliance lead; finance manager	COO; CFO; head of operations	Portfolio and Order Management | Trading and Market Data | CRM | Investor Reporting and Performance	PDF evidence packs; spreadsheets; email	approve controls, certify records, and remediate gaps	operations and finance to compliance and external review	regulators; auditors; funders	missing evidence, failed control, or filing inconsistency	assemble proof, remediate the gap, and resubmit the record	High	Medium	High	Medium	High	High	Low - generalized from Atlas workflow and outcome layer	Portfolio and Order Management | Trading and Market Data | CRM | Investor Reporting and Performance	cycle-time delay; manual labor; exception cost; quality or revenue leakage	Not pursued	Pass	N/A	N/A	N/A	N/A	N/A	N/A	N/A	N/A	compliance lead
Securities, commodity contracts, and investments	Investor Reporting and Performance	Customer / Participant	Manage investor reporting and performance to keep stakeholder communication and follow-through intact	customer request, service milestone, or escalation	account manager; service lead	COO; CFO; head of operations	Portfolio and Order Management | Trading and Market Data | CRM | Investor Reporting and Performance	email; calls; ticket notes	respond, escalate, or resolve service issues	service or operations to stakeholder-facing teams	customers; clients; participants	stale follow-up, unresolved request, or churn-risk escalation	collect context, escalate ownership, and re-engage the stakeholder	Medium	Low	High	Low	Medium	High	Low - generalized from Atlas workflow and outcome layer	Portfolio and Order Management | Trading and Market Data | CRM | Investor Reporting and Performance	cycle-time delay; manual labor; exception cost; quality or revenue leakage	Not pursued	Pass	N/A	N/A	N/A	N/A	N/A	N/A	N/A	N/A	account manager
Securities, commodity contracts, and investments	Trade execution, settlement, and books-and-records exceptions	Recovery	Manage trade execution, settlement, and books-and-records exceptions to resolve deviations before they miss the economic deadline	deviation, mismatch, dispute, or blocked step	operations analyst; specialist; manager	COO; CFO; head of operations	Portfolio and Order Management | Trading and Market Data | CRM | Investor Reporting and Performance	spreadsheets; email; calls; case notes	diagnose cause, choose correction, and resubmit	front-line teams to specialists and approvers	counterparties; clients; vendors; internal approvers	distributed error states, manual evidence gathering, and unclear ownership	diagnosis, evidence gathering, correction, approval, resubmission, and closure	High	High	High	High	High	High	Medium - prior full-pass evidence	Portfolio and Order Management | Trading and Market Data | CRM | Investor Reporting and Performance	cycle-time delay; manual labor; exception cost; quality or revenue leakage	MERGE->W-004	Pass	Pass	Pass	Pass	Pass	Pass	Pass	Pass	MERGE	operations analyst
Securities, commodity contracts, and investments	Lead, intake, and qualification management	Commercial	Manage lead, intake, and qualification management to qualify demand and set the workflow up cleanly	new opportunity, intake, or renewal event	account lead; commercial manager	COO; CFO; head of operations	Portfolio and Order Management | Trading and Market Data | CRM | Investor Reporting and Performance	email; shared docs; spreadsheets	approve terms, scope, and go/no-go path	commercial to operations and finance	customers; counterparties; prospects	missing information, misconfigured setup, or counterparty delay	request clarification, correct setup, and restage the workflow	Medium	Medium	High	Medium	Medium	High	Low - generalized from Atlas workflow and outcome layer	Portfolio and Order Management | Trading and Market Data | CRM | Investor Reporting and Performance	cycle-time delay; manual labor; exception cost; quality or revenue leakage	Not pursued	Pass	N/A	N/A	N/A	N/A	N/A	N/A	N/A	N/A	account lead
Securities, commodity contracts, and investments	Workforce planning, assignment, and time capture	Workforce	Manage workforce planning, assignment, and time capture to keep people assignment and time flow accurate	staffing need, schedule change, or pay-period cutoff	workforce manager; scheduler; payroll lead	COO; CFO; head of operations	Portfolio and Order Management | Trading and Market Data | CRM | Investor Reporting and Performance	email; spreadsheets; portal checks	assign staff, approve time, and resolve exceptions	staffing or site teams to payroll and finance	employees; contractors; site leaders	missing approvals, bad assignment data, or pay-period mismatch	chase approval, restage records, and rerun the cycle	High	Medium	High	High	High	High	Low - generalized from Atlas workflow and outcome layer	Portfolio and Order Management | Trading and Market Data | CRM | Investor Reporting and Performance	cycle-time delay; manual labor; exception cost; quality or revenue leakage	Not pursued	Pass	N/A	N/A	N/A	N/A	N/A	N/A	N/A	N/A	workforce manager
Securities, commodity contracts, and investments	Supplier, vendor, or partner onboarding and compliance	Supplier / Partner	Manage supplier, vendor, or partner onboarding and compliance to keep external partners ready and compliant	new partner need, replenishment event, or contract change	procurement lead; vendor manager	COO; CFO; head of operations	Portfolio and Order Management | Trading and Market Data | CRM | Investor Reporting and Performance	email; PDF packets; checklist trackers	approve vendor, accept docs, and route work	operations to vendor and back-office teams	vendors; suppliers; partners	missing compliance items, delay, or contract mismatch	chase documents, swap counterparties, and resend the packet	High	Low	High	Medium	Medium	High	Low - generalized from Atlas workflow and outcome layer	Portfolio and Order Management | Trading and Market Data | CRM | Investor Reporting and Performance	cycle-time delay; manual labor; exception cost; quality or revenue leakage	Not pursued	Pass	N/A	N/A	N/A	N/A	N/A	N/A	N/A	N/A	procurement lead
Chemical products	Material Sourcing	Supplier / Partner	Manage material sourcing to keep external partners ready and compliant	new partner need, replenishment event, or contract change	procurement lead; vendor manager	plant or business-unit leader; controller; operations head	ERP | Industrial Automation and SCADA | Manufacturing Execution System | Maintenance Management	email; PDF packets; checklist trackers	approve vendor, accept docs, and route work	operations to vendor and back-office teams	vendors; suppliers; partners	missing compliance items, delay, or contract mismatch	chase documents, swap counterparties, and resend the packet	High	Low	High	Medium	Medium	High	Low - generalized from Atlas workflow and outcome layer	ERP | Industrial Automation and SCADA | Manufacturing Execution System | Maintenance Management	cycle-time delay; manual labor; exception cost; quality or revenue leakage	Not pursued	Pass	N/A	N/A	N/A	N/A	N/A	N/A	N/A	N/A	procurement lead
Chemical products	Production Planning and Process Control	Operational	Manage production planning and process control to execute the recurring workflow reliably	scheduled operational work or live transaction flow	operations manager; supervisor	plant or business-unit leader; controller; operations head	ERP | Industrial Automation and SCADA | Manufacturing Execution System | Maintenance Management	calls; chat; shared trackers	sequence work, allocate resources, and escalate blockers	operations to downstream finance or service teams	internal teams; service partners; operators	capacity conflict, execution miss, or missing status context	triage blocker, resequence work, and update commitments	Medium	Low	Medium	Medium	Medium	High	Low - generalized from Atlas workflow and outcome layer	ERP | Industrial Automation and SCADA | Manufacturing Execution System | Maintenance Management	cycle-time delay; manual labor; exception cost; quality or revenue leakage	Not pursued	Pass	N/A	N/A	N/A	N/A	N/A	N/A	N/A	N/A	operations manager
Chemical products	Quality, Safety, and Environmental Management	Governance / Risk	Manage quality, safety, and environmental management to maintain compliant records and reporting	reporting deadline, control review, or audit request	compliance lead; finance manager	plant or business-unit leader; controller; operations head	ERP | Industrial Automation and SCADA | Manufacturing Execution System | Maintenance Management	PDF evidence packs; spreadsheets; email	approve controls, certify records, and remediate gaps	operations and finance to compliance and external review	regulators; auditors; funders	missing evidence, failed control, or filing inconsistency	assemble proof, remediate the gap, and resubmit the record	High	Medium	High	Medium	High	High	Low - generalized from Atlas workflow and outcome layer	ERP | Industrial Automation and SCADA | Manufacturing Execution System | Maintenance Management	cycle-time delay; manual labor; exception cost; quality or revenue leakage	Not pursued	Pass	N/A	N/A	N/A	N/A	N/A	N/A	N/A	N/A	compliance lead
Chemical products	Order Management and Fulfillment	Operational	Manage order management and fulfillment to execute the recurring workflow reliably	scheduled operational work or live transaction flow	operations manager; supervisor	plant or business-unit leader; controller; operations head	ERP | Industrial Automation and SCADA | Manufacturing Execution System | Maintenance Management	calls; chat; shared trackers	sequence work, allocate resources, and escalate blockers	operations to downstream finance or service teams	internal teams; service partners; operators	capacity conflict, execution miss, or missing status context	triage blocker, resequence work, and update commitments	Medium	Low	Medium	Medium	Medium	High	Low - generalized from Atlas workflow and outcome layer	ERP | Industrial Automation and SCADA | Manufacturing Execution System | Maintenance Management	cycle-time delay; manual labor; exception cost; quality or revenue leakage	Not pursued	Pass	N/A	N/A	N/A	N/A	N/A	N/A	N/A	N/A	operations manager
Chemical products	Contract and Margin Management	Financial	Manage contract and margin management to complete the financial cycle accurately and on time	billing cycle, settlement event, or period close	controller; finance manager; billing specialist	plant or business-unit leader; controller; operations head	ERP | Industrial Automation and SCADA | Manufacturing Execution System | Maintenance Management	spreadsheets; email; exported reports	post, settle, approve, dispute, or close	operations to finance to counterparty	customers; payers; counterparties	posting mismatch, settlement break, or disputed amount	reconcile records, correct the transaction, and reclose	High	High	High	High	High	High	Low-Medium - prior full-pass evidence	ERP | Industrial Automation and SCADA | Manufacturing Execution System | Maintenance Management	cycle-time delay; manual labor; exception cost; quality or revenue leakage	KILL-candidate	Pass	Borderline	Pass	Pass	Borderline	Fail	Borderline	Fail	Pass	controller
Chemical products	Lead, intake, and qualification management	Commercial	Manage lead, intake, and qualification management to qualify demand and set the workflow up cleanly	new opportunity, intake, or renewal event	account lead; commercial manager	plant or business-unit leader; controller; operations head	ERP | Industrial Automation and SCADA | Manufacturing Execution System | Maintenance Management	email; shared docs; spreadsheets	approve terms, scope, and go/no-go path	commercial to operations and finance	customers; counterparties; prospects	missing information, misconfigured setup, or counterparty delay	request clarification, correct setup, and restage the workflow	Medium	Medium	High	Medium	Medium	High	Low - generalized from Atlas workflow and outcome layer	ERP | Industrial Automation and SCADA | Manufacturing Execution System | Maintenance Management	cycle-time delay; manual labor; exception cost; quality or revenue leakage	Not pursued	Pass	N/A	N/A	N/A	N/A	N/A	N/A	N/A	N/A	account lead
Chemical products	Workforce planning, assignment, and time capture	Workforce	Manage workforce planning, assignment, and time capture to keep people assignment and time flow accurate	staffing need, schedule change, or pay-period cutoff	workforce manager; scheduler; payroll lead	plant or business-unit leader; controller; operations head	ERP | Industrial Automation and SCADA | Manufacturing Execution System | Maintenance Management	email; spreadsheets; portal checks	assign staff, approve time, and resolve exceptions	staffing or site teams to payroll and finance	employees; contractors; site leaders	missing approvals, bad assignment data, or pay-period mismatch	chase approval, restage records, and rerun the cycle	High	Medium	High	High	High	High	Low - generalized from Atlas workflow and outcome layer	ERP | Industrial Automation and SCADA | Manufacturing Execution System | Maintenance Management	cycle-time delay; manual labor; exception cost; quality or revenue leakage	Not pursued	Pass	N/A	N/A	N/A	N/A	N/A	N/A	N/A	N/A	workforce manager
Chemical products	Customer, participant, or stakeholder communication and escalation	Customer / Participant	Manage customer, participant, or stakeholder communication and escalation to keep stakeholder communication and follow-through intact	customer request, service milestone, or escalation	account manager; service lead	plant or business-unit leader; controller; operations head	ERP | Industrial Automation and SCADA | Manufacturing Execution System | Maintenance Management	email; calls; ticket notes	respond, escalate, or resolve service issues	service or operations to stakeholder-facing teams	customers; clients; participants	stale follow-up, unresolved request, or churn-risk escalation	collect context, escalate ownership, and re-engage the stakeholder	Medium	Low	High	Low	Medium	High	Low - generalized from Atlas workflow and outcome layer	ERP | Industrial Automation and SCADA | Manufacturing Execution System | Maintenance Management	cycle-time delay; manual labor; exception cost; quality or revenue leakage	Not pursued	Pass	N/A	N/A	N/A	N/A	N/A	N/A	N/A	N/A	account manager
Chemical products	Exception, dispute, and recovery handling	Recovery	Manage exception, dispute, and recovery handling to resolve deviations before they miss the economic deadline	deviation, mismatch, dispute, or blocked step	operations analyst; specialist; manager	plant or business-unit leader; controller; operations head	ERP | Industrial Automation and SCADA | Manufacturing Execution System | Maintenance Management	spreadsheets; email; calls; case notes	diagnose cause, choose correction, and resubmit	front-line teams to specialists and approvers	counterparties; clients; vendors; internal approvers	distributed error states, manual evidence gathering, and unclear ownership	diagnosis, evidence gathering, correction, approval, resubmission, and closure	High	High	High	High	High	High	Low - generalized from Atlas workflow and outcome layer	ERP | Industrial Automation and SCADA | Manufacturing Execution System | Maintenance Management	cycle-time delay; manual labor; exception cost; quality or revenue leakage	Supporting workflow	Pass	N/A	N/A	N/A	N/A	N/A	N/A	N/A	N/A	operations analyst
Data processing, internet publishing, and other information services	Infrastructure Capacity Planning	Operational	Manage infrastructure capacity planning to execute the recurring workflow reliably	scheduled operational work or live transaction flow	operations manager; supervisor	finance leader; revenue operations leader; COO	Cloud Infrastructure and IT Operations | CRM | Service Management | Billing and Subscription Management	calls; chat; shared trackers	sequence work, allocate resources, and escalate blockers	operations to downstream finance or service teams	internal teams; service partners; operators	capacity conflict, execution miss, or missing status context	triage blocker, resequence work, and update commitments	Medium	Low	Medium	Medium	Medium	High	Low - generalized from Atlas workflow and outcome layer	Cloud Infrastructure and IT Operations | CRM | Service Management | Billing and Subscription Management	cycle-time delay; manual labor; exception cost; quality or revenue leakage	Not pursued	Pass	N/A	N/A	N/A	N/A	N/A	N/A	N/A	N/A	operations manager
Data processing, internet publishing, and other information services	Product and Content Release Management	Operational	Manage product and content release management to execute the recurring workflow reliably	scheduled operational work or live transaction flow	operations manager; supervisor	finance leader; revenue operations leader; COO	Cloud Infrastructure and IT Operations | CRM | Service Management | Billing and Subscription Management	calls; chat; shared trackers	sequence work, allocate resources, and escalate blockers	operations to downstream finance or service teams	internal teams; service partners; operators	capacity conflict, execution miss, or missing status context	triage blocker, resequence work, and update commitments	Medium	Low	Medium	Medium	Medium	High	Low - generalized from Atlas workflow and outcome layer	Cloud Infrastructure and IT Operations | CRM | Service Management | Billing and Subscription Management	cycle-time delay; manual labor; exception cost; quality or revenue leakage	Not pursued	Pass	N/A	N/A	N/A	N/A	N/A	N/A	N/A	N/A	operations manager
Data processing, internet publishing, and other information services	Customer Acquisition and Onboarding	Customer / Participant	Manage customer acquisition and onboarding to keep stakeholder communication and follow-through intact	customer request, service milestone, or escalation	account manager; service lead	finance leader; revenue operations leader; COO	Cloud Infrastructure and IT Operations | CRM | Service Management | Billing and Subscription Management	email; calls; ticket notes	respond, escalate, or resolve service issues	service or operations to stakeholder-facing teams	customers; clients; participants	stale follow-up, unresolved request, or churn-risk escalation	collect context, escalate ownership, and re-engage the stakeholder	Medium	Low	High	Low	Medium	High	Low - generalized from Atlas workflow and outcome layer	Cloud Infrastructure and IT Operations | CRM | Service Management | Billing and Subscription Management	cycle-time delay; manual labor; exception cost; quality or revenue leakage	Not pursued	Pass	N/A	N/A	N/A	N/A	N/A	N/A	N/A	N/A	account manager
Data processing, internet publishing, and other information services	Usage Billing and Monetization	Financial	Manage usage billing and monetization to complete the financial cycle accurately and on time	billing cycle, settlement event, or period close	controller; finance manager; billing specialist	finance leader; revenue operations leader; COO	Cloud Infrastructure and IT Operations | CRM | Service Management | Billing and Subscription Management	spreadsheets; email; exported reports	post, settle, approve, dispute, or close	operations to finance to counterparty	customers; payers; counterparties	posting mismatch, settlement break, or disputed amount	reconcile records, correct the transaction, and reclose	High	High	High	High	High	High	Low-Medium - prior full-pass evidence	Cloud Infrastructure and IT Operations | CRM | Service Management | Billing and Subscription Management	cycle-time delay; manual labor; exception cost; quality or revenue leakage	KILL-candidate	Pass	Borderline	Pass	Pass	Borderline	Fail	Borderline	Fail	Pass	controller
Data processing, internet publishing, and other information services	Reliability and Security Operations	Operational	Manage reliability and security operations to execute the recurring workflow reliably	scheduled operational work or live transaction flow	operations manager; supervisor	finance leader; revenue operations leader; COO	Cloud Infrastructure and IT Operations | CRM | Service Management | Billing and Subscription Management	calls; chat; shared trackers	sequence work, allocate resources, and escalate blockers	operations to downstream finance or service teams	internal teams; service partners; operators	capacity conflict, execution miss, or missing status context	triage blocker, resequence work, and update commitments	Medium	Low	Medium	Medium	Medium	High	Low - generalized from Atlas workflow and outcome layer	Cloud Infrastructure and IT Operations | CRM | Service Management | Billing and Subscription Management	cycle-time delay; manual labor; exception cost; quality or revenue leakage	Not pursued	Pass	N/A	N/A	N/A	N/A	N/A	N/A	N/A	N/A	operations manager
Data processing, internet publishing, and other information services	Lead, intake, and qualification management	Commercial	Manage lead, intake, and qualification management to qualify demand and set the workflow up cleanly	new opportunity, intake, or renewal event	account lead; commercial manager	finance leader; revenue operations leader; COO	Cloud Infrastructure and IT Operations | CRM | Service Management | Billing and Subscription Management	email; shared docs; spreadsheets	approve terms, scope, and go/no-go path	commercial to operations and finance	customers; counterparties; prospects	missing information, misconfigured setup, or counterparty delay	request clarification, correct setup, and restage the workflow	Medium	Medium	High	Medium	Medium	High	Low - generalized from Atlas workflow and outcome layer	Cloud Infrastructure and IT Operations | CRM | Service Management | Billing and Subscription Management	cycle-time delay; manual labor; exception cost; quality or revenue leakage	Not pursued	Pass	N/A	N/A	N/A	N/A	N/A	N/A	N/A	N/A	account lead
Data processing, internet publishing, and other information services	Workforce planning, assignment, and time capture	Workforce	Manage workforce planning, assignment, and time capture to keep people assignment and time flow accurate	staffing need, schedule change, or pay-period cutoff	workforce manager; scheduler; payroll lead	finance leader; revenue operations leader; COO	Cloud Infrastructure and IT Operations | CRM | Service Management | Billing and Subscription Management	email; spreadsheets; portal checks	assign staff, approve time, and resolve exceptions	staffing or site teams to payroll and finance	employees; contractors; site leaders	missing approvals, bad assignment data, or pay-period mismatch	chase approval, restage records, and rerun the cycle	High	Medium	High	High	High	High	Low - generalized from Atlas workflow and outcome layer	Cloud Infrastructure and IT Operations | CRM | Service Management | Billing and Subscription Management	cycle-time delay; manual labor; exception cost; quality or revenue leakage	Not pursued	Pass	N/A	N/A	N/A	N/A	N/A	N/A	N/A	N/A	workforce manager
Data processing, internet publishing, and other information services	Supplier, vendor, or partner onboarding and compliance	Supplier / Partner	Manage supplier, vendor, or partner onboarding and compliance to keep external partners ready and compliant	new partner need, replenishment event, or contract change	procurement lead; vendor manager	finance leader; revenue operations leader; COO	Cloud Infrastructure and IT Operations | CRM | Service Management | Billing and Subscription Management	email; PDF packets; checklist trackers	approve vendor, accept docs, and route work	operations to vendor and back-office teams	vendors; suppliers; partners	missing compliance items, delay, or contract mismatch	chase documents, swap counterparties, and resend the packet	High	Low	High	Medium	Medium	High	Low - generalized from Atlas workflow and outcome layer	Cloud Infrastructure and IT Operations | CRM | Service Management | Billing and Subscription Management	cycle-time delay; manual labor; exception cost; quality or revenue leakage	Not pursued	Pass	N/A	N/A	N/A	N/A	N/A	N/A	N/A	N/A	procurement lead
Data processing, internet publishing, and other information services	Compliance, reporting, and audit support	Governance / Risk	Manage compliance, reporting, and audit support to maintain compliant records and reporting	reporting deadline, control review, or audit request	compliance lead; finance manager	finance leader; revenue operations leader; COO	Cloud Infrastructure and IT Operations | CRM | Service Management | Billing and Subscription Management	PDF evidence packs; spreadsheets; email	approve controls, certify records, and remediate gaps	operations and finance to compliance and external review	regulators; auditors; funders	missing evidence, failed control, or filing inconsistency	assemble proof, remediate the gap, and resubmit the record	High	Medium	High	Medium	High	High	Low - generalized from Atlas workflow and outcome layer	Cloud Infrastructure and IT Operations | CRM | Service Management | Billing and Subscription Management	cycle-time delay; manual labor; exception cost; quality or revenue leakage	Not pursued	Pass	N/A	N/A	N/A	N/A	N/A	N/A	N/A	N/A	compliance lead
Data processing, internet publishing, and other information services	Exception, dispute, and recovery handling	Recovery	Manage exception, dispute, and recovery handling to resolve deviations before they miss the economic deadline	deviation, mismatch, dispute, or blocked step	operations analyst; specialist; manager	finance leader; revenue operations leader; COO	Cloud Infrastructure and IT Operations | CRM | Service Management | Billing and Subscription Management	spreadsheets; email; calls; case notes	diagnose cause, choose correction, and resubmit	front-line teams to specialists and approvers	counterparties; clients; vendors; internal approvers	distributed error states, manual evidence gathering, and unclear ownership	diagnosis, evidence gathering, correction, approval, resubmission, and closure	High	High	High	High	High	High	Low - generalized from Atlas workflow and outcome layer	Cloud Infrastructure and IT Operations | CRM | Service Management | Billing and Subscription Management	cycle-time delay; manual labor; exception cost; quality or revenue leakage	Supporting workflow	Pass	N/A	N/A	N/A	N/A	N/A	N/A	N/A	N/A	operations analyst
Broadcasting and telecommunications	Network Planning and Capital Management	Operational	Manage network planning and capital management to execute the recurring workflow reliably	scheduled operational work or live transaction flow	operations manager; supervisor	operations executive; finance leader; regulatory head	Network OSS/BSS | Billing and Subscription Management | CRM	calls; chat; shared trackers	sequence work, allocate resources, and escalate blockers	operations to downstream finance or service teams	internal teams; service partners; operators	capacity conflict, execution miss, or missing status context	triage blocker, resequence work, and update commitments	Medium	Low	Medium	Medium	Medium	High	Low - generalized from Atlas workflow and outcome layer	Network OSS/BSS | Billing and Subscription Management | CRM	cycle-time delay; manual labor; exception cost; quality or revenue leakage	Not pursued	Pass	N/A	N/A	N/A	N/A	N/A	N/A	N/A	N/A	operations manager
Broadcasting and telecommunications	Service Provisioning and Activation	Operational	Manage service provisioning and activation to execute the recurring workflow reliably	scheduled operational work or live transaction flow	operations manager; supervisor	operations executive; finance leader; regulatory head	Network OSS/BSS | Billing and Subscription Management | CRM	calls; chat; shared trackers	sequence work, allocate resources, and escalate blockers	operations to downstream finance or service teams	internal teams; service partners; operators	capacity conflict, execution miss, or missing status context	triage blocker, resequence work, and update commitments	Medium	Low	Medium	Medium	Medium	High	Low - generalized from Atlas workflow and outcome layer	Network OSS/BSS | Billing and Subscription Management | CRM	cycle-time delay; manual labor; exception cost; quality or revenue leakage	Not pursued	Pass	N/A	N/A	N/A	N/A	N/A	N/A	N/A	N/A	operations manager
Broadcasting and telecommunications	Content and Service Operations	Operational	Manage content and service operations to execute the recurring workflow reliably	scheduled operational work or live transaction flow	operations manager; supervisor	operations executive; finance leader; regulatory head	Network OSS/BSS | Billing and Subscription Management | CRM	calls; chat; shared trackers	sequence work, allocate resources, and escalate blockers	operations to downstream finance or service teams	internal teams; service partners; operators	capacity conflict, execution miss, or missing status context	triage blocker, resequence work, and update commitments	Medium	Low	Medium	Medium	Medium	High	Low - generalized from Atlas workflow and outcome layer	Network OSS/BSS | Billing and Subscription Management | CRM	cycle-time delay; manual labor; exception cost; quality or revenue leakage	Not pursued	Pass	N/A	N/A	N/A	N/A	N/A	N/A	N/A	N/A	operations manager
Broadcasting and telecommunications	Billing and Collections	Financial	Manage billing and collections to complete the financial cycle accurately and on time	billing cycle, settlement event, or period close	controller; finance manager; billing specialist	operations executive; finance leader; regulatory head	Network OSS/BSS | Billing and Subscription Management | CRM	spreadsheets; email; exported reports	post, settle, approve, dispute, or close	operations to finance to counterparty	customers; payers; counterparties	posting mismatch, settlement break, or disputed amount	reconcile records, correct the transaction, and reclose	High	High	High	High	High	High	Low - generalized from Atlas workflow and outcome layer	Network OSS/BSS | Billing and Subscription Management | CRM	cycle-time delay; manual labor; exception cost; quality or revenue leakage	Supporting workflow	Pass	N/A	N/A	N/A	N/A	N/A	N/A	N/A	N/A	controller
Broadcasting and telecommunications	Outage and Regulatory Management	Recovery	Manage outage and regulatory management to resolve deviations before they miss the economic deadline	deviation, mismatch, dispute, or blocked step	operations analyst; specialist; manager	operations executive; finance leader; regulatory head	Network OSS/BSS | Billing and Subscription Management | CRM	spreadsheets; email; calls; case notes	diagnose cause, choose correction, and resubmit	front-line teams to specialists and approvers	counterparties; clients; vendors; internal approvers	distributed error states, manual evidence gathering, and unclear ownership	diagnosis, evidence gathering, correction, approval, resubmission, and closure	High	High	High	High	High	High	Low-Medium - prior full-pass evidence	Network OSS/BSS | Billing and Subscription Management | CRM	cycle-time delay; manual labor; exception cost; quality or revenue leakage	KILL-candidate	Pass	Borderline	Pass	Pass	Borderline	Fail	Borderline	Fail	Pass	operations analyst
Broadcasting and telecommunications	Lead, intake, and qualification management	Commercial	Manage lead, intake, and qualification management to qualify demand and set the workflow up cleanly	new opportunity, intake, or renewal event	account lead; commercial manager	operations executive; finance leader; regulatory head	Network OSS/BSS | Billing and Subscription Management | CRM	email; shared docs; spreadsheets	approve terms, scope, and go/no-go path	commercial to operations and finance	customers; counterparties; prospects	missing information, misconfigured setup, or counterparty delay	request clarification, correct setup, and restage the workflow	Medium	Medium	High	Medium	Medium	High	Low - generalized from Atlas workflow and outcome layer	Network OSS/BSS | Billing and Subscription Management | CRM	cycle-time delay; manual labor; exception cost; quality or revenue leakage	Not pursued	Pass	N/A	N/A	N/A	N/A	N/A	N/A	N/A	N/A	account lead
Broadcasting and telecommunications	Workforce planning, assignment, and time capture	Workforce	Manage workforce planning, assignment, and time capture to keep people assignment and time flow accurate	staffing need, schedule change, or pay-period cutoff	workforce manager; scheduler; payroll lead	operations executive; finance leader; regulatory head	Network OSS/BSS | Billing and Subscription Management | CRM	email; spreadsheets; portal checks	assign staff, approve time, and resolve exceptions	staffing or site teams to payroll and finance	employees; contractors; site leaders	missing approvals, bad assignment data, or pay-period mismatch	chase approval, restage records, and rerun the cycle	High	Medium	High	High	High	High	Low - generalized from Atlas workflow and outcome layer	Network OSS/BSS | Billing and Subscription Management | CRM	cycle-time delay; manual labor; exception cost; quality or revenue leakage	Not pursued	Pass	N/A	N/A	N/A	N/A	N/A	N/A	N/A	N/A	workforce manager
Broadcasting and telecommunications	Supplier, vendor, or partner onboarding and compliance	Supplier / Partner	Manage supplier, vendor, or partner onboarding and compliance to keep external partners ready and compliant	new partner need, replenishment event, or contract change	procurement lead; vendor manager	operations executive; finance leader; regulatory head	Network OSS/BSS | Billing and Subscription Management | CRM	email; PDF packets; checklist trackers	approve vendor, accept docs, and route work	operations to vendor and back-office teams	vendors; suppliers; partners	missing compliance items, delay, or contract mismatch	chase documents, swap counterparties, and resend the packet	High	Low	High	Medium	Medium	High	Low - generalized from Atlas workflow and outcome layer	Network OSS/BSS | Billing and Subscription Management | CRM	cycle-time delay; manual labor; exception cost; quality or revenue leakage	Not pursued	Pass	N/A	N/A	N/A	N/A	N/A	N/A	N/A	N/A	procurement lead
Broadcasting and telecommunications	Customer, participant, or stakeholder communication and escalation	Customer / Participant	Manage customer, participant, or stakeholder communication and escalation to keep stakeholder communication and follow-through intact	customer request, service milestone, or escalation	account manager; service lead	operations executive; finance leader; regulatory head	Network OSS/BSS | Billing and Subscription Management | CRM	email; calls; ticket notes	respond, escalate, or resolve service issues	service or operations to stakeholder-facing teams	customers; clients; participants	stale follow-up, unresolved request, or churn-risk escalation	collect context, escalate ownership, and re-engage the stakeholder	Medium	Low	High	Low	Medium	High	Low - generalized from Atlas workflow and outcome layer	Network OSS/BSS | Billing and Subscription Management | CRM	cycle-time delay; manual labor; exception cost; quality or revenue leakage	Not pursued	Pass	N/A	N/A	N/A	N/A	N/A	N/A	N/A	N/A	account manager
Broadcasting and telecommunications	Compliance, reporting, and audit support	Governance / Risk	Manage compliance, reporting, and audit support to maintain compliant records and reporting	reporting deadline, control review, or audit request	compliance lead; finance manager	operations executive; finance leader; regulatory head	Network OSS/BSS | Billing and Subscription Management | CRM	PDF evidence packs; spreadsheets; email	approve controls, certify records, and remediate gaps	operations and finance to compliance and external review	regulators; auditors; funders	missing evidence, failed control, or filing inconsistency	assemble proof, remediate the gap, and resubmit the record	High	Medium	High	Medium	High	High	Low - generalized from Atlas workflow and outcome layer	Network OSS/BSS | Billing and Subscription Management | CRM	cycle-time delay; manual labor; exception cost; quality or revenue leakage	Not pursued	Pass	N/A	N/A	N/A	N/A	N/A	N/A	N/A	N/A	compliance lead
Management of companies and enterprises	Capital Allocation and Planning	Operational	Manage capital allocation and planning to execute the recurring workflow reliably	scheduled operational work or live transaction flow	operations manager; supervisor	CFO; COO; shared-services leader	EPM and Financial Consolidation | ERP | HCM / Workforce Management | Service Management	calls; chat; shared trackers	sequence work, allocate resources, and escalate blockers	operations to downstream finance or service teams	internal teams; service partners; operators	capacity conflict, execution miss, or missing status context	triage blocker, resequence work, and update commitments	Medium	Low	Medium	Medium	Medium	High	Low - generalized from Atlas workflow and outcome layer	EPM and Financial Consolidation | ERP | HCM / Workforce Management | Service Management	cycle-time delay; manual labor; exception cost; quality or revenue leakage	Not pursued	Pass	N/A	N/A	N/A	N/A	N/A	N/A	N/A	N/A	operations manager
Management of companies and enterprises	Financial Consolidation	Operational	Manage financial consolidation to execute the recurring workflow reliably	scheduled operational work or live transaction flow	operations manager; supervisor	CFO; COO; shared-services leader	EPM and Financial Consolidation | ERP | HCM / Workforce Management | Service Management	calls; chat; shared trackers	sequence work, allocate resources, and escalate blockers	operations to downstream finance or service teams	internal teams; service partners; operators	capacity conflict, execution miss, or missing status context	triage blocker, resequence work, and update commitments	Medium	Low	Medium	Medium	Medium	High	Low - generalized from Atlas workflow and outcome layer	EPM and Financial Consolidation | ERP | HCM / Workforce Management | Service Management	cycle-time delay; manual labor; exception cost; quality or revenue leakage	Not pursued	Pass	N/A	N/A	N/A	N/A	N/A	N/A	N/A	N/A	operations manager
Management of companies and enterprises	Governance and Risk Review	Operational	Manage governance and risk review to execute the recurring workflow reliably	scheduled operational work or live transaction flow	operations manager; supervisor	CFO; COO; shared-services leader	EPM and Financial Consolidation | ERP | HCM / Workforce Management | Service Management	calls; chat; shared trackers	sequence work, allocate resources, and escalate blockers	operations to downstream finance or service teams	internal teams; service partners; operators	capacity conflict, execution miss, or missing status context	triage blocker, resequence work, and update commitments	Medium	Low	Medium	Medium	Medium	High	Low - generalized from Atlas workflow and outcome layer	EPM and Financial Consolidation | ERP | HCM / Workforce Management | Service Management	cycle-time delay; manual labor; exception cost; quality or revenue leakage	Not pursued	Pass	N/A	N/A	N/A	N/A	N/A	N/A	N/A	N/A	operations manager
Management of companies and enterprises	Shared Service Operations	Operational	Manage shared service operations to execute the recurring workflow reliably	scheduled operational work or live transaction flow	operations manager; supervisor	CFO; COO; shared-services leader	EPM and Financial Consolidation | ERP | HCM / Workforce Management | Service Management	calls; chat; shared trackers	sequence work, allocate resources, and escalate blockers	operations to downstream finance or service teams	internal teams; service partners; operators	capacity conflict, execution miss, or missing status context	triage blocker, resequence work, and update commitments	Medium	Low	Medium	Medium	Medium	High	Low-Medium - prior full-pass evidence	EPM and Financial Consolidation | ERP | HCM / Workforce Management | Service Management	cycle-time delay; manual labor; exception cost; quality or revenue leakage	KILL-candidate	Pass	Borderline	Pass	Pass	Borderline	Fail	Borderline	Fail	Pass	operations manager
Management of companies and enterprises	Performance Management	Operational	Manage performance management to execute the recurring workflow reliably	scheduled operational work or live transaction flow	operations manager; supervisor	CFO; COO; shared-services leader	EPM and Financial Consolidation | ERP | HCM / Workforce Management | Service Management	calls; chat; shared trackers	sequence work, allocate resources, and escalate blockers	operations to downstream finance or service teams	internal teams; service partners; operators	capacity conflict, execution miss, or missing status context	triage blocker, resequence work, and update commitments	Medium	Low	Medium	Medium	Medium	High	Low - generalized from Atlas workflow and outcome layer	EPM and Financial Consolidation | ERP | HCM / Workforce Management | Service Management	cycle-time delay; manual labor; exception cost; quality or revenue leakage	Not pursued	Pass	N/A	N/A	N/A	N/A	N/A	N/A	N/A	N/A	operations manager
Management of companies and enterprises	Lead, intake, and qualification management	Commercial	Manage lead, intake, and qualification management to qualify demand and set the workflow up cleanly	new opportunity, intake, or renewal event	account lead; commercial manager	CFO; COO; shared-services leader	EPM and Financial Consolidation | ERP | HCM / Workforce Management | Service Management	email; shared docs; spreadsheets	approve terms, scope, and go/no-go path	commercial to operations and finance	customers; counterparties; prospects	missing information, misconfigured setup, or counterparty delay	request clarification, correct setup, and restage the workflow	Medium	Medium	High	Medium	Medium	High	Low - generalized from Atlas workflow and outcome layer	EPM and Financial Consolidation | ERP | HCM / Workforce Management | Service Management	cycle-time delay; manual labor; exception cost; quality or revenue leakage	Not pursued	Pass	N/A	N/A	N/A	N/A	N/A	N/A	N/A	N/A	account lead
Management of companies and enterprises	Billing, settlement, and close	Financial	Manage billing, settlement, and close to complete the financial cycle accurately and on time	billing cycle, settlement event, or period close	controller; finance manager; billing specialist	CFO; COO; shared-services leader	EPM and Financial Consolidation | ERP | HCM / Workforce Management | Service Management	spreadsheets; email; exported reports	post, settle, approve, dispute, or close	operations to finance to counterparty	customers; payers; counterparties	posting mismatch, settlement break, or disputed amount	reconcile records, correct the transaction, and reclose	High	High	High	High	High	High	Low - generalized from Atlas workflow and outcome layer	EPM and Financial Consolidation | ERP | HCM / Workforce Management | Service Management	cycle-time delay; manual labor; exception cost; quality or revenue leakage	Supporting workflow	Pass	N/A	N/A	N/A	N/A	N/A	N/A	N/A	N/A	controller
Management of companies and enterprises	Workforce planning, assignment, and time capture	Workforce	Manage workforce planning, assignment, and time capture to keep people assignment and time flow accurate	staffing need, schedule change, or pay-period cutoff	workforce manager; scheduler; payroll lead	CFO; COO; shared-services leader	EPM and Financial Consolidation | ERP | HCM / Workforce Management | Service Management	email; spreadsheets; portal checks	assign staff, approve time, and resolve exceptions	staffing or site teams to payroll and finance	employees; contractors; site leaders	missing approvals, bad assignment data, or pay-period mismatch	chase approval, restage records, and rerun the cycle	High	Medium	High	High	High	High	Low - generalized from Atlas workflow and outcome layer	EPM and Financial Consolidation | ERP | HCM / Workforce Management | Service Management	cycle-time delay; manual labor; exception cost; quality or revenue leakage	Not pursued	Pass	N/A	N/A	N/A	N/A	N/A	N/A	N/A	N/A	workforce manager
Management of companies and enterprises	Supplier, vendor, or partner onboarding and compliance	Supplier / Partner	Manage supplier, vendor, or partner onboarding and compliance to keep external partners ready and compliant	new partner need, replenishment event, or contract change	procurement lead; vendor manager	CFO; COO; shared-services leader	EPM and Financial Consolidation | ERP | HCM / Workforce Management | Service Management	email; PDF packets; checklist trackers	approve vendor, accept docs, and route work	operations to vendor and back-office teams	vendors; suppliers; partners	missing compliance items, delay, or contract mismatch	chase documents, swap counterparties, and resend the packet	High	Low	High	Medium	Medium	High	Low - generalized from Atlas workflow and outcome layer	EPM and Financial Consolidation | ERP | HCM / Workforce Management | Service Management	cycle-time delay; manual labor; exception cost; quality or revenue leakage	Not pursued	Pass	N/A	N/A	N/A	N/A	N/A	N/A	N/A	N/A	procurement lead
Management of companies and enterprises	Customer, participant, or stakeholder communication and escalation	Customer / Participant	Manage customer, participant, or stakeholder communication and escalation to keep stakeholder communication and follow-through intact	customer request, service milestone, or escalation	account manager; service lead	CFO; COO; shared-services leader	EPM and Financial Consolidation | ERP | HCM / Workforce Management | Service Management	email; calls; ticket notes	respond, escalate, or resolve service issues	service or operations to stakeholder-facing teams	customers; clients; participants	stale follow-up, unresolved request, or churn-risk escalation	collect context, escalate ownership, and re-engage the stakeholder	Medium	Low	High	Low	Medium	High	Low - generalized from Atlas workflow and outcome layer	EPM and Financial Consolidation | ERP | HCM / Workforce Management | Service Management	cycle-time delay; manual labor; exception cost; quality or revenue leakage	Not pursued	Pass	N/A	N/A	N/A	N/A	N/A	N/A	N/A	N/A	account manager
Management of companies and enterprises	Compliance, reporting, and audit support	Governance / Risk	Manage compliance, reporting, and audit support to maintain compliant records and reporting	reporting deadline, control review, or audit request	compliance lead; finance manager	CFO; COO; shared-services leader	EPM and Financial Consolidation | ERP | HCM / Workforce Management | Service Management	PDF evidence packs; spreadsheets; email	approve controls, certify records, and remediate gaps	operations and finance to compliance and external review	regulators; auditors; funders	missing evidence, failed control, or filing inconsistency	assemble proof, remediate the gap, and resubmit the record	High	Medium	High	Medium	High	High	Low - generalized from Atlas workflow and outcome layer	EPM and Financial Consolidation | ERP | HCM / Workforce Management | Service Management	cycle-time delay; manual labor; exception cost; quality or revenue leakage	Not pursued	Pass	N/A	N/A	N/A	N/A	N/A	N/A	N/A	N/A	compliance lead
Management of companies and enterprises	Exception, dispute, and recovery handling	Recovery	Manage exception, dispute, and recovery handling to resolve deviations before they miss the economic deadline	deviation, mismatch, dispute, or blocked step	operations analyst; specialist; manager	CFO; COO; shared-services leader	EPM and Financial Consolidation | ERP | HCM / Workforce Management | Service Management	spreadsheets; email; calls; case notes	diagnose cause, choose correction, and resubmit	front-line teams to specialists and approvers	counterparties; clients; vendors; internal approvers	distributed error states, manual evidence gathering, and unclear ownership	diagnosis, evidence gathering, correction, approval, resubmission, and closure	High	High	High	High	High	High	Low - generalized from Atlas workflow and outcome layer	EPM and Financial Consolidation | ERP | HCM / Workforce Management | Service Management	cycle-time delay; manual labor; exception cost; quality or revenue leakage	Supporting workflow	Pass	N/A	N/A	N/A	N/A	N/A	N/A	N/A	N/A	operations analyst
Computer systems design and related services	Lead and Proposal Management	Commercial	Manage lead and proposal management to qualify demand and set the workflow up cleanly	new opportunity, intake, or renewal event	account lead; commercial manager	practice leader; CFO; operations head	CRM | HCM / Workforce Management | Professional Services Automation | Service Management	email; shared docs; spreadsheets	approve terms, scope, and go/no-go path	commercial to operations and finance	customers; counterparties; prospects	missing information, misconfigured setup, or counterparty delay	request clarification, correct setup, and restage the workflow	Medium	Medium	High	Medium	Medium	High	Low - generalized from Atlas workflow and outcome layer	CRM | HCM / Workforce Management | Professional Services Automation | Service Management	cycle-time delay; manual labor; exception cost; quality or revenue leakage	Not pursued	Pass	N/A	N/A	N/A	N/A	N/A	N/A	N/A	N/A	account lead
Computer systems design and related services	Staffing and Capacity Planning	Workforce	Manage staffing and capacity planning to keep people assignment and time flow accurate	staffing need, schedule change, or pay-period cutoff	workforce manager; scheduler; payroll lead	practice leader; CFO; operations head	CRM | HCM / Workforce Management | Professional Services Automation | Service Management	email; spreadsheets; portal checks	assign staff, approve time, and resolve exceptions	staffing or site teams to payroll and finance	employees; contractors; site leaders	missing approvals, bad assignment data, or pay-period mismatch	chase approval, restage records, and rerun the cycle	High	Medium	High	High	High	High	Low - generalized from Atlas workflow and outcome layer	CRM | HCM / Workforce Management | Professional Services Automation | Service Management	cycle-time delay; manual labor; exception cost; quality or revenue leakage	Not pursued	Pass	N/A	N/A	N/A	N/A	N/A	N/A	N/A	N/A	workforce manager
Computer systems design and related services	Project Delivery	Operational	Manage project delivery to execute the recurring workflow reliably	scheduled operational work or live transaction flow	operations manager; supervisor	practice leader; CFO; operations head	CRM | HCM / Workforce Management | Professional Services Automation | Service Management	calls; chat; shared trackers	sequence work, allocate resources, and escalate blockers	operations to downstream finance or service teams	internal teams; service partners; operators	capacity conflict, execution miss, or missing status context	triage blocker, resequence work, and update commitments	Medium	Low	Medium	Medium	Medium	High	Low - generalized from Atlas workflow and outcome layer	CRM | HCM / Workforce Management | Professional Services Automation | Service Management	cycle-time delay; manual labor; exception cost; quality or revenue leakage	Not pursued	Pass	N/A	N/A	N/A	N/A	N/A	N/A	N/A	N/A	operations manager
Computer systems design and related services	Time and Expense Capture	Operational	Manage time and expense capture to execute the recurring workflow reliably	scheduled operational work or live transaction flow	operations manager; supervisor	practice leader; CFO; operations head	CRM | HCM / Workforce Management | Professional Services Automation | Service Management	calls; chat; shared trackers	sequence work, allocate resources, and escalate blockers	operations to downstream finance or service teams	internal teams; service partners; operators	capacity conflict, execution miss, or missing status context	triage blocker, resequence work, and update commitments	Medium	Low	Medium	Medium	Medium	High	Low - generalized from Atlas workflow and outcome layer	CRM | HCM / Workforce Management | Professional Services Automation | Service Management	cycle-time delay; manual labor; exception cost; quality or revenue leakage	Not pursued	Pass	N/A	N/A	N/A	N/A	N/A	N/A	N/A	N/A	operations manager
Computer systems design and related services	Renewal and Account Expansion	Customer / Participant	Manage renewal and account expansion to keep stakeholder communication and follow-through intact	customer request, service milestone, or escalation	account manager; service lead	practice leader; CFO; operations head	CRM | HCM / Workforce Management | Professional Services Automation | Service Management	email; calls; ticket notes	respond, escalate, or resolve service issues	service or operations to stakeholder-facing teams	customers; clients; participants	stale follow-up, unresolved request, or churn-risk escalation	collect context, escalate ownership, and re-engage the stakeholder	Medium	Low	High	Low	Medium	High	Low - generalized from Atlas workflow and outcome layer	CRM | HCM / Workforce Management | Professional Services Automation | Service Management	cycle-time delay; manual labor; exception cost; quality or revenue leakage	Not pursued	Pass	N/A	N/A	N/A	N/A	N/A	N/A	N/A	N/A	account manager
Computer systems design and related services	Time, billing, and renewal handoffs	Financial	Manage time, billing, and renewal handoffs to complete the financial cycle accurately and on time	billing cycle, settlement event, or period close	controller; finance manager; billing specialist	practice leader; CFO; operations head	CRM | HCM / Workforce Management | Professional Services Automation | Service Management	spreadsheets; email; exported reports	post, settle, approve, dispute, or close	operations to finance to counterparty	customers; payers; counterparties	posting mismatch, settlement break, or disputed amount	reconcile records, correct the transaction, and reclose	High	High	High	High	High	High	Low-Medium - prior full-pass evidence	CRM | HCM / Workforce Management | Professional Services Automation | Service Management	cycle-time delay; manual labor; exception cost; quality or revenue leakage	KILL-candidate	Pass	Borderline	Pass	Pass	Borderline	Fail	Borderline	Fail	Pass	controller
Computer systems design and related services	Supplier, vendor, or partner onboarding and compliance	Supplier / Partner	Manage supplier, vendor, or partner onboarding and compliance to keep external partners ready and compliant	new partner need, replenishment event, or contract change	procurement lead; vendor manager	practice leader; CFO; operations head	CRM | HCM / Workforce Management | Professional Services Automation | Service Management	email; PDF packets; checklist trackers	approve vendor, accept docs, and route work	operations to vendor and back-office teams	vendors; suppliers; partners	missing compliance items, delay, or contract mismatch	chase documents, swap counterparties, and resend the packet	High	Low	High	Medium	Medium	High	Low - generalized from Atlas workflow and outcome layer	CRM | HCM / Workforce Management | Professional Services Automation | Service Management	cycle-time delay; manual labor; exception cost; quality or revenue leakage	Not pursued	Pass	N/A	N/A	N/A	N/A	N/A	N/A	N/A	N/A	procurement lead
Computer systems design and related services	Compliance, reporting, and audit support	Governance / Risk	Manage compliance, reporting, and audit support to maintain compliant records and reporting	reporting deadline, control review, or audit request	compliance lead; finance manager	practice leader; CFO; operations head	CRM | HCM / Workforce Management | Professional Services Automation | Service Management	PDF evidence packs; spreadsheets; email	approve controls, certify records, and remediate gaps	operations and finance to compliance and external review	regulators; auditors; funders	missing evidence, failed control, or filing inconsistency	assemble proof, remediate the gap, and resubmit the record	High	Medium	High	Medium	High	High	Low - generalized from Atlas workflow and outcome layer	CRM | HCM / Workforce Management | Professional Services Automation | Service Management	cycle-time delay; manual labor; exception cost; quality or revenue leakage	Not pursued	Pass	N/A	N/A	N/A	N/A	N/A	N/A	N/A	N/A	compliance lead
Computer systems design and related services	Exception, dispute, and recovery handling	Recovery	Manage exception, dispute, and recovery handling to resolve deviations before they miss the economic deadline	deviation, mismatch, dispute, or blocked step	operations analyst; specialist; manager	practice leader; CFO; operations head	CRM | HCM / Workforce Management | Professional Services Automation | Service Management	spreadsheets; email; calls; case notes	diagnose cause, choose correction, and resubmit	front-line teams to specialists and approvers	counterparties; clients; vendors; internal approvers	distributed error states, manual evidence gathering, and unclear ownership	diagnosis, evidence gathering, correction, approval, resubmission, and closure	High	High	High	High	High	High	Low - generalized from Atlas workflow and outcome layer	CRM | HCM / Workforce Management | Professional Services Automation | Service Management	cycle-time delay; manual labor; exception cost; quality or revenue leakage	Supporting workflow	Pass	N/A	N/A	N/A	N/A	N/A	N/A	N/A	N/A	operations analyst
Motor vehicles, bodies and trailers, and parts	Program and Platform Planning	Operational	Manage program and platform planning to execute the recurring workflow reliably	scheduled operational work or live transaction flow	operations manager; supervisor	operations executive; plant leader; controller	ERP | PLM and Engineering Design | Manufacturing Execution System | Supply Chain Planning	calls; chat; shared trackers	sequence work, allocate resources, and escalate blockers	operations to downstream finance or service teams	internal teams; service partners; operators	capacity conflict, execution miss, or missing status context	triage blocker, resequence work, and update commitments	Medium	Low	Medium	Medium	Medium	High	Low - generalized from Atlas workflow and outcome layer	ERP | PLM and Engineering Design | Manufacturing Execution System | Supply Chain Planning	cycle-time delay; manual labor; exception cost; quality or revenue leakage	Not pursued	Pass	N/A	N/A	N/A	N/A	N/A	N/A	N/A	N/A	operations manager
Motor vehicles, bodies and trailers, and parts	Supplier Scheduling and Procurement	Workforce	Manage supplier scheduling and procurement to keep people assignment and time flow accurate	staffing need, schedule change, or pay-period cutoff	workforce manager; scheduler; payroll lead	operations executive; plant leader; controller	ERP | PLM and Engineering Design | Manufacturing Execution System | Supply Chain Planning	email; spreadsheets; portal checks	assign staff, approve time, and resolve exceptions	staffing or site teams to payroll and finance	employees; contractors; site leaders	missing approvals, bad assignment data, or pay-period mismatch	chase approval, restage records, and rerun the cycle	High	Medium	High	High	High	High	Low - generalized from Atlas workflow and outcome layer	ERP | PLM and Engineering Design | Manufacturing Execution System | Supply Chain Planning	cycle-time delay; manual labor; exception cost; quality or revenue leakage	Not pursued	Pass	N/A	N/A	N/A	N/A	N/A	N/A	N/A	N/A	workforce manager
Motor vehicles, bodies and trailers, and parts	Shop Floor Execution and Quality Management	Governance / Risk	Manage shop floor execution and quality management to maintain compliant records and reporting	reporting deadline, control review, or audit request	compliance lead; finance manager	operations executive; plant leader; controller	ERP | PLM and Engineering Design | Manufacturing Execution System | Supply Chain Planning	PDF evidence packs; spreadsheets; email	approve controls, certify records, and remediate gaps	operations and finance to compliance and external review	regulators; auditors; funders	missing evidence, failed control, or filing inconsistency	assemble proof, remediate the gap, and resubmit the record	High	Medium	High	Medium	High	High	Low-Medium - prior full-pass evidence	ERP | PLM and Engineering Design | Manufacturing Execution System | Supply Chain Planning	cycle-time delay; manual labor; exception cost; quality or revenue leakage	KILL-candidate	Pass	Borderline	Pass	Pass	Borderline	Fail	Borderline	Fail	Pass	compliance lead
Motor vehicles, bodies and trailers, and parts	Logistics and Channel Fulfillment	Operational	Manage logistics and channel fulfillment to execute the recurring workflow reliably	scheduled operational work or live transaction flow	operations manager; supervisor	operations executive; plant leader; controller	ERP | PLM and Engineering Design | Manufacturing Execution System | Supply Chain Planning	calls; chat; shared trackers	sequence work, allocate resources, and escalate blockers	operations to downstream finance or service teams	internal teams; service partners; operators	capacity conflict, execution miss, or missing status context	triage blocker, resequence work, and update commitments	Medium	Low	Medium	Medium	Medium	High	Low - generalized from Atlas workflow and outcome layer	ERP | PLM and Engineering Design | Manufacturing Execution System | Supply Chain Planning	cycle-time delay; manual labor; exception cost; quality or revenue leakage	Not pursued	Pass	N/A	N/A	N/A	N/A	N/A	N/A	N/A	N/A	operations manager
Motor vehicles, bodies and trailers, and parts	Aftermarket Service and Field Support	Customer / Participant	Manage aftermarket service and field support to keep stakeholder communication and follow-through intact	customer request, service milestone, or escalation	account manager; service lead	operations executive; plant leader; controller	ERP | PLM and Engineering Design | Manufacturing Execution System | Supply Chain Planning	email; calls; ticket notes	respond, escalate, or resolve service issues	service or operations to stakeholder-facing teams	customers; clients; participants	stale follow-up, unresolved request, or churn-risk escalation	collect context, escalate ownership, and re-engage the stakeholder	Medium	Low	High	Low	Medium	High	Low - generalized from Atlas workflow and outcome layer	ERP | PLM and Engineering Design | Manufacturing Execution System | Supply Chain Planning	cycle-time delay; manual labor; exception cost; quality or revenue leakage	Not pursued	Pass	N/A	N/A	N/A	N/A	N/A	N/A	N/A	N/A	account manager
Motor vehicles, bodies and trailers, and parts	Lead, intake, and qualification management	Commercial	Manage lead, intake, and qualification management to qualify demand and set the workflow up cleanly	new opportunity, intake, or renewal event	account lead; commercial manager	operations executive; plant leader; controller	ERP | PLM and Engineering Design | Manufacturing Execution System | Supply Chain Planning	email; shared docs; spreadsheets	approve terms, scope, and go/no-go path	commercial to operations and finance	customers; counterparties; prospects	missing information, misconfigured setup, or counterparty delay	request clarification, correct setup, and restage the workflow	Medium	Medium	High	Medium	Medium	High	Low - generalized from Atlas workflow and outcome layer	ERP | PLM and Engineering Design | Manufacturing Execution System | Supply Chain Planning	cycle-time delay; manual labor; exception cost; quality or revenue leakage	Not pursued	Pass	N/A	N/A	N/A	N/A	N/A	N/A	N/A	N/A	account lead
Motor vehicles, bodies and trailers, and parts	Billing, settlement, and close	Financial	Manage billing, settlement, and close to complete the financial cycle accurately and on time	billing cycle, settlement event, or period close	controller; finance manager; billing specialist	operations executive; plant leader; controller	ERP | PLM and Engineering Design | Manufacturing Execution System | Supply Chain Planning	spreadsheets; email; exported reports	post, settle, approve, dispute, or close	operations to finance to counterparty	customers; payers; counterparties	posting mismatch, settlement break, or disputed amount	reconcile records, correct the transaction, and reclose	High	High	High	High	High	High	Low - generalized from Atlas workflow and outcome layer	ERP | PLM and Engineering Design | Manufacturing Execution System | Supply Chain Planning	cycle-time delay; manual labor; exception cost; quality or revenue leakage	Supporting workflow	Pass	N/A	N/A	N/A	N/A	N/A	N/A	N/A	N/A	controller
Motor vehicles, bodies and trailers, and parts	Supplier, vendor, or partner onboarding and compliance	Supplier / Partner	Manage supplier, vendor, or partner onboarding and compliance to keep external partners ready and compliant	new partner need, replenishment event, or contract change	procurement lead; vendor manager	operations executive; plant leader; controller	ERP | PLM and Engineering Design | Manufacturing Execution System | Supply Chain Planning	email; PDF packets; checklist trackers	approve vendor, accept docs, and route work	operations to vendor and back-office teams	vendors; suppliers; partners	missing compliance items, delay, or contract mismatch	chase documents, swap counterparties, and resend the packet	High	Low	High	Medium	Medium	High	Low - generalized from Atlas workflow and outcome layer	ERP | PLM and Engineering Design | Manufacturing Execution System | Supply Chain Planning	cycle-time delay; manual labor; exception cost; quality or revenue leakage	Not pursued	Pass	N/A	N/A	N/A	N/A	N/A	N/A	N/A	N/A	procurement lead
Motor vehicles, bodies and trailers, and parts	Exception, dispute, and recovery handling	Recovery	Manage exception, dispute, and recovery handling to resolve deviations before they miss the economic deadline	deviation, mismatch, dispute, or blocked step	operations analyst; specialist; manager	operations executive; plant leader; controller	ERP | PLM and Engineering Design | Manufacturing Execution System | Supply Chain Planning	spreadsheets; email; calls; case notes	diagnose cause, choose correction, and resubmit	front-line teams to specialists and approvers	counterparties; clients; vendors; internal approvers	distributed error states, manual evidence gathering, and unclear ownership	diagnosis, evidence gathering, correction, approval, resubmission, and closure	High	High	High	High	High	High	Low - generalized from Atlas workflow and outcome layer	ERP | PLM and Engineering Design | Manufacturing Execution System | Supply Chain Planning	cycle-time delay; manual labor; exception cost; quality or revenue leakage	Supporting workflow	Pass	N/A	N/A	N/A	N/A	N/A	N/A	N/A	N/A	operations analyst
Publishing industries, except internet (includes software)	Product and Content Development	Operational	Manage product and content development to execute the recurring workflow reliably	scheduled operational work or live transaction flow	operations manager; supervisor	finance leader; operations executive; rights or revenue leader	CRM | Billing and Subscription Management | ERP | Service Management	calls; chat; shared trackers	sequence work, allocate resources, and escalate blockers	operations to downstream finance or service teams	internal teams; service partners; operators	capacity conflict, execution miss, or missing status context	triage blocker, resequence work, and update commitments	Medium	Low	Medium	Medium	Medium	High	Low - generalized from Atlas workflow and outcome layer	CRM | Billing and Subscription Management | ERP | Service Management	cycle-time delay; manual labor; exception cost; quality or revenue leakage	Not pursued	Pass	N/A	N/A	N/A	N/A	N/A	N/A	N/A	N/A	operations manager
Publishing industries, except internet (includes software)	Subscription and License Management	Operational	Manage subscription and license management to execute the recurring workflow reliably	scheduled operational work or live transaction flow	operations manager; supervisor	finance leader; operations executive; rights or revenue leader	CRM | Billing and Subscription Management | ERP | Service Management	calls; chat; shared trackers	sequence work, allocate resources, and escalate blockers	operations to downstream finance or service teams	internal teams; service partners; operators	capacity conflict, execution miss, or missing status context	triage blocker, resequence work, and update commitments	Medium	Low	Medium	Medium	Medium	High	Low - generalized from Atlas workflow and outcome layer	CRM | Billing and Subscription Management | ERP | Service Management	cycle-time delay; manual labor; exception cost; quality or revenue leakage	Not pursued	Pass	N/A	N/A	N/A	N/A	N/A	N/A	N/A	N/A	operations manager
Publishing industries, except internet (includes software)	Distribution and Release Management	Operational	Manage distribution and release management to execute the recurring workflow reliably	scheduled operational work or live transaction flow	operations manager; supervisor	finance leader; operations executive; rights or revenue leader	CRM | Billing and Subscription Management | ERP | Service Management	calls; chat; shared trackers	sequence work, allocate resources, and escalate blockers	operations to downstream finance or service teams	internal teams; service partners; operators	capacity conflict, execution miss, or missing status context	triage blocker, resequence work, and update commitments	Medium	Low	Medium	Medium	Medium	High	Low - generalized from Atlas workflow and outcome layer	CRM | Billing and Subscription Management | ERP | Service Management	cycle-time delay; manual labor; exception cost; quality or revenue leakage	Not pursued	Pass	N/A	N/A	N/A	N/A	N/A	N/A	N/A	N/A	operations manager
Publishing industries, except internet (includes software)	Customer Support and Success	Customer / Participant	Manage customer support and success to keep stakeholder communication and follow-through intact	customer request, service milestone, or escalation	account manager; service lead	finance leader; operations executive; rights or revenue leader	CRM | Billing and Subscription Management | ERP | Service Management	email; calls; ticket notes	respond, escalate, or resolve service issues	service or operations to stakeholder-facing teams	customers; clients; participants	stale follow-up, unresolved request, or churn-risk escalation	collect context, escalate ownership, and re-engage the stakeholder	Medium	Low	High	Low	Medium	High	Low - generalized from Atlas workflow and outcome layer	CRM | Billing and Subscription Management | ERP | Service Management	cycle-time delay; manual labor; exception cost; quality or revenue leakage	Not pursued	Pass	N/A	N/A	N/A	N/A	N/A	N/A	N/A	N/A	account manager
Publishing industries, except internet (includes software)	Billing and Renewals	Financial	Manage billing and renewals to complete the financial cycle accurately and on time	billing cycle, settlement event, or period close	controller; finance manager; billing specialist	finance leader; operations executive; rights or revenue leader	CRM | Billing and Subscription Management | ERP | Service Management	spreadsheets; email; exported reports	post, settle, approve, dispute, or close	operations to finance to counterparty	customers; payers; counterparties	posting mismatch, settlement break, or disputed amount	reconcile records, correct the transaction, and reclose	High	High	High	High	High	High	Low-Medium - prior full-pass evidence	CRM | Billing and Subscription Management | ERP | Service Management	cycle-time delay; manual labor; exception cost; quality or revenue leakage	KILL-candidate	Pass	Borderline	Pass	Pass	Borderline	Fail	Borderline	Fail	Pass	controller
Publishing industries, except internet (includes software)	Lead, intake, and qualification management	Commercial	Manage lead, intake, and qualification management to qualify demand and set the workflow up cleanly	new opportunity, intake, or renewal event	account lead; commercial manager	finance leader; operations executive; rights or revenue leader	CRM | Billing and Subscription Management | ERP | Service Management	email; shared docs; spreadsheets	approve terms, scope, and go/no-go path	commercial to operations and finance	customers; counterparties; prospects	missing information, misconfigured setup, or counterparty delay	request clarification, correct setup, and restage the workflow	Medium	Medium	High	Medium	Medium	High	Low - generalized from Atlas workflow and outcome layer	CRM | Billing and Subscription Management | ERP | Service Management	cycle-time delay; manual labor; exception cost; quality or revenue leakage	Not pursued	Pass	N/A	N/A	N/A	N/A	N/A	N/A	N/A	N/A	account lead
Publishing industries, except internet (includes software)	Workforce planning, assignment, and time capture	Workforce	Manage workforce planning, assignment, and time capture to keep people assignment and time flow accurate	staffing need, schedule change, or pay-period cutoff	workforce manager; scheduler; payroll lead	finance leader; operations executive; rights or revenue leader	CRM | Billing and Subscription Management | ERP | Service Management	email; spreadsheets; portal checks	assign staff, approve time, and resolve exceptions	staffing or site teams to payroll and finance	employees; contractors; site leaders	missing approvals, bad assignment data, or pay-period mismatch	chase approval, restage records, and rerun the cycle	High	Medium	High	High	High	High	Low - generalized from Atlas workflow and outcome layer	CRM | Billing and Subscription Management | ERP | Service Management	cycle-time delay; manual labor; exception cost; quality or revenue leakage	Not pursued	Pass	N/A	N/A	N/A	N/A	N/A	N/A	N/A	N/A	workforce manager
Publishing industries, except internet (includes software)	Supplier, vendor, or partner onboarding and compliance	Supplier / Partner	Manage supplier, vendor, or partner onboarding and compliance to keep external partners ready and compliant	new partner need, replenishment event, or contract change	procurement lead; vendor manager	finance leader; operations executive; rights or revenue leader	CRM | Billing and Subscription Management | ERP | Service Management	email; PDF packets; checklist trackers	approve vendor, accept docs, and route work	operations to vendor and back-office teams	vendors; suppliers; partners	missing compliance items, delay, or contract mismatch	chase documents, swap counterparties, and resend the packet	High	Low	High	Medium	Medium	High	Low - generalized from Atlas workflow and outcome layer	CRM | Billing and Subscription Management | ERP | Service Management	cycle-time delay; manual labor; exception cost; quality or revenue leakage	Not pursued	Pass	N/A	N/A	N/A	N/A	N/A	N/A	N/A	N/A	procurement lead
Publishing industries, except internet (includes software)	Compliance, reporting, and audit support	Governance / Risk	Manage compliance, reporting, and audit support to maintain compliant records and reporting	reporting deadline, control review, or audit request	compliance lead; finance manager	finance leader; operations executive; rights or revenue leader	CRM | Billing and Subscription Management | ERP | Service Management	PDF evidence packs; spreadsheets; email	approve controls, certify records, and remediate gaps	operations and finance to compliance and external review	regulators; auditors; funders	missing evidence, failed control, or filing inconsistency	assemble proof, remediate the gap, and resubmit the record	High	Medium	High	Medium	High	High	Low - generalized from Atlas workflow and outcome layer	CRM | Billing and Subscription Management | ERP | Service Management	cycle-time delay; manual labor; exception cost; quality or revenue leakage	Not pursued	Pass	N/A	N/A	N/A	N/A	N/A	N/A	N/A	N/A	compliance lead
Publishing industries, except internet (includes software)	Exception, dispute, and recovery handling	Recovery	Manage exception, dispute, and recovery handling to resolve deviations before they miss the economic deadline	deviation, mismatch, dispute, or blocked step	operations analyst; specialist; manager	finance leader; operations executive; rights or revenue leader	CRM | Billing and Subscription Management | ERP | Service Management	spreadsheets; email; calls; case notes	diagnose cause, choose correction, and resubmit	front-line teams to specialists and approvers	counterparties; clients; vendors; internal approvers	distributed error states, manual evidence gathering, and unclear ownership	diagnosis, evidence gathering, correction, approval, resubmission, and closure	High	High	High	High	High	High	Low - generalized from Atlas workflow and outcome layer	CRM | Billing and Subscription Management | ERP | Service Management	cycle-time delay; manual labor; exception cost; quality or revenue leakage	Supporting workflow	Pass	N/A	N/A	N/A	N/A	N/A	N/A	N/A	N/A	operations analyst
Rental and leasing services and lessors of intangible assets	Asset Acquisition and Setup	Operational	Manage asset acquisition and setup to execute the recurring workflow reliably	scheduled operational work or live transaction flow	operations manager; supervisor	regional operations leader; controller; asset manager	Rental Operations Management | Maintenance Management | ERP	calls; chat; shared trackers	sequence work, allocate resources, and escalate blockers	operations to downstream finance or service teams	internal teams; service partners; operators	capacity conflict, execution miss, or missing status context	triage blocker, resequence work, and update commitments	Medium	Low	Medium	Medium	Medium	High	Low - generalized from Atlas workflow and outcome layer	Rental Operations Management | Maintenance Management | ERP	cycle-time delay; manual labor; exception cost; quality or revenue leakage	Not pursued	Pass	N/A	N/A	N/A	N/A	N/A	N/A	N/A	N/A	operations manager
Rental and leasing services and lessors of intangible assets	Reservation and Contract Management	Customer / Participant	Manage reservation and contract management to keep stakeholder communication and follow-through intact	customer request, service milestone, or escalation	account manager; service lead	regional operations leader; controller; asset manager	Rental Operations Management | Maintenance Management | ERP	email; calls; ticket notes	respond, escalate, or resolve service issues	service or operations to stakeholder-facing teams	customers; clients; participants	stale follow-up, unresolved request, or churn-risk escalation	collect context, escalate ownership, and re-engage the stakeholder	Medium	Low	High	Low	Medium	High	Low - generalized from Atlas workflow and outcome layer	Rental Operations Management | Maintenance Management | ERP	cycle-time delay; manual labor; exception cost; quality or revenue leakage	Not pursued	Pass	N/A	N/A	N/A	N/A	N/A	N/A	N/A	N/A	account manager
Rental and leasing services and lessors of intangible assets	Dispatch and Checkout	Operational	Manage dispatch and checkout to execute the recurring workflow reliably	scheduled operational work or live transaction flow	operations manager; supervisor	regional operations leader; controller; asset manager	Rental Operations Management | Maintenance Management | ERP	calls; chat; shared trackers	sequence work, allocate resources, and escalate blockers	operations to downstream finance or service teams	internal teams; service partners; operators	capacity conflict, execution miss, or missing status context	triage blocker, resequence work, and update commitments	Medium	Low	Medium	Medium	Medium	High	Low - generalized from Atlas workflow and outcome layer	Rental Operations Management | Maintenance Management | ERP	cycle-time delay; manual labor; exception cost; quality or revenue leakage	Not pursued	Pass	N/A	N/A	N/A	N/A	N/A	N/A	N/A	N/A	operations manager
Rental and leasing services and lessors of intangible assets	Asset Maintenance and Turnover	Operational	Manage asset maintenance and turnover to execute the recurring workflow reliably	scheduled operational work or live transaction flow	operations manager; supervisor	regional operations leader; controller; asset manager	Rental Operations Management | Maintenance Management | ERP	calls; chat; shared trackers	sequence work, allocate resources, and escalate blockers	operations to downstream finance or service teams	internal teams; service partners; operators	capacity conflict, execution miss, or missing status context	triage blocker, resequence work, and update commitments	Medium	Low	Medium	Medium	Medium	High	Low-Medium - prior full-pass evidence	Rental Operations Management | Maintenance Management | ERP	cycle-time delay; manual labor; exception cost; quality or revenue leakage	KILL-candidate	Pass	Borderline	Pass	Pass	Borderline	Fail	Borderline	Fail	Pass	operations manager
Rental and leasing services and lessors of intangible assets	Billing and Asset Recovery	Recovery	Manage billing and asset recovery to resolve deviations before they miss the economic deadline	deviation, mismatch, dispute, or blocked step	operations analyst; specialist; manager	regional operations leader; controller; asset manager	Rental Operations Management | Maintenance Management | ERP	spreadsheets; email; calls; case notes	diagnose cause, choose correction, and resubmit	front-line teams to specialists and approvers	counterparties; clients; vendors; internal approvers	distributed error states, manual evidence gathering, and unclear ownership	diagnosis, evidence gathering, correction, approval, resubmission, and closure	High	High	High	High	High	High	Low - generalized from Atlas workflow and outcome layer	Rental Operations Management | Maintenance Management | ERP	cycle-time delay; manual labor; exception cost; quality or revenue leakage	Supporting workflow	Pass	N/A	N/A	N/A	N/A	N/A	N/A	N/A	N/A	operations analyst
Rental and leasing services and lessors of intangible assets	Lead, intake, and qualification management	Commercial	Manage lead, intake, and qualification management to qualify demand and set the workflow up cleanly	new opportunity, intake, or renewal event	account lead; commercial manager	regional operations leader; controller; asset manager	Rental Operations Management | Maintenance Management | ERP	email; shared docs; spreadsheets	approve terms, scope, and go/no-go path	commercial to operations and finance	customers; counterparties; prospects	missing information, misconfigured setup, or counterparty delay	request clarification, correct setup, and restage the workflow	Medium	Medium	High	Medium	Medium	High	Low - generalized from Atlas workflow and outcome layer	Rental Operations Management | Maintenance Management | ERP	cycle-time delay; manual labor; exception cost; quality or revenue leakage	Not pursued	Pass	N/A	N/A	N/A	N/A	N/A	N/A	N/A	N/A	account lead
Rental and leasing services and lessors of intangible assets	Billing, settlement, and close	Financial	Manage billing, settlement, and close to complete the financial cycle accurately and on time	billing cycle, settlement event, or period close	controller; finance manager; billing specialist	regional operations leader; controller; asset manager	Rental Operations Management | Maintenance Management | ERP	spreadsheets; email; exported reports	post, settle, approve, dispute, or close	operations to finance to counterparty	customers; payers; counterparties	posting mismatch, settlement break, or disputed amount	reconcile records, correct the transaction, and reclose	High	High	High	High	High	High	Low - generalized from Atlas workflow and outcome layer	Rental Operations Management | Maintenance Management | ERP	cycle-time delay; manual labor; exception cost; quality or revenue leakage	Supporting workflow	Pass	N/A	N/A	N/A	N/A	N/A	N/A	N/A	N/A	controller
Rental and leasing services and lessors of intangible assets	Workforce planning, assignment, and time capture	Workforce	Manage workforce planning, assignment, and time capture to keep people assignment and time flow accurate	staffing need, schedule change, or pay-period cutoff	workforce manager; scheduler; payroll lead	regional operations leader; controller; asset manager	Rental Operations Management | Maintenance Management | ERP	email; spreadsheets; portal checks	assign staff, approve time, and resolve exceptions	staffing or site teams to payroll and finance	employees; contractors; site leaders	missing approvals, bad assignment data, or pay-period mismatch	chase approval, restage records, and rerun the cycle	High	Medium	High	High	High	High	Low - generalized from Atlas workflow and outcome layer	Rental Operations Management | Maintenance Management | ERP	cycle-time delay; manual labor; exception cost; quality or revenue leakage	Not pursued	Pass	N/A	N/A	N/A	N/A	N/A	N/A	N/A	N/A	workforce manager
Rental and leasing services and lessors of intangible assets	Supplier, vendor, or partner onboarding and compliance	Supplier / Partner	Manage supplier, vendor, or partner onboarding and compliance to keep external partners ready and compliant	new partner need, replenishment event, or contract change	procurement lead; vendor manager	regional operations leader; controller; asset manager	Rental Operations Management | Maintenance Management | ERP	email; PDF packets; checklist trackers	approve vendor, accept docs, and route work	operations to vendor and back-office teams	vendors; suppliers; partners	missing compliance items, delay, or contract mismatch	chase documents, swap counterparties, and resend the packet	High	Low	High	Medium	Medium	High	Low - generalized from Atlas workflow and outcome layer	Rental Operations Management | Maintenance Management | ERP	cycle-time delay; manual labor; exception cost; quality or revenue leakage	Not pursued	Pass	N/A	N/A	N/A	N/A	N/A	N/A	N/A	N/A	procurement lead
Rental and leasing services and lessors of intangible assets	Compliance, reporting, and audit support	Governance / Risk	Manage compliance, reporting, and audit support to maintain compliant records and reporting	reporting deadline, control review, or audit request	compliance lead; finance manager	regional operations leader; controller; asset manager	Rental Operations Management | Maintenance Management | ERP	PDF evidence packs; spreadsheets; email	approve controls, certify records, and remediate gaps	operations and finance to compliance and external review	regulators; auditors; funders	missing evidence, failed control, or filing inconsistency	assemble proof, remediate the gap, and resubmit the record	High	Medium	High	Medium	High	High	Low - generalized from Atlas workflow and outcome layer	Rental Operations Management | Maintenance Management | ERP	cycle-time delay; manual labor; exception cost; quality or revenue leakage	Not pursued	Pass	N/A	N/A	N/A	N/A	N/A	N/A	N/A	N/A	compliance lead
Utilities	Load Forecasting and Dispatch	Operational	Manage load forecasting and dispatch to execute the recurring workflow reliably	scheduled operational work or live transaction flow	operations manager; supervisor	operations executive; finance leader; regulatory head	Utility Operations and Billing | Maintenance Management | Industrial Automation and SCADA | ERP	calls; chat; shared trackers	sequence work, allocate resources, and escalate blockers	operations to downstream finance or service teams	internal teams; service partners; operators	capacity conflict, execution miss, or missing status context	triage blocker, resequence work, and update commitments	Medium	Low	Medium	Medium	Medium	High	Low - generalized from Atlas workflow and outcome layer	Utility Operations and Billing | Maintenance Management | Industrial Automation and SCADA | ERP	cycle-time delay; manual labor; exception cost; quality or revenue leakage	Not pursued	Pass	N/A	N/A	N/A	N/A	N/A	N/A	N/A	N/A	operations manager
Utilities	Asset Maintenance and Outage Management	Recovery	Manage asset maintenance and outage management to resolve deviations before they miss the economic deadline	deviation, mismatch, dispute, or blocked step	operations analyst; specialist; manager	operations executive; finance leader; regulatory head	Utility Operations and Billing | Maintenance Management | Industrial Automation and SCADA | ERP	spreadsheets; email; calls; case notes	diagnose cause, choose correction, and resubmit	front-line teams to specialists and approvers	counterparties; clients; vendors; internal approvers	distributed error states, manual evidence gathering, and unclear ownership	diagnosis, evidence gathering, correction, approval, resubmission, and closure	High	High	High	High	High	High	Low - generalized from Atlas workflow and outcome layer	Utility Operations and Billing | Maintenance Management | Industrial Automation and SCADA | ERP	cycle-time delay; manual labor; exception cost; quality or revenue leakage	Supporting workflow	Pass	N/A	N/A	N/A	N/A	N/A	N/A	N/A	N/A	operations analyst
Utilities	Meter-to-Cash	Financial	Manage meter-to-cash to complete the financial cycle accurately and on time	billing cycle, settlement event, or period close	controller; finance manager; billing specialist	operations executive; finance leader; regulatory head	Utility Operations and Billing | Maintenance Management | Industrial Automation and SCADA | ERP	spreadsheets; email; exported reports	post, settle, approve, dispute, or close	operations to finance to counterparty	customers; payers; counterparties	posting mismatch, settlement break, or disputed amount	reconcile records, correct the transaction, and reclose	High	High	High	High	High	High	Low-Medium - prior full-pass evidence	Utility Operations and Billing | Maintenance Management | Industrial Automation and SCADA | ERP	cycle-time delay; manual labor; exception cost; quality or revenue leakage	KILL-candidate	Pass	Borderline	Pass	Pass	Borderline	Fail	Borderline	Fail	Pass	controller
Utilities	Capital Planning and Compliance Reporting	Governance / Risk	Manage capital planning and compliance reporting to maintain compliant records and reporting	reporting deadline, control review, or audit request	compliance lead; finance manager	operations executive; finance leader; regulatory head	Utility Operations and Billing | Maintenance Management | Industrial Automation and SCADA | ERP	PDF evidence packs; spreadsheets; email	approve controls, certify records, and remediate gaps	operations and finance to compliance and external review	regulators; auditors; funders	missing evidence, failed control, or filing inconsistency	assemble proof, remediate the gap, and resubmit the record	High	Medium	High	Medium	High	High	Low - generalized from Atlas workflow and outcome layer	Utility Operations and Billing | Maintenance Management | Industrial Automation and SCADA | ERP	cycle-time delay; manual labor; exception cost; quality or revenue leakage	Not pursued	Pass	N/A	N/A	N/A	N/A	N/A	N/A	N/A	N/A	compliance lead
Utilities	Customer Service and Field Response	Customer / Participant	Manage customer service and field response to keep stakeholder communication and follow-through intact	customer request, service milestone, or escalation	account manager; service lead	operations executive; finance leader; regulatory head	Utility Operations and Billing | Maintenance Management | Industrial Automation and SCADA | ERP	email; calls; ticket notes	respond, escalate, or resolve service issues	service or operations to stakeholder-facing teams	customers; clients; participants	stale follow-up, unresolved request, or churn-risk escalation	collect context, escalate ownership, and re-engage the stakeholder	Medium	Low	High	Low	Medium	High	Low - generalized from Atlas workflow and outcome layer	Utility Operations and Billing | Maintenance Management | Industrial Automation and SCADA | ERP	cycle-time delay; manual labor; exception cost; quality or revenue leakage	Not pursued	Pass	N/A	N/A	N/A	N/A	N/A	N/A	N/A	N/A	account manager
Utilities	Lead, intake, and qualification management	Commercial	Manage lead, intake, and qualification management to qualify demand and set the workflow up cleanly	new opportunity, intake, or renewal event	account lead; commercial manager	operations executive; finance leader; regulatory head	Utility Operations and Billing | Maintenance Management | Industrial Automation and SCADA | ERP	email; shared docs; spreadsheets	approve terms, scope, and go/no-go path	commercial to operations and finance	customers; counterparties; prospects	missing information, misconfigured setup, or counterparty delay	request clarification, correct setup, and restage the workflow	Medium	Medium	High	Medium	Medium	High	Low - generalized from Atlas workflow and outcome layer	Utility Operations and Billing | Maintenance Management | Industrial Automation and SCADA | ERP	cycle-time delay; manual labor; exception cost; quality or revenue leakage	Not pursued	Pass	N/A	N/A	N/A	N/A	N/A	N/A	N/A	N/A	account lead
Utilities	Workforce planning, assignment, and time capture	Workforce	Manage workforce planning, assignment, and time capture to keep people assignment and time flow accurate	staffing need, schedule change, or pay-period cutoff	workforce manager; scheduler; payroll lead	operations executive; finance leader; regulatory head	Utility Operations and Billing | Maintenance Management | Industrial Automation and SCADA | ERP	email; spreadsheets; portal checks	assign staff, approve time, and resolve exceptions	staffing or site teams to payroll and finance	employees; contractors; site leaders	missing approvals, bad assignment data, or pay-period mismatch	chase approval, restage records, and rerun the cycle	High	Medium	High	High	High	High	Low - generalized from Atlas workflow and outcome layer	Utility Operations and Billing | Maintenance Management | Industrial Automation and SCADA | ERP	cycle-time delay; manual labor; exception cost; quality or revenue leakage	Not pursued	Pass	N/A	N/A	N/A	N/A	N/A	N/A	N/A	N/A	workforce manager
Utilities	Supplier, vendor, or partner onboarding and compliance	Supplier / Partner	Manage supplier, vendor, or partner onboarding and compliance to keep external partners ready and compliant	new partner need, replenishment event, or contract change	procurement lead; vendor manager	operations executive; finance leader; regulatory head	Utility Operations and Billing | Maintenance Management | Industrial Automation and SCADA | ERP	email; PDF packets; checklist trackers	approve vendor, accept docs, and route work	operations to vendor and back-office teams	vendors; suppliers; partners	missing compliance items, delay, or contract mismatch	chase documents, swap counterparties, and resend the packet	High	Low	High	Medium	Medium	High	Low - generalized from Atlas workflow and outcome layer	Utility Operations and Billing | Maintenance Management | Industrial Automation and SCADA | ERP	cycle-time delay; manual labor; exception cost; quality or revenue leakage	Not pursued	Pass	N/A	N/A	N/A	N/A	N/A	N/A	N/A	N/A	procurement lead
Petroleum and coal products	Material Sourcing	Supplier / Partner	Manage material sourcing to keep external partners ready and compliant	new partner need, replenishment event, or contract change	procurement lead; vendor manager	plant or business-unit leader; controller; operations head	ERP | Industrial Automation and SCADA | Maintenance Management | Supply Chain Planning	email; PDF packets; checklist trackers	approve vendor, accept docs, and route work	operations to vendor and back-office teams	vendors; suppliers; partners	missing compliance items, delay, or contract mismatch	chase documents, swap counterparties, and resend the packet	High	Low	High	Medium	Medium	High	Low - generalized from Atlas workflow and outcome layer	ERP | Industrial Automation and SCADA | Maintenance Management | Supply Chain Planning	cycle-time delay; manual labor; exception cost; quality or revenue leakage	Not pursued	Pass	N/A	N/A	N/A	N/A	N/A	N/A	N/A	N/A	procurement lead
Petroleum and coal products	Production Planning and Process Control	Operational	Manage production planning and process control to execute the recurring workflow reliably	scheduled operational work or live transaction flow	operations manager; supervisor	plant or business-unit leader; controller; operations head	ERP | Industrial Automation and SCADA | Maintenance Management | Supply Chain Planning	calls; chat; shared trackers	sequence work, allocate resources, and escalate blockers	operations to downstream finance or service teams	internal teams; service partners; operators	capacity conflict, execution miss, or missing status context	triage blocker, resequence work, and update commitments	Medium	Low	Medium	Medium	Medium	High	Low - generalized from Atlas workflow and outcome layer	ERP | Industrial Automation and SCADA | Maintenance Management | Supply Chain Planning	cycle-time delay; manual labor; exception cost; quality or revenue leakage	Not pursued	Pass	N/A	N/A	N/A	N/A	N/A	N/A	N/A	N/A	operations manager
Petroleum and coal products	Maintenance and Turnaround Management	Recovery	Manage maintenance and turnaround management to resolve deviations before they miss the economic deadline	deviation, mismatch, dispute, or blocked step	operations analyst; specialist; manager	plant or business-unit leader; controller; operations head	ERP | Industrial Automation and SCADA | Maintenance Management | Supply Chain Planning	spreadsheets; email; calls; case notes	diagnose cause, choose correction, and resubmit	front-line teams to specialists and approvers	counterparties; clients; vendors; internal approvers	distributed error states, manual evidence gathering, and unclear ownership	diagnosis, evidence gathering, correction, approval, resubmission, and closure	High	High	High	High	High	High	Low-Medium - prior full-pass evidence	ERP | Industrial Automation and SCADA | Maintenance Management | Supply Chain Planning	cycle-time delay; manual labor; exception cost; quality or revenue leakage	KILL-candidate	Pass	Borderline	Pass	Pass	Borderline	Fail	Borderline	Fail	Pass	operations analyst
Petroleum and coal products	Blending, Logistics, and Distribution	Operational	Manage blending, logistics, and distribution to execute the recurring workflow reliably	scheduled operational work or live transaction flow	operations manager; supervisor	plant or business-unit leader; controller; operations head	ERP | Industrial Automation and SCADA | Maintenance Management | Supply Chain Planning	calls; chat; shared trackers	sequence work, allocate resources, and escalate blockers	operations to downstream finance or service teams	internal teams; service partners; operators	capacity conflict, execution miss, or missing status context	triage blocker, resequence work, and update commitments	Medium	Low	Medium	Medium	Medium	High	Low - generalized from Atlas workflow and outcome layer	ERP | Industrial Automation and SCADA | Maintenance Management | Supply Chain Planning	cycle-time delay; manual labor; exception cost; quality or revenue leakage	Not pursued	Pass	N/A	N/A	N/A	N/A	N/A	N/A	N/A	N/A	operations manager
Petroleum and coal products	Margin, Safety, and Emissions Reporting	Financial	Manage margin, safety, and emissions reporting to complete the financial cycle accurately and on time	billing cycle, settlement event, or period close	controller; finance manager; billing specialist	plant or business-unit leader; controller; operations head	ERP | Industrial Automation and SCADA | Maintenance Management | Supply Chain Planning	spreadsheets; email; exported reports	post, settle, approve, dispute, or close	operations to finance to counterparty	customers; payers; counterparties	posting mismatch, settlement break, or disputed amount	reconcile records, correct the transaction, and reclose	High	High	High	High	High	High	Low - generalized from Atlas workflow and outcome layer	ERP | Industrial Automation and SCADA | Maintenance Management | Supply Chain Planning	cycle-time delay; manual labor; exception cost; quality or revenue leakage	Supporting workflow	Pass	N/A	N/A	N/A	N/A	N/A	N/A	N/A	N/A	controller
Petroleum and coal products	Lead, intake, and qualification management	Commercial	Manage lead, intake, and qualification management to qualify demand and set the workflow up cleanly	new opportunity, intake, or renewal event	account lead; commercial manager	plant or business-unit leader; controller; operations head	ERP | Industrial Automation and SCADA | Maintenance Management | Supply Chain Planning	email; shared docs; spreadsheets	approve terms, scope, and go/no-go path	commercial to operations and finance	customers; counterparties; prospects	missing information, misconfigured setup, or counterparty delay	request clarification, correct setup, and restage the workflow	Medium	Medium	High	Medium	Medium	High	Low - generalized from Atlas workflow and outcome layer	ERP | Industrial Automation and SCADA | Maintenance Management | Supply Chain Planning	cycle-time delay; manual labor; exception cost; quality or revenue leakage	Not pursued	Pass	N/A	N/A	N/A	N/A	N/A	N/A	N/A	N/A	account lead
Petroleum and coal products	Workforce planning, assignment, and time capture	Workforce	Manage workforce planning, assignment, and time capture to keep people assignment and time flow accurate	staffing need, schedule change, or pay-period cutoff	workforce manager; scheduler; payroll lead	plant or business-unit leader; controller; operations head	ERP | Industrial Automation and SCADA | Maintenance Management | Supply Chain Planning	email; spreadsheets; portal checks	assign staff, approve time, and resolve exceptions	staffing or site teams to payroll and finance	employees; contractors; site leaders	missing approvals, bad assignment data, or pay-period mismatch	chase approval, restage records, and rerun the cycle	High	Medium	High	High	High	High	Low - generalized from Atlas workflow and outcome layer	ERP | Industrial Automation and SCADA | Maintenance Management | Supply Chain Planning	cycle-time delay; manual labor; exception cost; quality or revenue leakage	Not pursued	Pass	N/A	N/A	N/A	N/A	N/A	N/A	N/A	N/A	workforce manager
Petroleum and coal products	Customer, participant, or stakeholder communication and escalation	Customer / Participant	Manage customer, participant, or stakeholder communication and escalation to keep stakeholder communication and follow-through intact	customer request, service milestone, or escalation	account manager; service lead	plant or business-unit leader; controller; operations head	ERP | Industrial Automation and SCADA | Maintenance Management | Supply Chain Planning	email; calls; ticket notes	respond, escalate, or resolve service issues	service or operations to stakeholder-facing teams	customers; clients; participants	stale follow-up, unresolved request, or churn-risk escalation	collect context, escalate ownership, and re-engage the stakeholder	Medium	Low	High	Low	Medium	High	Low - generalized from Atlas workflow and outcome layer	ERP | Industrial Automation and SCADA | Maintenance Management | Supply Chain Planning	cycle-time delay; manual labor; exception cost; quality or revenue leakage	Not pursued	Pass	N/A	N/A	N/A	N/A	N/A	N/A	N/A	N/A	account manager
Petroleum and coal products	Compliance, reporting, and audit support	Governance / Risk	Manage compliance, reporting, and audit support to maintain compliant records and reporting	reporting deadline, control review, or audit request	compliance lead; finance manager	plant or business-unit leader; controller; operations head	ERP | Industrial Automation and SCADA | Maintenance Management | Supply Chain Planning	PDF evidence packs; spreadsheets; email	approve controls, certify records, and remediate gaps	operations and finance to compliance and external review	regulators; auditors; funders	missing evidence, failed control, or filing inconsistency	assemble proof, remediate the gap, and resubmit the record	High	Medium	High	Medium	High	High	Low - generalized from Atlas workflow and outcome layer	ERP | Industrial Automation and SCADA | Maintenance Management | Supply Chain Planning	cycle-time delay; manual labor; exception cost; quality or revenue leakage	Not pursued	Pass	N/A	N/A	N/A	N/A	N/A	N/A	N/A	N/A	compliance lead
Farms	Production Planning	Operational	Manage production planning to execute the recurring workflow reliably	scheduled operational work or live transaction flow	operations manager; supervisor	operations leader; controller; field manager	Farm Management Platform | Precision Agriculture and Telematics	calls; chat; shared trackers	sequence work, allocate resources, and escalate blockers	operations to downstream finance or service teams	internal teams; service partners; operators	capacity conflict, execution miss, or missing status context	triage blocker, resequence work, and update commitments	Medium	Low	Medium	Medium	Medium	High	Low - generalized from Atlas workflow and outcome layer	Farm Management Platform | Precision Agriculture and Telematics	cycle-time delay; manual labor; exception cost; quality or revenue leakage	Not pursued	Pass	N/A	N/A	N/A	N/A	N/A	N/A	N/A	N/A	operations manager
Farms	Input Sourcing and Procurement	Supplier / Partner	Manage input sourcing and procurement to keep external partners ready and compliant	new partner need, replenishment event, or contract change	procurement lead; vendor manager	operations leader; controller; field manager	Farm Management Platform | Precision Agriculture and Telematics	email; PDF packets; checklist trackers	approve vendor, accept docs, and route work	operations to vendor and back-office teams	vendors; suppliers; partners	missing compliance items, delay, or contract mismatch	chase documents, swap counterparties, and resend the packet	High	Low	High	Medium	Medium	High	Low - generalized from Atlas workflow and outcome layer	Farm Management Platform | Precision Agriculture and Telematics	cycle-time delay; manual labor; exception cost; quality or revenue leakage	Not pursued	Pass	N/A	N/A	N/A	N/A	N/A	N/A	N/A	N/A	procurement lead
Farms	Field Operations	Operational	Manage field operations to execute the recurring workflow reliably	scheduled operational work or live transaction flow	operations manager; supervisor	operations leader; controller; field manager	Farm Management Platform | Precision Agriculture and Telematics	calls; chat; shared trackers	sequence work, allocate resources, and escalate blockers	operations to downstream finance or service teams	internal teams; service partners; operators	capacity conflict, execution miss, or missing status context	triage blocker, resequence work, and update commitments	Medium	Low	Medium	Medium	Medium	High	Low - generalized from Atlas workflow and outcome layer	Farm Management Platform | Precision Agriculture and Telematics	cycle-time delay; manual labor; exception cost; quality or revenue leakage	Not pursued	Pass	N/A	N/A	N/A	N/A	N/A	N/A	N/A	N/A	operations manager
Farms	Harvest and Logistics Management	Operational	Manage harvest and logistics management to execute the recurring workflow reliably	scheduled operational work or live transaction flow	operations manager; supervisor	operations leader; controller; field manager	Farm Management Platform | Precision Agriculture and Telematics	calls; chat; shared trackers	sequence work, allocate resources, and escalate blockers	operations to downstream finance or service teams	internal teams; service partners; operators	capacity conflict, execution miss, or missing status context	triage blocker, resequence work, and update commitments	Medium	Low	Medium	Medium	Medium	High	Low-Medium - prior full-pass evidence	Farm Management Platform | Precision Agriculture and Telematics	cycle-time delay; manual labor; exception cost; quality or revenue leakage	KILL-candidate	Pass	Borderline	Pass	Pass	Borderline	Fail	Borderline	Fail	Pass	operations manager
Farms	Marketing, Hedging, and Program Reporting	Operational	Manage marketing, hedging, and program reporting to execute the recurring workflow reliably	scheduled operational work or live transaction flow	operations manager; supervisor	operations leader; controller; field manager	Farm Management Platform | Precision Agriculture and Telematics	calls; chat; shared trackers	sequence work, allocate resources, and escalate blockers	operations to downstream finance or service teams	internal teams; service partners; operators	capacity conflict, execution miss, or missing status context	triage blocker, resequence work, and update commitments	Medium	Low	Medium	Medium	Medium	High	Low - generalized from Atlas workflow and outcome layer	Farm Management Platform | Precision Agriculture and Telematics	cycle-time delay; manual labor; exception cost; quality or revenue leakage	Not pursued	Pass	N/A	N/A	N/A	N/A	N/A	N/A	N/A	N/A	operations manager
Farms	Lead, intake, and qualification management	Commercial	Manage lead, intake, and qualification management to qualify demand and set the workflow up cleanly	new opportunity, intake, or renewal event	account lead; commercial manager	operations leader; controller; field manager	Farm Management Platform | Precision Agriculture and Telematics	email; shared docs; spreadsheets	approve terms, scope, and go/no-go path	commercial to operations and finance	customers; counterparties; prospects	missing information, misconfigured setup, or counterparty delay	request clarification, correct setup, and restage the workflow	Medium	Medium	High	Medium	Medium	High	Low - generalized from Atlas workflow and outcome layer	Farm Management Platform | Precision Agriculture and Telematics	cycle-time delay; manual labor; exception cost; quality or revenue leakage	Not pursued	Pass	N/A	N/A	N/A	N/A	N/A	N/A	N/A	N/A	account lead
Farms	Billing, settlement, and close	Financial	Manage billing, settlement, and close to complete the financial cycle accurately and on time	billing cycle, settlement event, or period close	controller; finance manager; billing specialist	operations leader; controller; field manager	Farm Management Platform | Precision Agriculture and Telematics	spreadsheets; email; exported reports	post, settle, approve, dispute, or close	operations to finance to counterparty	customers; payers; counterparties	posting mismatch, settlement break, or disputed amount	reconcile records, correct the transaction, and reclose	High	High	High	High	High	High	Low - generalized from Atlas workflow and outcome layer	Farm Management Platform | Precision Agriculture and Telematics	cycle-time delay; manual labor; exception cost; quality or revenue leakage	Supporting workflow	Pass	N/A	N/A	N/A	N/A	N/A	N/A	N/A	N/A	controller
Farms	Workforce planning, assignment, and time capture	Workforce	Manage workforce planning, assignment, and time capture to keep people assignment and time flow accurate	staffing need, schedule change, or pay-period cutoff	workforce manager; scheduler; payroll lead	operations leader; controller; field manager	Farm Management Platform | Precision Agriculture and Telematics	email; spreadsheets; portal checks	assign staff, approve time, and resolve exceptions	staffing or site teams to payroll and finance	employees; contractors; site leaders	missing approvals, bad assignment data, or pay-period mismatch	chase approval, restage records, and rerun the cycle	High	Medium	High	High	High	High	Low - generalized from Atlas workflow and outcome layer	Farm Management Platform | Precision Agriculture and Telematics	cycle-time delay; manual labor; exception cost; quality or revenue leakage	Not pursued	Pass	N/A	N/A	N/A	N/A	N/A	N/A	N/A	N/A	workforce manager
Farms	Customer, participant, or stakeholder communication and escalation	Customer / Participant	Manage customer, participant, or stakeholder communication and escalation to keep stakeholder communication and follow-through intact	customer request, service milestone, or escalation	account manager; service lead	operations leader; controller; field manager	Farm Management Platform | Precision Agriculture and Telematics	email; calls; ticket notes	respond, escalate, or resolve service issues	service or operations to stakeholder-facing teams	customers; clients; participants	stale follow-up, unresolved request, or churn-risk escalation	collect context, escalate ownership, and re-engage the stakeholder	Medium	Low	High	Low	Medium	High	Low - generalized from Atlas workflow and outcome layer	Farm Management Platform | Precision Agriculture and Telematics	cycle-time delay; manual labor; exception cost; quality or revenue leakage	Not pursued	Pass	N/A	N/A	N/A	N/A	N/A	N/A	N/A	N/A	account manager
Farms	Compliance, reporting, and audit support	Governance / Risk	Manage compliance, reporting, and audit support to maintain compliant records and reporting	reporting deadline, control review, or audit request	compliance lead; finance manager	operations leader; controller; field manager	Farm Management Platform | Precision Agriculture and Telematics	PDF evidence packs; spreadsheets; email	approve controls, certify records, and remediate gaps	operations and finance to compliance and external review	regulators; auditors; funders	missing evidence, failed control, or filing inconsistency	assemble proof, remediate the gap, and resubmit the record	High	Medium	High	Medium	High	High	Low - generalized from Atlas workflow and outcome layer	Farm Management Platform | Precision Agriculture and Telematics	cycle-time delay; manual labor; exception cost; quality or revenue leakage	Not pursued	Pass	N/A	N/A	N/A	N/A	N/A	N/A	N/A	N/A	compliance lead
Farms	Exception, dispute, and recovery handling	Recovery	Manage exception, dispute, and recovery handling to resolve deviations before they miss the economic deadline	deviation, mismatch, dispute, or blocked step	operations analyst; specialist; manager	operations leader; controller; field manager	Farm Management Platform | Precision Agriculture and Telematics	spreadsheets; email; calls; case notes	diagnose cause, choose correction, and resubmit	front-line teams to specialists and approvers	counterparties; clients; vendors; internal approvers	distributed error states, manual evidence gathering, and unclear ownership	diagnosis, evidence gathering, correction, approval, resubmission, and closure	High	High	High	High	High	High	Low - generalized from Atlas workflow and outcome layer	Farm Management Platform | Precision Agriculture and Telematics	cycle-time delay; manual labor; exception cost; quality or revenue leakage	Supporting workflow	Pass	N/A	N/A	N/A	N/A	N/A	N/A	N/A	N/A	operations analyst
Motor vehicle and parts dealers	Inventory Sourcing and Aging Management	Supplier / Partner	Manage inventory sourcing and aging management to keep external partners ready and compliant	new partner need, replenishment event, or contract change	procurement lead; vendor manager	owner or GM; controller; operations leader	Dealership Management System | CRM | Loan Origination and Servicing | Maintenance Management	email; PDF packets; checklist trackers	approve vendor, accept docs, and route work	operations to vendor and back-office teams	vendors; suppliers; partners	missing compliance items, delay, or contract mismatch	chase documents, swap counterparties, and resend the packet	High	Low	High	Medium	Medium	High	Low - generalized from Atlas workflow and outcome layer	Dealership Management System | CRM | Loan Origination and Servicing | Maintenance Management	cycle-time delay; manual labor; exception cost; quality or revenue leakage	Not pursued	Pass	N/A	N/A	N/A	N/A	N/A	N/A	N/A	N/A	procurement lead
Motor vehicle and parts dealers	Lead Management and Sales	Operational	Manage lead management and sales to execute the recurring workflow reliably	scheduled operational work or live transaction flow	operations manager; supervisor	owner or GM; controller; operations leader	Dealership Management System | CRM | Loan Origination and Servicing | Maintenance Management	calls; chat; shared trackers	sequence work, allocate resources, and escalate blockers	operations to downstream finance or service teams	internal teams; service partners; operators	capacity conflict, execution miss, or missing status context	triage blocker, resequence work, and update commitments	Medium	Low	Medium	Medium	Medium	High	Low - generalized from Atlas workflow and outcome layer	Dealership Management System | CRM | Loan Origination and Servicing | Maintenance Management	cycle-time delay; manual labor; exception cost; quality or revenue leakage	Not pursued	Pass	N/A	N/A	N/A	N/A	N/A	N/A	N/A	N/A	operations manager
Motor vehicle and parts dealers	Financing and Underwriting	Commercial	Manage financing and underwriting to qualify demand and set the workflow up cleanly	new opportunity, intake, or renewal event	account lead; commercial manager	owner or GM; controller; operations leader	Dealership Management System | CRM | Loan Origination and Servicing | Maintenance Management	email; shared docs; spreadsheets	approve terms, scope, and go/no-go path	commercial to operations and finance	customers; counterparties; prospects	missing information, misconfigured setup, or counterparty delay	request clarification, correct setup, and restage the workflow	Medium	Medium	High	Medium	Medium	High	Low - generalized from Atlas workflow and outcome layer	Dealership Management System | CRM | Loan Origination and Servicing | Maintenance Management	cycle-time delay; manual labor; exception cost; quality or revenue leakage	Not pursued	Pass	N/A	N/A	N/A	N/A	N/A	N/A	N/A	N/A	account lead
Motor vehicle and parts dealers	Service Scheduling and Parts Management	Operational	Manage service scheduling and parts management to execute the recurring workflow reliably	scheduled operational work or live transaction flow	operations manager; supervisor	owner or GM; controller; operations leader	Dealership Management System | CRM | Loan Origination and Servicing | Maintenance Management	calls; chat; shared trackers	sequence work, allocate resources, and escalate blockers	operations to downstream finance or service teams	internal teams; service partners; operators	capacity conflict, execution miss, or missing status context	triage blocker, resequence work, and update commitments	Medium	Low	Medium	Medium	Medium	High	Low - generalized from Atlas workflow and outcome layer	Dealership Management System | CRM | Loan Origination and Servicing | Maintenance Management	cycle-time delay; manual labor; exception cost; quality or revenue leakage	Not pursued	Pass	N/A	N/A	N/A	N/A	N/A	N/A	N/A	N/A	operations manager
Motor vehicle and parts dealers	Customer Retention and Remarketing	Customer / Participant	Manage customer retention and remarketing to keep stakeholder communication and follow-through intact	customer request, service milestone, or escalation	account manager; service lead	owner or GM; controller; operations leader	Dealership Management System | CRM | Loan Origination and Servicing | Maintenance Management	email; calls; ticket notes	respond, escalate, or resolve service issues	service or operations to stakeholder-facing teams	customers; clients; participants	stale follow-up, unresolved request, or churn-risk escalation	collect context, escalate ownership, and re-engage the stakeholder	Medium	Low	High	Low	Medium	High	Low - generalized from Atlas workflow and outcome layer	Dealership Management System | CRM | Loan Origination and Servicing | Maintenance Management	cycle-time delay; manual labor; exception cost; quality or revenue leakage	Not pursued	Pass	N/A	N/A	N/A	N/A	N/A	N/A	N/A	N/A	account manager
Motor vehicle and parts dealers	Financing and underwriting; service scheduling	Commercial	Manage financing and underwriting; service scheduling to qualify demand and set the workflow up cleanly	new opportunity, intake, or renewal event	account lead; commercial manager	owner or GM; controller; operations leader	Dealership Management System | CRM | Loan Origination and Servicing | Maintenance Management	email; shared docs; spreadsheets	approve terms, scope, and go/no-go path	commercial to operations and finance	customers; counterparties; prospects	missing information, misconfigured setup, or counterparty delay	request clarification, correct setup, and restage the workflow	Medium	Medium	High	Medium	Medium	High	Low-Medium - prior full-pass evidence	Dealership Management System | CRM | Loan Origination and Servicing | Maintenance Management	cycle-time delay; manual labor; exception cost; quality or revenue leakage	KILL-candidate	Pass	Borderline	Pass	Pass	Borderline	Fail	Borderline	Fail	Pass	account lead
Motor vehicle and parts dealers	Billing, settlement, and close	Financial	Manage billing, settlement, and close to complete the financial cycle accurately and on time	billing cycle, settlement event, or period close	controller; finance manager; billing specialist	owner or GM; controller; operations leader	Dealership Management System | CRM | Loan Origination and Servicing | Maintenance Management	spreadsheets; email; exported reports	post, settle, approve, dispute, or close	operations to finance to counterparty	customers; payers; counterparties	posting mismatch, settlement break, or disputed amount	reconcile records, correct the transaction, and reclose	High	High	High	High	High	High	Low - generalized from Atlas workflow and outcome layer	Dealership Management System | CRM | Loan Origination and Servicing | Maintenance Management	cycle-time delay; manual labor; exception cost; quality or revenue leakage	Supporting workflow	Pass	N/A	N/A	N/A	N/A	N/A	N/A	N/A	N/A	controller
Motor vehicle and parts dealers	Workforce planning, assignment, and time capture	Workforce	Manage workforce planning, assignment, and time capture to keep people assignment and time flow accurate	staffing need, schedule change, or pay-period cutoff	workforce manager; scheduler; payroll lead	owner or GM; controller; operations leader	Dealership Management System | CRM | Loan Origination and Servicing | Maintenance Management	email; spreadsheets; portal checks	assign staff, approve time, and resolve exceptions	staffing or site teams to payroll and finance	employees; contractors; site leaders	missing approvals, bad assignment data, or pay-period mismatch	chase approval, restage records, and rerun the cycle	High	Medium	High	High	High	High	Low - generalized from Atlas workflow and outcome layer	Dealership Management System | CRM | Loan Origination and Servicing | Maintenance Management	cycle-time delay; manual labor; exception cost; quality or revenue leakage	Not pursued	Pass	N/A	N/A	N/A	N/A	N/A	N/A	N/A	N/A	workforce manager
Motor vehicle and parts dealers	Compliance, reporting, and audit support	Governance / Risk	Manage compliance, reporting, and audit support to maintain compliant records and reporting	reporting deadline, control review, or audit request	compliance lead; finance manager	owner or GM; controller; operations leader	Dealership Management System | CRM | Loan Origination and Servicing | Maintenance Management	PDF evidence packs; spreadsheets; email	approve controls, certify records, and remediate gaps	operations and finance to compliance and external review	regulators; auditors; funders	missing evidence, failed control, or filing inconsistency	assemble proof, remediate the gap, and resubmit the record	High	Medium	High	Medium	High	High	Low - generalized from Atlas workflow and outcome layer	Dealership Management System | CRM | Loan Origination and Servicing | Maintenance Management	cycle-time delay; manual labor; exception cost; quality or revenue leakage	Not pursued	Pass	N/A	N/A	N/A	N/A	N/A	N/A	N/A	N/A	compliance lead
Motor vehicle and parts dealers	Exception, dispute, and recovery handling	Recovery	Manage exception, dispute, and recovery handling to resolve deviations before they miss the economic deadline	deviation, mismatch, dispute, or blocked step	operations analyst; specialist; manager	owner or GM; controller; operations leader	Dealership Management System | CRM | Loan Origination and Servicing | Maintenance Management	spreadsheets; email; calls; case notes	diagnose cause, choose correction, and resubmit	front-line teams to specialists and approvers	counterparties; clients; vendors; internal approvers	distributed error states, manual evidence gathering, and unclear ownership	diagnosis, evidence gathering, correction, approval, resubmission, and closure	High	High	High	High	High	High	Low - generalized from Atlas workflow and outcome layer	Dealership Management System | CRM | Loan Origination and Servicing | Maintenance Management	cycle-time delay; manual labor; exception cost; quality or revenue leakage	Supporting workflow	Pass	N/A	N/A	N/A	N/A	N/A	N/A	N/A	N/A	operations analyst
Truck transportation	Capacity and Load Planning	Operational	Manage capacity and load planning to execute the recurring workflow reliably	scheduled operational work or live transaction flow	operations manager; supervisor	controller; operations finance leader; settlement head	Transportation Management System | Fleet Telematics and Visibility | ERP	calls; chat; shared trackers	sequence work, allocate resources, and escalate blockers	operations to downstream finance or service teams	internal teams; service partners; operators	capacity conflict, execution miss, or missing status context	triage blocker, resequence work, and update commitments	Medium	Low	Medium	Medium	Medium	High	Low - generalized from Atlas workflow and outcome layer	Transportation Management System | Fleet Telematics and Visibility | ERP	cycle-time delay; manual labor; exception cost; quality or revenue leakage	Not pursued	Pass	N/A	N/A	N/A	N/A	N/A	N/A	N/A	N/A	operations manager
Truck transportation	Dispatch and Routing	Operational	Manage dispatch and routing to execute the recurring workflow reliably	scheduled operational work or live transaction flow	operations manager; supervisor	controller; operations finance leader; settlement head	Transportation Management System | Fleet Telematics and Visibility | ERP	calls; chat; shared trackers	sequence work, allocate resources, and escalate blockers	operations to downstream finance or service teams	internal teams; service partners; operators	capacity conflict, execution miss, or missing status context	triage blocker, resequence work, and update commitments	Medium	Low	Medium	Medium	Medium	High	Low - generalized from Atlas workflow and outcome layer	Transportation Management System | Fleet Telematics and Visibility | ERP	cycle-time delay; manual labor; exception cost; quality or revenue leakage	Not pursued	Pass	N/A	N/A	N/A	N/A	N/A	N/A	N/A	N/A	operations manager
Truck transportation	Driver Safety and Compliance	Workforce	Manage driver safety and compliance to keep people assignment and time flow accurate	staffing need, schedule change, or pay-period cutoff	workforce manager; scheduler; payroll lead	controller; operations finance leader; settlement head	Transportation Management System | Fleet Telematics and Visibility | ERP	email; spreadsheets; portal checks	assign staff, approve time, and resolve exceptions	staffing or site teams to payroll and finance	employees; contractors; site leaders	missing approvals, bad assignment data, or pay-period mismatch	chase approval, restage records, and rerun the cycle	High	Medium	High	High	High	High	Low - generalized from Atlas workflow and outcome layer	Transportation Management System | Fleet Telematics and Visibility | ERP	cycle-time delay; manual labor; exception cost; quality or revenue leakage	Not pursued	Pass	N/A	N/A	N/A	N/A	N/A	N/A	N/A	N/A	workforce manager
Truck transportation	In-Transit Visibility and Proof of Delivery	Operational	Manage in-transit visibility and proof of delivery to execute the recurring workflow reliably	scheduled operational work or live transaction flow	operations manager; supervisor	controller; operations finance leader; settlement head	Transportation Management System | Fleet Telematics and Visibility | ERP	calls; chat; shared trackers	sequence work, allocate resources, and escalate blockers	operations to downstream finance or service teams	internal teams; service partners; operators	capacity conflict, execution miss, or missing status context	triage blocker, resequence work, and update commitments	Medium	Low	Medium	Medium	Medium	High	Low - generalized from Atlas workflow and outcome layer	Transportation Management System | Fleet Telematics and Visibility | ERP	cycle-time delay; manual labor; exception cost; quality or revenue leakage	Not pursued	Pass	N/A	N/A	N/A	N/A	N/A	N/A	N/A	N/A	operations manager
Truck transportation	Freight Audit and Billing	Financial	Manage freight audit and billing to complete the financial cycle accurately and on time	billing cycle, settlement event, or period close	controller; finance manager; billing specialist	controller; operations finance leader; settlement head	Transportation Management System | Fleet Telematics and Visibility | ERP	spreadsheets; email; exported reports	post, settle, approve, dispute, or close	operations to finance to counterparty	customers; payers; counterparties	posting mismatch, settlement break, or disputed amount	reconcile records, correct the transaction, and reclose	High	High	High	High	High	High	Medium - prior full-pass evidence	Transportation Management System | Fleet Telematics and Visibility | ERP	cycle-time delay; manual labor; exception cost; quality or revenue leakage	YELLOW-W-005	Pass	Borderline	Pass	Pass	Pass	Borderline	Pass	Borderline	Borderline	controller
Truck transportation	Lead, intake, and qualification management	Commercial	Manage lead, intake, and qualification management to qualify demand and set the workflow up cleanly	new opportunity, intake, or renewal event	account lead; commercial manager	controller; operations finance leader; settlement head	Transportation Management System | Fleet Telematics and Visibility | ERP	email; shared docs; spreadsheets	approve terms, scope, and go/no-go path	commercial to operations and finance	customers; counterparties; prospects	missing information, misconfigured setup, or counterparty delay	request clarification, correct setup, and restage the workflow	Medium	Medium	High	Medium	Medium	High	Low - generalized from Atlas workflow and outcome layer	Transportation Management System | Fleet Telematics and Visibility | ERP	cycle-time delay; manual labor; exception cost; quality or revenue leakage	Not pursued	Pass	N/A	N/A	N/A	N/A	N/A	N/A	N/A	N/A	account lead
Truck transportation	Supplier, vendor, or partner onboarding and compliance	Supplier / Partner	Manage supplier, vendor, or partner onboarding and compliance to keep external partners ready and compliant	new partner need, replenishment event, or contract change	procurement lead; vendor manager	controller; operations finance leader; settlement head	Transportation Management System | Fleet Telematics and Visibility | ERP	email; PDF packets; checklist trackers	approve vendor, accept docs, and route work	operations to vendor and back-office teams	vendors; suppliers; partners	missing compliance items, delay, or contract mismatch	chase documents, swap counterparties, and resend the packet	High	Low	High	Medium	Medium	High	Low - generalized from Atlas workflow and outcome layer	Transportation Management System | Fleet Telematics and Visibility | ERP	cycle-time delay; manual labor; exception cost; quality or revenue leakage	Not pursued	Pass	N/A	N/A	N/A	N/A	N/A	N/A	N/A	N/A	procurement lead
Truck transportation	Customer, participant, or stakeholder communication and escalation	Customer / Participant	Manage customer, participant, or stakeholder communication and escalation to keep stakeholder communication and follow-through intact	customer request, service milestone, or escalation	account manager; service lead	controller; operations finance leader; settlement head	Transportation Management System | Fleet Telematics and Visibility | ERP	email; calls; ticket notes	respond, escalate, or resolve service issues	service or operations to stakeholder-facing teams	customers; clients; participants	stale follow-up, unresolved request, or churn-risk escalation	collect context, escalate ownership, and re-engage the stakeholder	Medium	Low	High	Low	Medium	High	Low - generalized from Atlas workflow and outcome layer	Transportation Management System | Fleet Telematics and Visibility | ERP	cycle-time delay; manual labor; exception cost; quality or revenue leakage	Not pursued	Pass	N/A	N/A	N/A	N/A	N/A	N/A	N/A	N/A	account manager
Truck transportation	Compliance, reporting, and audit support	Governance / Risk	Manage compliance, reporting, and audit support to maintain compliant records and reporting	reporting deadline, control review, or audit request	compliance lead; finance manager	controller; operations finance leader; settlement head	Transportation Management System | Fleet Telematics and Visibility | ERP	PDF evidence packs; spreadsheets; email	approve controls, certify records, and remediate gaps	operations and finance to compliance and external review	regulators; auditors; funders	missing evidence, failed control, or filing inconsistency	assemble proof, remediate the gap, and resubmit the record	High	Medium	High	Medium	High	High	Low - generalized from Atlas workflow and outcome layer	Transportation Management System | Fleet Telematics and Visibility | ERP	cycle-time delay; manual labor; exception cost; quality or revenue leakage	Not pursued	Pass	N/A	N/A	N/A	N/A	N/A	N/A	N/A	N/A	compliance lead
Truck transportation	Exception, dispute, and recovery handling	Recovery	Manage exception, dispute, and recovery handling to resolve deviations before they miss the economic deadline	deviation, mismatch, dispute, or blocked step	operations analyst; specialist; manager	controller; operations finance leader; settlement head	Transportation Management System | Fleet Telematics and Visibility | ERP	spreadsheets; email; calls; case notes	diagnose cause, choose correction, and resubmit	front-line teams to specialists and approvers	counterparties; clients; vendors; internal approvers	distributed error states, manual evidence gathering, and unclear ownership	diagnosis, evidence gathering, correction, approval, resubmission, and closure	High	High	High	High	High	High	Low - generalized from Atlas workflow and outcome layer	Transportation Management System | Fleet Telematics and Visibility | ERP	cycle-time delay; manual labor; exception cost; quality or revenue leakage	Supporting workflow	Pass	N/A	N/A	N/A	N/A	N/A	N/A	N/A	N/A	operations analyst
Legal services	Matter Intake and Conflict Review	Commercial	Manage matter intake and conflict review to qualify demand and set the workflow up cleanly	new opportunity, intake, or renewal event	account lead; commercial manager	practice leader; CFO; operations head	Document Management | Practice Management and Billing | CRM	email; shared docs; spreadsheets	approve terms, scope, and go/no-go path	commercial to operations and finance	customers; counterparties; prospects	missing information, misconfigured setup, or counterparty delay	request clarification, correct setup, and restage the workflow	Medium	Medium	High	Medium	Medium	High	Low - generalized from Atlas workflow and outcome layer	Document Management | Practice Management and Billing | CRM	cycle-time delay; manual labor; exception cost; quality or revenue leakage	Not pursued	Pass	N/A	N/A	N/A	N/A	N/A	N/A	N/A	N/A	account lead
Legal services	Staffing and Task Management	Workforce	Manage staffing and task management to keep people assignment and time flow accurate	staffing need, schedule change, or pay-period cutoff	workforce manager; scheduler; payroll lead	practice leader; CFO; operations head	Document Management | Practice Management and Billing | CRM	email; spreadsheets; portal checks	assign staff, approve time, and resolve exceptions	staffing or site teams to payroll and finance	employees; contractors; site leaders	missing approvals, bad assignment data, or pay-period mismatch	chase approval, restage records, and rerun the cycle	High	Medium	High	High	High	High	Low - generalized from Atlas workflow and outcome layer	Document Management | Practice Management and Billing | CRM	cycle-time delay; manual labor; exception cost; quality or revenue leakage	Not pursued	Pass	N/A	N/A	N/A	N/A	N/A	N/A	N/A	N/A	workforce manager
Legal services	Document and Knowledge Management	Operational	Manage document and knowledge management to execute the recurring workflow reliably	scheduled operational work or live transaction flow	operations manager; supervisor	practice leader; CFO; operations head	Document Management | Practice Management and Billing | CRM	calls; chat; shared trackers	sequence work, allocate resources, and escalate blockers	operations to downstream finance or service teams	internal teams; service partners; operators	capacity conflict, execution miss, or missing status context	triage blocker, resequence work, and update commitments	Medium	Low	Medium	Medium	Medium	High	Low - generalized from Atlas workflow and outcome layer	Document Management | Practice Management and Billing | CRM	cycle-time delay; manual labor; exception cost; quality or revenue leakage	Not pursued	Pass	N/A	N/A	N/A	N/A	N/A	N/A	N/A	N/A	operations manager
Legal services	Time and Expense Capture	Operational	Manage time and expense capture to execute the recurring workflow reliably	scheduled operational work or live transaction flow	operations manager; supervisor	practice leader; CFO; operations head	Document Management | Practice Management and Billing | CRM	calls; chat; shared trackers	sequence work, allocate resources, and escalate blockers	operations to downstream finance or service teams	internal teams; service partners; operators	capacity conflict, execution miss, or missing status context	triage blocker, resequence work, and update commitments	Medium	Low	Medium	Medium	Medium	High	Low-Medium - prior full-pass evidence	Document Management | Practice Management and Billing | CRM	cycle-time delay; manual labor; exception cost; quality or revenue leakage	KILL-candidate	Pass	Borderline	Pass	Pass	Borderline	Fail	Borderline	Fail	Pass	operations manager
Legal services	Docketing and Compliance Tracking	Governance / Risk	Manage docketing and compliance tracking to maintain compliant records and reporting	reporting deadline, control review, or audit request	compliance lead; finance manager	practice leader; CFO; operations head	Document Management | Practice Management and Billing | CRM	PDF evidence packs; spreadsheets; email	approve controls, certify records, and remediate gaps	operations and finance to compliance and external review	regulators; auditors; funders	missing evidence, failed control, or filing inconsistency	assemble proof, remediate the gap, and resubmit the record	High	Medium	High	Medium	High	High	Low - generalized from Atlas workflow and outcome layer	Document Management | Practice Management and Billing | CRM	cycle-time delay; manual labor; exception cost; quality or revenue leakage	Not pursued	Pass	N/A	N/A	N/A	N/A	N/A	N/A	N/A	N/A	compliance lead
Legal services	Billing, settlement, and close	Financial	Manage billing, settlement, and close to complete the financial cycle accurately and on time	billing cycle, settlement event, or period close	controller; finance manager; billing specialist	practice leader; CFO; operations head	Document Management | Practice Management and Billing | CRM	spreadsheets; email; exported reports	post, settle, approve, dispute, or close	operations to finance to counterparty	customers; payers; counterparties	posting mismatch, settlement break, or disputed amount	reconcile records, correct the transaction, and reclose	High	High	High	High	High	High	Low - generalized from Atlas workflow and outcome layer	Document Management | Practice Management and Billing | CRM	cycle-time delay; manual labor; exception cost; quality or revenue leakage	Supporting workflow	Pass	N/A	N/A	N/A	N/A	N/A	N/A	N/A	N/A	controller
Legal services	Supplier, vendor, or partner onboarding and compliance	Supplier / Partner	Manage supplier, vendor, or partner onboarding and compliance to keep external partners ready and compliant	new partner need, replenishment event, or contract change	procurement lead; vendor manager	practice leader; CFO; operations head	Document Management | Practice Management and Billing | CRM	email; PDF packets; checklist trackers	approve vendor, accept docs, and route work	operations to vendor and back-office teams	vendors; suppliers; partners	missing compliance items, delay, or contract mismatch	chase documents, swap counterparties, and resend the packet	High	Low	High	Medium	Medium	High	Low - generalized from Atlas workflow and outcome layer	Document Management | Practice Management and Billing | CRM	cycle-time delay; manual labor; exception cost; quality or revenue leakage	Not pursued	Pass	N/A	N/A	N/A	N/A	N/A	N/A	N/A	N/A	procurement lead
Legal services	Customer, participant, or stakeholder communication and escalation	Customer / Participant	Manage customer, participant, or stakeholder communication and escalation to keep stakeholder communication and follow-through intact	customer request, service milestone, or escalation	account manager; service lead	practice leader; CFO; operations head	Document Management | Practice Management and Billing | CRM	email; calls; ticket notes	respond, escalate, or resolve service issues	service or operations to stakeholder-facing teams	customers; clients; participants	stale follow-up, unresolved request, or churn-risk escalation	collect context, escalate ownership, and re-engage the stakeholder	Medium	Low	High	Low	Medium	High	Low - generalized from Atlas workflow and outcome layer	Document Management | Practice Management and Billing | CRM	cycle-time delay; manual labor; exception cost; quality or revenue leakage	Not pursued	Pass	N/A	N/A	N/A	N/A	N/A	N/A	N/A	N/A	account manager
Legal services	Exception, dispute, and recovery handling	Recovery	Manage exception, dispute, and recovery handling to resolve deviations before they miss the economic deadline	deviation, mismatch, dispute, or blocked step	operations analyst; specialist; manager	practice leader; CFO; operations head	Document Management | Practice Management and Billing | CRM	spreadsheets; email; calls; case notes	diagnose cause, choose correction, and resubmit	front-line teams to specialists and approvers	counterparties; clients; vendors; internal approvers	distributed error states, manual evidence gathering, and unclear ownership	diagnosis, evidence gathering, correction, approval, resubmission, and closure	High	High	High	High	High	High	Low - generalized from Atlas workflow and outcome layer	Document Management | Practice Management and Billing | CRM	cycle-time delay; manual labor; exception cost; quality or revenue leakage	Supporting workflow	Pass	N/A	N/A	N/A	N/A	N/A	N/A	N/A	N/A	operations analyst
Educational services	Admissions and Enrollment	Commercial	Manage admissions and enrollment to qualify demand and set the workflow up cleanly	new opportunity, intake, or renewal event	account lead; commercial manager	CFO; operations leader; registrar or business office head	Student Information System | Learning Management System | HCM / Workforce Management | ERP	email; shared docs; spreadsheets	approve terms, scope, and go/no-go path	commercial to operations and finance	customers; counterparties; prospects	missing information, misconfigured setup, or counterparty delay	request clarification, correct setup, and restage the workflow	Medium	Medium	High	Medium	Medium	High	Low - generalized from Atlas workflow and outcome layer	Student Information System | Learning Management System | HCM / Workforce Management | ERP	cycle-time delay; manual labor; exception cost; quality or revenue leakage	Not pursued	Pass	N/A	N/A	N/A	N/A	N/A	N/A	N/A	N/A	account lead
Educational services	Scheduling and Staffing	Workforce	Manage scheduling and staffing to keep people assignment and time flow accurate	staffing need, schedule change, or pay-period cutoff	workforce manager; scheduler; payroll lead	CFO; operations leader; registrar or business office head	Student Information System | Learning Management System | HCM / Workforce Management | ERP	email; spreadsheets; portal checks	assign staff, approve time, and resolve exceptions	staffing or site teams to payroll and finance	employees; contractors; site leaders	missing approvals, bad assignment data, or pay-period mismatch	chase approval, restage records, and rerun the cycle	High	Medium	High	High	High	High	Low - generalized from Atlas workflow and outcome layer	Student Information System | Learning Management System | HCM / Workforce Management | ERP	cycle-time delay; manual labor; exception cost; quality or revenue leakage	Not pursued	Pass	N/A	N/A	N/A	N/A	N/A	N/A	N/A	N/A	workforce manager
Educational services	Instruction Delivery	Operational	Manage instruction delivery to execute the recurring workflow reliably	scheduled operational work or live transaction flow	operations manager; supervisor	CFO; operations leader; registrar or business office head	Student Information System | Learning Management System | HCM / Workforce Management | ERP	calls; chat; shared trackers	sequence work, allocate resources, and escalate blockers	operations to downstream finance or service teams	internal teams; service partners; operators	capacity conflict, execution miss, or missing status context	triage blocker, resequence work, and update commitments	Medium	Low	Medium	Medium	Medium	High	Low - generalized from Atlas workflow and outcome layer	Student Information System | Learning Management System | HCM / Workforce Management | ERP	cycle-time delay; manual labor; exception cost; quality or revenue leakage	Not pursued	Pass	N/A	N/A	N/A	N/A	N/A	N/A	N/A	N/A	operations manager
Educational services	Student Service and Retention Management	Customer / Participant	Manage student service and retention management to keep stakeholder communication and follow-through intact	customer request, service milestone, or escalation	account manager; service lead	CFO; operations leader; registrar or business office head	Student Information System | Learning Management System | HCM / Workforce Management | ERP	email; calls; ticket notes	respond, escalate, or resolve service issues	service or operations to stakeholder-facing teams	customers; clients; participants	stale follow-up, unresolved request, or churn-risk escalation	collect context, escalate ownership, and re-engage the stakeholder	Medium	Low	High	Low	Medium	High	Low - generalized from Atlas workflow and outcome layer	Student Information System | Learning Management System | HCM / Workforce Management | ERP	cycle-time delay; manual labor; exception cost; quality or revenue leakage	Not pursued	Pass	N/A	N/A	N/A	N/A	N/A	N/A	N/A	N/A	account manager
Educational services	Billing, Aid, and Regulatory Reporting	Financial	Manage billing, aid, and regulatory reporting to complete the financial cycle accurately and on time	billing cycle, settlement event, or period close	controller; finance manager; billing specialist	CFO; operations leader; registrar or business office head	Student Information System | Learning Management System | HCM / Workforce Management | ERP	spreadsheets; email; exported reports	post, settle, approve, dispute, or close	operations to finance to counterparty	customers; payers; counterparties	posting mismatch, settlement break, or disputed amount	reconcile records, correct the transaction, and reclose	High	High	High	High	High	High	Low-Medium - prior full-pass evidence	Student Information System | Learning Management System | HCM / Workforce Management | ERP	cycle-time delay; manual labor; exception cost; quality or revenue leakage	KILL-candidate	Pass	Borderline	Pass	Pass	Borderline	Fail	Borderline	Fail	Pass	controller
Educational services	Supplier, vendor, or partner onboarding and compliance	Supplier / Partner	Manage supplier, vendor, or partner onboarding and compliance to keep external partners ready and compliant	new partner need, replenishment event, or contract change	procurement lead; vendor manager	CFO; operations leader; registrar or business office head	Student Information System | Learning Management System | HCM / Workforce Management | ERP	email; PDF packets; checklist trackers	approve vendor, accept docs, and route work	operations to vendor and back-office teams	vendors; suppliers; partners	missing compliance items, delay, or contract mismatch	chase documents, swap counterparties, and resend the packet	High	Low	High	Medium	Medium	High	Low - generalized from Atlas workflow and outcome layer	Student Information System | Learning Management System | HCM / Workforce Management | ERP	cycle-time delay; manual labor; exception cost; quality or revenue leakage	Not pursued	Pass	N/A	N/A	N/A	N/A	N/A	N/A	N/A	N/A	procurement lead
Educational services	Compliance, reporting, and audit support	Governance / Risk	Manage compliance, reporting, and audit support to maintain compliant records and reporting	reporting deadline, control review, or audit request	compliance lead; finance manager	CFO; operations leader; registrar or business office head	Student Information System | Learning Management System | HCM / Workforce Management | ERP	PDF evidence packs; spreadsheets; email	approve controls, certify records, and remediate gaps	operations and finance to compliance and external review	regulators; auditors; funders	missing evidence, failed control, or filing inconsistency	assemble proof, remediate the gap, and resubmit the record	High	Medium	High	Medium	High	High	Low - generalized from Atlas workflow and outcome layer	Student Information System | Learning Management System | HCM / Workforce Management | ERP	cycle-time delay; manual labor; exception cost; quality or revenue leakage	Not pursued	Pass	N/A	N/A	N/A	N/A	N/A	N/A	N/A	N/A	compliance lead
Educational services	Exception, dispute, and recovery handling	Recovery	Manage exception, dispute, and recovery handling to resolve deviations before they miss the economic deadline	deviation, mismatch, dispute, or blocked step	operations analyst; specialist; manager	CFO; operations leader; registrar or business office head	Student Information System | Learning Management System | HCM / Workforce Management | ERP	spreadsheets; email; calls; case notes	diagnose cause, choose correction, and resubmit	front-line teams to specialists and approvers	counterparties; clients; vendors; internal approvers	distributed error states, manual evidence gathering, and unclear ownership	diagnosis, evidence gathering, correction, approval, resubmission, and closure	High	High	High	High	High	High	Low - generalized from Atlas workflow and outcome layer	Student Information System | Learning Management System | HCM / Workforce Management | ERP	cycle-time delay; manual labor; exception cost; quality or revenue leakage	Supporting workflow	Pass	N/A	N/A	N/A	N/A	N/A	N/A	N/A	N/A	operations analyst
Fabricated metal products	Estimating and Quotation	Operational	Manage estimating and quotation to execute the recurring workflow reliably	scheduled operational work or live transaction flow	operations manager; supervisor	operations executive; plant leader; controller	ERP | Manufacturing Execution System | Shop Floor Control and Quality	calls; chat; shared trackers	sequence work, allocate resources, and escalate blockers	operations to downstream finance or service teams	internal teams; service partners; operators	capacity conflict, execution miss, or missing status context	triage blocker, resequence work, and update commitments	Medium	Low	Medium	Medium	Medium	High	Low - generalized from Atlas workflow and outcome layer	ERP | Manufacturing Execution System | Shop Floor Control and Quality	cycle-time delay; manual labor; exception cost; quality or revenue leakage	Not pursued	Pass	N/A	N/A	N/A	N/A	N/A	N/A	N/A	N/A	operations manager
Fabricated metal products	Production Planning	Operational	Manage production planning to execute the recurring workflow reliably	scheduled operational work or live transaction flow	operations manager; supervisor	operations executive; plant leader; controller	ERP | Manufacturing Execution System | Shop Floor Control and Quality	calls; chat; shared trackers	sequence work, allocate resources, and escalate blockers	operations to downstream finance or service teams	internal teams; service partners; operators	capacity conflict, execution miss, or missing status context	triage blocker, resequence work, and update commitments	Medium	Low	Medium	Medium	Medium	High	Low - generalized from Atlas workflow and outcome layer	ERP | Manufacturing Execution System | Shop Floor Control and Quality	cycle-time delay; manual labor; exception cost; quality or revenue leakage	Not pursued	Pass	N/A	N/A	N/A	N/A	N/A	N/A	N/A	N/A	operations manager
Fabricated metal products	Shop Floor Execution and Quality Management	Governance / Risk	Manage shop floor execution and quality management to maintain compliant records and reporting	reporting deadline, control review, or audit request	compliance lead; finance manager	operations executive; plant leader; controller	ERP | Manufacturing Execution System | Shop Floor Control and Quality	PDF evidence packs; spreadsheets; email	approve controls, certify records, and remediate gaps	operations and finance to compliance and external review	regulators; auditors; funders	missing evidence, failed control, or filing inconsistency	assemble proof, remediate the gap, and resubmit the record	High	Medium	High	Medium	High	High	Low - generalized from Atlas workflow and outcome layer	ERP | Manufacturing Execution System | Shop Floor Control and Quality	cycle-time delay; manual labor; exception cost; quality or revenue leakage	Not pursued	Pass	N/A	N/A	N/A	N/A	N/A	N/A	N/A	N/A	compliance lead
Fabricated metal products	Quality Inspection and Certification	Governance / Risk	Manage quality inspection and certification to maintain compliant records and reporting	reporting deadline, control review, or audit request	compliance lead; finance manager	operations executive; plant leader; controller	ERP | Manufacturing Execution System | Shop Floor Control and Quality	PDF evidence packs; spreadsheets; email	approve controls, certify records, and remediate gaps	operations and finance to compliance and external review	regulators; auditors; funders	missing evidence, failed control, or filing inconsistency	assemble proof, remediate the gap, and resubmit the record	High	Medium	High	Medium	High	High	Low - generalized from Atlas workflow and outcome layer	ERP | Manufacturing Execution System | Shop Floor Control and Quality	cycle-time delay; manual labor; exception cost; quality or revenue leakage	Not pursued	Pass	N/A	N/A	N/A	N/A	N/A	N/A	N/A	N/A	compliance lead
Fabricated metal products	Shipping and Invoice Reconciliation	Recovery	Manage shipping and invoice reconciliation to resolve deviations before they miss the economic deadline	deviation, mismatch, dispute, or blocked step	operations analyst; specialist; manager	operations executive; plant leader; controller	ERP | Manufacturing Execution System | Shop Floor Control and Quality	spreadsheets; email; calls; case notes	diagnose cause, choose correction, and resubmit	front-line teams to specialists and approvers	counterparties; clients; vendors; internal approvers	distributed error states, manual evidence gathering, and unclear ownership	diagnosis, evidence gathering, correction, approval, resubmission, and closure	High	High	High	High	High	High	Low-Medium - prior full-pass evidence	ERP | Manufacturing Execution System | Shop Floor Control and Quality	cycle-time delay; manual labor; exception cost; quality or revenue leakage	KILL-candidate	Pass	Borderline	Pass	Pass	Borderline	Fail	Borderline	Fail	Pass	operations analyst
Fabricated metal products	Lead, intake, and qualification management	Commercial	Manage lead, intake, and qualification management to qualify demand and set the workflow up cleanly	new opportunity, intake, or renewal event	account lead; commercial manager	operations executive; plant leader; controller	ERP | Manufacturing Execution System | Shop Floor Control and Quality	email; shared docs; spreadsheets	approve terms, scope, and go/no-go path	commercial to operations and finance	customers; counterparties; prospects	missing information, misconfigured setup, or counterparty delay	request clarification, correct setup, and restage the workflow	Medium	Medium	High	Medium	Medium	High	Low - generalized from Atlas workflow and outcome layer	ERP | Manufacturing Execution System | Shop Floor Control and Quality	cycle-time delay; manual labor; exception cost; quality or revenue leakage	Not pursued	Pass	N/A	N/A	N/A	N/A	N/A	N/A	N/A	N/A	account lead
Fabricated metal products	Billing, settlement, and close	Financial	Manage billing, settlement, and close to complete the financial cycle accurately and on time	billing cycle, settlement event, or period close	controller; finance manager; billing specialist	operations executive; plant leader; controller	ERP | Manufacturing Execution System | Shop Floor Control and Quality	spreadsheets; email; exported reports	post, settle, approve, dispute, or close	operations to finance to counterparty	customers; payers; counterparties	posting mismatch, settlement break, or disputed amount	reconcile records, correct the transaction, and reclose	High	High	High	High	High	High	Low - generalized from Atlas workflow and outcome layer	ERP | Manufacturing Execution System | Shop Floor Control and Quality	cycle-time delay; manual labor; exception cost; quality or revenue leakage	Supporting workflow	Pass	N/A	N/A	N/A	N/A	N/A	N/A	N/A	N/A	controller
Fabricated metal products	Workforce planning, assignment, and time capture	Workforce	Manage workforce planning, assignment, and time capture to keep people assignment and time flow accurate	staffing need, schedule change, or pay-period cutoff	workforce manager; scheduler; payroll lead	operations executive; plant leader; controller	ERP | Manufacturing Execution System | Shop Floor Control and Quality	email; spreadsheets; portal checks	assign staff, approve time, and resolve exceptions	staffing or site teams to payroll and finance	employees; contractors; site leaders	missing approvals, bad assignment data, or pay-period mismatch	chase approval, restage records, and rerun the cycle	High	Medium	High	High	High	High	Low - generalized from Atlas workflow and outcome layer	ERP | Manufacturing Execution System | Shop Floor Control and Quality	cycle-time delay; manual labor; exception cost; quality or revenue leakage	Not pursued	Pass	N/A	N/A	N/A	N/A	N/A	N/A	N/A	N/A	workforce manager
Fabricated metal products	Supplier, vendor, or partner onboarding and compliance	Supplier / Partner	Manage supplier, vendor, or partner onboarding and compliance to keep external partners ready and compliant	new partner need, replenishment event, or contract change	procurement lead; vendor manager	operations executive; plant leader; controller	ERP | Manufacturing Execution System | Shop Floor Control and Quality	email; PDF packets; checklist trackers	approve vendor, accept docs, and route work	operations to vendor and back-office teams	vendors; suppliers; partners	missing compliance items, delay, or contract mismatch	chase documents, swap counterparties, and resend the packet	High	Low	High	Medium	Medium	High	Low - generalized from Atlas workflow and outcome layer	ERP | Manufacturing Execution System | Shop Floor Control and Quality	cycle-time delay; manual labor; exception cost; quality or revenue leakage	Not pursued	Pass	N/A	N/A	N/A	N/A	N/A	N/A	N/A	N/A	procurement lead
Fabricated metal products	Customer, participant, or stakeholder communication and escalation	Customer / Participant	Manage customer, participant, or stakeholder communication and escalation to keep stakeholder communication and follow-through intact	customer request, service milestone, or escalation	account manager; service lead	operations executive; plant leader; controller	ERP | Manufacturing Execution System | Shop Floor Control and Quality	email; calls; ticket notes	respond, escalate, or resolve service issues	service or operations to stakeholder-facing teams	customers; clients; participants	stale follow-up, unresolved request, or churn-risk escalation	collect context, escalate ownership, and re-engage the stakeholder	Medium	Low	High	Low	Medium	High	Low - generalized from Atlas workflow and outcome layer	ERP | Manufacturing Execution System | Shop Floor Control and Quality	cycle-time delay; manual labor; exception cost; quality or revenue leakage	Not pursued	Pass	N/A	N/A	N/A	N/A	N/A	N/A	N/A	N/A	account manager
Oil and gas extraction	Asset and Reserve Evaluation	Financial	Manage asset and reserve evaluation to complete the financial cycle accurately and on time	billing cycle, settlement event, or period close	controller; finance manager; billing specialist	operations leader; controller; field manager	Upstream Energy Management | Production Accounting and Regulatory | Geoscience and Reservoir Management | ERP	spreadsheets; email; exported reports	post, settle, approve, dispute, or close	operations to finance to counterparty	customers; payers; counterparties	posting mismatch, settlement break, or disputed amount	reconcile records, correct the transaction, and reclose	High	High	High	High	High	High	Low - generalized from Atlas workflow and outcome layer	Upstream Energy Management | Production Accounting and Regulatory | Geoscience and Reservoir Management | ERP	cycle-time delay; manual labor; exception cost; quality or revenue leakage	Supporting workflow	Pass	N/A	N/A	N/A	N/A	N/A	N/A	N/A	N/A	controller
Oil and gas extraction	Field Development Planning	Operational	Manage field development planning to execute the recurring workflow reliably	scheduled operational work or live transaction flow	operations manager; supervisor	operations leader; controller; field manager	Upstream Energy Management | Production Accounting and Regulatory | Geoscience and Reservoir Management | ERP	calls; chat; shared trackers	sequence work, allocate resources, and escalate blockers	operations to downstream finance or service teams	internal teams; service partners; operators	capacity conflict, execution miss, or missing status context	triage blocker, resequence work, and update commitments	Medium	Low	Medium	Medium	Medium	High	Low - generalized from Atlas workflow and outcome layer	Upstream Energy Management | Production Accounting and Regulatory | Geoscience and Reservoir Management | ERP	cycle-time delay; manual labor; exception cost; quality or revenue leakage	Not pursued	Pass	N/A	N/A	N/A	N/A	N/A	N/A	N/A	N/A	operations manager
Oil and gas extraction	Production Operations	Operational	Manage production operations to execute the recurring workflow reliably	scheduled operational work or live transaction flow	operations manager; supervisor	operations leader; controller; field manager	Upstream Energy Management | Production Accounting and Regulatory | Geoscience and Reservoir Management | ERP	calls; chat; shared trackers	sequence work, allocate resources, and escalate blockers	operations to downstream finance or service teams	internal teams; service partners; operators	capacity conflict, execution miss, or missing status context	triage blocker, resequence work, and update commitments	Medium	Low	Medium	Medium	Medium	High	Low - generalized from Atlas workflow and outcome layer	Upstream Energy Management | Production Accounting and Regulatory | Geoscience and Reservoir Management | ERP	cycle-time delay; manual labor; exception cost; quality or revenue leakage	Not pursued	Pass	N/A	N/A	N/A	N/A	N/A	N/A	N/A	N/A	operations manager
Oil and gas extraction	Midstream Coordination	Operational	Manage midstream coordination to execute the recurring workflow reliably	scheduled operational work or live transaction flow	operations manager; supervisor	operations leader; controller; field manager	Upstream Energy Management | Production Accounting and Regulatory | Geoscience and Reservoir Management | ERP	calls; chat; shared trackers	sequence work, allocate resources, and escalate blockers	operations to downstream finance or service teams	internal teams; service partners; operators	capacity conflict, execution miss, or missing status context	triage blocker, resequence work, and update commitments	Medium	Low	Medium	Medium	Medium	High	Low - generalized from Atlas workflow and outcome layer	Upstream Energy Management | Production Accounting and Regulatory | Geoscience and Reservoir Management | ERP	cycle-time delay; manual labor; exception cost; quality or revenue leakage	Not pursued	Pass	N/A	N/A	N/A	N/A	N/A	N/A	N/A	N/A	operations manager
Oil and gas extraction	Revenue and Regulatory Reporting	Financial	Manage revenue and regulatory reporting to complete the financial cycle accurately and on time	billing cycle, settlement event, or period close	controller; finance manager; billing specialist	operations leader; controller; field manager	Upstream Energy Management | Production Accounting and Regulatory | Geoscience and Reservoir Management | ERP	spreadsheets; email; exported reports	post, settle, approve, dispute, or close	operations to finance to counterparty	customers; payers; counterparties	posting mismatch, settlement break, or disputed amount	reconcile records, correct the transaction, and reclose	High	High	High	High	High	High	Low-Medium - prior full-pass evidence	Upstream Energy Management | Production Accounting and Regulatory | Geoscience and Reservoir Management | ERP	cycle-time delay; manual labor; exception cost; quality or revenue leakage	KILL-candidate	Pass	Borderline	Pass	Pass	Borderline	Fail	Borderline	Fail	Pass	controller
Oil and gas extraction	Lead, intake, and qualification management	Commercial	Manage lead, intake, and qualification management to qualify demand and set the workflow up cleanly	new opportunity, intake, or renewal event	account lead; commercial manager	operations leader; controller; field manager	Upstream Energy Management | Production Accounting and Regulatory | Geoscience and Reservoir Management | ERP	email; shared docs; spreadsheets	approve terms, scope, and go/no-go path	commercial to operations and finance	customers; counterparties; prospects	missing information, misconfigured setup, or counterparty delay	request clarification, correct setup, and restage the workflow	Medium	Medium	High	Medium	Medium	High	Low - generalized from Atlas workflow and outcome layer	Upstream Energy Management | Production Accounting and Regulatory | Geoscience and Reservoir Management | ERP	cycle-time delay; manual labor; exception cost; quality or revenue leakage	Not pursued	Pass	N/A	N/A	N/A	N/A	N/A	N/A	N/A	N/A	account lead
Oil and gas extraction	Workforce planning, assignment, and time capture	Workforce	Manage workforce planning, assignment, and time capture to keep people assignment and time flow accurate	staffing need, schedule change, or pay-period cutoff	workforce manager; scheduler; payroll lead	operations leader; controller; field manager	Upstream Energy Management | Production Accounting and Regulatory | Geoscience and Reservoir Management | ERP	email; spreadsheets; portal checks	assign staff, approve time, and resolve exceptions	staffing or site teams to payroll and finance	employees; contractors; site leaders	missing approvals, bad assignment data, or pay-period mismatch	chase approval, restage records, and rerun the cycle	High	Medium	High	High	High	High	Low - generalized from Atlas workflow and outcome layer	Upstream Energy Management | Production Accounting and Regulatory | Geoscience and Reservoir Management | ERP	cycle-time delay; manual labor; exception cost; quality or revenue leakage	Not pursued	Pass	N/A	N/A	N/A	N/A	N/A	N/A	N/A	N/A	workforce manager
Oil and gas extraction	Supplier, vendor, or partner onboarding and compliance	Supplier / Partner	Manage supplier, vendor, or partner onboarding and compliance to keep external partners ready and compliant	new partner need, replenishment event, or contract change	procurement lead; vendor manager	operations leader; controller; field manager	Upstream Energy Management | Production Accounting and Regulatory | Geoscience and Reservoir Management | ERP	email; PDF packets; checklist trackers	approve vendor, accept docs, and route work	operations to vendor and back-office teams	vendors; suppliers; partners	missing compliance items, delay, or contract mismatch	chase documents, swap counterparties, and resend the packet	High	Low	High	Medium	Medium	High	Low - generalized from Atlas workflow and outcome layer	Upstream Energy Management | Production Accounting and Regulatory | Geoscience and Reservoir Management | ERP	cycle-time delay; manual labor; exception cost; quality or revenue leakage	Not pursued	Pass	N/A	N/A	N/A	N/A	N/A	N/A	N/A	N/A	procurement lead
Oil and gas extraction	Customer, participant, or stakeholder communication and escalation	Customer / Participant	Manage customer, participant, or stakeholder communication and escalation to keep stakeholder communication and follow-through intact	customer request, service milestone, or escalation	account manager; service lead	operations leader; controller; field manager	Upstream Energy Management | Production Accounting and Regulatory | Geoscience and Reservoir Management | ERP	email; calls; ticket notes	respond, escalate, or resolve service issues	service or operations to stakeholder-facing teams	customers; clients; participants	stale follow-up, unresolved request, or churn-risk escalation	collect context, escalate ownership, and re-engage the stakeholder	Medium	Low	High	Low	Medium	High	Low - generalized from Atlas workflow and outcome layer	Upstream Energy Management | Production Accounting and Regulatory | Geoscience and Reservoir Management | ERP	cycle-time delay; manual labor; exception cost; quality or revenue leakage	Not pursued	Pass	N/A	N/A	N/A	N/A	N/A	N/A	N/A	N/A	account manager
Oil and gas extraction	Compliance, reporting, and audit support	Governance / Risk	Manage compliance, reporting, and audit support to maintain compliant records and reporting	reporting deadline, control review, or audit request	compliance lead; finance manager	operations leader; controller; field manager	Upstream Energy Management | Production Accounting and Regulatory | Geoscience and Reservoir Management | ERP	PDF evidence packs; spreadsheets; email	approve controls, certify records, and remediate gaps	operations and finance to compliance and external review	regulators; auditors; funders	missing evidence, failed control, or filing inconsistency	assemble proof, remediate the gap, and resubmit the record	High	Medium	High	Medium	High	High	Low - generalized from Atlas workflow and outcome layer	Upstream Energy Management | Production Accounting and Regulatory | Geoscience and Reservoir Management | ERP	cycle-time delay; manual labor; exception cost; quality or revenue leakage	Not pursued	Pass	N/A	N/A	N/A	N/A	N/A	N/A	N/A	N/A	compliance lead
Oil and gas extraction	Exception, dispute, and recovery handling	Recovery	Manage exception, dispute, and recovery handling to resolve deviations before they miss the economic deadline	deviation, mismatch, dispute, or blocked step	operations analyst; specialist; manager	operations leader; controller; field manager	Upstream Energy Management | Production Accounting and Regulatory | Geoscience and Reservoir Management | ERP	spreadsheets; email; calls; case notes	diagnose cause, choose correction, and resubmit	front-line teams to specialists and approvers	counterparties; clients; vendors; internal approvers	distributed error states, manual evidence gathering, and unclear ownership	diagnosis, evidence gathering, correction, approval, resubmission, and closure	High	High	High	High	High	High	Low - generalized from Atlas workflow and outcome layer	Upstream Energy Management | Production Accounting and Regulatory | Geoscience and Reservoir Management | ERP	cycle-time delay; manual labor; exception cost; quality or revenue leakage	Supporting workflow	Pass	N/A	N/A	N/A	N/A	N/A	N/A	N/A	N/A	operations analyst
Machinery	Product and Engineering Configuration	Operational	Manage product and engineering configuration to execute the recurring workflow reliably	scheduled operational work or live transaction flow	operations manager; supervisor	operations executive; plant leader; controller	ERP | PLM and Engineering Design | Manufacturing Execution System | Maintenance Management	calls; chat; shared trackers	sequence work, allocate resources, and escalate blockers	operations to downstream finance or service teams	internal teams; service partners; operators	capacity conflict, execution miss, or missing status context	triage blocker, resequence work, and update commitments	Medium	Low	Medium	Medium	Medium	High	Low - generalized from Atlas workflow and outcome layer	ERP | PLM and Engineering Design | Manufacturing Execution System | Maintenance Management	cycle-time delay; manual labor; exception cost; quality or revenue leakage	Not pursued	Pass	N/A	N/A	N/A	N/A	N/A	N/A	N/A	N/A	operations manager
Machinery	Supplier Scheduling and Procurement	Workforce	Manage supplier scheduling and procurement to keep people assignment and time flow accurate	staffing need, schedule change, or pay-period cutoff	workforce manager; scheduler; payroll lead	operations executive; plant leader; controller	ERP | PLM and Engineering Design | Manufacturing Execution System | Maintenance Management	email; spreadsheets; portal checks	assign staff, approve time, and resolve exceptions	staffing or site teams to payroll and finance	employees; contractors; site leaders	missing approvals, bad assignment data, or pay-period mismatch	chase approval, restage records, and rerun the cycle	High	Medium	High	High	High	High	Low - generalized from Atlas workflow and outcome layer	ERP | PLM and Engineering Design | Manufacturing Execution System | Maintenance Management	cycle-time delay; manual labor; exception cost; quality or revenue leakage	Not pursued	Pass	N/A	N/A	N/A	N/A	N/A	N/A	N/A	N/A	workforce manager
Machinery	Assembly and Test	Operational	Manage assembly and test to execute the recurring workflow reliably	scheduled operational work or live transaction flow	operations manager; supervisor	operations executive; plant leader; controller	ERP | PLM and Engineering Design | Manufacturing Execution System | Maintenance Management	calls; chat; shared trackers	sequence work, allocate resources, and escalate blockers	operations to downstream finance or service teams	internal teams; service partners; operators	capacity conflict, execution miss, or missing status context	triage blocker, resequence work, and update commitments	Medium	Low	Medium	Medium	Medium	High	Low - generalized from Atlas workflow and outcome layer	ERP | PLM and Engineering Design | Manufacturing Execution System | Maintenance Management	cycle-time delay; manual labor; exception cost; quality or revenue leakage	Not pursued	Pass	N/A	N/A	N/A	N/A	N/A	N/A	N/A	N/A	operations manager
Machinery	Logistics and Channel Fulfillment	Operational	Manage logistics and channel fulfillment to execute the recurring workflow reliably	scheduled operational work or live transaction flow	operations manager; supervisor	operations executive; plant leader; controller	ERP | PLM and Engineering Design | Manufacturing Execution System | Maintenance Management	calls; chat; shared trackers	sequence work, allocate resources, and escalate blockers	operations to downstream finance or service teams	internal teams; service partners; operators	capacity conflict, execution miss, or missing status context	triage blocker, resequence work, and update commitments	Medium	Low	Medium	Medium	Medium	High	Low - generalized from Atlas workflow and outcome layer	ERP | PLM and Engineering Design | Manufacturing Execution System | Maintenance Management	cycle-time delay; manual labor; exception cost; quality or revenue leakage	Not pursued	Pass	N/A	N/A	N/A	N/A	N/A	N/A	N/A	N/A	operations manager
Machinery	Aftermarket Service and Field Support	Customer / Participant	Manage aftermarket service and field support to keep stakeholder communication and follow-through intact	customer request, service milestone, or escalation	account manager; service lead	operations executive; plant leader; controller	ERP | PLM and Engineering Design | Manufacturing Execution System | Maintenance Management	email; calls; ticket notes	respond, escalate, or resolve service issues	service or operations to stakeholder-facing teams	customers; clients; participants	stale follow-up, unresolved request, or churn-risk escalation	collect context, escalate ownership, and re-engage the stakeholder	Medium	Low	High	Low	Medium	High	Low-Medium - prior full-pass evidence	ERP | PLM and Engineering Design | Manufacturing Execution System | Maintenance Management	cycle-time delay; manual labor; exception cost; quality or revenue leakage	KILL-candidate	Pass	Borderline	Pass	Pass	Borderline	Fail	Borderline	Fail	Pass	account manager
Machinery	Lead, intake, and qualification management	Commercial	Manage lead, intake, and qualification management to qualify demand and set the workflow up cleanly	new opportunity, intake, or renewal event	account lead; commercial manager	operations executive; plant leader; controller	ERP | PLM and Engineering Design | Manufacturing Execution System | Maintenance Management	email; shared docs; spreadsheets	approve terms, scope, and go/no-go path	commercial to operations and finance	customers; counterparties; prospects	missing information, misconfigured setup, or counterparty delay	request clarification, correct setup, and restage the workflow	Medium	Medium	High	Medium	Medium	High	Low - generalized from Atlas workflow and outcome layer	ERP | PLM and Engineering Design | Manufacturing Execution System | Maintenance Management	cycle-time delay; manual labor; exception cost; quality or revenue leakage	Not pursued	Pass	N/A	N/A	N/A	N/A	N/A	N/A	N/A	N/A	account lead
Machinery	Billing, settlement, and close	Financial	Manage billing, settlement, and close to complete the financial cycle accurately and on time	billing cycle, settlement event, or period close	controller; finance manager; billing specialist	operations executive; plant leader; controller	ERP | PLM and Engineering Design | Manufacturing Execution System | Maintenance Management	spreadsheets; email; exported reports	post, settle, approve, dispute, or close	operations to finance to counterparty	customers; payers; counterparties	posting mismatch, settlement break, or disputed amount	reconcile records, correct the transaction, and reclose	High	High	High	High	High	High	Low - generalized from Atlas workflow and outcome layer	ERP | PLM and Engineering Design | Manufacturing Execution System | Maintenance Management	cycle-time delay; manual labor; exception cost; quality or revenue leakage	Supporting workflow	Pass	N/A	N/A	N/A	N/A	N/A	N/A	N/A	N/A	controller
Machinery	Supplier, vendor, or partner onboarding and compliance	Supplier / Partner	Manage supplier, vendor, or partner onboarding and compliance to keep external partners ready and compliant	new partner need, replenishment event, or contract change	procurement lead; vendor manager	operations executive; plant leader; controller	ERP | PLM and Engineering Design | Manufacturing Execution System | Maintenance Management	email; PDF packets; checklist trackers	approve vendor, accept docs, and route work	operations to vendor and back-office teams	vendors; suppliers; partners	missing compliance items, delay, or contract mismatch	chase documents, swap counterparties, and resend the packet	High	Low	High	Medium	Medium	High	Low - generalized from Atlas workflow and outcome layer	ERP | PLM and Engineering Design | Manufacturing Execution System | Maintenance Management	cycle-time delay; manual labor; exception cost; quality or revenue leakage	Not pursued	Pass	N/A	N/A	N/A	N/A	N/A	N/A	N/A	N/A	procurement lead
Machinery	Compliance, reporting, and audit support	Governance / Risk	Manage compliance, reporting, and audit support to maintain compliant records and reporting	reporting deadline, control review, or audit request	compliance lead; finance manager	operations executive; plant leader; controller	ERP | PLM and Engineering Design | Manufacturing Execution System | Maintenance Management	PDF evidence packs; spreadsheets; email	approve controls, certify records, and remediate gaps	operations and finance to compliance and external review	regulators; auditors; funders	missing evidence, failed control, or filing inconsistency	assemble proof, remediate the gap, and resubmit the record	High	Medium	High	Medium	High	High	Low - generalized from Atlas workflow and outcome layer	ERP | PLM and Engineering Design | Manufacturing Execution System | Maintenance Management	cycle-time delay; manual labor; exception cost; quality or revenue leakage	Not pursued	Pass	N/A	N/A	N/A	N/A	N/A	N/A	N/A	N/A	compliance lead
Machinery	Exception, dispute, and recovery handling	Recovery	Manage exception, dispute, and recovery handling to resolve deviations before they miss the economic deadline	deviation, mismatch, dispute, or blocked step	operations analyst; specialist; manager	operations executive; plant leader; controller	ERP | PLM and Engineering Design | Manufacturing Execution System | Maintenance Management	spreadsheets; email; calls; case notes	diagnose cause, choose correction, and resubmit	front-line teams to specialists and approvers	counterparties; clients; vendors; internal approvers	distributed error states, manual evidence gathering, and unclear ownership	diagnosis, evidence gathering, correction, approval, resubmission, and closure	High	High	High	High	High	High	Low - generalized from Atlas workflow and outcome layer	ERP | PLM and Engineering Design | Manufacturing Execution System | Maintenance Management	cycle-time delay; manual labor; exception cost; quality or revenue leakage	Supporting workflow	Pass	N/A	N/A	N/A	N/A	N/A	N/A	N/A	N/A	operations analyst
Other transportation equipment	Program and Platform Planning	Operational	Manage program and platform planning to execute the recurring workflow reliably	scheduled operational work or live transaction flow	operations manager; supervisor	operations executive; plant leader; controller	ERP | PLM and Engineering Design | Project and Construction Management	calls; chat; shared trackers	sequence work, allocate resources, and escalate blockers	operations to downstream finance or service teams	internal teams; service partners; operators	capacity conflict, execution miss, or missing status context	triage blocker, resequence work, and update commitments	Medium	Low	Medium	Medium	Medium	High	Low - generalized from Atlas workflow and outcome layer	ERP | PLM and Engineering Design | Project and Construction Management	cycle-time delay; manual labor; exception cost; quality or revenue leakage	Not pursued	Pass	N/A	N/A	N/A	N/A	N/A	N/A	N/A	N/A	operations manager
Other transportation equipment	Supplier Coordination and Compliance	Supplier / Partner	Manage supplier coordination and compliance to keep external partners ready and compliant	new partner need, replenishment event, or contract change	procurement lead; vendor manager	operations executive; plant leader; controller	ERP | PLM and Engineering Design | Project and Construction Management	email; PDF packets; checklist trackers	approve vendor, accept docs, and route work	operations to vendor and back-office teams	vendors; suppliers; partners	missing compliance items, delay, or contract mismatch	chase documents, swap counterparties, and resend the packet	High	Low	High	Medium	Medium	High	Low - generalized from Atlas workflow and outcome layer	ERP | PLM and Engineering Design | Project and Construction Management	cycle-time delay; manual labor; exception cost; quality or revenue leakage	Not pursued	Pass	N/A	N/A	N/A	N/A	N/A	N/A	N/A	N/A	procurement lead
Other transportation equipment	Assembly, Test, and Certification	Governance / Risk	Manage assembly, test, and certification to maintain compliant records and reporting	reporting deadline, control review, or audit request	compliance lead; finance manager	operations executive; plant leader; controller	ERP | PLM and Engineering Design | Project and Construction Management	PDF evidence packs; spreadsheets; email	approve controls, certify records, and remediate gaps	operations and finance to compliance and external review	regulators; auditors; funders	missing evidence, failed control, or filing inconsistency	assemble proof, remediate the gap, and resubmit the record	High	Medium	High	Medium	High	High	Low - generalized from Atlas workflow and outcome layer	ERP | PLM and Engineering Design | Project and Construction Management	cycle-time delay; manual labor; exception cost; quality or revenue leakage	Not pursued	Pass	N/A	N/A	N/A	N/A	N/A	N/A	N/A	N/A	compliance lead
Other transportation equipment	Delivery and Contract Milestone Management	Operational	Manage delivery and contract milestone management to execute the recurring workflow reliably	scheduled operational work or live transaction flow	operations manager; supervisor	operations executive; plant leader; controller	ERP | PLM and Engineering Design | Project and Construction Management	calls; chat; shared trackers	sequence work, allocate resources, and escalate blockers	operations to downstream finance or service teams	internal teams; service partners; operators	capacity conflict, execution miss, or missing status context	triage blocker, resequence work, and update commitments	Medium	Low	Medium	Medium	Medium	High	Low-Medium - prior full-pass evidence	ERP | PLM and Engineering Design | Project and Construction Management	cycle-time delay; manual labor; exception cost; quality or revenue leakage	KILL-candidate	Pass	Borderline	Pass	Pass	Borderline	Fail	Borderline	Fail	Pass	operations manager
Other transportation equipment	Aftermarket Service and Field Support	Customer / Participant	Manage aftermarket service and field support to keep stakeholder communication and follow-through intact	customer request, service milestone, or escalation	account manager; service lead	operations executive; plant leader; controller	ERP | PLM and Engineering Design | Project and Construction Management	email; calls; ticket notes	respond, escalate, or resolve service issues	service or operations to stakeholder-facing teams	customers; clients; participants	stale follow-up, unresolved request, or churn-risk escalation	collect context, escalate ownership, and re-engage the stakeholder	Medium	Low	High	Low	Medium	High	Low - generalized from Atlas workflow and outcome layer	ERP | PLM and Engineering Design | Project and Construction Management	cycle-time delay; manual labor; exception cost; quality or revenue leakage	Not pursued	Pass	N/A	N/A	N/A	N/A	N/A	N/A	N/A	N/A	account manager
Other transportation equipment	Lead, intake, and qualification management	Commercial	Manage lead, intake, and qualification management to qualify demand and set the workflow up cleanly	new opportunity, intake, or renewal event	account lead; commercial manager	operations executive; plant leader; controller	ERP | PLM and Engineering Design | Project and Construction Management	email; shared docs; spreadsheets	approve terms, scope, and go/no-go path	commercial to operations and finance	customers; counterparties; prospects	missing information, misconfigured setup, or counterparty delay	request clarification, correct setup, and restage the workflow	Medium	Medium	High	Medium	Medium	High	Low - generalized from Atlas workflow and outcome layer	ERP | PLM and Engineering Design | Project and Construction Management	cycle-time delay; manual labor; exception cost; quality or revenue leakage	Not pursued	Pass	N/A	N/A	N/A	N/A	N/A	N/A	N/A	N/A	account lead
Other transportation equipment	Billing, settlement, and close	Financial	Manage billing, settlement, and close to complete the financial cycle accurately and on time	billing cycle, settlement event, or period close	controller; finance manager; billing specialist	operations executive; plant leader; controller	ERP | PLM and Engineering Design | Project and Construction Management	spreadsheets; email; exported reports	post, settle, approve, dispute, or close	operations to finance to counterparty	customers; payers; counterparties	posting mismatch, settlement break, or disputed amount	reconcile records, correct the transaction, and reclose	High	High	High	High	High	High	Low - generalized from Atlas workflow and outcome layer	ERP | PLM and Engineering Design | Project and Construction Management	cycle-time delay; manual labor; exception cost; quality or revenue leakage	Supporting workflow	Pass	N/A	N/A	N/A	N/A	N/A	N/A	N/A	N/A	controller
Other transportation equipment	Workforce planning, assignment, and time capture	Workforce	Manage workforce planning, assignment, and time capture to keep people assignment and time flow accurate	staffing need, schedule change, or pay-period cutoff	workforce manager; scheduler; payroll lead	operations executive; plant leader; controller	ERP | PLM and Engineering Design | Project and Construction Management	email; spreadsheets; portal checks	assign staff, approve time, and resolve exceptions	staffing or site teams to payroll and finance	employees; contractors; site leaders	missing approvals, bad assignment data, or pay-period mismatch	chase approval, restage records, and rerun the cycle	High	Medium	High	High	High	High	Low - generalized from Atlas workflow and outcome layer	ERP | PLM and Engineering Design | Project and Construction Management	cycle-time delay; manual labor; exception cost; quality or revenue leakage	Not pursued	Pass	N/A	N/A	N/A	N/A	N/A	N/A	N/A	N/A	workforce manager
Other transportation equipment	Exception, dispute, and recovery handling	Recovery	Manage exception, dispute, and recovery handling to resolve deviations before they miss the economic deadline	deviation, mismatch, dispute, or blocked step	operations analyst; specialist; manager	operations executive; plant leader; controller	ERP | PLM and Engineering Design | Project and Construction Management	spreadsheets; email; calls; case notes	diagnose cause, choose correction, and resubmit	front-line teams to specialists and approvers	counterparties; clients; vendors; internal approvers	distributed error states, manual evidence gathering, and unclear ownership	diagnosis, evidence gathering, correction, approval, resubmission, and closure	High	High	High	High	High	High	Low - generalized from Atlas workflow and outcome layer	ERP | PLM and Engineering Design | Project and Construction Management	cycle-time delay; manual labor; exception cost; quality or revenue leakage	Supporting workflow	Pass	N/A	N/A	N/A	N/A	N/A	N/A	N/A	N/A	operations analyst
Computer and electronic products	Demand and Allocation Planning	Operational	Manage demand and allocation planning to execute the recurring workflow reliably	scheduled operational work or live transaction flow	operations manager; supervisor	operations executive; plant leader; controller	ERP | PLM and Engineering Design | Manufacturing Execution System | Supply Chain Planning	calls; chat; shared trackers	sequence work, allocate resources, and escalate blockers	operations to downstream finance or service teams	internal teams; service partners; operators	capacity conflict, execution miss, or missing status context	triage blocker, resequence work, and update commitments	Medium	Low	Medium	Medium	Medium	High	Low - generalized from Atlas workflow and outcome layer	ERP | PLM and Engineering Design | Manufacturing Execution System | Supply Chain Planning	cycle-time delay; manual labor; exception cost; quality or revenue leakage	Not pursued	Pass	N/A	N/A	N/A	N/A	N/A	N/A	N/A	N/A	operations manager
Computer and electronic products	Engineering Change Management	Operational	Manage engineering change management to execute the recurring workflow reliably	scheduled operational work or live transaction flow	operations manager; supervisor	operations executive; plant leader; controller	ERP | PLM and Engineering Design | Manufacturing Execution System | Supply Chain Planning	calls; chat; shared trackers	sequence work, allocate resources, and escalate blockers	operations to downstream finance or service teams	internal teams; service partners; operators	capacity conflict, execution miss, or missing status context	triage blocker, resequence work, and update commitments	Medium	Low	Medium	Medium	Medium	High	Low-Medium - prior full-pass evidence	ERP | PLM and Engineering Design | Manufacturing Execution System | Supply Chain Planning	cycle-time delay; manual labor; exception cost; quality or revenue leakage	KILL-candidate	Pass	Borderline	Pass	Pass	Borderline	Fail	Borderline	Fail	Pass	operations manager
Computer and electronic products	Shop Floor Execution and Quality Management	Governance / Risk	Manage shop floor execution and quality management to maintain compliant records and reporting	reporting deadline, control review, or audit request	compliance lead; finance manager	operations executive; plant leader; controller	ERP | PLM and Engineering Design | Manufacturing Execution System | Supply Chain Planning	PDF evidence packs; spreadsheets; email	approve controls, certify records, and remediate gaps	operations and finance to compliance and external review	regulators; auditors; funders	missing evidence, failed control, or filing inconsistency	assemble proof, remediate the gap, and resubmit the record	High	Medium	High	Medium	High	High	Low - generalized from Atlas workflow and outcome layer	ERP | PLM and Engineering Design | Manufacturing Execution System | Supply Chain Planning	cycle-time delay; manual labor; exception cost; quality or revenue leakage	Not pursued	Pass	N/A	N/A	N/A	N/A	N/A	N/A	N/A	N/A	compliance lead
Computer and electronic products	Quality and Traceability Management	Governance / Risk	Manage quality and traceability management to maintain compliant records and reporting	reporting deadline, control review, or audit request	compliance lead; finance manager	operations executive; plant leader; controller	ERP | PLM and Engineering Design | Manufacturing Execution System | Supply Chain Planning	PDF evidence packs; spreadsheets; email	approve controls, certify records, and remediate gaps	operations and finance to compliance and external review	regulators; auditors; funders	missing evidence, failed control, or filing inconsistency	assemble proof, remediate the gap, and resubmit the record	High	Medium	High	Medium	High	High	Low - generalized from Atlas workflow and outcome layer	ERP | PLM and Engineering Design | Manufacturing Execution System | Supply Chain Planning	cycle-time delay; manual labor; exception cost; quality or revenue leakage	Not pursued	Pass	N/A	N/A	N/A	N/A	N/A	N/A	N/A	N/A	compliance lead
Computer and electronic products	Logistics and Channel Fulfillment	Operational	Manage logistics and channel fulfillment to execute the recurring workflow reliably	scheduled operational work or live transaction flow	operations manager; supervisor	operations executive; plant leader; controller	ERP | PLM and Engineering Design | Manufacturing Execution System | Supply Chain Planning	calls; chat; shared trackers	sequence work, allocate resources, and escalate blockers	operations to downstream finance or service teams	internal teams; service partners; operators	capacity conflict, execution miss, or missing status context	triage blocker, resequence work, and update commitments	Medium	Low	Medium	Medium	Medium	High	Low - generalized from Atlas workflow and outcome layer	ERP | PLM and Engineering Design | Manufacturing Execution System | Supply Chain Planning	cycle-time delay; manual labor; exception cost; quality or revenue leakage	Not pursued	Pass	N/A	N/A	N/A	N/A	N/A	N/A	N/A	N/A	operations manager
Computer and electronic products	Lead, intake, and qualification management	Commercial	Manage lead, intake, and qualification management to qualify demand and set the workflow up cleanly	new opportunity, intake, or renewal event	account lead; commercial manager	operations executive; plant leader; controller	ERP | PLM and Engineering Design | Manufacturing Execution System | Supply Chain Planning	email; shared docs; spreadsheets	approve terms, scope, and go/no-go path	commercial to operations and finance	customers; counterparties; prospects	missing information, misconfigured setup, or counterparty delay	request clarification, correct setup, and restage the workflow	Medium	Medium	High	Medium	Medium	High	Low - generalized from Atlas workflow and outcome layer	ERP | PLM and Engineering Design | Manufacturing Execution System | Supply Chain Planning	cycle-time delay; manual labor; exception cost; quality or revenue leakage	Not pursued	Pass	N/A	N/A	N/A	N/A	N/A	N/A	N/A	N/A	account lead
Computer and electronic products	Billing, settlement, and close	Financial	Manage billing, settlement, and close to complete the financial cycle accurately and on time	billing cycle, settlement event, or period close	controller; finance manager; billing specialist	operations executive; plant leader; controller	ERP | PLM and Engineering Design | Manufacturing Execution System | Supply Chain Planning	spreadsheets; email; exported reports	post, settle, approve, dispute, or close	operations to finance to counterparty	customers; payers; counterparties	posting mismatch, settlement break, or disputed amount	reconcile records, correct the transaction, and reclose	High	High	High	High	High	High	Low - generalized from Atlas workflow and outcome layer	ERP | PLM and Engineering Design | Manufacturing Execution System | Supply Chain Planning	cycle-time delay; manual labor; exception cost; quality or revenue leakage	Supporting workflow	Pass	N/A	N/A	N/A	N/A	N/A	N/A	N/A	N/A	controller
Computer and electronic products	Workforce planning, assignment, and time capture	Workforce	Manage workforce planning, assignment, and time capture to keep people assignment and time flow accurate	staffing need, schedule change, or pay-period cutoff	workforce manager; scheduler; payroll lead	operations executive; plant leader; controller	ERP | PLM and Engineering Design | Manufacturing Execution System | Supply Chain Planning	email; spreadsheets; portal checks	assign staff, approve time, and resolve exceptions	staffing or site teams to payroll and finance	employees; contractors; site leaders	missing approvals, bad assignment data, or pay-period mismatch	chase approval, restage records, and rerun the cycle	High	Medium	High	High	High	High	Low - generalized from Atlas workflow and outcome layer	ERP | PLM and Engineering Design | Manufacturing Execution System | Supply Chain Planning	cycle-time delay; manual labor; exception cost; quality or revenue leakage	Not pursued	Pass	N/A	N/A	N/A	N/A	N/A	N/A	N/A	N/A	workforce manager
Computer and electronic products	Supplier, vendor, or partner onboarding and compliance	Supplier / Partner	Manage supplier, vendor, or partner onboarding and compliance to keep external partners ready and compliant	new partner need, replenishment event, or contract change	procurement lead; vendor manager	operations executive; plant leader; controller	ERP | PLM and Engineering Design | Manufacturing Execution System | Supply Chain Planning	email; PDF packets; checklist trackers	approve vendor, accept docs, and route work	operations to vendor and back-office teams	vendors; suppliers; partners	missing compliance items, delay, or contract mismatch	chase documents, swap counterparties, and resend the packet	High	Low	High	Medium	Medium	High	Low - generalized from Atlas workflow and outcome layer	ERP | PLM and Engineering Design | Manufacturing Execution System | Supply Chain Planning	cycle-time delay; manual labor; exception cost; quality or revenue leakage	Not pursued	Pass	N/A	N/A	N/A	N/A	N/A	N/A	N/A	N/A	procurement lead
Computer and electronic products	Customer, participant, or stakeholder communication and escalation	Customer / Participant	Manage customer, participant, or stakeholder communication and escalation to keep stakeholder communication and follow-through intact	customer request, service milestone, or escalation	account manager; service lead	operations executive; plant leader; controller	ERP | PLM and Engineering Design | Manufacturing Execution System | Supply Chain Planning	email; calls; ticket notes	respond, escalate, or resolve service issues	service or operations to stakeholder-facing teams	customers; clients; participants	stale follow-up, unresolved request, or churn-risk escalation	collect context, escalate ownership, and re-engage the stakeholder	Medium	Low	High	Low	Medium	High	Low - generalized from Atlas workflow and outcome layer	ERP | PLM and Engineering Design | Manufacturing Execution System | Supply Chain Planning	cycle-time delay; manual labor; exception cost; quality or revenue leakage	Not pursued	Pass	N/A	N/A	N/A	N/A	N/A	N/A	N/A	N/A	account manager
Computer and electronic products	Exception, dispute, and recovery handling	Recovery	Manage exception, dispute, and recovery handling to resolve deviations before they miss the economic deadline	deviation, mismatch, dispute, or blocked step	operations analyst; specialist; manager	operations executive; plant leader; controller	ERP | PLM and Engineering Design | Manufacturing Execution System | Supply Chain Planning	spreadsheets; email; calls; case notes	diagnose cause, choose correction, and resubmit	front-line teams to specialists and approvers	counterparties; clients; vendors; internal approvers	distributed error states, manual evidence gathering, and unclear ownership	diagnosis, evidence gathering, correction, approval, resubmission, and closure	High	High	High	High	High	High	Low - generalized from Atlas workflow and outcome layer	ERP | PLM and Engineering Design | Manufacturing Execution System | Supply Chain Planning	cycle-time delay; manual labor; exception cost; quality or revenue leakage	Supporting workflow	Pass	N/A	N/A	N/A	N/A	N/A	N/A	N/A	N/A	operations analyst
Accommodation	Reservation and Distribution Management	Customer / Participant	Manage reservation and distribution management to keep stakeholder communication and follow-through intact	customer request, service milestone, or escalation	account manager; service lead	GM; finance leader; operations executive	Property Management System | Reservation and Distribution System | Revenue Management Platform | ERP	email; calls; ticket notes	respond, escalate, or resolve service issues	service or operations to stakeholder-facing teams	customers; clients; participants	stale follow-up, unresolved request, or churn-risk escalation	collect context, escalate ownership, and re-engage the stakeholder	Medium	Low	High	Low	Medium	High	Low - generalized from Atlas workflow and outcome layer	Property Management System | Reservation and Distribution System | Revenue Management Platform | ERP	cycle-time delay; manual labor; exception cost; quality or revenue leakage	Not pursued	Pass	N/A	N/A	N/A	N/A	N/A	N/A	N/A	N/A	account manager
Accommodation	Revenue Management	Financial	Manage revenue management to complete the financial cycle accurately and on time	billing cycle, settlement event, or period close	controller; finance manager; billing specialist	GM; finance leader; operations executive	Property Management System | Reservation and Distribution System | Revenue Management Platform | ERP	spreadsheets; email; exported reports	post, settle, approve, dispute, or close	operations to finance to counterparty	customers; payers; counterparties	posting mismatch, settlement break, or disputed amount	reconcile records, correct the transaction, and reclose	High	High	High	High	High	High	Low - generalized from Atlas workflow and outcome layer	Property Management System | Reservation and Distribution System | Revenue Management Platform | ERP	cycle-time delay; manual labor; exception cost; quality or revenue leakage	Supporting workflow	Pass	N/A	N/A	N/A	N/A	N/A	N/A	N/A	N/A	controller
Accommodation	Front Desk and Housekeeping Operations	Operational	Manage front desk and housekeeping operations to execute the recurring workflow reliably	scheduled operational work or live transaction flow	operations manager; supervisor	GM; finance leader; operations executive	Property Management System | Reservation and Distribution System | Revenue Management Platform | ERP	calls; chat; shared trackers	sequence work, allocate resources, and escalate blockers	operations to downstream finance or service teams	internal teams; service partners; operators	capacity conflict, execution miss, or missing status context	triage blocker, resequence work, and update commitments	Medium	Low	Medium	Medium	Medium	High	Low - generalized from Atlas workflow and outcome layer	Property Management System | Reservation and Distribution System | Revenue Management Platform | ERP	cycle-time delay; manual labor; exception cost; quality or revenue leakage	Not pursued	Pass	N/A	N/A	N/A	N/A	N/A	N/A	N/A	N/A	operations manager
Accommodation	Maintenance and Guest Service	Operational	Manage maintenance and guest service to execute the recurring workflow reliably	scheduled operational work or live transaction flow	operations manager; supervisor	GM; finance leader; operations executive	Property Management System | Reservation and Distribution System | Revenue Management Platform | ERP	calls; chat; shared trackers	sequence work, allocate resources, and escalate blockers	operations to downstream finance or service teams	internal teams; service partners; operators	capacity conflict, execution miss, or missing status context	triage blocker, resequence work, and update commitments	Medium	Low	Medium	Medium	Medium	High	Low - generalized from Atlas workflow and outcome layer	Property Management System | Reservation and Distribution System | Revenue Management Platform | ERP	cycle-time delay; manual labor; exception cost; quality or revenue leakage	Not pursued	Pass	N/A	N/A	N/A	N/A	N/A	N/A	N/A	N/A	operations manager
Accommodation	Night Audit and Owner Reporting	Governance / Risk	Manage night audit and owner reporting to maintain compliant records and reporting	reporting deadline, control review, or audit request	compliance lead; finance manager	GM; finance leader; operations executive	Property Management System | Reservation and Distribution System | Revenue Management Platform | ERP	PDF evidence packs; spreadsheets; email	approve controls, certify records, and remediate gaps	operations and finance to compliance and external review	regulators; auditors; funders	missing evidence, failed control, or filing inconsistency	assemble proof, remediate the gap, and resubmit the record	High	Medium	High	Medium	High	High	Low - generalized from Atlas workflow and outcome layer	Property Management System | Reservation and Distribution System | Revenue Management Platform | ERP	cycle-time delay; manual labor; exception cost; quality or revenue leakage	Not pursued	Pass	N/A	N/A	N/A	N/A	N/A	N/A	N/A	N/A	compliance lead
Accommodation	Front desk, housekeeping, and maintenance recovery	Recovery	Manage front desk, housekeeping, and maintenance recovery to resolve deviations before they miss the economic deadline	deviation, mismatch, dispute, or blocked step	operations analyst; specialist; manager	GM; finance leader; operations executive	Property Management System | Reservation and Distribution System | Revenue Management Platform | ERP	spreadsheets; email; calls; case notes	diagnose cause, choose correction, and resubmit	front-line teams to specialists and approvers	counterparties; clients; vendors; internal approvers	distributed error states, manual evidence gathering, and unclear ownership	diagnosis, evidence gathering, correction, approval, resubmission, and closure	High	High	High	High	High	High	Medium - prior full-pass evidence	Property Management System | Reservation and Distribution System | Revenue Management Platform | ERP	cycle-time delay; manual labor; exception cost; quality or revenue leakage	MERGE->W-002	Pass	Pass	Pass	Pass	Pass	Pass	Pass	Pass	MERGE	operations analyst
Accommodation	Lead, intake, and qualification management	Commercial	Manage lead, intake, and qualification management to qualify demand and set the workflow up cleanly	new opportunity, intake, or renewal event	account lead; commercial manager	GM; finance leader; operations executive	Property Management System | Reservation and Distribution System | Revenue Management Platform | ERP	email; shared docs; spreadsheets	approve terms, scope, and go/no-go path	commercial to operations and finance	customers; counterparties; prospects	missing information, misconfigured setup, or counterparty delay	request clarification, correct setup, and restage the workflow	Medium	Medium	High	Medium	Medium	High	Low - generalized from Atlas workflow and outcome layer	Property Management System | Reservation and Distribution System | Revenue Management Platform | ERP	cycle-time delay; manual labor; exception cost; quality or revenue leakage	Not pursued	Pass	N/A	N/A	N/A	N/A	N/A	N/A	N/A	N/A	account lead
Accommodation	Workforce planning, assignment, and time capture	Workforce	Manage workforce planning, assignment, and time capture to keep people assignment and time flow accurate	staffing need, schedule change, or pay-period cutoff	workforce manager; scheduler; payroll lead	GM; finance leader; operations executive	Property Management System | Reservation and Distribution System | Revenue Management Platform | ERP	email; spreadsheets; portal checks	assign staff, approve time, and resolve exceptions	staffing or site teams to payroll and finance	employees; contractors; site leaders	missing approvals, bad assignment data, or pay-period mismatch	chase approval, restage records, and rerun the cycle	High	Medium	High	High	High	High	Low - generalized from Atlas workflow and outcome layer	Property Management System | Reservation and Distribution System | Revenue Management Platform | ERP	cycle-time delay; manual labor; exception cost; quality or revenue leakage	Not pursued	Pass	N/A	N/A	N/A	N/A	N/A	N/A	N/A	N/A	workforce manager
Accommodation	Supplier, vendor, or partner onboarding and compliance	Supplier / Partner	Manage supplier, vendor, or partner onboarding and compliance to keep external partners ready and compliant	new partner need, replenishment event, or contract change	procurement lead; vendor manager	GM; finance leader; operations executive	Property Management System | Reservation and Distribution System | Revenue Management Platform | ERP	email; PDF packets; checklist trackers	approve vendor, accept docs, and route work	operations to vendor and back-office teams	vendors; suppliers; partners	missing compliance items, delay, or contract mismatch	chase documents, swap counterparties, and resend the packet	High	Low	High	Medium	Medium	High	Low - generalized from Atlas workflow and outcome layer	Property Management System | Reservation and Distribution System | Revenue Management Platform | ERP	cycle-time delay; manual labor; exception cost; quality or revenue leakage	Not pursued	Pass	N/A	N/A	N/A	N/A	N/A	N/A	N/A	N/A	procurement lead
Nursing and residential care facilities	Access, Admissions, and Throughput Management	Commercial	Manage access, admissions, and throughput management to qualify demand and set the workflow up cleanly	new opportunity, intake, or renewal event	account lead; commercial manager	revenue-cycle leader; COO; CFO	EHR and Care Management | Revenue Cycle Management | HCM / Workforce Management	email; shared docs; spreadsheets	approve terms, scope, and go/no-go path	commercial to operations and finance	customers; counterparties; prospects	missing information, misconfigured setup, or counterparty delay	request clarification, correct setup, and restage the workflow	Medium	Medium	High	Medium	Medium	High	Low - generalized from Atlas workflow and outcome layer	EHR and Care Management | Revenue Cycle Management | HCM / Workforce Management	cycle-time delay; manual labor; exception cost; quality or revenue leakage	Not pursued	Pass	N/A	N/A	N/A	N/A	N/A	N/A	N/A	N/A	account lead
Nursing and residential care facilities	Workforce Scheduling	Workforce	Manage workforce scheduling to keep people assignment and time flow accurate	staffing need, schedule change, or pay-period cutoff	workforce manager; scheduler; payroll lead	revenue-cycle leader; COO; CFO	EHR and Care Management | Revenue Cycle Management | HCM / Workforce Management	email; spreadsheets; portal checks	assign staff, approve time, and resolve exceptions	staffing or site teams to payroll and finance	employees; contractors; site leaders	missing approvals, bad assignment data, or pay-period mismatch	chase approval, restage records, and rerun the cycle	High	Medium	High	High	High	High	Low - generalized from Atlas workflow and outcome layer	EHR and Care Management | Revenue Cycle Management | HCM / Workforce Management	cycle-time delay; manual labor; exception cost; quality or revenue leakage	Not pursued	Pass	N/A	N/A	N/A	N/A	N/A	N/A	N/A	N/A	workforce manager
Nursing and residential care facilities	Clinical Documentation	Operational	Manage clinical documentation to execute the recurring workflow reliably	scheduled operational work or live transaction flow	operations manager; supervisor	revenue-cycle leader; COO; CFO	EHR and Care Management | Revenue Cycle Management | HCM / Workforce Management	calls; chat; shared trackers	sequence work, allocate resources, and escalate blockers	operations to downstream finance or service teams	internal teams; service partners; operators	capacity conflict, execution miss, or missing status context	triage blocker, resequence work, and update commitments	Medium	Low	Medium	Medium	Medium	High	Low - generalized from Atlas workflow and outcome layer	EHR and Care Management | Revenue Cycle Management | HCM / Workforce Management	cycle-time delay; manual labor; exception cost; quality or revenue leakage	Not pursued	Pass	N/A	N/A	N/A	N/A	N/A	N/A	N/A	N/A	operations manager
Nursing and residential care facilities	Medication and Compliance Management	Governance / Risk	Manage medication and compliance management to maintain compliant records and reporting	reporting deadline, control review, or audit request	compliance lead; finance manager	revenue-cycle leader; COO; CFO	EHR and Care Management | Revenue Cycle Management | HCM / Workforce Management	PDF evidence packs; spreadsheets; email	approve controls, certify records, and remediate gaps	operations and finance to compliance and external review	regulators; auditors; funders	missing evidence, failed control, or filing inconsistency	assemble proof, remediate the gap, and resubmit the record	High	Medium	High	Medium	High	High	Low - generalized from Atlas workflow and outcome layer	EHR and Care Management | Revenue Cycle Management | HCM / Workforce Management	cycle-time delay; manual labor; exception cost; quality or revenue leakage	Not pursued	Pass	N/A	N/A	N/A	N/A	N/A	N/A	N/A	N/A	compliance lead
Nursing and residential care facilities	Billing, Claims, and Collections	Financial	Manage billing, claims, and collections to complete the financial cycle accurately and on time	billing cycle, settlement event, or period close	controller; finance manager; billing specialist	revenue-cycle leader; COO; CFO	EHR and Care Management | Revenue Cycle Management | HCM / Workforce Management	spreadsheets; email; exported reports	post, settle, approve, dispute, or close	operations to finance to counterparty	customers; payers; counterparties	posting mismatch, settlement break, or disputed amount	reconcile records, correct the transaction, and reclose	High	High	High	High	High	High	Low-Medium - prior full-pass evidence	EHR and Care Management | Revenue Cycle Management | HCM / Workforce Management	cycle-time delay; manual labor; exception cost; quality or revenue leakage	KILL-candidate	Pass	Borderline	Pass	Pass	Borderline	Fail	Borderline	Fail	Pass	controller
Nursing and residential care facilities	Supplier, vendor, or partner onboarding and compliance	Supplier / Partner	Manage supplier, vendor, or partner onboarding and compliance to keep external partners ready and compliant	new partner need, replenishment event, or contract change	procurement lead; vendor manager	revenue-cycle leader; COO; CFO	EHR and Care Management | Revenue Cycle Management | HCM / Workforce Management	email; PDF packets; checklist trackers	approve vendor, accept docs, and route work	operations to vendor and back-office teams	vendors; suppliers; partners	missing compliance items, delay, or contract mismatch	chase documents, swap counterparties, and resend the packet	High	Low	High	Medium	Medium	High	Low - generalized from Atlas workflow and outcome layer	EHR and Care Management | Revenue Cycle Management | HCM / Workforce Management	cycle-time delay; manual labor; exception cost; quality or revenue leakage	Not pursued	Pass	N/A	N/A	N/A	N/A	N/A	N/A	N/A	N/A	procurement lead
Nursing and residential care facilities	Customer, participant, or stakeholder communication and escalation	Customer / Participant	Manage customer, participant, or stakeholder communication and escalation to keep stakeholder communication and follow-through intact	customer request, service milestone, or escalation	account manager; service lead	revenue-cycle leader; COO; CFO	EHR and Care Management | Revenue Cycle Management | HCM / Workforce Management	email; calls; ticket notes	respond, escalate, or resolve service issues	service or operations to stakeholder-facing teams	customers; clients; participants	stale follow-up, unresolved request, or churn-risk escalation	collect context, escalate ownership, and re-engage the stakeholder	Medium	Low	High	Low	Medium	High	Low - generalized from Atlas workflow and outcome layer	EHR and Care Management | Revenue Cycle Management | HCM / Workforce Management	cycle-time delay; manual labor; exception cost; quality or revenue leakage	Not pursued	Pass	N/A	N/A	N/A	N/A	N/A	N/A	N/A	N/A	account manager
Nursing and residential care facilities	Exception, dispute, and recovery handling	Recovery	Manage exception, dispute, and recovery handling to resolve deviations before they miss the economic deadline	deviation, mismatch, dispute, or blocked step	operations analyst; specialist; manager	revenue-cycle leader; COO; CFO	EHR and Care Management | Revenue Cycle Management | HCM / Workforce Management	spreadsheets; email; calls; case notes	diagnose cause, choose correction, and resubmit	front-line teams to specialists and approvers	counterparties; clients; vendors; internal approvers	distributed error states, manual evidence gathering, and unclear ownership	diagnosis, evidence gathering, correction, approval, resubmission, and closure	High	High	High	High	High	High	Low - generalized from Atlas workflow and outcome layer	EHR and Care Management | Revenue Cycle Management | HCM / Workforce Management	cycle-time delay; manual labor; exception cost; quality or revenue leakage	Supporting workflow	Pass	N/A	N/A	N/A	N/A	N/A	N/A	N/A	N/A	operations analyst
Social assistance	Intake and Eligibility Determination	Commercial	Manage intake and eligibility determination to qualify demand and set the workflow up cleanly	new opportunity, intake, or renewal event	account lead; commercial manager	program director; finance lead; executive director	Case Management System | CRM | Grant and Program Reporting | Referral Management	email; shared docs; spreadsheets	approve terms, scope, and go/no-go path	commercial to operations and finance	customers; counterparties; prospects	missing information, misconfigured setup, or counterparty delay	request clarification, correct setup, and restage the workflow	Medium	Medium	High	Medium	Medium	High	Low - generalized from Atlas workflow and outcome layer	Case Management System | CRM | Grant and Program Reporting | Referral Management	cycle-time delay; manual labor; exception cost; quality or revenue leakage	Not pursued	Pass	N/A	N/A	N/A	N/A	N/A	N/A	N/A	N/A	account lead
Social assistance	Case Planning	Operational	Manage case planning to execute the recurring workflow reliably	scheduled operational work or live transaction flow	operations manager; supervisor	program director; finance lead; executive director	Case Management System | CRM | Grant and Program Reporting | Referral Management	calls; chat; shared trackers	sequence work, allocate resources, and escalate blockers	operations to downstream finance or service teams	internal teams; service partners; operators	capacity conflict, execution miss, or missing status context	triage blocker, resequence work, and update commitments	Medium	Low	Medium	Medium	Medium	High	Low - generalized from Atlas workflow and outcome layer	Case Management System | CRM | Grant and Program Reporting | Referral Management	cycle-time delay; manual labor; exception cost; quality or revenue leakage	Not pursued	Pass	N/A	N/A	N/A	N/A	N/A	N/A	N/A	N/A	operations manager
Social assistance	Service Delivery and Referral Coordination	Operational	Manage service delivery and referral coordination to execute the recurring workflow reliably	scheduled operational work or live transaction flow	operations manager; supervisor	program director; finance lead; executive director	Case Management System | CRM | Grant and Program Reporting | Referral Management	calls; chat; shared trackers	sequence work, allocate resources, and escalate blockers	operations to downstream finance or service teams	internal teams; service partners; operators	capacity conflict, execution miss, or missing status context	triage blocker, resequence work, and update commitments	Medium	Low	Medium	Medium	Medium	High	Low - generalized from Atlas workflow and outcome layer	Case Management System | CRM | Grant and Program Reporting | Referral Management	cycle-time delay; manual labor; exception cost; quality or revenue leakage	Not pursued	Pass	N/A	N/A	N/A	N/A	N/A	N/A	N/A	N/A	operations manager
Social assistance	Documentation and Compliance Management	Governance / Risk	Manage documentation and compliance management to maintain compliant records and reporting	reporting deadline, control review, or audit request	compliance lead; finance manager	program director; finance lead; executive director	Case Management System | CRM | Grant and Program Reporting | Referral Management	PDF evidence packs; spreadsheets; email	approve controls, certify records, and remediate gaps	operations and finance to compliance and external review	regulators; auditors; funders	missing evidence, failed control, or filing inconsistency	assemble proof, remediate the gap, and resubmit the record	High	Medium	High	Medium	High	High	Low - generalized from Atlas workflow and outcome layer	Case Management System | CRM | Grant and Program Reporting | Referral Management	cycle-time delay; manual labor; exception cost; quality or revenue leakage	Not pursued	Pass	N/A	N/A	N/A	N/A	N/A	N/A	N/A	N/A	compliance lead
Social assistance	Billing, Grant Reporting, and Reimbursement	Financial	Manage billing, grant reporting, and reimbursement to complete the financial cycle accurately and on time	billing cycle, settlement event, or period close	controller; finance manager; billing specialist	program director; finance lead; executive director	Case Management System | CRM | Grant and Program Reporting | Referral Management	spreadsheets; email; exported reports	post, settle, approve, dispute, or close	operations to finance to counterparty	customers; payers; counterparties	posting mismatch, settlement break, or disputed amount	reconcile records, correct the transaction, and reclose	High	High	High	High	High	High	Low-Medium - prior full-pass evidence	Case Management System | CRM | Grant and Program Reporting | Referral Management	cycle-time delay; manual labor; exception cost; quality or revenue leakage	KILL-candidate	Pass	Borderline	Pass	Pass	Borderline	Fail	Borderline	Fail	Pass	controller
Social assistance	Workforce planning, assignment, and time capture	Workforce	Manage workforce planning, assignment, and time capture to keep people assignment and time flow accurate	staffing need, schedule change, or pay-period cutoff	workforce manager; scheduler; payroll lead	program director; finance lead; executive director	Case Management System | CRM | Grant and Program Reporting | Referral Management	email; spreadsheets; portal checks	assign staff, approve time, and resolve exceptions	staffing or site teams to payroll and finance	employees; contractors; site leaders	missing approvals, bad assignment data, or pay-period mismatch	chase approval, restage records, and rerun the cycle	High	Medium	High	High	High	High	Low - generalized from Atlas workflow and outcome layer	Case Management System | CRM | Grant and Program Reporting | Referral Management	cycle-time delay; manual labor; exception cost; quality or revenue leakage	Not pursued	Pass	N/A	N/A	N/A	N/A	N/A	N/A	N/A	N/A	workforce manager
Social assistance	Supplier, vendor, or partner onboarding and compliance	Supplier / Partner	Manage supplier, vendor, or partner onboarding and compliance to keep external partners ready and compliant	new partner need, replenishment event, or contract change	procurement lead; vendor manager	program director; finance lead; executive director	Case Management System | CRM | Grant and Program Reporting | Referral Management	email; PDF packets; checklist trackers	approve vendor, accept docs, and route work	operations to vendor and back-office teams	vendors; suppliers; partners	missing compliance items, delay, or contract mismatch	chase documents, swap counterparties, and resend the packet	High	Low	High	Medium	Medium	High	Low - generalized from Atlas workflow and outcome layer	Case Management System | CRM | Grant and Program Reporting | Referral Management	cycle-time delay; manual labor; exception cost; quality or revenue leakage	Not pursued	Pass	N/A	N/A	N/A	N/A	N/A	N/A	N/A	N/A	procurement lead
Social assistance	Customer, participant, or stakeholder communication and escalation	Customer / Participant	Manage customer, participant, or stakeholder communication and escalation to keep stakeholder communication and follow-through intact	customer request, service milestone, or escalation	account manager; service lead	program director; finance lead; executive director	Case Management System | CRM | Grant and Program Reporting | Referral Management	email; calls; ticket notes	respond, escalate, or resolve service issues	service or operations to stakeholder-facing teams	customers; clients; participants	stale follow-up, unresolved request, or churn-risk escalation	collect context, escalate ownership, and re-engage the stakeholder	Medium	Low	High	Low	Medium	High	Low - generalized from Atlas workflow and outcome layer	Case Management System | CRM | Grant and Program Reporting | Referral Management	cycle-time delay; manual labor; exception cost; quality or revenue leakage	Not pursued	Pass	N/A	N/A	N/A	N/A	N/A	N/A	N/A	N/A	account manager
Social assistance	Exception, dispute, and recovery handling	Recovery	Manage exception, dispute, and recovery handling to resolve deviations before they miss the economic deadline	deviation, mismatch, dispute, or blocked step	operations analyst; specialist; manager	program director; finance lead; executive director	Case Management System | CRM | Grant and Program Reporting | Referral Management	spreadsheets; email; calls; case notes	diagnose cause, choose correction, and resubmit	front-line teams to specialists and approvers	counterparties; clients; vendors; internal approvers	distributed error states, manual evidence gathering, and unclear ownership	diagnosis, evidence gathering, correction, approval, resubmission, and closure	High	High	High	High	High	High	Low - generalized from Atlas workflow and outcome layer	Case Management System | CRM | Grant and Program Reporting | Referral Management	cycle-time delay; manual labor; exception cost; quality or revenue leakage	Supporting workflow	Pass	N/A	N/A	N/A	N/A	N/A	N/A	N/A	N/A	operations analyst
Other transportation and support activities	Load Intake and Booking	Commercial	Manage load intake and booking to qualify demand and set the workflow up cleanly	new opportunity, intake, or renewal event	account lead; commercial manager	controller; operations finance leader; settlement head	Transportation Management System | Fleet Telematics and Visibility | ERP	email; shared docs; spreadsheets	approve terms, scope, and go/no-go path	commercial to operations and finance	customers; counterparties; prospects	missing information, misconfigured setup, or counterparty delay	request clarification, correct setup, and restage the workflow	Medium	Medium	High	Medium	Medium	High	Low - generalized from Atlas workflow and outcome layer	Transportation Management System | Fleet Telematics and Visibility | ERP	cycle-time delay; manual labor; exception cost; quality or revenue leakage	Not pursued	Pass	N/A	N/A	N/A	N/A	N/A	N/A	N/A	N/A	account lead
Other transportation and support activities	Carrier Coordination and Brokerage	Operational	Manage carrier coordination and brokerage to execute the recurring workflow reliably	scheduled operational work or live transaction flow	operations manager; supervisor	controller; operations finance leader; settlement head	Transportation Management System | Fleet Telematics and Visibility | ERP	calls; chat; shared trackers	sequence work, allocate resources, and escalate blockers	operations to downstream finance or service teams	internal teams; service partners; operators	capacity conflict, execution miss, or missing status context	triage blocker, resequence work, and update commitments	Medium	Low	Medium	Medium	Medium	High	Low - generalized from Atlas workflow and outcome layer	Transportation Management System | Fleet Telematics and Visibility | ERP	cycle-time delay; manual labor; exception cost; quality or revenue leakage	Not pursued	Pass	N/A	N/A	N/A	N/A	N/A	N/A	N/A	N/A	operations manager
Other transportation and support activities	Terminal and Yard Operations	Operational	Manage terminal and yard operations to execute the recurring workflow reliably	scheduled operational work or live transaction flow	operations manager; supervisor	controller; operations finance leader; settlement head	Transportation Management System | Fleet Telematics and Visibility | ERP	calls; chat; shared trackers	sequence work, allocate resources, and escalate blockers	operations to downstream finance or service teams	internal teams; service partners; operators	capacity conflict, execution miss, or missing status context	triage blocker, resequence work, and update commitments	Medium	Low	Medium	Medium	Medium	High	Low - generalized from Atlas workflow and outcome layer	Transportation Management System | Fleet Telematics and Visibility | ERP	cycle-time delay; manual labor; exception cost; quality or revenue leakage	Not pursued	Pass	N/A	N/A	N/A	N/A	N/A	N/A	N/A	N/A	operations manager
Other transportation and support activities	Exception Management	Recovery	Manage exception management to resolve deviations before they miss the economic deadline	deviation, mismatch, dispute, or blocked step	operations analyst; specialist; manager	controller; operations finance leader; settlement head	Transportation Management System | Fleet Telematics and Visibility | ERP	spreadsheets; email; calls; case notes	diagnose cause, choose correction, and resubmit	front-line teams to specialists and approvers	counterparties; clients; vendors; internal approvers	distributed error states, manual evidence gathering, and unclear ownership	diagnosis, evidence gathering, correction, approval, resubmission, and closure	High	High	High	High	High	High	Low - generalized from Atlas workflow and outcome layer	Transportation Management System | Fleet Telematics and Visibility | ERP	cycle-time delay; manual labor; exception cost; quality or revenue leakage	Supporting workflow	Pass	N/A	N/A	N/A	N/A	N/A	N/A	N/A	N/A	operations analyst
Other transportation and support activities	Freight Audit and Settlement	Financial	Manage freight audit and settlement to complete the financial cycle accurately and on time	billing cycle, settlement event, or period close	controller; finance manager; billing specialist	controller; operations finance leader; settlement head	Transportation Management System | Fleet Telematics and Visibility | ERP	spreadsheets; email; exported reports	post, settle, approve, dispute, or close	operations to finance to counterparty	customers; payers; counterparties	posting mismatch, settlement break, or disputed amount	reconcile records, correct the transaction, and reclose	High	High	High	High	High	High	Medium - prior full-pass evidence	Transportation Management System | Fleet Telematics and Visibility | ERP	cycle-time delay; manual labor; exception cost; quality or revenue leakage	MERGE->W-005	Pass	Pass	Pass	Pass	Pass	Pass	Pass	Pass	MERGE	controller
Other transportation and support activities	Workforce planning, assignment, and time capture	Workforce	Manage workforce planning, assignment, and time capture to keep people assignment and time flow accurate	staffing need, schedule change, or pay-period cutoff	workforce manager; scheduler; payroll lead	controller; operations finance leader; settlement head	Transportation Management System | Fleet Telematics and Visibility | ERP	email; spreadsheets; portal checks	assign staff, approve time, and resolve exceptions	staffing or site teams to payroll and finance	employees; contractors; site leaders	missing approvals, bad assignment data, or pay-period mismatch	chase approval, restage records, and rerun the cycle	High	Medium	High	High	High	High	Low - generalized from Atlas workflow and outcome layer	Transportation Management System | Fleet Telematics and Visibility | ERP	cycle-time delay; manual labor; exception cost; quality or revenue leakage	Not pursued	Pass	N/A	N/A	N/A	N/A	N/A	N/A	N/A	N/A	workforce manager
Other transportation and support activities	Supplier, vendor, or partner onboarding and compliance	Supplier / Partner	Manage supplier, vendor, or partner onboarding and compliance to keep external partners ready and compliant	new partner need, replenishment event, or contract change	procurement lead; vendor manager	controller; operations finance leader; settlement head	Transportation Management System | Fleet Telematics and Visibility | ERP	email; PDF packets; checklist trackers	approve vendor, accept docs, and route work	operations to vendor and back-office teams	vendors; suppliers; partners	missing compliance items, delay, or contract mismatch	chase documents, swap counterparties, and resend the packet	High	Low	High	Medium	Medium	High	Low - generalized from Atlas workflow and outcome layer	Transportation Management System | Fleet Telematics and Visibility | ERP	cycle-time delay; manual labor; exception cost; quality or revenue leakage	Not pursued	Pass	N/A	N/A	N/A	N/A	N/A	N/A	N/A	N/A	procurement lead
Other transportation and support activities	Customer, participant, or stakeholder communication and escalation	Customer / Participant	Manage customer, participant, or stakeholder communication and escalation to keep stakeholder communication and follow-through intact	customer request, service milestone, or escalation	account manager; service lead	controller; operations finance leader; settlement head	Transportation Management System | Fleet Telematics and Visibility | ERP	email; calls; ticket notes	respond, escalate, or resolve service issues	service or operations to stakeholder-facing teams	customers; clients; participants	stale follow-up, unresolved request, or churn-risk escalation	collect context, escalate ownership, and re-engage the stakeholder	Medium	Low	High	Low	Medium	High	Low - generalized from Atlas workflow and outcome layer	Transportation Management System | Fleet Telematics and Visibility | ERP	cycle-time delay; manual labor; exception cost; quality or revenue leakage	Not pursued	Pass	N/A	N/A	N/A	N/A	N/A	N/A	N/A	N/A	account manager
Other transportation and support activities	Compliance, reporting, and audit support	Governance / Risk	Manage compliance, reporting, and audit support to maintain compliant records and reporting	reporting deadline, control review, or audit request	compliance lead; finance manager	controller; operations finance leader; settlement head	Transportation Management System | Fleet Telematics and Visibility | ERP	PDF evidence packs; spreadsheets; email	approve controls, certify records, and remediate gaps	operations and finance to compliance and external review	regulators; auditors; funders	missing evidence, failed control, or filing inconsistency	assemble proof, remediate the gap, and resubmit the record	High	Medium	High	Medium	High	High	Low - generalized from Atlas workflow and outcome layer	Transportation Management System | Fleet Telematics and Visibility | ERP	cycle-time delay; manual labor; exception cost; quality or revenue leakage	Not pursued	Pass	N/A	N/A	N/A	N/A	N/A	N/A	N/A	N/A	compliance lead
Food and beverage stores	Merchandising and Assortment Planning	Operational	Manage merchandising and assortment planning to execute the recurring workflow reliably	scheduled operational work or live transaction flow	operations manager; supervisor	owner or GM; controller; operations leader	POS and Payments | ERP | Supply Chain Planning | Warehouse Management System	calls; chat; shared trackers	sequence work, allocate resources, and escalate blockers	operations to downstream finance or service teams	internal teams; service partners; operators	capacity conflict, execution miss, or missing status context	triage blocker, resequence work, and update commitments	Medium	Low	Medium	Medium	Medium	High	Low - generalized from Atlas workflow and outcome layer	POS and Payments | ERP | Supply Chain Planning | Warehouse Management System	cycle-time delay; manual labor; exception cost; quality or revenue leakage	Not pursued	Pass	N/A	N/A	N/A	N/A	N/A	N/A	N/A	N/A	operations manager
Food and beverage stores	Inventory and Perishables Management	Operational	Manage inventory and perishables management to execute the recurring workflow reliably	scheduled operational work or live transaction flow	operations manager; supervisor	owner or GM; controller; operations leader	POS and Payments | ERP | Supply Chain Planning | Warehouse Management System	calls; chat; shared trackers	sequence work, allocate resources, and escalate blockers	operations to downstream finance or service teams	internal teams; service partners; operators	capacity conflict, execution miss, or missing status context	triage blocker, resequence work, and update commitments	Medium	Low	Medium	Medium	Medium	High	Low - generalized from Atlas workflow and outcome layer	POS and Payments | ERP | Supply Chain Planning | Warehouse Management System	cycle-time delay; manual labor; exception cost; quality or revenue leakage	Not pursued	Pass	N/A	N/A	N/A	N/A	N/A	N/A	N/A	N/A	operations manager
Food and beverage stores	Point-of-Sale and Loyalty Operations	Operational	Manage point-of-sale and loyalty operations to execute the recurring workflow reliably	scheduled operational work or live transaction flow	operations manager; supervisor	owner or GM; controller; operations leader	POS and Payments | ERP | Supply Chain Planning | Warehouse Management System	calls; chat; shared trackers	sequence work, allocate resources, and escalate blockers	operations to downstream finance or service teams	internal teams; service partners; operators	capacity conflict, execution miss, or missing status context	triage blocker, resequence work, and update commitments	Medium	Low	Medium	Medium	Medium	High	Low - generalized from Atlas workflow and outcome layer	POS and Payments | ERP | Supply Chain Planning | Warehouse Management System	cycle-time delay; manual labor; exception cost; quality or revenue leakage	Not pursued	Pass	N/A	N/A	N/A	N/A	N/A	N/A	N/A	N/A	operations manager
Food and beverage stores	Workforce Scheduling	Workforce	Manage workforce scheduling to keep people assignment and time flow accurate	staffing need, schedule change, or pay-period cutoff	workforce manager; scheduler; payroll lead	owner or GM; controller; operations leader	POS and Payments | ERP | Supply Chain Planning | Warehouse Management System	email; spreadsheets; portal checks	assign staff, approve time, and resolve exceptions	staffing or site teams to payroll and finance	employees; contractors; site leaders	missing approvals, bad assignment data, or pay-period mismatch	chase approval, restage records, and rerun the cycle	High	Medium	High	High	High	High	Low - generalized from Atlas workflow and outcome layer	POS and Payments | ERP | Supply Chain Planning | Warehouse Management System	cycle-time delay; manual labor; exception cost; quality or revenue leakage	Not pursued	Pass	N/A	N/A	N/A	N/A	N/A	N/A	N/A	N/A	workforce manager
Food and beverage stores	Margin and Shrink Management	Financial	Manage margin and shrink management to complete the financial cycle accurately and on time	billing cycle, settlement event, or period close	controller; finance manager; billing specialist	owner or GM; controller; operations leader	POS and Payments | ERP | Supply Chain Planning | Warehouse Management System	spreadsheets; email; exported reports	post, settle, approve, dispute, or close	operations to finance to counterparty	customers; payers; counterparties	posting mismatch, settlement break, or disputed amount	reconcile records, correct the transaction, and reclose	High	High	High	High	High	High	Low-Medium - prior full-pass evidence	POS and Payments | ERP | Supply Chain Planning | Warehouse Management System	cycle-time delay; manual labor; exception cost; quality or revenue leakage	KILL-candidate	Pass	Borderline	Pass	Pass	Borderline	Fail	Borderline	Fail	Pass	controller
Food and beverage stores	Lead, intake, and qualification management	Commercial	Manage lead, intake, and qualification management to qualify demand and set the workflow up cleanly	new opportunity, intake, or renewal event	account lead; commercial manager	owner or GM; controller; operations leader	POS and Payments | ERP | Supply Chain Planning | Warehouse Management System	email; shared docs; spreadsheets	approve terms, scope, and go/no-go path	commercial to operations and finance	customers; counterparties; prospects	missing information, misconfigured setup, or counterparty delay	request clarification, correct setup, and restage the workflow	Medium	Medium	High	Medium	Medium	High	Low - generalized from Atlas workflow and outcome layer	POS and Payments | ERP | Supply Chain Planning | Warehouse Management System	cycle-time delay; manual labor; exception cost; quality or revenue leakage	Not pursued	Pass	N/A	N/A	N/A	N/A	N/A	N/A	N/A	N/A	account lead
Food and beverage stores	Supplier, vendor, or partner onboarding and compliance	Supplier / Partner	Manage supplier, vendor, or partner onboarding and compliance to keep external partners ready and compliant	new partner need, replenishment event, or contract change	procurement lead; vendor manager	owner or GM; controller; operations leader	POS and Payments | ERP | Supply Chain Planning | Warehouse Management System	email; PDF packets; checklist trackers	approve vendor, accept docs, and route work	operations to vendor and back-office teams	vendors; suppliers; partners	missing compliance items, delay, or contract mismatch	chase documents, swap counterparties, and resend the packet	High	Low	High	Medium	Medium	High	Low - generalized from Atlas workflow and outcome layer	POS and Payments | ERP | Supply Chain Planning | Warehouse Management System	cycle-time delay; manual labor; exception cost; quality or revenue leakage	Not pursued	Pass	N/A	N/A	N/A	N/A	N/A	N/A	N/A	N/A	procurement lead
Food and beverage stores	Customer, participant, or stakeholder communication and escalation	Customer / Participant	Manage customer, participant, or stakeholder communication and escalation to keep stakeholder communication and follow-through intact	customer request, service milestone, or escalation	account manager; service lead	owner or GM; controller; operations leader	POS and Payments | ERP | Supply Chain Planning | Warehouse Management System	email; calls; ticket notes	respond, escalate, or resolve service issues	service or operations to stakeholder-facing teams	customers; clients; participants	stale follow-up, unresolved request, or churn-risk escalation	collect context, escalate ownership, and re-engage the stakeholder	Medium	Low	High	Low	Medium	High	Low - generalized from Atlas workflow and outcome layer	POS and Payments | ERP | Supply Chain Planning | Warehouse Management System	cycle-time delay; manual labor; exception cost; quality or revenue leakage	Not pursued	Pass	N/A	N/A	N/A	N/A	N/A	N/A	N/A	N/A	account manager
Food and beverage stores	Compliance, reporting, and audit support	Governance / Risk	Manage compliance, reporting, and audit support to maintain compliant records and reporting	reporting deadline, control review, or audit request	compliance lead; finance manager	owner or GM; controller; operations leader	POS and Payments | ERP | Supply Chain Planning | Warehouse Management System	PDF evidence packs; spreadsheets; email	approve controls, certify records, and remediate gaps	operations and finance to compliance and external review	regulators; auditors; funders	missing evidence, failed control, or filing inconsistency	assemble proof, remediate the gap, and resubmit the record	High	Medium	High	Medium	High	High	Low - generalized from Atlas workflow and outcome layer	POS and Payments | ERP | Supply Chain Planning | Warehouse Management System	cycle-time delay; manual labor; exception cost; quality or revenue leakage	Not pursued	Pass	N/A	N/A	N/A	N/A	N/A	N/A	N/A	N/A	compliance lead
Food and beverage stores	Exception, dispute, and recovery handling	Recovery	Manage exception, dispute, and recovery handling to resolve deviations before they miss the economic deadline	deviation, mismatch, dispute, or blocked step	operations analyst; specialist; manager	owner or GM; controller; operations leader	POS and Payments | ERP | Supply Chain Planning | Warehouse Management System	spreadsheets; email; calls; case notes	diagnose cause, choose correction, and resubmit	front-line teams to specialists and approvers	counterparties; clients; vendors; internal approvers	distributed error states, manual evidence gathering, and unclear ownership	diagnosis, evidence gathering, correction, approval, resubmission, and closure	High	High	High	High	High	High	Low - generalized from Atlas workflow and outcome layer	POS and Payments | ERP | Supply Chain Planning | Warehouse Management System	cycle-time delay; manual labor; exception cost; quality or revenue leakage	Supporting workflow	Pass	N/A	N/A	N/A	N/A	N/A	N/A	N/A	N/A	operations analyst
Performing arts, spectator sports, museums, and related activities	Programming and Event Planning	Operational	Manage programming and event planning to execute the recurring workflow reliably	scheduled operational work or live transaction flow	operations manager; supervisor	GM; finance leader; operations executive	Ticketing and Venue Management | CRM | Event and Donor Management	calls; chat; shared trackers	sequence work, allocate resources, and escalate blockers	operations to downstream finance or service teams	internal teams; service partners; operators	capacity conflict, execution miss, or missing status context	triage blocker, resequence work, and update commitments	Medium	Low	Medium	Medium	Medium	High	Low - generalized from Atlas workflow and outcome layer	Ticketing and Venue Management | CRM | Event and Donor Management	cycle-time delay; manual labor; exception cost; quality or revenue leakage	Not pursued	Pass	N/A	N/A	N/A	N/A	N/A	N/A	N/A	N/A	operations manager
Performing arts, spectator sports, museums, and related activities	Ticketing and Pricing	Commercial	Manage ticketing and pricing to qualify demand and set the workflow up cleanly	new opportunity, intake, or renewal event	account lead; commercial manager	GM; finance leader; operations executive	Ticketing and Venue Management | CRM | Event and Donor Management	email; shared docs; spreadsheets	approve terms, scope, and go/no-go path	commercial to operations and finance	customers; counterparties; prospects	missing information, misconfigured setup, or counterparty delay	request clarification, correct setup, and restage the workflow	Medium	Medium	High	Medium	Medium	High	Low - generalized from Atlas workflow and outcome layer	Ticketing and Venue Management | CRM | Event and Donor Management	cycle-time delay; manual labor; exception cost; quality or revenue leakage	Not pursued	Pass	N/A	N/A	N/A	N/A	N/A	N/A	N/A	N/A	account lead
Performing arts, spectator sports, museums, and related activities	Venue and Staff Operations	Operational	Manage venue and staff operations to execute the recurring workflow reliably	scheduled operational work or live transaction flow	operations manager; supervisor	GM; finance leader; operations executive	Ticketing and Venue Management | CRM | Event and Donor Management	calls; chat; shared trackers	sequence work, allocate resources, and escalate blockers	operations to downstream finance or service teams	internal teams; service partners; operators	capacity conflict, execution miss, or missing status context	triage blocker, resequence work, and update commitments	Medium	Low	Medium	Medium	Medium	High	Low - generalized from Atlas workflow and outcome layer	Ticketing and Venue Management | CRM | Event and Donor Management	cycle-time delay; manual labor; exception cost; quality or revenue leakage	Not pursued	Pass	N/A	N/A	N/A	N/A	N/A	N/A	N/A	N/A	operations manager
Performing arts, spectator sports, museums, and related activities	Sponsorship and Donor Management	Operational	Manage sponsorship and donor management to execute the recurring workflow reliably	scheduled operational work or live transaction flow	operations manager; supervisor	GM; finance leader; operations executive	Ticketing and Venue Management | CRM | Event and Donor Management	calls; chat; shared trackers	sequence work, allocate resources, and escalate blockers	operations to downstream finance or service teams	internal teams; service partners; operators	capacity conflict, execution miss, or missing status context	triage blocker, resequence work, and update commitments	Medium	Low	Medium	Medium	Medium	High	Low - generalized from Atlas workflow and outcome layer	Ticketing and Venue Management | CRM | Event and Donor Management	cycle-time delay; manual labor; exception cost; quality or revenue leakage	Not pursued	Pass	N/A	N/A	N/A	N/A	N/A	N/A	N/A	N/A	operations manager
Performing arts, spectator sports, museums, and related activities	Event Settlement and Reporting	Financial	Manage event settlement and reporting to complete the financial cycle accurately and on time	billing cycle, settlement event, or period close	controller; finance manager; billing specialist	GM; finance leader; operations executive	Ticketing and Venue Management | CRM | Event and Donor Management	spreadsheets; email; exported reports	post, settle, approve, dispute, or close	operations to finance to counterparty	customers; payers; counterparties	posting mismatch, settlement break, or disputed amount	reconcile records, correct the transaction, and reclose	High	High	High	High	High	High	Low-Medium - prior full-pass evidence	Ticketing and Venue Management | CRM | Event and Donor Management	cycle-time delay; manual labor; exception cost; quality or revenue leakage	KILL-candidate	Pass	Borderline	Pass	Pass	Borderline	Fail	Borderline	Fail	Pass	controller
Performing arts, spectator sports, museums, and related activities	Workforce planning, assignment, and time capture	Workforce	Manage workforce planning, assignment, and time capture to keep people assignment and time flow accurate	staffing need, schedule change, or pay-period cutoff	workforce manager; scheduler; payroll lead	GM; finance leader; operations executive	Ticketing and Venue Management | CRM | Event and Donor Management	email; spreadsheets; portal checks	assign staff, approve time, and resolve exceptions	staffing or site teams to payroll and finance	employees; contractors; site leaders	missing approvals, bad assignment data, or pay-period mismatch	chase approval, restage records, and rerun the cycle	High	Medium	High	High	High	High	Low - generalized from Atlas workflow and outcome layer	Ticketing and Venue Management | CRM | Event and Donor Management	cycle-time delay; manual labor; exception cost; quality or revenue leakage	Not pursued	Pass	N/A	N/A	N/A	N/A	N/A	N/A	N/A	N/A	workforce manager
Performing arts, spectator sports, museums, and related activities	Supplier, vendor, or partner onboarding and compliance	Supplier / Partner	Manage supplier, vendor, or partner onboarding and compliance to keep external partners ready and compliant	new partner need, replenishment event, or contract change	procurement lead; vendor manager	GM; finance leader; operations executive	Ticketing and Venue Management | CRM | Event and Donor Management	email; PDF packets; checklist trackers	approve vendor, accept docs, and route work	operations to vendor and back-office teams	vendors; suppliers; partners	missing compliance items, delay, or contract mismatch	chase documents, swap counterparties, and resend the packet	High	Low	High	Medium	Medium	High	Low - generalized from Atlas workflow and outcome layer	Ticketing and Venue Management | CRM | Event and Donor Management	cycle-time delay; manual labor; exception cost; quality or revenue leakage	Not pursued	Pass	N/A	N/A	N/A	N/A	N/A	N/A	N/A	N/A	procurement lead
Performing arts, spectator sports, museums, and related activities	Customer, participant, or stakeholder communication and escalation	Customer / Participant	Manage customer, participant, or stakeholder communication and escalation to keep stakeholder communication and follow-through intact	customer request, service milestone, or escalation	account manager; service lead	GM; finance leader; operations executive	Ticketing and Venue Management | CRM | Event and Donor Management	email; calls; ticket notes	respond, escalate, or resolve service issues	service or operations to stakeholder-facing teams	customers; clients; participants	stale follow-up, unresolved request, or churn-risk escalation	collect context, escalate ownership, and re-engage the stakeholder	Medium	Low	High	Low	Medium	High	Low - generalized from Atlas workflow and outcome layer	Ticketing and Venue Management | CRM | Event and Donor Management	cycle-time delay; manual labor; exception cost; quality or revenue leakage	Not pursued	Pass	N/A	N/A	N/A	N/A	N/A	N/A	N/A	N/A	account manager
Performing arts, spectator sports, museums, and related activities	Compliance, reporting, and audit support	Governance / Risk	Manage compliance, reporting, and audit support to maintain compliant records and reporting	reporting deadline, control review, or audit request	compliance lead; finance manager	GM; finance leader; operations executive	Ticketing and Venue Management | CRM | Event and Donor Management	PDF evidence packs; spreadsheets; email	approve controls, certify records, and remediate gaps	operations and finance to compliance and external review	regulators; auditors; funders	missing evidence, failed control, or filing inconsistency	assemble proof, remediate the gap, and resubmit the record	High	Medium	High	Medium	High	High	Low - generalized from Atlas workflow and outcome layer	Ticketing and Venue Management | CRM | Event and Donor Management	cycle-time delay; manual labor; exception cost; quality or revenue leakage	Not pursued	Pass	N/A	N/A	N/A	N/A	N/A	N/A	N/A	N/A	compliance lead
Performing arts, spectator sports, museums, and related activities	Exception, dispute, and recovery handling	Recovery	Manage exception, dispute, and recovery handling to resolve deviations before they miss the economic deadline	deviation, mismatch, dispute, or blocked step	operations analyst; specialist; manager	GM; finance leader; operations executive	Ticketing and Venue Management | CRM | Event and Donor Management	spreadsheets; email; calls; case notes	diagnose cause, choose correction, and resubmit	front-line teams to specialists and approvers	counterparties; clients; vendors; internal approvers	distributed error states, manual evidence gathering, and unclear ownership	diagnosis, evidence gathering, correction, approval, resubmission, and closure	High	High	High	High	High	High	Low - generalized from Atlas workflow and outcome layer	Ticketing and Venue Management | CRM | Event and Donor Management	cycle-time delay; manual labor; exception cost; quality or revenue leakage	Supporting workflow	Pass	N/A	N/A	N/A	N/A	N/A	N/A	N/A	N/A	operations analyst
Air transportation	Network and Schedule Planning	Operational	Manage network and schedule planning to execute the recurring workflow reliably	scheduled operational work or live transaction flow	operations manager; supervisor	controller; operations finance leader; settlement head	Airline Operations and Reservations | Revenue Management Platform | ERP	calls; chat; shared trackers	sequence work, allocate resources, and escalate blockers	operations to downstream finance or service teams	internal teams; service partners; operators	capacity conflict, execution miss, or missing status context	triage blocker, resequence work, and update commitments	Medium	Low	Medium	Medium	Medium	High	Low - generalized from Atlas workflow and outcome layer	Airline Operations and Reservations | Revenue Management Platform | ERP	cycle-time delay; manual labor; exception cost; quality or revenue leakage	Not pursued	Pass	N/A	N/A	N/A	N/A	N/A	N/A	N/A	N/A	operations manager
Air transportation	Crew and Fleet Assignment	Operational	Manage crew and fleet assignment to execute the recurring workflow reliably	scheduled operational work or live transaction flow	operations manager; supervisor	controller; operations finance leader; settlement head	Airline Operations and Reservations | Revenue Management Platform | ERP	calls; chat; shared trackers	sequence work, allocate resources, and escalate blockers	operations to downstream finance or service teams	internal teams; service partners; operators	capacity conflict, execution miss, or missing status context	triage blocker, resequence work, and update commitments	Medium	Low	Medium	Medium	Medium	High	Low - generalized from Atlas workflow and outcome layer	Airline Operations and Reservations | Revenue Management Platform | ERP	cycle-time delay; manual labor; exception cost; quality or revenue leakage	Not pursued	Pass	N/A	N/A	N/A	N/A	N/A	N/A	N/A	N/A	operations manager
Air transportation	Revenue Management	Financial	Manage revenue management to complete the financial cycle accurately and on time	billing cycle, settlement event, or period close	controller; finance manager; billing specialist	controller; operations finance leader; settlement head	Airline Operations and Reservations | Revenue Management Platform | ERP	spreadsheets; email; exported reports	post, settle, approve, dispute, or close	operations to finance to counterparty	customers; payers; counterparties	posting mismatch, settlement break, or disputed amount	reconcile records, correct the transaction, and reclose	High	High	High	High	High	High	Low - generalized from Atlas workflow and outcome layer	Airline Operations and Reservations | Revenue Management Platform | ERP	cycle-time delay; manual labor; exception cost; quality or revenue leakage	Supporting workflow	Pass	N/A	N/A	N/A	N/A	N/A	N/A	N/A	N/A	controller
Air transportation	Operational Recovery and Disruption Management	Recovery	Manage operational recovery and disruption management to resolve deviations before they miss the economic deadline	deviation, mismatch, dispute, or blocked step	operations analyst; specialist; manager	controller; operations finance leader; settlement head	Airline Operations and Reservations | Revenue Management Platform | ERP	spreadsheets; email; calls; case notes	diagnose cause, choose correction, and resubmit	front-line teams to specialists and approvers	counterparties; clients; vendors; internal approvers	distributed error states, manual evidence gathering, and unclear ownership	diagnosis, evidence gathering, correction, approval, resubmission, and closure	High	High	High	High	High	High	Low-Medium - prior full-pass evidence	Airline Operations and Reservations | Revenue Management Platform | ERP	cycle-time delay; manual labor; exception cost; quality or revenue leakage	KILL-candidate	Pass	Borderline	Pass	Pass	Borderline	Fail	Borderline	Fail	Pass	operations analyst
Air transportation	Loyalty and Settlement Accounting	Financial	Manage loyalty and settlement accounting to complete the financial cycle accurately and on time	billing cycle, settlement event, or period close	controller; finance manager; billing specialist	controller; operations finance leader; settlement head	Airline Operations and Reservations | Revenue Management Platform | ERP	spreadsheets; email; exported reports	post, settle, approve, dispute, or close	operations to finance to counterparty	customers; payers; counterparties	posting mismatch, settlement break, or disputed amount	reconcile records, correct the transaction, and reclose	High	High	High	High	High	High	Low - generalized from Atlas workflow and outcome layer	Airline Operations and Reservations | Revenue Management Platform | ERP	cycle-time delay; manual labor; exception cost; quality or revenue leakage	Supporting workflow	Pass	N/A	N/A	N/A	N/A	N/A	N/A	N/A	N/A	controller
Air transportation	Lead, intake, and qualification management	Commercial	Manage lead, intake, and qualification management to qualify demand and set the workflow up cleanly	new opportunity, intake, or renewal event	account lead; commercial manager	controller; operations finance leader; settlement head	Airline Operations and Reservations | Revenue Management Platform | ERP	email; shared docs; spreadsheets	approve terms, scope, and go/no-go path	commercial to operations and finance	customers; counterparties; prospects	missing information, misconfigured setup, or counterparty delay	request clarification, correct setup, and restage the workflow	Medium	Medium	High	Medium	Medium	High	Low - generalized from Atlas workflow and outcome layer	Airline Operations and Reservations | Revenue Management Platform | ERP	cycle-time delay; manual labor; exception cost; quality or revenue leakage	Not pursued	Pass	N/A	N/A	N/A	N/A	N/A	N/A	N/A	N/A	account lead
Air transportation	Workforce planning, assignment, and time capture	Workforce	Manage workforce planning, assignment, and time capture to keep people assignment and time flow accurate	staffing need, schedule change, or pay-period cutoff	workforce manager; scheduler; payroll lead	controller; operations finance leader; settlement head	Airline Operations and Reservations | Revenue Management Platform | ERP	email; spreadsheets; portal checks	assign staff, approve time, and resolve exceptions	staffing or site teams to payroll and finance	employees; contractors; site leaders	missing approvals, bad assignment data, or pay-period mismatch	chase approval, restage records, and rerun the cycle	High	Medium	High	High	High	High	Low - generalized from Atlas workflow and outcome layer	Airline Operations and Reservations | Revenue Management Platform | ERP	cycle-time delay; manual labor; exception cost; quality or revenue leakage	Not pursued	Pass	N/A	N/A	N/A	N/A	N/A	N/A	N/A	N/A	workforce manager
Air transportation	Supplier, vendor, or partner onboarding and compliance	Supplier / Partner	Manage supplier, vendor, or partner onboarding and compliance to keep external partners ready and compliant	new partner need, replenishment event, or contract change	procurement lead; vendor manager	controller; operations finance leader; settlement head	Airline Operations and Reservations | Revenue Management Platform | ERP	email; PDF packets; checklist trackers	approve vendor, accept docs, and route work	operations to vendor and back-office teams	vendors; suppliers; partners	missing compliance items, delay, or contract mismatch	chase documents, swap counterparties, and resend the packet	High	Low	High	Medium	Medium	High	Low - generalized from Atlas workflow and outcome layer	Airline Operations and Reservations | Revenue Management Platform | ERP	cycle-time delay; manual labor; exception cost; quality or revenue leakage	Not pursued	Pass	N/A	N/A	N/A	N/A	N/A	N/A	N/A	N/A	procurement lead
Air transportation	Customer, participant, or stakeholder communication and escalation	Customer / Participant	Manage customer, participant, or stakeholder communication and escalation to keep stakeholder communication and follow-through intact	customer request, service milestone, or escalation	account manager; service lead	controller; operations finance leader; settlement head	Airline Operations and Reservations | Revenue Management Platform | ERP	email; calls; ticket notes	respond, escalate, or resolve service issues	service or operations to stakeholder-facing teams	customers; clients; participants	stale follow-up, unresolved request, or churn-risk escalation	collect context, escalate ownership, and re-engage the stakeholder	Medium	Low	High	Low	Medium	High	Low - generalized from Atlas workflow and outcome layer	Airline Operations and Reservations | Revenue Management Platform | ERP	cycle-time delay; manual labor; exception cost; quality or revenue leakage	Not pursued	Pass	N/A	N/A	N/A	N/A	N/A	N/A	N/A	N/A	account manager
Air transportation	Compliance, reporting, and audit support	Governance / Risk	Manage compliance, reporting, and audit support to maintain compliant records and reporting	reporting deadline, control review, or audit request	compliance lead; finance manager	controller; operations finance leader; settlement head	Airline Operations and Reservations | Revenue Management Platform | ERP	PDF evidence packs; spreadsheets; email	approve controls, certify records, and remediate gaps	operations and finance to compliance and external review	regulators; auditors; funders	missing evidence, failed control, or filing inconsistency	assemble proof, remediate the gap, and resubmit the record	High	Medium	High	Medium	High	High	Low - generalized from Atlas workflow and outcome layer	Airline Operations and Reservations | Revenue Management Platform | ERP	cycle-time delay; manual labor; exception cost; quality or revenue leakage	Not pursued	Pass	N/A	N/A	N/A	N/A	N/A	N/A	N/A	N/A	compliance lead
General merchandise stores	Merchandising and Assortment Planning	Operational	Manage merchandising and assortment planning to execute the recurring workflow reliably	scheduled operational work or live transaction flow	operations manager; supervisor	owner or GM; controller; operations leader	Commerce Platform | ERP | Order Management System | Warehouse Management System | Supply Chain Planning	calls; chat; shared trackers	sequence work, allocate resources, and escalate blockers	operations to downstream finance or service teams	internal teams; service partners; operators	capacity conflict, execution miss, or missing status context	triage blocker, resequence work, and update commitments	Medium	Low	Medium	Medium	Medium	High	Low - generalized from Atlas workflow and outcome layer	Commerce Platform | ERP | Order Management System | Warehouse Management System | Supply Chain Planning	cycle-time delay; manual labor; exception cost; quality or revenue leakage	Not pursued	Pass	N/A	N/A	N/A	N/A	N/A	N/A	N/A	N/A	operations manager
General merchandise stores	Inventory Allocation and Replenishment	Supplier / Partner	Manage inventory allocation and replenishment to keep external partners ready and compliant	new partner need, replenishment event, or contract change	procurement lead; vendor manager	owner or GM; controller; operations leader	Commerce Platform | ERP | Order Management System | Warehouse Management System | Supply Chain Planning	email; PDF packets; checklist trackers	approve vendor, accept docs, and route work	operations to vendor and back-office teams	vendors; suppliers; partners	missing compliance items, delay, or contract mismatch	chase documents, swap counterparties, and resend the packet	High	Low	High	Medium	Medium	High	Low - generalized from Atlas workflow and outcome layer	Commerce Platform | ERP | Order Management System | Warehouse Management System | Supply Chain Planning	cycle-time delay; manual labor; exception cost; quality or revenue leakage	Not pursued	Pass	N/A	N/A	N/A	N/A	N/A	N/A	N/A	N/A	procurement lead
General merchandise stores	Order Orchestration and Fulfillment	Operational	Manage order orchestration and fulfillment to execute the recurring workflow reliably	scheduled operational work or live transaction flow	operations manager; supervisor	owner or GM; controller; operations leader	Commerce Platform | ERP | Order Management System | Warehouse Management System | Supply Chain Planning	calls; chat; shared trackers	sequence work, allocate resources, and escalate blockers	operations to downstream finance or service teams	internal teams; service partners; operators	capacity conflict, execution miss, or missing status context	triage blocker, resequence work, and update commitments	Medium	Low	Medium	Medium	Medium	High	Low - generalized from Atlas workflow and outcome layer	Commerce Platform | ERP | Order Management System | Warehouse Management System | Supply Chain Planning	cycle-time delay; manual labor; exception cost; quality or revenue leakage	Not pursued	Pass	N/A	N/A	N/A	N/A	N/A	N/A	N/A	N/A	operations manager
General merchandise stores	Store Labor Execution	Operational	Manage store labor execution to execute the recurring workflow reliably	scheduled operational work or live transaction flow	operations manager; supervisor	owner or GM; controller; operations leader	Commerce Platform | ERP | Order Management System | Warehouse Management System | Supply Chain Planning	calls; chat; shared trackers	sequence work, allocate resources, and escalate blockers	operations to downstream finance or service teams	internal teams; service partners; operators	capacity conflict, execution miss, or missing status context	triage blocker, resequence work, and update commitments	Medium	Low	Medium	Medium	Medium	High	Low - generalized from Atlas workflow and outcome layer	Commerce Platform | ERP | Order Management System | Warehouse Management System | Supply Chain Planning	cycle-time delay; manual labor; exception cost; quality or revenue leakage	Not pursued	Pass	N/A	N/A	N/A	N/A	N/A	N/A	N/A	N/A	operations manager
General merchandise stores	Returns and Markdown Management	Recovery	Manage returns and markdown management to resolve deviations before they miss the economic deadline	deviation, mismatch, dispute, or blocked step	operations analyst; specialist; manager	owner or GM; controller; operations leader	Commerce Platform | ERP | Order Management System | Warehouse Management System | Supply Chain Planning	spreadsheets; email; calls; case notes	diagnose cause, choose correction, and resubmit	front-line teams to specialists and approvers	counterparties; clients; vendors; internal approvers	distributed error states, manual evidence gathering, and unclear ownership	diagnosis, evidence gathering, correction, approval, resubmission, and closure	High	High	High	High	High	High	Low-Medium - prior full-pass evidence	Commerce Platform | ERP | Order Management System | Warehouse Management System | Supply Chain Planning	cycle-time delay; manual labor; exception cost; quality or revenue leakage	KILL-candidate	Pass	Borderline	Pass	Pass	Borderline	Fail	Borderline	Fail	Pass	operations analyst
General merchandise stores	Lead, intake, and qualification management	Commercial	Manage lead, intake, and qualification management to qualify demand and set the workflow up cleanly	new opportunity, intake, or renewal event	account lead; commercial manager	owner or GM; controller; operations leader	Commerce Platform | ERP | Order Management System | Warehouse Management System | Supply Chain Planning	email; shared docs; spreadsheets	approve terms, scope, and go/no-go path	commercial to operations and finance	customers; counterparties; prospects	missing information, misconfigured setup, or counterparty delay	request clarification, correct setup, and restage the workflow	Medium	Medium	High	Medium	Medium	High	Low - generalized from Atlas workflow and outcome layer	Commerce Platform | ERP | Order Management System | Warehouse Management System | Supply Chain Planning	cycle-time delay; manual labor; exception cost; quality or revenue leakage	Not pursued	Pass	N/A	N/A	N/A	N/A	N/A	N/A	N/A	N/A	account lead
General merchandise stores	Billing, settlement, and close	Financial	Manage billing, settlement, and close to complete the financial cycle accurately and on time	billing cycle, settlement event, or period close	controller; finance manager; billing specialist	owner or GM; controller; operations leader	Commerce Platform | ERP | Order Management System | Warehouse Management System | Supply Chain Planning	spreadsheets; email; exported reports	post, settle, approve, dispute, or close	operations to finance to counterparty	customers; payers; counterparties	posting mismatch, settlement break, or disputed amount	reconcile records, correct the transaction, and reclose	High	High	High	High	High	High	Low - generalized from Atlas workflow and outcome layer	Commerce Platform | ERP | Order Management System | Warehouse Management System | Supply Chain Planning	cycle-time delay; manual labor; exception cost; quality or revenue leakage	Supporting workflow	Pass	N/A	N/A	N/A	N/A	N/A	N/A	N/A	N/A	controller
General merchandise stores	Workforce planning, assignment, and time capture	Workforce	Manage workforce planning, assignment, and time capture to keep people assignment and time flow accurate	staffing need, schedule change, or pay-period cutoff	workforce manager; scheduler; payroll lead	owner or GM; controller; operations leader	Commerce Platform | ERP | Order Management System | Warehouse Management System | Supply Chain Planning	email; spreadsheets; portal checks	assign staff, approve time, and resolve exceptions	staffing or site teams to payroll and finance	employees; contractors; site leaders	missing approvals, bad assignment data, or pay-period mismatch	chase approval, restage records, and rerun the cycle	High	Medium	High	High	High	High	Low - generalized from Atlas workflow and outcome layer	Commerce Platform | ERP | Order Management System | Warehouse Management System | Supply Chain Planning	cycle-time delay; manual labor; exception cost; quality or revenue leakage	Not pursued	Pass	N/A	N/A	N/A	N/A	N/A	N/A	N/A	N/A	workforce manager
General merchandise stores	Customer, participant, or stakeholder communication and escalation	Customer / Participant	Manage customer, participant, or stakeholder communication and escalation to keep stakeholder communication and follow-through intact	customer request, service milestone, or escalation	account manager; service lead	owner or GM; controller; operations leader	Commerce Platform | ERP | Order Management System | Warehouse Management System | Supply Chain Planning	email; calls; ticket notes	respond, escalate, or resolve service issues	service or operations to stakeholder-facing teams	customers; clients; participants	stale follow-up, unresolved request, or churn-risk escalation	collect context, escalate ownership, and re-engage the stakeholder	Medium	Low	High	Low	Medium	High	Low - generalized from Atlas workflow and outcome layer	Commerce Platform | ERP | Order Management System | Warehouse Management System | Supply Chain Planning	cycle-time delay; manual labor; exception cost; quality or revenue leakage	Not pursued	Pass	N/A	N/A	N/A	N/A	N/A	N/A	N/A	N/A	account manager
General merchandise stores	Compliance, reporting, and audit support	Governance / Risk	Manage compliance, reporting, and audit support to maintain compliant records and reporting	reporting deadline, control review, or audit request	compliance lead; finance manager	owner or GM; controller; operations leader	Commerce Platform | ERP | Order Management System | Warehouse Management System | Supply Chain Planning	PDF evidence packs; spreadsheets; email	approve controls, certify records, and remediate gaps	operations and finance to compliance and external review	regulators; auditors; funders	missing evidence, failed control, or filing inconsistency	assemble proof, remediate the gap, and resubmit the record	High	Medium	High	Medium	High	High	Low - generalized from Atlas workflow and outcome layer	Commerce Platform | ERP | Order Management System | Warehouse Management System | Supply Chain Planning	cycle-time delay; manual labor; exception cost; quality or revenue leakage	Not pursued	Pass	N/A	N/A	N/A	N/A	N/A	N/A	N/A	N/A	compliance lead
Primary metals	Material Sourcing	Supplier / Partner	Manage material sourcing to keep external partners ready and compliant	new partner need, replenishment event, or contract change	procurement lead; vendor manager	plant or business-unit leader; controller; operations head	ERP | Industrial Automation and SCADA | Maintenance Management | Shop Floor Control and Quality	email; PDF packets; checklist trackers	approve vendor, accept docs, and route work	operations to vendor and back-office teams	vendors; suppliers; partners	missing compliance items, delay, or contract mismatch	chase documents, swap counterparties, and resend the packet	High	Low	High	Medium	Medium	High	Low - generalized from Atlas workflow and outcome layer	ERP | Industrial Automation and SCADA | Maintenance Management | Shop Floor Control and Quality	cycle-time delay; manual labor; exception cost; quality or revenue leakage	Not pursued	Pass	N/A	N/A	N/A	N/A	N/A	N/A	N/A	N/A	procurement lead
Primary metals	Production Planning and Process Control	Operational	Manage production planning and process control to execute the recurring workflow reliably	scheduled operational work or live transaction flow	operations manager; supervisor	plant or business-unit leader; controller; operations head	ERP | Industrial Automation and SCADA | Maintenance Management | Shop Floor Control and Quality	calls; chat; shared trackers	sequence work, allocate resources, and escalate blockers	operations to downstream finance or service teams	internal teams; service partners; operators	capacity conflict, execution miss, or missing status context	triage blocker, resequence work, and update commitments	Medium	Low	Medium	Medium	Medium	High	Low - generalized from Atlas workflow and outcome layer	ERP | Industrial Automation and SCADA | Maintenance Management | Shop Floor Control and Quality	cycle-time delay; manual labor; exception cost; quality or revenue leakage	Not pursued	Pass	N/A	N/A	N/A	N/A	N/A	N/A	N/A	N/A	operations manager
Primary metals	Asset Maintenance and Uptime Management	Operational	Manage asset maintenance and uptime management to execute the recurring workflow reliably	scheduled operational work or live transaction flow	operations manager; supervisor	plant or business-unit leader; controller; operations head	ERP | Industrial Automation and SCADA | Maintenance Management | Shop Floor Control and Quality	calls; chat; shared trackers	sequence work, allocate resources, and escalate blockers	operations to downstream finance or service teams	internal teams; service partners; operators	capacity conflict, execution miss, or missing status context	triage blocker, resequence work, and update commitments	Medium	Low	Medium	Medium	Medium	High	Low - generalized from Atlas workflow and outcome layer	ERP | Industrial Automation and SCADA | Maintenance Management | Shop Floor Control and Quality	cycle-time delay; manual labor; exception cost; quality or revenue leakage	Not pursued	Pass	N/A	N/A	N/A	N/A	N/A	N/A	N/A	N/A	operations manager
Primary metals	Quality Inspection and Certification	Governance / Risk	Manage quality inspection and certification to maintain compliant records and reporting	reporting deadline, control review, or audit request	compliance lead; finance manager	plant or business-unit leader; controller; operations head	ERP | Industrial Automation and SCADA | Maintenance Management | Shop Floor Control and Quality	PDF evidence packs; spreadsheets; email	approve controls, certify records, and remediate gaps	operations and finance to compliance and external review	regulators; auditors; funders	missing evidence, failed control, or filing inconsistency	assemble proof, remediate the gap, and resubmit the record	High	Medium	High	Medium	High	High	Low-Medium - prior full-pass evidence	ERP | Industrial Automation and SCADA | Maintenance Management | Shop Floor Control and Quality	cycle-time delay; manual labor; exception cost; quality or revenue leakage	KILL-candidate	Pass	Borderline	Pass	Pass	Borderline	Fail	Borderline	Fail	Pass	compliance lead
Primary metals	Order Management and Fulfillment	Operational	Manage order management and fulfillment to execute the recurring workflow reliably	scheduled operational work or live transaction flow	operations manager; supervisor	plant or business-unit leader; controller; operations head	ERP | Industrial Automation and SCADA | Maintenance Management | Shop Floor Control and Quality	calls; chat; shared trackers	sequence work, allocate resources, and escalate blockers	operations to downstream finance or service teams	internal teams; service partners; operators	capacity conflict, execution miss, or missing status context	triage blocker, resequence work, and update commitments	Medium	Low	Medium	Medium	Medium	High	Low - generalized from Atlas workflow and outcome layer	ERP | Industrial Automation and SCADA | Maintenance Management | Shop Floor Control and Quality	cycle-time delay; manual labor; exception cost; quality or revenue leakage	Not pursued	Pass	N/A	N/A	N/A	N/A	N/A	N/A	N/A	N/A	operations manager
Primary metals	Lead, intake, and qualification management	Commercial	Manage lead, intake, and qualification management to qualify demand and set the workflow up cleanly	new opportunity, intake, or renewal event	account lead; commercial manager	plant or business-unit leader; controller; operations head	ERP | Industrial Automation and SCADA | Maintenance Management | Shop Floor Control and Quality	email; shared docs; spreadsheets	approve terms, scope, and go/no-go path	commercial to operations and finance	customers; counterparties; prospects	missing information, misconfigured setup, or counterparty delay	request clarification, correct setup, and restage the workflow	Medium	Medium	High	Medium	Medium	High	Low - generalized from Atlas workflow and outcome layer	ERP | Industrial Automation and SCADA | Maintenance Management | Shop Floor Control and Quality	cycle-time delay; manual labor; exception cost; quality or revenue leakage	Not pursued	Pass	N/A	N/A	N/A	N/A	N/A	N/A	N/A	N/A	account lead
Primary metals	Billing, settlement, and close	Financial	Manage billing, settlement, and close to complete the financial cycle accurately and on time	billing cycle, settlement event, or period close	controller; finance manager; billing specialist	plant or business-unit leader; controller; operations head	ERP | Industrial Automation and SCADA | Maintenance Management | Shop Floor Control and Quality	spreadsheets; email; exported reports	post, settle, approve, dispute, or close	operations to finance to counterparty	customers; payers; counterparties	posting mismatch, settlement break, or disputed amount	reconcile records, correct the transaction, and reclose	High	High	High	High	High	High	Low - generalized from Atlas workflow and outcome layer	ERP | Industrial Automation and SCADA | Maintenance Management | Shop Floor Control and Quality	cycle-time delay; manual labor; exception cost; quality or revenue leakage	Supporting workflow	Pass	N/A	N/A	N/A	N/A	N/A	N/A	N/A	N/A	controller
Primary metals	Workforce planning, assignment, and time capture	Workforce	Manage workforce planning, assignment, and time capture to keep people assignment and time flow accurate	staffing need, schedule change, or pay-period cutoff	workforce manager; scheduler; payroll lead	plant or business-unit leader; controller; operations head	ERP | Industrial Automation and SCADA | Maintenance Management | Shop Floor Control and Quality	email; spreadsheets; portal checks	assign staff, approve time, and resolve exceptions	staffing or site teams to payroll and finance	employees; contractors; site leaders	missing approvals, bad assignment data, or pay-period mismatch	chase approval, restage records, and rerun the cycle	High	Medium	High	High	High	High	Low - generalized from Atlas workflow and outcome layer	ERP | Industrial Automation and SCADA | Maintenance Management | Shop Floor Control and Quality	cycle-time delay; manual labor; exception cost; quality or revenue leakage	Not pursued	Pass	N/A	N/A	N/A	N/A	N/A	N/A	N/A	N/A	workforce manager
Primary metals	Customer, participant, or stakeholder communication and escalation	Customer / Participant	Manage customer, participant, or stakeholder communication and escalation to keep stakeholder communication and follow-through intact	customer request, service milestone, or escalation	account manager; service lead	plant or business-unit leader; controller; operations head	ERP | Industrial Automation and SCADA | Maintenance Management | Shop Floor Control and Quality	email; calls; ticket notes	respond, escalate, or resolve service issues	service or operations to stakeholder-facing teams	customers; clients; participants	stale follow-up, unresolved request, or churn-risk escalation	collect context, escalate ownership, and re-engage the stakeholder	Medium	Low	High	Low	Medium	High	Low - generalized from Atlas workflow and outcome layer	ERP | Industrial Automation and SCADA | Maintenance Management | Shop Floor Control and Quality	cycle-time delay; manual labor; exception cost; quality or revenue leakage	Not pursued	Pass	N/A	N/A	N/A	N/A	N/A	N/A	N/A	N/A	account manager
Primary metals	Exception, dispute, and recovery handling	Recovery	Manage exception, dispute, and recovery handling to resolve deviations before they miss the economic deadline	deviation, mismatch, dispute, or blocked step	operations analyst; specialist; manager	plant or business-unit leader; controller; operations head	ERP | Industrial Automation and SCADA | Maintenance Management | Shop Floor Control and Quality	spreadsheets; email; calls; case notes	diagnose cause, choose correction, and resubmit	front-line teams to specialists and approvers	counterparties; clients; vendors; internal approvers	distributed error states, manual evidence gathering, and unclear ownership	diagnosis, evidence gathering, correction, approval, resubmission, and closure	High	High	High	High	High	High	Low - generalized from Atlas workflow and outcome layer	ERP | Industrial Automation and SCADA | Maintenance Management | Shop Floor Control and Quality	cycle-time delay; manual labor; exception cost; quality or revenue leakage	Supporting workflow	Pass	N/A	N/A	N/A	N/A	N/A	N/A	N/A	N/A	operations analyst
Plastics and rubber products	Material Sourcing	Supplier / Partner	Manage material sourcing to keep external partners ready and compliant	new partner need, replenishment event, or contract change	procurement lead; vendor manager	operations executive; plant leader; controller	ERP | Manufacturing Execution System | PLM and Engineering Design | Shop Floor Control and Quality	email; PDF packets; checklist trackers	approve vendor, accept docs, and route work	operations to vendor and back-office teams	vendors; suppliers; partners	missing compliance items, delay, or contract mismatch	chase documents, swap counterparties, and resend the packet	High	Low	High	Medium	Medium	High	Low - generalized from Atlas workflow and outcome layer	ERP | Manufacturing Execution System | PLM and Engineering Design | Shop Floor Control and Quality	cycle-time delay; manual labor; exception cost; quality or revenue leakage	Not pursued	Pass	N/A	N/A	N/A	N/A	N/A	N/A	N/A	N/A	procurement lead
Plastics and rubber products	Production Planning	Operational	Manage production planning to execute the recurring workflow reliably	scheduled operational work or live transaction flow	operations manager; supervisor	operations executive; plant leader; controller	ERP | Manufacturing Execution System | PLM and Engineering Design | Shop Floor Control and Quality	calls; chat; shared trackers	sequence work, allocate resources, and escalate blockers	operations to downstream finance or service teams	internal teams; service partners; operators	capacity conflict, execution miss, or missing status context	triage blocker, resequence work, and update commitments	Medium	Low	Medium	Medium	Medium	High	Low - generalized from Atlas workflow and outcome layer	ERP | Manufacturing Execution System | PLM and Engineering Design | Shop Floor Control and Quality	cycle-time delay; manual labor; exception cost; quality or revenue leakage	Not pursued	Pass	N/A	N/A	N/A	N/A	N/A	N/A	N/A	N/A	operations manager
Plastics and rubber products	Tooling and Machine Execution	Operational	Manage tooling and machine execution to execute the recurring workflow reliably	scheduled operational work or live transaction flow	operations manager; supervisor	operations executive; plant leader; controller	ERP | Manufacturing Execution System | PLM and Engineering Design | Shop Floor Control and Quality	calls; chat; shared trackers	sequence work, allocate resources, and escalate blockers	operations to downstream finance or service teams	internal teams; service partners; operators	capacity conflict, execution miss, or missing status context	triage blocker, resequence work, and update commitments	Medium	Low	Medium	Medium	Medium	High	Low - generalized from Atlas workflow and outcome layer	ERP | Manufacturing Execution System | PLM and Engineering Design | Shop Floor Control and Quality	cycle-time delay; manual labor; exception cost; quality or revenue leakage	Not pursued	Pass	N/A	N/A	N/A	N/A	N/A	N/A	N/A	N/A	operations manager
Plastics and rubber products	Quality and Compliance Management	Governance / Risk	Manage quality and compliance management to maintain compliant records and reporting	reporting deadline, control review, or audit request	compliance lead; finance manager	operations executive; plant leader; controller	ERP | Manufacturing Execution System | PLM and Engineering Design | Shop Floor Control and Quality	PDF evidence packs; spreadsheets; email	approve controls, certify records, and remediate gaps	operations and finance to compliance and external review	regulators; auditors; funders	missing evidence, failed control, or filing inconsistency	assemble proof, remediate the gap, and resubmit the record	High	Medium	High	Medium	High	High	Low-Medium - prior full-pass evidence	ERP | Manufacturing Execution System | PLM and Engineering Design | Shop Floor Control and Quality	cycle-time delay; manual labor; exception cost; quality or revenue leakage	KILL-candidate	Pass	Borderline	Pass	Pass	Borderline	Fail	Borderline	Fail	Pass	compliance lead
Plastics and rubber products	Logistics and Channel Fulfillment	Operational	Manage logistics and channel fulfillment to execute the recurring workflow reliably	scheduled operational work or live transaction flow	operations manager; supervisor	operations executive; plant leader; controller	ERP | Manufacturing Execution System | PLM and Engineering Design | Shop Floor Control and Quality	calls; chat; shared trackers	sequence work, allocate resources, and escalate blockers	operations to downstream finance or service teams	internal teams; service partners; operators	capacity conflict, execution miss, or missing status context	triage blocker, resequence work, and update commitments	Medium	Low	Medium	Medium	Medium	High	Low - generalized from Atlas workflow and outcome layer	ERP | Manufacturing Execution System | PLM and Engineering Design | Shop Floor Control and Quality	cycle-time delay; manual labor; exception cost; quality or revenue leakage	Not pursued	Pass	N/A	N/A	N/A	N/A	N/A	N/A	N/A	N/A	operations manager
Plastics and rubber products	Lead, intake, and qualification management	Commercial	Manage lead, intake, and qualification management to qualify demand and set the workflow up cleanly	new opportunity, intake, or renewal event	account lead; commercial manager	operations executive; plant leader; controller	ERP | Manufacturing Execution System | PLM and Engineering Design | Shop Floor Control and Quality	email; shared docs; spreadsheets	approve terms, scope, and go/no-go path	commercial to operations and finance	customers; counterparties; prospects	missing information, misconfigured setup, or counterparty delay	request clarification, correct setup, and restage the workflow	Medium	Medium	High	Medium	Medium	High	Low - generalized from Atlas workflow and outcome layer	ERP | Manufacturing Execution System | PLM and Engineering Design | Shop Floor Control and Quality	cycle-time delay; manual labor; exception cost; quality or revenue leakage	Not pursued	Pass	N/A	N/A	N/A	N/A	N/A	N/A	N/A	N/A	account lead
Plastics and rubber products	Billing, settlement, and close	Financial	Manage billing, settlement, and close to complete the financial cycle accurately and on time	billing cycle, settlement event, or period close	controller; finance manager; billing specialist	operations executive; plant leader; controller	ERP | Manufacturing Execution System | PLM and Engineering Design | Shop Floor Control and Quality	spreadsheets; email; exported reports	post, settle, approve, dispute, or close	operations to finance to counterparty	customers; payers; counterparties	posting mismatch, settlement break, or disputed amount	reconcile records, correct the transaction, and reclose	High	High	High	High	High	High	Low - generalized from Atlas workflow and outcome layer	ERP | Manufacturing Execution System | PLM and Engineering Design | Shop Floor Control and Quality	cycle-time delay; manual labor; exception cost; quality or revenue leakage	Supporting workflow	Pass	N/A	N/A	N/A	N/A	N/A	N/A	N/A	N/A	controller
Plastics and rubber products	Workforce planning, assignment, and time capture	Workforce	Manage workforce planning, assignment, and time capture to keep people assignment and time flow accurate	staffing need, schedule change, or pay-period cutoff	workforce manager; scheduler; payroll lead	operations executive; plant leader; controller	ERP | Manufacturing Execution System | PLM and Engineering Design | Shop Floor Control and Quality	email; spreadsheets; portal checks	assign staff, approve time, and resolve exceptions	staffing or site teams to payroll and finance	employees; contractors; site leaders	missing approvals, bad assignment data, or pay-period mismatch	chase approval, restage records, and rerun the cycle	High	Medium	High	High	High	High	Low - generalized from Atlas workflow and outcome layer	ERP | Manufacturing Execution System | PLM and Engineering Design | Shop Floor Control and Quality	cycle-time delay; manual labor; exception cost; quality or revenue leakage	Not pursued	Pass	N/A	N/A	N/A	N/A	N/A	N/A	N/A	N/A	workforce manager
Plastics and rubber products	Customer, participant, or stakeholder communication and escalation	Customer / Participant	Manage customer, participant, or stakeholder communication and escalation to keep stakeholder communication and follow-through intact	customer request, service milestone, or escalation	account manager; service lead	operations executive; plant leader; controller	ERP | Manufacturing Execution System | PLM and Engineering Design | Shop Floor Control and Quality	email; calls; ticket notes	respond, escalate, or resolve service issues	service or operations to stakeholder-facing teams	customers; clients; participants	stale follow-up, unresolved request, or churn-risk escalation	collect context, escalate ownership, and re-engage the stakeholder	Medium	Low	High	Low	Medium	High	Low - generalized from Atlas workflow and outcome layer	ERP | Manufacturing Execution System | PLM and Engineering Design | Shop Floor Control and Quality	cycle-time delay; manual labor; exception cost; quality or revenue leakage	Not pursued	Pass	N/A	N/A	N/A	N/A	N/A	N/A	N/A	N/A	account manager
Plastics and rubber products	Exception, dispute, and recovery handling	Recovery	Manage exception, dispute, and recovery handling to resolve deviations before they miss the economic deadline	deviation, mismatch, dispute, or blocked step	operations analyst; specialist; manager	operations executive; plant leader; controller	ERP | Manufacturing Execution System | PLM and Engineering Design | Shop Floor Control and Quality	spreadsheets; email; calls; case notes	diagnose cause, choose correction, and resubmit	front-line teams to specialists and approvers	counterparties; clients; vendors; internal approvers	distributed error states, manual evidence gathering, and unclear ownership	diagnosis, evidence gathering, correction, approval, resubmission, and closure	High	High	High	High	High	High	Low - generalized from Atlas workflow and outcome layer	ERP | Manufacturing Execution System | PLM and Engineering Design | Shop Floor Control and Quality	cycle-time delay; manual labor; exception cost; quality or revenue leakage	Supporting workflow	Pass	N/A	N/A	N/A	N/A	N/A	N/A	N/A	N/A	operations analyst
Funds, trusts, and other financial vehicles	Fund Onboarding and Setup	Commercial	Manage fund onboarding and setup to qualify demand and set the workflow up cleanly	new opportunity, intake, or renewal event	account lead; commercial manager	COO; CFO; head of operations	Fund Administration and Accounting | Portfolio and Order Management | Reconciliation and Reporting | Investor Reporting and Performance	email; shared docs; spreadsheets	approve terms, scope, and go/no-go path	commercial to operations and finance	customers; counterparties; prospects	missing information, misconfigured setup, or counterparty delay	request clarification, correct setup, and restage the workflow	Medium	Medium	High	Medium	Medium	High	Low - generalized from Atlas workflow and outcome layer	Fund Administration and Accounting | Portfolio and Order Management | Reconciliation and Reporting | Investor Reporting and Performance	cycle-time delay; manual labor; exception cost; quality or revenue leakage	Not pursued	Pass	N/A	N/A	N/A	N/A	N/A	N/A	N/A	N/A	account lead
Funds, trusts, and other financial vehicles	Fund Accounting	Financial	Manage fund accounting to complete the financial cycle accurately and on time	billing cycle, settlement event, or period close	controller; finance manager; billing specialist	COO; CFO; head of operations	Fund Administration and Accounting | Portfolio and Order Management | Reconciliation and Reporting | Investor Reporting and Performance	spreadsheets; email; exported reports	post, settle, approve, dispute, or close	operations to finance to counterparty	customers; payers; counterparties	posting mismatch, settlement break, or disputed amount	reconcile records, correct the transaction, and reclose	High	High	High	High	High	High	Low - generalized from Atlas workflow and outcome layer	Fund Administration and Accounting | Portfolio and Order Management | Reconciliation and Reporting | Investor Reporting and Performance	cycle-time delay; manual labor; exception cost; quality or revenue leakage	Supporting workflow	Pass	N/A	N/A	N/A	N/A	N/A	N/A	N/A	N/A	controller
Funds, trusts, and other financial vehicles	Valuation, NAV, and Reconciliation	Recovery	Manage valuation, nav, and reconciliation to resolve deviations before they miss the economic deadline	deviation, mismatch, dispute, or blocked step	operations analyst; specialist; manager	COO; CFO; head of operations	Fund Administration and Accounting | Portfolio and Order Management | Reconciliation and Reporting | Investor Reporting and Performance	spreadsheets; email; calls; case notes	diagnose cause, choose correction, and resubmit	front-line teams to specialists and approvers	counterparties; clients; vendors; internal approvers	distributed error states, manual evidence gathering, and unclear ownership	diagnosis, evidence gathering, correction, approval, resubmission, and closure	High	High	High	High	High	High	Medium - prior full-pass evidence	Fund Administration and Accounting | Portfolio and Order Management | Reconciliation and Reporting | Investor Reporting and Performance	cycle-time delay; manual labor; exception cost; quality or revenue leakage	YELLOW-W-004	Pass	Borderline	Pass	Pass	Pass	Borderline	Pass	Borderline	Borderline	operations analyst
Funds, trusts, and other financial vehicles	Investor Reporting	Customer / Participant	Manage investor reporting to keep stakeholder communication and follow-through intact	customer request, service milestone, or escalation	account manager; service lead	COO; CFO; head of operations	Fund Administration and Accounting | Portfolio and Order Management | Reconciliation and Reporting | Investor Reporting and Performance	email; calls; ticket notes	respond, escalate, or resolve service issues	service or operations to stakeholder-facing teams	customers; clients; participants	stale follow-up, unresolved request, or churn-risk escalation	collect context, escalate ownership, and re-engage the stakeholder	Medium	Low	High	Low	Medium	High	Low - generalized from Atlas workflow and outcome layer	Fund Administration and Accounting | Portfolio and Order Management | Reconciliation and Reporting | Investor Reporting and Performance	cycle-time delay; manual labor; exception cost; quality or revenue leakage	Not pursued	Pass	N/A	N/A	N/A	N/A	N/A	N/A	N/A	N/A	account manager
Funds, trusts, and other financial vehicles	Compliance and Service-Provider Oversight	Supplier / Partner	Manage compliance and service-provider oversight to keep external partners ready and compliant	new partner need, replenishment event, or contract change	procurement lead; vendor manager	COO; CFO; head of operations	Fund Administration and Accounting | Portfolio and Order Management | Reconciliation and Reporting | Investor Reporting and Performance	email; PDF packets; checklist trackers	approve vendor, accept docs, and route work	operations to vendor and back-office teams	vendors; suppliers; partners	missing compliance items, delay, or contract mismatch	chase documents, swap counterparties, and resend the packet	High	Low	High	Medium	Medium	High	Low - generalized from Atlas workflow and outcome layer	Fund Administration and Accounting | Portfolio and Order Management | Reconciliation and Reporting | Investor Reporting and Performance	cycle-time delay; manual labor; exception cost; quality or revenue leakage	Not pursued	Pass	N/A	N/A	N/A	N/A	N/A	N/A	N/A	N/A	procurement lead
Funds, trusts, and other financial vehicles	Execution monitoring and operational coordination	Operational	Manage execution monitoring and operational coordination to execute the recurring workflow reliably	scheduled operational work or live transaction flow	operations manager; supervisor	COO; CFO; head of operations	Fund Administration and Accounting | Portfolio and Order Management | Reconciliation and Reporting | Investor Reporting and Performance	calls; chat; shared trackers	sequence work, allocate resources, and escalate blockers	operations to downstream finance or service teams	internal teams; service partners; operators	capacity conflict, execution miss, or missing status context	triage blocker, resequence work, and update commitments	Medium	Low	Medium	Medium	Medium	High	Low - generalized from Atlas workflow and outcome layer	Fund Administration and Accounting | Portfolio and Order Management | Reconciliation and Reporting | Investor Reporting and Performance	cycle-time delay; manual labor; exception cost; quality or revenue leakage	Not pursued	Pass	N/A	N/A	N/A	N/A	N/A	N/A	N/A	N/A	operations manager
Funds, trusts, and other financial vehicles	Workforce planning, assignment, and time capture	Workforce	Manage workforce planning, assignment, and time capture to keep people assignment and time flow accurate	staffing need, schedule change, or pay-period cutoff	workforce manager; scheduler; payroll lead	COO; CFO; head of operations	Fund Administration and Accounting | Portfolio and Order Management | Reconciliation and Reporting | Investor Reporting and Performance	email; spreadsheets; portal checks	assign staff, approve time, and resolve exceptions	staffing or site teams to payroll and finance	employees; contractors; site leaders	missing approvals, bad assignment data, or pay-period mismatch	chase approval, restage records, and rerun the cycle	High	Medium	High	High	High	High	Low - generalized from Atlas workflow and outcome layer	Fund Administration and Accounting | Portfolio and Order Management | Reconciliation and Reporting | Investor Reporting and Performance	cycle-time delay; manual labor; exception cost; quality or revenue leakage	Not pursued	Pass	N/A	N/A	N/A	N/A	N/A	N/A	N/A	N/A	workforce manager
Funds, trusts, and other financial vehicles	Compliance, reporting, and audit support	Governance / Risk	Manage compliance, reporting, and audit support to maintain compliant records and reporting	reporting deadline, control review, or audit request	compliance lead; finance manager	COO; CFO; head of operations	Fund Administration and Accounting | Portfolio and Order Management | Reconciliation and Reporting | Investor Reporting and Performance	PDF evidence packs; spreadsheets; email	approve controls, certify records, and remediate gaps	operations and finance to compliance and external review	regulators; auditors; funders	missing evidence, failed control, or filing inconsistency	assemble proof, remediate the gap, and resubmit the record	High	Medium	High	Medium	High	High	Low - generalized from Atlas workflow and outcome layer	Fund Administration and Accounting | Portfolio and Order Management | Reconciliation and Reporting | Investor Reporting and Performance	cycle-time delay; manual labor; exception cost; quality or revenue leakage	Not pursued	Pass	N/A	N/A	N/A	N/A	N/A	N/A	N/A	N/A	compliance lead
Amusements, gambling, and recreation industries	Capacity and Event Planning	Operational	Manage capacity and event planning to execute the recurring workflow reliably	scheduled operational work or live transaction flow	operations manager; supervisor	GM; finance leader; operations executive	Ticketing and Venue Management | POS and Payments | CRM | Revenue Management Platform	calls; chat; shared trackers	sequence work, allocate resources, and escalate blockers	operations to downstream finance or service teams	internal teams; service partners; operators	capacity conflict, execution miss, or missing status context	triage blocker, resequence work, and update commitments	Medium	Low	Medium	Medium	Medium	High	Low - generalized from Atlas workflow and outcome layer	Ticketing and Venue Management | POS and Payments | CRM | Revenue Management Platform	cycle-time delay; manual labor; exception cost; quality or revenue leakage	Not pursued	Pass	N/A	N/A	N/A	N/A	N/A	N/A	N/A	N/A	operations manager
Amusements, gambling, and recreation industries	Ticketing, POS, and Cage Operations	Operational	Manage ticketing, pos, and cage operations to execute the recurring workflow reliably	scheduled operational work or live transaction flow	operations manager; supervisor	GM; finance leader; operations executive	Ticketing and Venue Management | POS and Payments | CRM | Revenue Management Platform	calls; chat; shared trackers	sequence work, allocate resources, and escalate blockers	operations to downstream finance or service teams	internal teams; service partners; operators	capacity conflict, execution miss, or missing status context	triage blocker, resequence work, and update commitments	Medium	Low	Medium	Medium	Medium	High	Low - generalized from Atlas workflow and outcome layer	Ticketing and Venue Management | POS and Payments | CRM | Revenue Management Platform	cycle-time delay; manual labor; exception cost; quality or revenue leakage	Not pursued	Pass	N/A	N/A	N/A	N/A	N/A	N/A	N/A	N/A	operations manager
Amusements, gambling, and recreation industries	Workforce Scheduling	Workforce	Manage workforce scheduling to keep people assignment and time flow accurate	staffing need, schedule change, or pay-period cutoff	workforce manager; scheduler; payroll lead	GM; finance leader; operations executive	Ticketing and Venue Management | POS and Payments | CRM | Revenue Management Platform	email; spreadsheets; portal checks	assign staff, approve time, and resolve exceptions	staffing or site teams to payroll and finance	employees; contractors; site leaders	missing approvals, bad assignment data, or pay-period mismatch	chase approval, restage records, and rerun the cycle	High	Medium	High	High	High	High	Low - generalized from Atlas workflow and outcome layer	Ticketing and Venue Management | POS and Payments | CRM | Revenue Management Platform	cycle-time delay; manual labor; exception cost; quality or revenue leakage	Not pursued	Pass	N/A	N/A	N/A	N/A	N/A	N/A	N/A	N/A	workforce manager
Amusements, gambling, and recreation industries	Safety and Compliance Management	Governance / Risk	Manage safety and compliance management to maintain compliant records and reporting	reporting deadline, control review, or audit request	compliance lead; finance manager	GM; finance leader; operations executive	Ticketing and Venue Management | POS and Payments | CRM | Revenue Management Platform	PDF evidence packs; spreadsheets; email	approve controls, certify records, and remediate gaps	operations and finance to compliance and external review	regulators; auditors; funders	missing evidence, failed control, or filing inconsistency	assemble proof, remediate the gap, and resubmit the record	High	Medium	High	Medium	High	High	Low - generalized from Atlas workflow and outcome layer	Ticketing and Venue Management | POS and Payments | CRM | Revenue Management Platform	cycle-time delay; manual labor; exception cost; quality or revenue leakage	Not pursued	Pass	N/A	N/A	N/A	N/A	N/A	N/A	N/A	N/A	compliance lead
Amusements, gambling, and recreation industries	Loyalty and Settlement Management	Financial	Manage loyalty and settlement management to complete the financial cycle accurately and on time	billing cycle, settlement event, or period close	controller; finance manager; billing specialist	GM; finance leader; operations executive	Ticketing and Venue Management | POS and Payments | CRM | Revenue Management Platform	spreadsheets; email; exported reports	post, settle, approve, dispute, or close	operations to finance to counterparty	customers; payers; counterparties	posting mismatch, settlement break, or disputed amount	reconcile records, correct the transaction, and reclose	High	High	High	High	High	High	Low-Medium - prior full-pass evidence	Ticketing and Venue Management | POS and Payments | CRM | Revenue Management Platform	cycle-time delay; manual labor; exception cost; quality or revenue leakage	KILL-candidate	Pass	Borderline	Pass	Pass	Borderline	Fail	Borderline	Fail	Pass	controller
Amusements, gambling, and recreation industries	Lead, intake, and qualification management	Commercial	Manage lead, intake, and qualification management to qualify demand and set the workflow up cleanly	new opportunity, intake, or renewal event	account lead; commercial manager	GM; finance leader; operations executive	Ticketing and Venue Management | POS and Payments | CRM | Revenue Management Platform	email; shared docs; spreadsheets	approve terms, scope, and go/no-go path	commercial to operations and finance	customers; counterparties; prospects	missing information, misconfigured setup, or counterparty delay	request clarification, correct setup, and restage the workflow	Medium	Medium	High	Medium	Medium	High	Low - generalized from Atlas workflow and outcome layer	Ticketing and Venue Management | POS and Payments | CRM | Revenue Management Platform	cycle-time delay; manual labor; exception cost; quality or revenue leakage	Not pursued	Pass	N/A	N/A	N/A	N/A	N/A	N/A	N/A	N/A	account lead
Amusements, gambling, and recreation industries	Supplier, vendor, or partner onboarding and compliance	Supplier / Partner	Manage supplier, vendor, or partner onboarding and compliance to keep external partners ready and compliant	new partner need, replenishment event, or contract change	procurement lead; vendor manager	GM; finance leader; operations executive	Ticketing and Venue Management | POS and Payments | CRM | Revenue Management Platform	email; PDF packets; checklist trackers	approve vendor, accept docs, and route work	operations to vendor and back-office teams	vendors; suppliers; partners	missing compliance items, delay, or contract mismatch	chase documents, swap counterparties, and resend the packet	High	Low	High	Medium	Medium	High	Low - generalized from Atlas workflow and outcome layer	Ticketing and Venue Management | POS and Payments | CRM | Revenue Management Platform	cycle-time delay; manual labor; exception cost; quality or revenue leakage	Not pursued	Pass	N/A	N/A	N/A	N/A	N/A	N/A	N/A	N/A	procurement lead
Amusements, gambling, and recreation industries	Customer, participant, or stakeholder communication and escalation	Customer / Participant	Manage customer, participant, or stakeholder communication and escalation to keep stakeholder communication and follow-through intact	customer request, service milestone, or escalation	account manager; service lead	GM; finance leader; operations executive	Ticketing and Venue Management | POS and Payments | CRM | Revenue Management Platform	email; calls; ticket notes	respond, escalate, or resolve service issues	service or operations to stakeholder-facing teams	customers; clients; participants	stale follow-up, unresolved request, or churn-risk escalation	collect context, escalate ownership, and re-engage the stakeholder	Medium	Low	High	Low	Medium	High	Low - generalized from Atlas workflow and outcome layer	Ticketing and Venue Management | POS and Payments | CRM | Revenue Management Platform	cycle-time delay; manual labor; exception cost; quality or revenue leakage	Not pursued	Pass	N/A	N/A	N/A	N/A	N/A	N/A	N/A	N/A	account manager
Amusements, gambling, and recreation industries	Exception, dispute, and recovery handling	Recovery	Manage exception, dispute, and recovery handling to resolve deviations before they miss the economic deadline	deviation, mismatch, dispute, or blocked step	operations analyst; specialist; manager	GM; finance leader; operations executive	Ticketing and Venue Management | POS and Payments | CRM | Revenue Management Platform	spreadsheets; email; calls; case notes	diagnose cause, choose correction, and resubmit	front-line teams to specialists and approvers	counterparties; clients; vendors; internal approvers	distributed error states, manual evidence gathering, and unclear ownership	diagnosis, evidence gathering, correction, approval, resubmission, and closure	High	High	High	High	High	High	Low - generalized from Atlas workflow and outcome layer	Ticketing and Venue Management | POS and Payments | CRM | Revenue Management Platform	cycle-time delay; manual labor; exception cost; quality or revenue leakage	Supporting workflow	Pass	N/A	N/A	N/A	N/A	N/A	N/A	N/A	N/A	operations analyst
Paper products	Material Sourcing	Supplier / Partner	Manage material sourcing to keep external partners ready and compliant	new partner need, replenishment event, or contract change	procurement lead; vendor manager	plant or business-unit leader; controller; operations head	ERP | Industrial Automation and SCADA | Maintenance Management | Supply Chain Planning	email; PDF packets; checklist trackers	approve vendor, accept docs, and route work	operations to vendor and back-office teams	vendors; suppliers; partners	missing compliance items, delay, or contract mismatch	chase documents, swap counterparties, and resend the packet	High	Low	High	Medium	Medium	High	Low - generalized from Atlas workflow and outcome layer	ERP | Industrial Automation and SCADA | Maintenance Management | Supply Chain Planning	cycle-time delay; manual labor; exception cost; quality or revenue leakage	Not pursued	Pass	N/A	N/A	N/A	N/A	N/A	N/A	N/A	N/A	procurement lead
Paper products	Production Planning and Process Control	Operational	Manage production planning and process control to execute the recurring workflow reliably	scheduled operational work or live transaction flow	operations manager; supervisor	plant or business-unit leader; controller; operations head	ERP | Industrial Automation and SCADA | Maintenance Management | Supply Chain Planning	calls; chat; shared trackers	sequence work, allocate resources, and escalate blockers	operations to downstream finance or service teams	internal teams; service partners; operators	capacity conflict, execution miss, or missing status context	triage blocker, resequence work, and update commitments	Medium	Low	Medium	Medium	Medium	High	Low - generalized from Atlas workflow and outcome layer	ERP | Industrial Automation and SCADA | Maintenance Management | Supply Chain Planning	cycle-time delay; manual labor; exception cost; quality or revenue leakage	Not pursued	Pass	N/A	N/A	N/A	N/A	N/A	N/A	N/A	N/A	operations manager
Paper products	Asset Maintenance and Uptime Management	Operational	Manage asset maintenance and uptime management to execute the recurring workflow reliably	scheduled operational work or live transaction flow	operations manager; supervisor	plant or business-unit leader; controller; operations head	ERP | Industrial Automation and SCADA | Maintenance Management | Supply Chain Planning	calls; chat; shared trackers	sequence work, allocate resources, and escalate blockers	operations to downstream finance or service teams	internal teams; service partners; operators	capacity conflict, execution miss, or missing status context	triage blocker, resequence work, and update commitments	Medium	Low	Medium	Medium	Medium	High	Low - generalized from Atlas workflow and outcome layer	ERP | Industrial Automation and SCADA | Maintenance Management | Supply Chain Planning	cycle-time delay; manual labor; exception cost; quality or revenue leakage	Not pursued	Pass	N/A	N/A	N/A	N/A	N/A	N/A	N/A	N/A	operations manager
Paper products	Quality and Converting Management	Governance / Risk	Manage quality and converting management to maintain compliant records and reporting	reporting deadline, control review, or audit request	compliance lead; finance manager	plant or business-unit leader; controller; operations head	ERP | Industrial Automation and SCADA | Maintenance Management | Supply Chain Planning	PDF evidence packs; spreadsheets; email	approve controls, certify records, and remediate gaps	operations and finance to compliance and external review	regulators; auditors; funders	missing evidence, failed control, or filing inconsistency	assemble proof, remediate the gap, and resubmit the record	High	Medium	High	Medium	High	High	Low-Medium - prior full-pass evidence	ERP | Industrial Automation and SCADA | Maintenance Management | Supply Chain Planning	cycle-time delay; manual labor; exception cost; quality or revenue leakage	KILL-candidate	Pass	Borderline	Pass	Pass	Borderline	Fail	Borderline	Fail	Pass	compliance lead
Paper products	Logistics and Channel Fulfillment	Operational	Manage logistics and channel fulfillment to execute the recurring workflow reliably	scheduled operational work or live transaction flow	operations manager; supervisor	plant or business-unit leader; controller; operations head	ERP | Industrial Automation and SCADA | Maintenance Management | Supply Chain Planning	calls; chat; shared trackers	sequence work, allocate resources, and escalate blockers	operations to downstream finance or service teams	internal teams; service partners; operators	capacity conflict, execution miss, or missing status context	triage blocker, resequence work, and update commitments	Medium	Low	Medium	Medium	Medium	High	Low - generalized from Atlas workflow and outcome layer	ERP | Industrial Automation and SCADA | Maintenance Management | Supply Chain Planning	cycle-time delay; manual labor; exception cost; quality or revenue leakage	Not pursued	Pass	N/A	N/A	N/A	N/A	N/A	N/A	N/A	N/A	operations manager
Paper products	Lead, intake, and qualification management	Commercial	Manage lead, intake, and qualification management to qualify demand and set the workflow up cleanly	new opportunity, intake, or renewal event	account lead; commercial manager	plant or business-unit leader; controller; operations head	ERP | Industrial Automation and SCADA | Maintenance Management | Supply Chain Planning	email; shared docs; spreadsheets	approve terms, scope, and go/no-go path	commercial to operations and finance	customers; counterparties; prospects	missing information, misconfigured setup, or counterparty delay	request clarification, correct setup, and restage the workflow	Medium	Medium	High	Medium	Medium	High	Low - generalized from Atlas workflow and outcome layer	ERP | Industrial Automation and SCADA | Maintenance Management | Supply Chain Planning	cycle-time delay; manual labor; exception cost; quality or revenue leakage	Not pursued	Pass	N/A	N/A	N/A	N/A	N/A	N/A	N/A	N/A	account lead
Paper products	Billing, settlement, and close	Financial	Manage billing, settlement, and close to complete the financial cycle accurately and on time	billing cycle, settlement event, or period close	controller; finance manager; billing specialist	plant or business-unit leader; controller; operations head	ERP | Industrial Automation and SCADA | Maintenance Management | Supply Chain Planning	spreadsheets; email; exported reports	post, settle, approve, dispute, or close	operations to finance to counterparty	customers; payers; counterparties	posting mismatch, settlement break, or disputed amount	reconcile records, correct the transaction, and reclose	High	High	High	High	High	High	Low - generalized from Atlas workflow and outcome layer	ERP | Industrial Automation and SCADA | Maintenance Management | Supply Chain Planning	cycle-time delay; manual labor; exception cost; quality or revenue leakage	Supporting workflow	Pass	N/A	N/A	N/A	N/A	N/A	N/A	N/A	N/A	controller
Paper products	Workforce planning, assignment, and time capture	Workforce	Manage workforce planning, assignment, and time capture to keep people assignment and time flow accurate	staffing need, schedule change, or pay-period cutoff	workforce manager; scheduler; payroll lead	plant or business-unit leader; controller; operations head	ERP | Industrial Automation and SCADA | Maintenance Management | Supply Chain Planning	email; spreadsheets; portal checks	assign staff, approve time, and resolve exceptions	staffing or site teams to payroll and finance	employees; contractors; site leaders	missing approvals, bad assignment data, or pay-period mismatch	chase approval, restage records, and rerun the cycle	High	Medium	High	High	High	High	Low - generalized from Atlas workflow and outcome layer	ERP | Industrial Automation and SCADA | Maintenance Management | Supply Chain Planning	cycle-time delay; manual labor; exception cost; quality or revenue leakage	Not pursued	Pass	N/A	N/A	N/A	N/A	N/A	N/A	N/A	N/A	workforce manager
Paper products	Customer, participant, or stakeholder communication and escalation	Customer / Participant	Manage customer, participant, or stakeholder communication and escalation to keep stakeholder communication and follow-through intact	customer request, service milestone, or escalation	account manager; service lead	plant or business-unit leader; controller; operations head	ERP | Industrial Automation and SCADA | Maintenance Management | Supply Chain Planning	email; calls; ticket notes	respond, escalate, or resolve service issues	service or operations to stakeholder-facing teams	customers; clients; participants	stale follow-up, unresolved request, or churn-risk escalation	collect context, escalate ownership, and re-engage the stakeholder	Medium	Low	High	Low	Medium	High	Low - generalized from Atlas workflow and outcome layer	ERP | Industrial Automation and SCADA | Maintenance Management | Supply Chain Planning	cycle-time delay; manual labor; exception cost; quality or revenue leakage	Not pursued	Pass	N/A	N/A	N/A	N/A	N/A	N/A	N/A	N/A	account manager
Paper products	Exception, dispute, and recovery handling	Recovery	Manage exception, dispute, and recovery handling to resolve deviations before they miss the economic deadline	deviation, mismatch, dispute, or blocked step	operations analyst; specialist; manager	plant or business-unit leader; controller; operations head	ERP | Industrial Automation and SCADA | Maintenance Management | Supply Chain Planning	spreadsheets; email; calls; case notes	diagnose cause, choose correction, and resubmit	front-line teams to specialists and approvers	counterparties; clients; vendors; internal approvers	distributed error states, manual evidence gathering, and unclear ownership	diagnosis, evidence gathering, correction, approval, resubmission, and closure	High	High	High	High	High	High	Low - generalized from Atlas workflow and outcome layer	ERP | Industrial Automation and SCADA | Maintenance Management | Supply Chain Planning	cycle-time delay; manual labor; exception cost; quality or revenue leakage	Supporting workflow	Pass	N/A	N/A	N/A	N/A	N/A	N/A	N/A	N/A	operations analyst
Motion picture and sound recording industries	Development and Greenlight Management	Operational	Manage development and greenlight management to execute the recurring workflow reliably	scheduled operational work or live transaction flow	operations manager; supervisor	finance leader; operations executive; rights or revenue leader	Rights and Royalty Management | Production Management | CRM | ERP	calls; chat; shared trackers	sequence work, allocate resources, and escalate blockers	operations to downstream finance or service teams	internal teams; service partners; operators	capacity conflict, execution miss, or missing status context	triage blocker, resequence work, and update commitments	Medium	Low	Medium	Medium	Medium	High	Low - generalized from Atlas workflow and outcome layer	Rights and Royalty Management | Production Management | CRM | ERP	cycle-time delay; manual labor; exception cost; quality or revenue leakage	Not pursued	Pass	N/A	N/A	N/A	N/A	N/A	N/A	N/A	N/A	operations manager
Motion picture and sound recording industries	Production Scheduling	Workforce	Manage production scheduling to keep people assignment and time flow accurate	staffing need, schedule change, or pay-period cutoff	workforce manager; scheduler; payroll lead	finance leader; operations executive; rights or revenue leader	Rights and Royalty Management | Production Management | CRM | ERP	email; spreadsheets; portal checks	assign staff, approve time, and resolve exceptions	staffing or site teams to payroll and finance	employees; contractors; site leaders	missing approvals, bad assignment data, or pay-period mismatch	chase approval, restage records, and rerun the cycle	High	Medium	High	High	High	High	Low - generalized from Atlas workflow and outcome layer	Rights and Royalty Management | Production Management | CRM | ERP	cycle-time delay; manual labor; exception cost; quality or revenue leakage	Not pursued	Pass	N/A	N/A	N/A	N/A	N/A	N/A	N/A	N/A	workforce manager
Motion picture and sound recording industries	Rights and Contract Management	Operational	Manage rights and contract management to execute the recurring workflow reliably	scheduled operational work or live transaction flow	operations manager; supervisor	finance leader; operations executive; rights or revenue leader	Rights and Royalty Management | Production Management | CRM | ERP	calls; chat; shared trackers	sequence work, allocate resources, and escalate blockers	operations to downstream finance or service teams	internal teams; service partners; operators	capacity conflict, execution miss, or missing status context	triage blocker, resequence work, and update commitments	Medium	Low	Medium	Medium	Medium	High	Low - generalized from Atlas workflow and outcome layer	Rights and Royalty Management | Production Management | CRM | ERP	cycle-time delay; manual labor; exception cost; quality or revenue leakage	Not pursued	Pass	N/A	N/A	N/A	N/A	N/A	N/A	N/A	N/A	operations manager
Motion picture and sound recording industries	Distribution and Release Management	Operational	Manage distribution and release management to execute the recurring workflow reliably	scheduled operational work or live transaction flow	operations manager; supervisor	finance leader; operations executive; rights or revenue leader	Rights and Royalty Management | Production Management | CRM | ERP	calls; chat; shared trackers	sequence work, allocate resources, and escalate blockers	operations to downstream finance or service teams	internal teams; service partners; operators	capacity conflict, execution miss, or missing status context	triage blocker, resequence work, and update commitments	Medium	Low	Medium	Medium	Medium	High	Low - generalized from Atlas workflow and outcome layer	Rights and Royalty Management | Production Management | CRM | ERP	cycle-time delay; manual labor; exception cost; quality or revenue leakage	Not pursued	Pass	N/A	N/A	N/A	N/A	N/A	N/A	N/A	N/A	operations manager
Motion picture and sound recording industries	Royalty and Participation Accounting	Financial	Manage royalty and participation accounting to complete the financial cycle accurately and on time	billing cycle, settlement event, or period close	controller; finance manager; billing specialist	finance leader; operations executive; rights or revenue leader	Rights and Royalty Management | Production Management | CRM | ERP	spreadsheets; email; exported reports	post, settle, approve, dispute, or close	operations to finance to counterparty	customers; payers; counterparties	posting mismatch, settlement break, or disputed amount	reconcile records, correct the transaction, and reclose	High	High	High	High	High	High	Low-Medium - prior full-pass evidence	Rights and Royalty Management | Production Management | CRM | ERP	cycle-time delay; manual labor; exception cost; quality or revenue leakage	KILL-candidate	Pass	Borderline	Pass	Pass	Borderline	Fail	Borderline	Fail	Pass	controller
Motion picture and sound recording industries	Lead, intake, and qualification management	Commercial	Manage lead, intake, and qualification management to qualify demand and set the workflow up cleanly	new opportunity, intake, or renewal event	account lead; commercial manager	finance leader; operations executive; rights or revenue leader	Rights and Royalty Management | Production Management | CRM | ERP	email; shared docs; spreadsheets	approve terms, scope, and go/no-go path	commercial to operations and finance	customers; counterparties; prospects	missing information, misconfigured setup, or counterparty delay	request clarification, correct setup, and restage the workflow	Medium	Medium	High	Medium	Medium	High	Low - generalized from Atlas workflow and outcome layer	Rights and Royalty Management | Production Management | CRM | ERP	cycle-time delay; manual labor; exception cost; quality or revenue leakage	Not pursued	Pass	N/A	N/A	N/A	N/A	N/A	N/A	N/A	N/A	account lead
Motion picture and sound recording industries	Supplier, vendor, or partner onboarding and compliance	Supplier / Partner	Manage supplier, vendor, or partner onboarding and compliance to keep external partners ready and compliant	new partner need, replenishment event, or contract change	procurement lead; vendor manager	finance leader; operations executive; rights or revenue leader	Rights and Royalty Management | Production Management | CRM | ERP	email; PDF packets; checklist trackers	approve vendor, accept docs, and route work	operations to vendor and back-office teams	vendors; suppliers; partners	missing compliance items, delay, or contract mismatch	chase documents, swap counterparties, and resend the packet	High	Low	High	Medium	Medium	High	Low - generalized from Atlas workflow and outcome layer	Rights and Royalty Management | Production Management | CRM | ERP	cycle-time delay; manual labor; exception cost; quality or revenue leakage	Not pursued	Pass	N/A	N/A	N/A	N/A	N/A	N/A	N/A	N/A	procurement lead
Motion picture and sound recording industries	Customer, participant, or stakeholder communication and escalation	Customer / Participant	Manage customer, participant, or stakeholder communication and escalation to keep stakeholder communication and follow-through intact	customer request, service milestone, or escalation	account manager; service lead	finance leader; operations executive; rights or revenue leader	Rights and Royalty Management | Production Management | CRM | ERP	email; calls; ticket notes	respond, escalate, or resolve service issues	service or operations to stakeholder-facing teams	customers; clients; participants	stale follow-up, unresolved request, or churn-risk escalation	collect context, escalate ownership, and re-engage the stakeholder	Medium	Low	High	Low	Medium	High	Low - generalized from Atlas workflow and outcome layer	Rights and Royalty Management | Production Management | CRM | ERP	cycle-time delay; manual labor; exception cost; quality or revenue leakage	Not pursued	Pass	N/A	N/A	N/A	N/A	N/A	N/A	N/A	N/A	account manager
Motion picture and sound recording industries	Compliance, reporting, and audit support	Governance / Risk	Manage compliance, reporting, and audit support to maintain compliant records and reporting	reporting deadline, control review, or audit request	compliance lead; finance manager	finance leader; operations executive; rights or revenue leader	Rights and Royalty Management | Production Management | CRM | ERP	PDF evidence packs; spreadsheets; email	approve controls, certify records, and remediate gaps	operations and finance to compliance and external review	regulators; auditors; funders	missing evidence, failed control, or filing inconsistency	assemble proof, remediate the gap, and resubmit the record	High	Medium	High	Medium	High	High	Low - generalized from Atlas workflow and outcome layer	Rights and Royalty Management | Production Management | CRM | ERP	cycle-time delay; manual labor; exception cost; quality or revenue leakage	Not pursued	Pass	N/A	N/A	N/A	N/A	N/A	N/A	N/A	N/A	compliance lead
Motion picture and sound recording industries	Exception, dispute, and recovery handling	Recovery	Manage exception, dispute, and recovery handling to resolve deviations before they miss the economic deadline	deviation, mismatch, dispute, or blocked step	operations analyst; specialist; manager	finance leader; operations executive; rights or revenue leader	Rights and Royalty Management | Production Management | CRM | ERP	spreadsheets; email; calls; case notes	diagnose cause, choose correction, and resubmit	front-line teams to specialists and approvers	counterparties; clients; vendors; internal approvers	distributed error states, manual evidence gathering, and unclear ownership	diagnosis, evidence gathering, correction, approval, resubmission, and closure	High	High	High	High	High	High	Low - generalized from Atlas workflow and outcome layer	Rights and Royalty Management | Production Management | CRM | ERP	cycle-time delay; manual labor; exception cost; quality or revenue leakage	Supporting workflow	Pass	N/A	N/A	N/A	N/A	N/A	N/A	N/A	N/A	operations analyst
Electrical equipment, appliances, and components	Product Lifecycle and Engineering Management	Operational	Manage product lifecycle and engineering management to execute the recurring workflow reliably	scheduled operational work or live transaction flow	operations manager; supervisor	operations executive; plant leader; controller	ERP | PLM and Engineering Design | Manufacturing Execution System | Shop Floor Control and Quality	calls; chat; shared trackers	sequence work, allocate resources, and escalate blockers	operations to downstream finance or service teams	internal teams; service partners; operators	capacity conflict, execution miss, or missing status context	triage blocker, resequence work, and update commitments	Medium	Low	Medium	Medium	Medium	High	Low - generalized from Atlas workflow and outcome layer	ERP | PLM and Engineering Design | Manufacturing Execution System | Shop Floor Control and Quality	cycle-time delay; manual labor; exception cost; quality or revenue leakage	Not pursued	Pass	N/A	N/A	N/A	N/A	N/A	N/A	N/A	N/A	operations manager
Electrical equipment, appliances, and components	Supplier Scheduling and Procurement	Workforce	Manage supplier scheduling and procurement to keep people assignment and time flow accurate	staffing need, schedule change, or pay-period cutoff	workforce manager; scheduler; payroll lead	operations executive; plant leader; controller	ERP | PLM and Engineering Design | Manufacturing Execution System | Shop Floor Control and Quality	email; spreadsheets; portal checks	assign staff, approve time, and resolve exceptions	staffing or site teams to payroll and finance	employees; contractors; site leaders	missing approvals, bad assignment data, or pay-period mismatch	chase approval, restage records, and rerun the cycle	High	Medium	High	High	High	High	Low - generalized from Atlas workflow and outcome layer	ERP | PLM and Engineering Design | Manufacturing Execution System | Shop Floor Control and Quality	cycle-time delay; manual labor; exception cost; quality or revenue leakage	Not pursued	Pass	N/A	N/A	N/A	N/A	N/A	N/A	N/A	N/A	workforce manager
Electrical equipment, appliances, and components	Assembly and Test	Operational	Manage assembly and test to execute the recurring workflow reliably	scheduled operational work or live transaction flow	operations manager; supervisor	operations executive; plant leader; controller	ERP | PLM and Engineering Design | Manufacturing Execution System | Shop Floor Control and Quality	calls; chat; shared trackers	sequence work, allocate resources, and escalate blockers	operations to downstream finance or service teams	internal teams; service partners; operators	capacity conflict, execution miss, or missing status context	triage blocker, resequence work, and update commitments	Medium	Low	Medium	Medium	Medium	High	Low - generalized from Atlas workflow and outcome layer	ERP | PLM and Engineering Design | Manufacturing Execution System | Shop Floor Control and Quality	cycle-time delay; manual labor; exception cost; quality or revenue leakage	Not pursued	Pass	N/A	N/A	N/A	N/A	N/A	N/A	N/A	N/A	operations manager
Electrical equipment, appliances, and components	Compliance and Certification Management	Governance / Risk	Manage compliance and certification management to maintain compliant records and reporting	reporting deadline, control review, or audit request	compliance lead; finance manager	operations executive; plant leader; controller	ERP | PLM and Engineering Design | Manufacturing Execution System | Shop Floor Control and Quality	PDF evidence packs; spreadsheets; email	approve controls, certify records, and remediate gaps	operations and finance to compliance and external review	regulators; auditors; funders	missing evidence, failed control, or filing inconsistency	assemble proof, remediate the gap, and resubmit the record	High	Medium	High	Medium	High	High	Low-Medium - prior full-pass evidence	ERP | PLM and Engineering Design | Manufacturing Execution System | Shop Floor Control and Quality	cycle-time delay; manual labor; exception cost; quality or revenue leakage	KILL-candidate	Pass	Borderline	Pass	Pass	Borderline	Fail	Borderline	Fail	Pass	compliance lead
Electrical equipment, appliances, and components	Channel and Service Support	Customer / Participant	Manage channel and service support to keep stakeholder communication and follow-through intact	customer request, service milestone, or escalation	account manager; service lead	operations executive; plant leader; controller	ERP | PLM and Engineering Design | Manufacturing Execution System | Shop Floor Control and Quality	email; calls; ticket notes	respond, escalate, or resolve service issues	service or operations to stakeholder-facing teams	customers; clients; participants	stale follow-up, unresolved request, or churn-risk escalation	collect context, escalate ownership, and re-engage the stakeholder	Medium	Low	High	Low	Medium	High	Low - generalized from Atlas workflow and outcome layer	ERP | PLM and Engineering Design | Manufacturing Execution System | Shop Floor Control and Quality	cycle-time delay; manual labor; exception cost; quality or revenue leakage	Not pursued	Pass	N/A	N/A	N/A	N/A	N/A	N/A	N/A	N/A	account manager
Electrical equipment, appliances, and components	Lead, intake, and qualification management	Commercial	Manage lead, intake, and qualification management to qualify demand and set the workflow up cleanly	new opportunity, intake, or renewal event	account lead; commercial manager	operations executive; plant leader; controller	ERP | PLM and Engineering Design | Manufacturing Execution System | Shop Floor Control and Quality	email; shared docs; spreadsheets	approve terms, scope, and go/no-go path	commercial to operations and finance	customers; counterparties; prospects	missing information, misconfigured setup, or counterparty delay	request clarification, correct setup, and restage the workflow	Medium	Medium	High	Medium	Medium	High	Low - generalized from Atlas workflow and outcome layer	ERP | PLM and Engineering Design | Manufacturing Execution System | Shop Floor Control and Quality	cycle-time delay; manual labor; exception cost; quality or revenue leakage	Not pursued	Pass	N/A	N/A	N/A	N/A	N/A	N/A	N/A	N/A	account lead
Electrical equipment, appliances, and components	Billing, settlement, and close	Financial	Manage billing, settlement, and close to complete the financial cycle accurately and on time	billing cycle, settlement event, or period close	controller; finance manager; billing specialist	operations executive; plant leader; controller	ERP | PLM and Engineering Design | Manufacturing Execution System | Shop Floor Control and Quality	spreadsheets; email; exported reports	post, settle, approve, dispute, or close	operations to finance to counterparty	customers; payers; counterparties	posting mismatch, settlement break, or disputed amount	reconcile records, correct the transaction, and reclose	High	High	High	High	High	High	Low - generalized from Atlas workflow and outcome layer	ERP | PLM and Engineering Design | Manufacturing Execution System | Shop Floor Control and Quality	cycle-time delay; manual labor; exception cost; quality or revenue leakage	Supporting workflow	Pass	N/A	N/A	N/A	N/A	N/A	N/A	N/A	N/A	controller
Electrical equipment, appliances, and components	Supplier, vendor, or partner onboarding and compliance	Supplier / Partner	Manage supplier, vendor, or partner onboarding and compliance to keep external partners ready and compliant	new partner need, replenishment event, or contract change	procurement lead; vendor manager	operations executive; plant leader; controller	ERP | PLM and Engineering Design | Manufacturing Execution System | Shop Floor Control and Quality	email; PDF packets; checklist trackers	approve vendor, accept docs, and route work	operations to vendor and back-office teams	vendors; suppliers; partners	missing compliance items, delay, or contract mismatch	chase documents, swap counterparties, and resend the packet	High	Low	High	Medium	Medium	High	Low - generalized from Atlas workflow and outcome layer	ERP | PLM and Engineering Design | Manufacturing Execution System | Shop Floor Control and Quality	cycle-time delay; manual labor; exception cost; quality or revenue leakage	Not pursued	Pass	N/A	N/A	N/A	N/A	N/A	N/A	N/A	N/A	procurement lead
Electrical equipment, appliances, and components	Exception, dispute, and recovery handling	Recovery	Manage exception, dispute, and recovery handling to resolve deviations before they miss the economic deadline	deviation, mismatch, dispute, or blocked step	operations analyst; specialist; manager	operations executive; plant leader; controller	ERP | PLM and Engineering Design | Manufacturing Execution System | Shop Floor Control and Quality	spreadsheets; email; calls; case notes	diagnose cause, choose correction, and resubmit	front-line teams to specialists and approvers	counterparties; clients; vendors; internal approvers	distributed error states, manual evidence gathering, and unclear ownership	diagnosis, evidence gathering, correction, approval, resubmission, and closure	High	High	High	High	High	High	Low - generalized from Atlas workflow and outcome layer	ERP | PLM and Engineering Design | Manufacturing Execution System | Shop Floor Control and Quality	cycle-time delay; manual labor; exception cost; quality or revenue leakage	Supporting workflow	Pass	N/A	N/A	N/A	N/A	N/A	N/A	N/A	N/A	operations analyst
