failure_code,failure_name,assignment_role,failure_score,workflow_name,workflow_family,canonical_operating_system,industry_name,industry_rank_2025_gross_output,dominant_root_cause,systems_of_record_categories,workflow_document
SF-03,Decision Context Escapes the Record,Primary,15.0,"Access, Admissions, and Throughput Management","Access, Intake, and Contracting",Care Delivery and Reimbursement,Hospitals,12,Organizational,EHR and Care Management | Revenue Cycle Management | HCM / Workforce Management | ERP,knowledge/research/workflow-library/workflows/access-admissions-and-throughput-management.md
SF-01,Exception-Path Breakdown,Secondary,13.0,"Access, Admissions, and Throughput Management","Access, Intake, and Contracting",Care Delivery and Reimbursement,Hospitals,12,Organizational,EHR and Care Management | Revenue Cycle Management | HCM / Workforce Management | ERP,knowledge/research/workflow-library/workflows/access-admissions-and-throughput-management.md
SF-05,Handoff and Approval Latency,Secondary,8.0,"Access, Admissions, and Throughput Management","Access, Intake, and Contracting",Care Delivery and Reimbursement,Hospitals,12,Organizational,EHR and Care Management | Revenue Cycle Management | HCM / Workforce Management | ERP,knowledge/research/workflow-library/workflows/access-admissions-and-throughput-management.md
SF-03,Decision Context Escapes the Record,Primary,15.0,"Access, Admissions, and Throughput Management","Access, Intake, and Contracting",Care Delivery and Reimbursement,Nursing and residential care facilities,37,Organizational,EHR and Care Management | Revenue Cycle Management | HCM / Workforce Management,knowledge/research/workflow-library/workflows/access-admissions-and-throughput-management.md
SF-01,Exception-Path Breakdown,Secondary,13.0,"Access, Admissions, and Throughput Management","Access, Intake, and Contracting",Care Delivery and Reimbursement,Nursing and residential care facilities,37,Organizational,EHR and Care Management | Revenue Cycle Management | HCM / Workforce Management,knowledge/research/workflow-library/workflows/access-admissions-and-throughput-management.md
SF-05,Handoff and Approval Latency,Secondary,8.0,"Access, Admissions, and Throughput Management","Access, Intake, and Contracting",Care Delivery and Reimbursement,Nursing and residential care facilities,37,Organizational,EHR and Care Management | Revenue Cycle Management | HCM / Workforce Management,knowledge/research/workflow-library/workflows/access-admissions-and-throughput-management.md
SF-03,Decision Context Escapes the Record,Primary,15.0,"Access, Intake, and Scheduling","Access, Intake, and Contracting",Care Delivery and Reimbursement,Ambulatory health care services,6,Organizational,EHR and Care Management | Practice Management | Revenue Cycle Management,knowledge/research/workflow-library/workflows/access-intake-and-scheduling.md
SF-01,Exception-Path Breakdown,Secondary,13.0,"Access, Intake, and Scheduling","Access, Intake, and Contracting",Care Delivery and Reimbursement,Ambulatory health care services,6,Organizational,EHR and Care Management | Practice Management | Revenue Cycle Management,knowledge/research/workflow-library/workflows/access-intake-and-scheduling.md
SF-05,Handoff and Approval Latency,Secondary,8.0,"Access, Intake, and Scheduling","Access, Intake, and Contracting",Care Delivery and Reimbursement,Ambulatory health care services,6,Organizational,EHR and Care Management | Practice Management | Revenue Cycle Management,knowledge/research/workflow-library/workflows/access-intake-and-scheduling.md
SF-05,Handoff and Approval Latency,Primary,22.0,Account and Loan Onboarding,"Access, Intake, and Contracting","Deposit, Credit, and Payment Intermediation","Federal Reserve banks, credit intermediation, and related activities",9,Regulatory,Core Banking | Loan Origination and Servicing | Payments | Risk and Compliance | CRM,knowledge/research/workflow-library/workflows/account-and-loan-onboarding.md
SF-04,Human Judgment Under Incomplete Information,Secondary,19.5,Account and Loan Onboarding,"Access, Intake, and Contracting","Deposit, Credit, and Payment Intermediation","Federal Reserve banks, credit intermediation, and related activities",9,Regulatory,Core Banking | Loan Origination and Servicing | Payments | Risk and Compliance | CRM,knowledge/research/workflow-library/workflows/account-and-loan-onboarding.md
SF-03,Decision Context Escapes the Record,Secondary,17.5,Account and Loan Onboarding,"Access, Intake, and Contracting","Deposit, Credit, and Payment Intermediation","Federal Reserve banks, credit intermediation, and related activities",9,Regulatory,Core Banking | Loan Origination and Servicing | Payments | Risk and Compliance | CRM,knowledge/research/workflow-library/workflows/account-and-loan-onboarding.md
SF-03,Decision Context Escapes the Record,Primary,15.0,Admissions and Enrollment,"Access, Intake, and Contracting",Education Delivery and Administration,Educational services,30,Organizational,Student Information System | Learning Management System | HCM / Workforce Management | ERP,knowledge/research/workflow-library/workflows/admissions-and-enrollment.md
SF-01,Exception-Path Breakdown,Secondary,13.0,Admissions and Enrollment,"Access, Intake, and Contracting",Education Delivery and Administration,Educational services,30,Organizational,Student Information System | Learning Management System | HCM / Workforce Management | ERP,knowledge/research/workflow-library/workflows/admissions-and-enrollment.md
SF-05,Handoff and Approval Latency,Secondary,8.0,Admissions and Enrollment,"Access, Intake, and Contracting",Education Delivery and Administration,Educational services,30,Organizational,Student Information System | Learning Management System | HCM / Workforce Management | ERP,knowledge/research/workflow-library/workflows/admissions-and-enrollment.md
SF-04,Human Judgment Under Incomplete Information,Primary,16.0,Aftermarket Service and Field Support,Customer and Experience Operations,Product Manufacturing and Lifecycle Operations,Machinery,33,Legacy Architecture,ERP | PLM and Engineering Design | Manufacturing Execution System | Maintenance Management,knowledge/research/workflow-library/workflows/aftermarket-service-and-field-support.md
SF-01,Exception-Path Breakdown,Secondary,14.0,Aftermarket Service and Field Support,Customer and Experience Operations,Product Manufacturing and Lifecycle Operations,Machinery,33,Legacy Architecture,ERP | PLM and Engineering Design | Manufacturing Execution System | Maintenance Management,knowledge/research/workflow-library/workflows/aftermarket-service-and-field-support.md
SF-03,Decision Context Escapes the Record,Secondary,9.0,Aftermarket Service and Field Support,Customer and Experience Operations,Product Manufacturing and Lifecycle Operations,Machinery,33,Legacy Architecture,ERP | PLM and Engineering Design | Manufacturing Execution System | Maintenance Management,knowledge/research/workflow-library/workflows/aftermarket-service-and-field-support.md
SF-04,Human Judgment Under Incomplete Information,Primary,16.0,Aftermarket Service and Field Support,Customer and Experience Operations,Product Manufacturing and Lifecycle Operations,"Motor vehicles, bodies and trailers, and parts",21,Legacy Architecture,ERP | PLM and Engineering Design | Manufacturing Execution System | Supply Chain Planning,knowledge/research/workflow-library/workflows/aftermarket-service-and-field-support.md
SF-01,Exception-Path Breakdown,Secondary,14.0,Aftermarket Service and Field Support,Customer and Experience Operations,Product Manufacturing and Lifecycle Operations,"Motor vehicles, bodies and trailers, and parts",21,Legacy Architecture,ERP | PLM and Engineering Design | Manufacturing Execution System | Supply Chain Planning,knowledge/research/workflow-library/workflows/aftermarket-service-and-field-support.md
SF-03,Decision Context Escapes the Record,Secondary,9.0,Aftermarket Service and Field Support,Customer and Experience Operations,Product Manufacturing and Lifecycle Operations,"Motor vehicles, bodies and trailers, and parts",21,Legacy Architecture,ERP | PLM and Engineering Design | Manufacturing Execution System | Supply Chain Planning,knowledge/research/workflow-library/workflows/aftermarket-service-and-field-support.md
SF-04,Human Judgment Under Incomplete Information,Primary,16.0,Aftermarket Service and Field Support,Customer and Experience Operations,Product Manufacturing and Lifecycle Operations,Other transportation equipment,34,Legacy Architecture,ERP | PLM and Engineering Design | Project and Construction Management,knowledge/research/workflow-library/workflows/aftermarket-service-and-field-support.md
SF-01,Exception-Path Breakdown,Secondary,14.0,Aftermarket Service and Field Support,Customer and Experience Operations,Product Manufacturing and Lifecycle Operations,Other transportation equipment,34,Legacy Architecture,ERP | PLM and Engineering Design | Project and Construction Management,knowledge/research/workflow-library/workflows/aftermarket-service-and-field-support.md
SF-03,Decision Context Escapes the Record,Secondary,9.0,Aftermarket Service and Field Support,Customer and Experience Operations,Product Manufacturing and Lifecycle Operations,Other transportation equipment,34,Legacy Architecture,ERP | PLM and Engineering Design | Project and Construction Management,knowledge/research/workflow-library/workflows/aftermarket-service-and-field-support.md
SF-06,Plan vs. Reality Divergence,Primary,16.5,Assembly and Test,Production and Asset Operations,Product Manufacturing and Lifecycle Operations,"Electrical equipment, appliances, and components",50,Legacy Architecture,ERP | PLM and Engineering Design | Manufacturing Execution System | Shop Floor Control and Quality,knowledge/research/workflow-library/workflows/assembly-and-test.md
SF-04,Human Judgment Under Incomplete Information,Secondary,10.0,Assembly and Test,Production and Asset Operations,Product Manufacturing and Lifecycle Operations,"Electrical equipment, appliances, and components",50,Legacy Architecture,ERP | PLM and Engineering Design | Manufacturing Execution System | Shop Floor Control and Quality,knowledge/research/workflow-library/workflows/assembly-and-test.md
SF-03,Decision Context Escapes the Record,Secondary,8.0,Assembly and Test,Production and Asset Operations,Product Manufacturing and Lifecycle Operations,"Electrical equipment, appliances, and components",50,Legacy Architecture,ERP | PLM and Engineering Design | Manufacturing Execution System | Shop Floor Control and Quality,knowledge/research/workflow-library/workflows/assembly-and-test.md
SF-06,Plan vs. Reality Divergence,Primary,16.5,Assembly and Test,Production and Asset Operations,Product Manufacturing and Lifecycle Operations,Machinery,33,Legacy Architecture,ERP | PLM and Engineering Design | Manufacturing Execution System | Maintenance Management,knowledge/research/workflow-library/workflows/assembly-and-test.md
SF-04,Human Judgment Under Incomplete Information,Secondary,10.0,Assembly and Test,Production and Asset Operations,Product Manufacturing and Lifecycle Operations,Machinery,33,Legacy Architecture,ERP | PLM and Engineering Design | Manufacturing Execution System | Maintenance Management,knowledge/research/workflow-library/workflows/assembly-and-test.md
SF-03,Decision Context Escapes the Record,Secondary,8.0,Assembly and Test,Production and Asset Operations,Product Manufacturing and Lifecycle Operations,Machinery,33,Legacy Architecture,ERP | PLM and Engineering Design | Manufacturing Execution System | Maintenance Management,knowledge/research/workflow-library/workflows/assembly-and-test.md
SF-06,Plan vs. Reality Divergence,Primary,16.5,"Assembly, Test, and Certification",Production and Asset Operations,Product Manufacturing and Lifecycle Operations,Other transportation equipment,34,Legacy Architecture,ERP | PLM and Engineering Design | Project and Construction Management,knowledge/research/workflow-library/workflows/assembly-test-and-certification.md
SF-04,Human Judgment Under Incomplete Information,Secondary,10.0,"Assembly, Test, and Certification",Production and Asset Operations,Product Manufacturing and Lifecycle Operations,Other transportation equipment,34,Legacy Architecture,ERP | PLM and Engineering Design | Project and Construction Management,knowledge/research/workflow-library/workflows/assembly-test-and-certification.md
SF-03,Decision Context Escapes the Record,Secondary,8.0,"Assembly, Test, and Certification",Production and Asset Operations,Product Manufacturing and Lifecycle Operations,Other transportation equipment,34,Legacy Architecture,ERP | PLM and Engineering Design | Project and Construction Management,knowledge/research/workflow-library/workflows/assembly-test-and-certification.md
SF-04,Human Judgment Under Incomplete Information,Primary,21.5,Asset Acquisition and Setup,Planning and Allocation,Asset Utilization and Lease Management,Rental and leasing services and lessors of intangible assets,23,Technical,Rental Operations Management | Maintenance Management | ERP,knowledge/research/workflow-library/workflows/asset-acquisition-and-setup.md
SF-06,Plan vs. Reality Divergence,Secondary,13.0,Asset Acquisition and Setup,Planning and Allocation,Asset Utilization and Lease Management,Rental and leasing services and lessors of intangible assets,23,Technical,Rental Operations Management | Maintenance Management | ERP,knowledge/research/workflow-library/workflows/asset-acquisition-and-setup.md
SF-08,Multi-Party Trust and Dependency Gaps,Secondary,8.0,Asset Acquisition and Setup,Planning and Allocation,Asset Utilization and Lease Management,Rental and leasing services and lessors of intangible assets,23,Technical,Rental Operations Management | Maintenance Management | ERP,knowledge/research/workflow-library/workflows/asset-acquisition-and-setup.md
SF-04,Human Judgment Under Incomplete Information,Primary,14.0,Asset Maintenance and Outage Management,Production and Asset Operations,Network Infrastructure Operations,Utilities,24,Legacy Architecture,Utility Operations and Billing | Maintenance Management | Industrial Automation and SCADA | ERP,knowledge/research/workflow-library/workflows/asset-maintenance-and-outage-management.md
SF-06,Plan vs. Reality Divergence,Secondary,13.0,Asset Maintenance and Outage Management,Production and Asset Operations,Network Infrastructure Operations,Utilities,24,Legacy Architecture,Utility Operations and Billing | Maintenance Management | Industrial Automation and SCADA | ERP,knowledge/research/workflow-library/workflows/asset-maintenance-and-outage-management.md
SF-03,Decision Context Escapes the Record,Secondary,8.0,Asset Maintenance and Outage Management,Production and Asset Operations,Network Infrastructure Operations,Utilities,24,Legacy Architecture,Utility Operations and Billing | Maintenance Management | Industrial Automation and SCADA | ERP,knowledge/research/workflow-library/workflows/asset-maintenance-and-outage-management.md
SF-04,Human Judgment Under Incomplete Information,Primary,14.0,Asset Maintenance and Turnover,Production and Asset Operations,Asset Utilization and Lease Management,Rental and leasing services and lessors of intangible assets,23,Legacy Architecture,Rental Operations Management | Maintenance Management | ERP,knowledge/research/workflow-library/workflows/asset-maintenance-and-turnover.md
SF-06,Plan vs. Reality Divergence,Secondary,13.0,Asset Maintenance and Turnover,Production and Asset Operations,Asset Utilization and Lease Management,Rental and leasing services and lessors of intangible assets,23,Legacy Architecture,Rental Operations Management | Maintenance Management | ERP,knowledge/research/workflow-library/workflows/asset-maintenance-and-turnover.md
SF-03,Decision Context Escapes the Record,Secondary,8.0,Asset Maintenance and Turnover,Production and Asset Operations,Asset Utilization and Lease Management,Rental and leasing services and lessors of intangible assets,23,Legacy Architecture,Rental Operations Management | Maintenance Management | ERP,knowledge/research/workflow-library/workflows/asset-maintenance-and-turnover.md
SF-04,Human Judgment Under Incomplete Information,Primary,14.0,Asset Maintenance and Uptime Management,Production and Asset Operations,Process Manufacturing and Throughput Control,Paper products,48,Legacy Architecture,ERP | Industrial Automation and SCADA | Maintenance Management | Supply Chain Planning,knowledge/research/workflow-library/workflows/asset-maintenance-and-uptime-management.md
SF-06,Plan vs. Reality Divergence,Secondary,13.0,Asset Maintenance and Uptime Management,Production and Asset Operations,Process Manufacturing and Throughput Control,Paper products,48,Legacy Architecture,ERP | Industrial Automation and SCADA | Maintenance Management | Supply Chain Planning,knowledge/research/workflow-library/workflows/asset-maintenance-and-uptime-management.md
SF-03,Decision Context Escapes the Record,Secondary,8.0,Asset Maintenance and Uptime Management,Production and Asset Operations,Process Manufacturing and Throughput Control,Paper products,48,Legacy Architecture,ERP | Industrial Automation and SCADA | Maintenance Management | Supply Chain Planning,knowledge/research/workflow-library/workflows/asset-maintenance-and-uptime-management.md
SF-04,Human Judgment Under Incomplete Information,Primary,14.0,Asset Maintenance and Uptime Management,Production and Asset Operations,Process Manufacturing and Throughput Control,Primary metals,44,Legacy Architecture,ERP | Industrial Automation and SCADA | Maintenance Management | Shop Floor Control and Quality,knowledge/research/workflow-library/workflows/asset-maintenance-and-uptime-management.md
SF-06,Plan vs. Reality Divergence,Secondary,13.0,Asset Maintenance and Uptime Management,Production and Asset Operations,Process Manufacturing and Throughput Control,Primary metals,44,Legacy Architecture,ERP | Industrial Automation and SCADA | Maintenance Management | Shop Floor Control and Quality,knowledge/research/workflow-library/workflows/asset-maintenance-and-uptime-management.md
SF-03,Decision Context Escapes the Record,Secondary,8.0,Asset Maintenance and Uptime Management,Production and Asset Operations,Process Manufacturing and Throughput Control,Primary metals,44,Legacy Architecture,ERP | Industrial Automation and SCADA | Maintenance Management | Shop Floor Control and Quality,knowledge/research/workflow-library/workflows/asset-maintenance-and-uptime-management.md
SF-04,Human Judgment Under Incomplete Information,Primary,14.0,Asset Maintenance and Work Orders,Production and Asset Operations,Asset Utilization and Lease Management,Housing,1,Legacy Architecture,Property Management System | CRM | Maintenance Management,knowledge/research/workflow-library/workflows/asset-maintenance-and-work-orders.md
SF-06,Plan vs. Reality Divergence,Secondary,13.0,Asset Maintenance and Work Orders,Production and Asset Operations,Asset Utilization and Lease Management,Housing,1,Legacy Architecture,Property Management System | CRM | Maintenance Management,knowledge/research/workflow-library/workflows/asset-maintenance-and-work-orders.md
SF-03,Decision Context Escapes the Record,Secondary,8.0,Asset Maintenance and Work Orders,Production and Asset Operations,Asset Utilization and Lease Management,Housing,1,Legacy Architecture,Property Management System | CRM | Maintenance Management,knowledge/research/workflow-library/workflows/asset-maintenance-and-work-orders.md
SF-04,Human Judgment Under Incomplete Information,Primary,14.0,Asset Maintenance and Work Orders,Production and Asset Operations,Asset Utilization and Lease Management,Other real estate,5,Legacy Architecture,Property Management System | Real Estate Asset Management | CRM | Fund Administration and Accounting,knowledge/research/workflow-library/workflows/asset-maintenance-and-work-orders.md
SF-06,Plan vs. Reality Divergence,Secondary,13.0,Asset Maintenance and Work Orders,Production and Asset Operations,Asset Utilization and Lease Management,Other real estate,5,Legacy Architecture,Property Management System | Real Estate Asset Management | CRM | Fund Administration and Accounting,knowledge/research/workflow-library/workflows/asset-maintenance-and-work-orders.md
SF-03,Decision Context Escapes the Record,Secondary,8.0,Asset Maintenance and Work Orders,Production and Asset Operations,Asset Utilization and Lease Management,Other real estate,5,Legacy Architecture,Property Management System | Real Estate Asset Management | CRM | Fund Administration and Accounting,knowledge/research/workflow-library/workflows/asset-maintenance-and-work-orders.md
SF-02,Cross-System Reconciliation,Primary,13.0,Asset and Investor Reporting,Governance and Portfolio Operations,Asset Utilization and Lease Management,Other real estate,5,Technical,Property Management System | Real Estate Asset Management | CRM | Fund Administration and Accounting,knowledge/research/workflow-library/workflows/asset-and-investor-reporting.md
SF-03,Decision Context Escapes the Record,Secondary,11.0,Asset and Investor Reporting,Governance and Portfolio Operations,Asset Utilization and Lease Management,Other real estate,5,Technical,Property Management System | Real Estate Asset Management | CRM | Fund Administration and Accounting,knowledge/research/workflow-library/workflows/asset-and-investor-reporting.md
SF-04,Human Judgment Under Incomplete Information,Secondary,9.0,Asset and Investor Reporting,Governance and Portfolio Operations,Asset Utilization and Lease Management,Other real estate,5,Technical,Property Management System | Real Estate Asset Management | CRM | Fund Administration and Accounting,knowledge/research/workflow-library/workflows/asset-and-investor-reporting.md
SF-04,Human Judgment Under Incomplete Information,Primary,21.5,Asset and Reserve Evaluation,Planning and Allocation,Field Production and Resource Extraction,Oil and gas extraction,32,Technical,Upstream Energy Management | Production Accounting and Regulatory | Geoscience and Reservoir Management | ERP,knowledge/research/workflow-library/workflows/asset-and-reserve-evaluation.md
SF-06,Plan vs. Reality Divergence,Secondary,13.0,Asset and Reserve Evaluation,Planning and Allocation,Field Production and Resource Extraction,Oil and gas extraction,32,Technical,Upstream Energy Management | Production Accounting and Regulatory | Geoscience and Reservoir Management | ERP,knowledge/research/workflow-library/workflows/asset-and-reserve-evaluation.md
SF-08,Multi-Party Trust and Dependency Gaps,Secondary,8.0,Asset and Reserve Evaluation,Planning and Allocation,Field Production and Resource Extraction,Oil and gas extraction,32,Technical,Upstream Energy Management | Production Accounting and Regulatory | Geoscience and Reservoir Management | ERP,knowledge/research/workflow-library/workflows/asset-and-reserve-evaluation.md
SF-01,Exception-Path Breakdown,Primary,20.5,Billing and Asset Recovery,Finance and Revenue Operations,Asset Utilization and Lease Management,Rental and leasing services and lessors of intangible assets,23,Legacy Architecture,Rental Operations Management | Maintenance Management | ERP,knowledge/research/workflow-library/workflows/billing-and-asset-recovery.md
SF-03,Decision Context Escapes the Record,Secondary,14.0,Billing and Asset Recovery,Finance and Revenue Operations,Asset Utilization and Lease Management,Rental and leasing services and lessors of intangible assets,23,Legacy Architecture,Rental Operations Management | Maintenance Management | ERP,knowledge/research/workflow-library/workflows/billing-and-asset-recovery.md
SF-02,Cross-System Reconciliation,Secondary,10.0,Billing and Asset Recovery,Finance and Revenue Operations,Asset Utilization and Lease Management,Rental and leasing services and lessors of intangible assets,23,Legacy Architecture,Rental Operations Management | Maintenance Management | ERP,knowledge/research/workflow-library/workflows/billing-and-asset-recovery.md
SF-01,Exception-Path Breakdown,Primary,20.5,Billing and Collections,Finance and Revenue Operations,Distribution and Trade Operations,Wholesale trade,2,Legacy Architecture,ERP | Supply Chain Planning | Warehouse Management System | Order Management System,knowledge/research/workflow-library/workflows/billing-and-collections.md
SF-03,Decision Context Escapes the Record,Secondary,14.0,Billing and Collections,Finance and Revenue Operations,Distribution and Trade Operations,Wholesale trade,2,Legacy Architecture,ERP | Supply Chain Planning | Warehouse Management System | Order Management System,knowledge/research/workflow-library/workflows/billing-and-collections.md
SF-02,Cross-System Reconciliation,Secondary,10.0,Billing and Collections,Finance and Revenue Operations,Distribution and Trade Operations,Wholesale trade,2,Legacy Architecture,ERP | Supply Chain Planning | Warehouse Management System | Order Management System,knowledge/research/workflow-library/workflows/billing-and-collections.md
SF-01,Exception-Path Breakdown,Primary,20.5,Billing and Collections,Finance and Revenue Operations,Network Infrastructure Operations,Broadcasting and telecommunications,18,Legacy Architecture,Network OSS/BSS | Billing and Subscription Management | CRM,knowledge/research/workflow-library/workflows/billing-and-collections.md
SF-03,Decision Context Escapes the Record,Secondary,14.0,Billing and Collections,Finance and Revenue Operations,Network Infrastructure Operations,Broadcasting and telecommunications,18,Legacy Architecture,Network OSS/BSS | Billing and Subscription Management | CRM,knowledge/research/workflow-library/workflows/billing-and-collections.md
SF-02,Cross-System Reconciliation,Secondary,10.0,Billing and Collections,Finance and Revenue Operations,Network Infrastructure Operations,Broadcasting and telecommunications,18,Legacy Architecture,Network OSS/BSS | Billing and Subscription Management | CRM,knowledge/research/workflow-library/workflows/billing-and-collections.md
SF-01,Exception-Path Breakdown,Primary,20.5,Billing and Collections,Finance and Revenue Operations,Professional Services and Matter Management,"Miscellaneous professional, scientific, and technical services",4,Legacy Architecture,CRM | HCM / Workforce Management | Professional Services Automation | ERP,knowledge/research/workflow-library/workflows/billing-and-collections.md
SF-03,Decision Context Escapes the Record,Secondary,14.0,Billing and Collections,Finance and Revenue Operations,Professional Services and Matter Management,"Miscellaneous professional, scientific, and technical services",4,Legacy Architecture,CRM | HCM / Workforce Management | Professional Services Automation | ERP,knowledge/research/workflow-library/workflows/billing-and-collections.md
SF-02,Cross-System Reconciliation,Secondary,10.0,Billing and Collections,Finance and Revenue Operations,Professional Services and Matter Management,"Miscellaneous professional, scientific, and technical services",4,Legacy Architecture,CRM | HCM / Workforce Management | Professional Services Automation | ERP,knowledge/research/workflow-library/workflows/billing-and-collections.md
SF-01,Exception-Path Breakdown,Primary,20.5,Billing and Payment Processing,Finance and Revenue Operations,Workforce Coordination and Service Operations,"Other services, except government",14,Legacy Architecture,CRM | POS and Payments | HCM / Workforce Management | Service Management,knowledge/research/workflow-library/workflows/billing-and-payment-processing.md
SF-03,Decision Context Escapes the Record,Secondary,14.0,Billing and Payment Processing,Finance and Revenue Operations,Workforce Coordination and Service Operations,"Other services, except government",14,Legacy Architecture,CRM | POS and Payments | HCM / Workforce Management | Service Management,knowledge/research/workflow-library/workflows/billing-and-payment-processing.md
SF-02,Cross-System Reconciliation,Secondary,10.0,Billing and Payment Processing,Finance and Revenue Operations,Workforce Coordination and Service Operations,"Other services, except government",14,Legacy Architecture,CRM | POS and Payments | HCM / Workforce Management | Service Management,knowledge/research/workflow-library/workflows/billing-and-payment-processing.md
SF-02,Cross-System Reconciliation,Primary,23.5,Billing and Reconciliation,Finance and Revenue Operations,Asset Utilization and Lease Management,Other real estate,5,Legacy Architecture,Property Management System | Real Estate Asset Management | CRM | Fund Administration and Accounting,knowledge/research/workflow-library/workflows/billing-and-reconciliation.md
SF-01,Exception-Path Breakdown,Secondary,16.0,Billing and Reconciliation,Finance and Revenue Operations,Asset Utilization and Lease Management,Other real estate,5,Legacy Architecture,Property Management System | Real Estate Asset Management | CRM | Fund Administration and Accounting,knowledge/research/workflow-library/workflows/billing-and-reconciliation.md
SF-03,Decision Context Escapes the Record,Secondary,14.0,Billing and Reconciliation,Finance and Revenue Operations,Asset Utilization and Lease Management,Other real estate,5,Legacy Architecture,Property Management System | Real Estate Asset Management | CRM | Fund Administration and Accounting,knowledge/research/workflow-library/workflows/billing-and-reconciliation.md
SF-01,Exception-Path Breakdown,Primary,21.0,Billing and Renewals,Finance and Revenue Operations,"IP, Subscription, and Rights Management","Publishing industries, except internet (includes software)",22,Legacy Architecture,CRM | Billing and Subscription Management | ERP | Service Management,knowledge/research/workflow-library/workflows/billing-and-renewals.md
SF-03,Decision Context Escapes the Record,Secondary,8.0,Billing and Renewals,Finance and Revenue Operations,"IP, Subscription, and Rights Management","Publishing industries, except internet (includes software)",22,Legacy Architecture,CRM | Billing and Subscription Management | ERP | Service Management,knowledge/research/workflow-library/workflows/billing-and-renewals.md
SF-02,Cross-System Reconciliation,Secondary,6.0,Billing and Renewals,Finance and Revenue Operations,"IP, Subscription, and Rights Management","Publishing industries, except internet (includes software)",22,Legacy Architecture,CRM | Billing and Subscription Management | ERP | Service Management,knowledge/research/workflow-library/workflows/billing-and-renewals.md
SF-07,Compliance and Evidence Burden,Primary,21.0,"Billing, Aid, and Regulatory Reporting",Finance and Revenue Operations,Education Delivery and Administration,Educational services,30,Regulatory,Student Information System | Learning Management System | HCM / Workforce Management | ERP,knowledge/research/workflow-library/workflows/billing-aid-and-regulatory-reporting.md
SF-03,Decision Context Escapes the Record,Secondary,13.0,"Billing, Aid, and Regulatory Reporting",Finance and Revenue Operations,Education Delivery and Administration,Educational services,30,Regulatory,Student Information System | Learning Management System | HCM / Workforce Management | ERP,knowledge/research/workflow-library/workflows/billing-aid-and-regulatory-reporting.md
SF-02,Cross-System Reconciliation,Secondary,10.0,"Billing, Aid, and Regulatory Reporting",Finance and Revenue Operations,Education Delivery and Administration,Educational services,30,Regulatory,Student Information System | Learning Management System | HCM / Workforce Management | ERP,knowledge/research/workflow-library/workflows/billing-aid-and-regulatory-reporting.md
SF-03,Decision Context Escapes the Record,Primary,13.0,"Billing, Claims, and Collections",Finance and Revenue Operations,Care Delivery and Reimbursement,Ambulatory health care services,6,Regulatory,EHR and Care Management | Practice Management | Revenue Cycle Management,knowledge/research/workflow-library/workflows/billing-claims-and-collections.md
SF-04,Human Judgment Under Incomplete Information,Secondary,9.0,"Billing, Claims, and Collections",Finance and Revenue Operations,Care Delivery and Reimbursement,Ambulatory health care services,6,Regulatory,EHR and Care Management | Practice Management | Revenue Cycle Management,knowledge/research/workflow-library/workflows/billing-claims-and-collections.md
SF-07,Compliance and Evidence Burden,Secondary,8.5,"Billing, Claims, and Collections",Finance and Revenue Operations,Care Delivery and Reimbursement,Ambulatory health care services,6,Regulatory,EHR and Care Management | Practice Management | Revenue Cycle Management,knowledge/research/workflow-library/workflows/billing-claims-and-collections.md
SF-03,Decision Context Escapes the Record,Primary,13.0,"Billing, Claims, and Collections",Finance and Revenue Operations,Care Delivery and Reimbursement,Hospitals,12,Regulatory,EHR and Care Management | Revenue Cycle Management | HCM / Workforce Management | ERP,knowledge/research/workflow-library/workflows/billing-claims-and-collections.md
SF-04,Human Judgment Under Incomplete Information,Secondary,9.0,"Billing, Claims, and Collections",Finance and Revenue Operations,Care Delivery and Reimbursement,Hospitals,12,Regulatory,EHR and Care Management | Revenue Cycle Management | HCM / Workforce Management | ERP,knowledge/research/workflow-library/workflows/billing-claims-and-collections.md
SF-07,Compliance and Evidence Burden,Secondary,8.5,"Billing, Claims, and Collections",Finance and Revenue Operations,Care Delivery and Reimbursement,Hospitals,12,Regulatory,EHR and Care Management | Revenue Cycle Management | HCM / Workforce Management | ERP,knowledge/research/workflow-library/workflows/billing-claims-and-collections.md
SF-03,Decision Context Escapes the Record,Primary,13.0,"Billing, Claims, and Collections",Finance and Revenue Operations,Care Delivery and Reimbursement,Nursing and residential care facilities,37,Regulatory,EHR and Care Management | Revenue Cycle Management | HCM / Workforce Management,knowledge/research/workflow-library/workflows/billing-claims-and-collections.md
SF-04,Human Judgment Under Incomplete Information,Secondary,9.0,"Billing, Claims, and Collections",Finance and Revenue Operations,Care Delivery and Reimbursement,Nursing and residential care facilities,37,Regulatory,EHR and Care Management | Revenue Cycle Management | HCM / Workforce Management,knowledge/research/workflow-library/workflows/billing-claims-and-collections.md
SF-07,Compliance and Evidence Burden,Secondary,8.5,"Billing, Claims, and Collections",Finance and Revenue Operations,Care Delivery and Reimbursement,Nursing and residential care facilities,37,Regulatory,EHR and Care Management | Revenue Cycle Management | HCM / Workforce Management,knowledge/research/workflow-library/workflows/billing-claims-and-collections.md
SF-02,Cross-System Reconciliation,Primary,23.5,"Billing, Collections, and Cash Application",Finance and Revenue Operations,Asset Utilization and Lease Management,Housing,1,Legacy Architecture,Property Management System | CRM | Maintenance Management,knowledge/research/workflow-library/workflows/billing-collections-and-cash-application.md
SF-01,Exception-Path Breakdown,Secondary,16.0,"Billing, Collections, and Cash Application",Finance and Revenue Operations,Asset Utilization and Lease Management,Housing,1,Legacy Architecture,Property Management System | CRM | Maintenance Management,knowledge/research/workflow-library/workflows/billing-collections-and-cash-application.md
SF-03,Decision Context Escapes the Record,Secondary,14.0,"Billing, Collections, and Cash Application",Finance and Revenue Operations,Asset Utilization and Lease Management,Housing,1,Legacy Architecture,Property Management System | CRM | Maintenance Management,knowledge/research/workflow-library/workflows/billing-collections-and-cash-application.md
SF-03,Decision Context Escapes the Record,Primary,13.0,"Billing, Grant Reporting, and Reimbursement",Finance and Revenue Operations,Case Management and Program Administration,Social assistance,38,Regulatory,Case Management System | CRM | Grant and Program Reporting | Referral Management,knowledge/research/workflow-library/workflows/billing-grant-reporting-and-reimbursement.md
SF-04,Human Judgment Under Incomplete Information,Secondary,9.0,"Billing, Grant Reporting, and Reimbursement",Finance and Revenue Operations,Case Management and Program Administration,Social assistance,38,Regulatory,Case Management System | CRM | Grant and Program Reporting | Referral Management,knowledge/research/workflow-library/workflows/billing-grant-reporting-and-reimbursement.md
SF-07,Compliance and Evidence Burden,Secondary,8.5,"Billing, Grant Reporting, and Reimbursement",Finance and Revenue Operations,Case Management and Program Administration,Social assistance,38,Regulatory,Case Management System | CRM | Grant and Program Reporting | Referral Management,knowledge/research/workflow-library/workflows/billing-grant-reporting-and-reimbursement.md
SF-01,Exception-Path Breakdown,Primary,14.0,"Blending, Logistics, and Distribution",Delivery and Service Execution,Process Manufacturing and Throughput Control,Petroleum and coal products,25,Legacy Architecture,ERP | Industrial Automation and SCADA | Maintenance Management | Supply Chain Planning,knowledge/research/workflow-library/workflows/blending-logistics-and-distribution.md
SF-03,Decision Context Escapes the Record,Secondary,11.0,"Blending, Logistics, and Distribution",Delivery and Service Execution,Process Manufacturing and Throughput Control,Petroleum and coal products,25,Legacy Architecture,ERP | Industrial Automation and SCADA | Maintenance Management | Supply Chain Planning,knowledge/research/workflow-library/workflows/blending-logistics-and-distribution.md
SF-06,Plan vs. Reality Divergence,Secondary,6.0,"Blending, Logistics, and Distribution",Delivery and Service Execution,Process Manufacturing and Throughput Control,Petroleum and coal products,25,Legacy Architecture,ERP | Industrial Automation and SCADA | Maintenance Management | Supply Chain Planning,knowledge/research/workflow-library/workflows/blending-logistics-and-distribution.md
SF-04,Human Judgment Under Incomplete Information,Primary,21.5,Capacity and Event Planning,Planning and Allocation,"Venue, Hospitality, and Attendance Operations","Amusements, gambling, and recreation industries",47,Technical,Ticketing and Venue Management | POS and Payments | CRM | Revenue Management Platform,knowledge/research/workflow-library/workflows/capacity-and-event-planning.md
SF-06,Plan vs. Reality Divergence,Secondary,13.0,Capacity and Event Planning,Planning and Allocation,"Venue, Hospitality, and Attendance Operations","Amusements, gambling, and recreation industries",47,Technical,Ticketing and Venue Management | POS and Payments | CRM | Revenue Management Platform,knowledge/research/workflow-library/workflows/capacity-and-event-planning.md
SF-08,Multi-Party Trust and Dependency Gaps,Secondary,8.0,Capacity and Event Planning,Planning and Allocation,"Venue, Hospitality, and Attendance Operations","Amusements, gambling, and recreation industries",47,Technical,Ticketing and Venue Management | POS and Payments | CRM | Revenue Management Platform,knowledge/research/workflow-library/workflows/capacity-and-event-planning.md
SF-06,Plan vs. Reality Divergence,Primary,18.0,Capacity and Load Planning,Network and Transportation Operations,Transportation Network Operations,Truck transportation,28,Technical,Transportation Management System | Fleet Telematics and Visibility | ERP,knowledge/research/workflow-library/workflows/capacity-and-load-planning.md
SF-08,Multi-Party Trust and Dependency Gaps,Secondary,13.5,Capacity and Load Planning,Network and Transportation Operations,Transportation Network Operations,Truck transportation,28,Technical,Transportation Management System | Fleet Telematics and Visibility | ERP,knowledge/research/workflow-library/workflows/capacity-and-load-planning.md
SF-03,Decision Context Escapes the Record,Secondary,6.0,Capacity and Load Planning,Network and Transportation Operations,Transportation Network Operations,Truck transportation,28,Technical,Transportation Management System | Fleet Telematics and Visibility | ERP,knowledge/research/workflow-library/workflows/capacity-and-load-planning.md
SF-05,Handoff and Approval Latency,Primary,16.0,Capital Allocation and Planning,Governance and Portfolio Operations,Enterprise Governance and Shared Services,Management of companies and enterprises,19,Organizational,EPM and Financial Consolidation | ERP | HCM / Workforce Management | Service Management,knowledge/research/workflow-library/workflows/capital-allocation-and-planning.md
SF-04,Human Judgment Under Incomplete Information,Secondary,9.0,Capital Allocation and Planning,Governance and Portfolio Operations,Enterprise Governance and Shared Services,Management of companies and enterprises,19,Organizational,EPM and Financial Consolidation | ERP | HCM / Workforce Management | Service Management,knowledge/research/workflow-library/workflows/capital-allocation-and-planning.md
SF-03,Decision Context Escapes the Record,Secondary,8.0,Capital Allocation and Planning,Governance and Portfolio Operations,Enterprise Governance and Shared Services,Management of companies and enterprises,19,Organizational,EPM and Financial Consolidation | ERP | HCM / Workforce Management | Service Management,knowledge/research/workflow-library/workflows/capital-allocation-and-planning.md
SF-05,Handoff and Approval Latency,Primary,15.0,Capital Planning and Compliance Reporting,Governance and Portfolio Operations,Asset Utilization and Lease Management,Housing,1,Legacy Architecture,Property Management System | CRM | Maintenance Management,knowledge/research/workflow-library/workflows/capital-planning-and-compliance-reporting.md
SF-03,Decision Context Escapes the Record,Secondary,9.0,Capital Planning and Compliance Reporting,Governance and Portfolio Operations,Asset Utilization and Lease Management,Housing,1,Legacy Architecture,Property Management System | CRM | Maintenance Management,knowledge/research/workflow-library/workflows/capital-planning-and-compliance-reporting.md
SF-04,Human Judgment Under Incomplete Information,Secondary,9.0,Capital Planning and Compliance Reporting,Governance and Portfolio Operations,Asset Utilization and Lease Management,Housing,1,Legacy Architecture,Property Management System | CRM | Maintenance Management,knowledge/research/workflow-library/workflows/capital-planning-and-compliance-reporting.md
SF-05,Handoff and Approval Latency,Primary,15.0,Capital Planning and Compliance Reporting,Governance and Portfolio Operations,Asset Utilization and Lease Management,Other real estate,5,Legacy Architecture,Property Management System | Real Estate Asset Management | CRM | Fund Administration and Accounting,knowledge/research/workflow-library/workflows/capital-planning-and-compliance-reporting.md
SF-03,Decision Context Escapes the Record,Secondary,9.0,Capital Planning and Compliance Reporting,Governance and Portfolio Operations,Asset Utilization and Lease Management,Other real estate,5,Legacy Architecture,Property Management System | Real Estate Asset Management | CRM | Fund Administration and Accounting,knowledge/research/workflow-library/workflows/capital-planning-and-compliance-reporting.md
SF-04,Human Judgment Under Incomplete Information,Secondary,9.0,Capital Planning and Compliance Reporting,Governance and Portfolio Operations,Asset Utilization and Lease Management,Other real estate,5,Legacy Architecture,Property Management System | Real Estate Asset Management | CRM | Fund Administration and Accounting,knowledge/research/workflow-library/workflows/capital-planning-and-compliance-reporting.md
SF-05,Handoff and Approval Latency,Primary,15.0,Capital Planning and Compliance Reporting,Governance and Portfolio Operations,Network Infrastructure Operations,Utilities,24,Legacy Architecture,Utility Operations and Billing | Maintenance Management | Industrial Automation and SCADA | ERP,knowledge/research/workflow-library/workflows/capital-planning-and-compliance-reporting.md
SF-03,Decision Context Escapes the Record,Secondary,9.0,Capital Planning and Compliance Reporting,Governance and Portfolio Operations,Network Infrastructure Operations,Utilities,24,Legacy Architecture,Utility Operations and Billing | Maintenance Management | Industrial Automation and SCADA | ERP,knowledge/research/workflow-library/workflows/capital-planning-and-compliance-reporting.md
SF-04,Human Judgment Under Incomplete Information,Secondary,9.0,Capital Planning and Compliance Reporting,Governance and Portfolio Operations,Network Infrastructure Operations,Utilities,24,Legacy Architecture,Utility Operations and Billing | Maintenance Management | Industrial Automation and SCADA | ERP,knowledge/research/workflow-library/workflows/capital-planning-and-compliance-reporting.md
SF-03,Decision Context Escapes the Record,Primary,13.0,Care Coordination and Order Management,Clinical and Case Operations,Care Delivery and Reimbursement,Hospitals,12,Regulatory,EHR and Care Management | Revenue Cycle Management | HCM / Workforce Management | ERP,knowledge/research/workflow-library/workflows/care-coordination-and-order-management.md
SF-04,Human Judgment Under Incomplete Information,Secondary,7.0,Care Coordination and Order Management,Clinical and Case Operations,Care Delivery and Reimbursement,Hospitals,12,Regulatory,EHR and Care Management | Revenue Cycle Management | HCM / Workforce Management | ERP,knowledge/research/workflow-library/workflows/care-coordination-and-order-management.md
SF-07,Compliance and Evidence Burden,Secondary,6.5,Care Coordination and Order Management,Clinical and Case Operations,Care Delivery and Reimbursement,Hospitals,12,Regulatory,EHR and Care Management | Revenue Cycle Management | HCM / Workforce Management | ERP,knowledge/research/workflow-library/workflows/care-coordination-and-order-management.md
SF-06,Plan vs. Reality Divergence,Primary,18.0,Carrier Coordination and Brokerage,Network and Transportation Operations,Transportation Network Operations,Other transportation and support activities,39,Technical,Transportation Management System | Fleet Telematics and Visibility | ERP,knowledge/research/workflow-library/workflows/carrier-coordination-and-brokerage.md
SF-08,Multi-Party Trust and Dependency Gaps,Secondary,13.5,Carrier Coordination and Brokerage,Network and Transportation Operations,Transportation Network Operations,Other transportation and support activities,39,Technical,Transportation Management System | Fleet Telematics and Visibility | ERP,knowledge/research/workflow-library/workflows/carrier-coordination-and-brokerage.md
SF-03,Decision Context Escapes the Record,Secondary,6.0,Carrier Coordination and Brokerage,Network and Transportation Operations,Transportation Network Operations,Other transportation and support activities,39,Technical,Transportation Management System | Fleet Telematics and Visibility | ERP,knowledge/research/workflow-library/workflows/carrier-coordination-and-brokerage.md
SF-03,Decision Context Escapes the Record,Primary,13.0,Case Planning,Clinical and Case Operations,Case Management and Program Administration,Social assistance,38,Regulatory,Case Management System | CRM | Grant and Program Reporting | Referral Management,knowledge/research/workflow-library/workflows/case-planning.md
SF-04,Human Judgment Under Incomplete Information,Secondary,7.0,Case Planning,Clinical and Case Operations,Case Management and Program Administration,Social assistance,38,Regulatory,Case Management System | CRM | Grant and Program Reporting | Referral Management,knowledge/research/workflow-library/workflows/case-planning.md
SF-07,Compliance and Evidence Burden,Secondary,6.5,Case Planning,Clinical and Case Operations,Case Management and Program Administration,Social assistance,38,Regulatory,Case Management System | CRM | Grant and Program Reporting | Referral Management,knowledge/research/workflow-library/workflows/case-planning.md
SF-02,Cross-System Reconciliation,Primary,23.5,Cash and Inventory Reconciliation,Finance and Revenue Operations,Retail and Service Commerce,Food services and drinking places,10,Legacy Architecture,POS and Payments | Restaurant Back Office and Inventory | HCM / Workforce Management,knowledge/research/workflow-library/workflows/cash-and-inventory-reconciliation.md
SF-01,Exception-Path Breakdown,Secondary,16.0,Cash and Inventory Reconciliation,Finance and Revenue Operations,Retail and Service Commerce,Food services and drinking places,10,Legacy Architecture,POS and Payments | Restaurant Back Office and Inventory | HCM / Workforce Management,knowledge/research/workflow-library/workflows/cash-and-inventory-reconciliation.md
SF-03,Decision Context Escapes the Record,Secondary,14.0,Cash and Inventory Reconciliation,Finance and Revenue Operations,Retail and Service Commerce,Food services and drinking places,10,Legacy Architecture,POS and Payments | Restaurant Back Office and Inventory | HCM / Workforce Management,knowledge/research/workflow-library/workflows/cash-and-inventory-reconciliation.md
SF-04,Human Judgment Under Incomplete Information,Primary,16.0,Channel and Service Support,Customer and Experience Operations,Product Manufacturing and Lifecycle Operations,"Electrical equipment, appliances, and components",50,Legacy Architecture,ERP | PLM and Engineering Design | Manufacturing Execution System | Shop Floor Control and Quality,knowledge/research/workflow-library/workflows/channel-and-service-support.md
SF-01,Exception-Path Breakdown,Secondary,14.0,Channel and Service Support,Customer and Experience Operations,Product Manufacturing and Lifecycle Operations,"Electrical equipment, appliances, and components",50,Legacy Architecture,ERP | PLM and Engineering Design | Manufacturing Execution System | Shop Floor Control and Quality,knowledge/research/workflow-library/workflows/channel-and-service-support.md
SF-03,Decision Context Escapes the Record,Secondary,9.0,Channel and Service Support,Customer and Experience Operations,Product Manufacturing and Lifecycle Operations,"Electrical equipment, appliances, and components",50,Legacy Architecture,ERP | PLM and Engineering Design | Manufacturing Execution System | Shop Floor Control and Quality,knowledge/research/workflow-library/workflows/channel-and-service-support.md
SF-03,Decision Context Escapes the Record,Primary,13.0,Claims Administration,Finance and Revenue Operations,Risk Underwriting and Claims Administration,Insurance carriers and related activities,8,Regulatory,Policy Administration | Claims Management | Underwriting and Rating | CRM,knowledge/research/workflow-library/workflows/claims-administration.md
SF-04,Human Judgment Under Incomplete Information,Secondary,9.0,Claims Administration,Finance and Revenue Operations,Risk Underwriting and Claims Administration,Insurance carriers and related activities,8,Regulatory,Policy Administration | Claims Management | Underwriting and Rating | CRM,knowledge/research/workflow-library/workflows/claims-administration.md
SF-07,Compliance and Evidence Burden,Secondary,8.5,Claims Administration,Finance and Revenue Operations,Risk Underwriting and Claims Administration,Insurance carriers and related activities,8,Regulatory,Policy Administration | Claims Management | Underwriting and Rating | CRM,knowledge/research/workflow-library/workflows/claims-administration.md
SF-01,Exception-Path Breakdown,Primary,12.0,Client Intake and Scope Definition,"Access, Intake, and Contracting",Workforce Coordination and Service Operations,Administrative and support services,11,Organizational,HCM / Workforce Management | CRM | Service Management | ERP,knowledge/research/workflow-library/workflows/client-intake-and-scope-definition.md
SF-03,Decision Context Escapes the Record,Secondary,12.0,Client Intake and Scope Definition,"Access, Intake, and Contracting",Workforce Coordination and Service Operations,Administrative and support services,11,Organizational,HCM / Workforce Management | CRM | Service Management | ERP,knowledge/research/workflow-library/workflows/client-intake-and-scope-definition.md
SF-05,Handoff and Approval Latency,Secondary,10.0,Client Intake and Scope Definition,"Access, Intake, and Contracting",Workforce Coordination and Service Operations,Administrative and support services,11,Organizational,HCM / Workforce Management | CRM | Service Management | ERP,knowledge/research/workflow-library/workflows/client-intake-and-scope-definition.md
SF-05,Handoff and Approval Latency,Primary,22.0,Client Onboarding and KYC,"Access, Intake, and Contracting",Capital Markets and Investment Management,"Securities, commodity contracts, and investments",15,Regulatory,Portfolio and Order Management | Trading and Market Data | CRM | Investor Reporting and Performance,knowledge/research/workflow-library/workflows/client-onboarding-and-kyc.md
SF-04,Human Judgment Under Incomplete Information,Secondary,19.5,Client Onboarding and KYC,"Access, Intake, and Contracting",Capital Markets and Investment Management,"Securities, commodity contracts, and investments",15,Regulatory,Portfolio and Order Management | Trading and Market Data | CRM | Investor Reporting and Performance,knowledge/research/workflow-library/workflows/client-onboarding-and-kyc.md
SF-03,Decision Context Escapes the Record,Secondary,17.5,Client Onboarding and KYC,"Access, Intake, and Contracting",Capital Markets and Investment Management,"Securities, commodity contracts, and investments",15,Regulatory,Portfolio and Order Management | Trading and Market Data | CRM | Investor Reporting and Performance,knowledge/research/workflow-library/workflows/client-onboarding-and-kyc.md
SF-03,Decision Context Escapes the Record,Primary,13.0,Clinical Documentation,Clinical and Case Operations,Care Delivery and Reimbursement,Ambulatory health care services,6,Regulatory,EHR and Care Management | Practice Management | Revenue Cycle Management,knowledge/research/workflow-library/workflows/clinical-documentation.md
SF-04,Human Judgment Under Incomplete Information,Secondary,7.0,Clinical Documentation,Clinical and Case Operations,Care Delivery and Reimbursement,Ambulatory health care services,6,Regulatory,EHR and Care Management | Practice Management | Revenue Cycle Management,knowledge/research/workflow-library/workflows/clinical-documentation.md
SF-07,Compliance and Evidence Burden,Secondary,6.5,Clinical Documentation,Clinical and Case Operations,Care Delivery and Reimbursement,Ambulatory health care services,6,Regulatory,EHR and Care Management | Practice Management | Revenue Cycle Management,knowledge/research/workflow-library/workflows/clinical-documentation.md
SF-03,Decision Context Escapes the Record,Primary,13.0,Clinical Documentation,Clinical and Case Operations,Care Delivery and Reimbursement,Hospitals,12,Regulatory,EHR and Care Management | Revenue Cycle Management | HCM / Workforce Management | ERP,knowledge/research/workflow-library/workflows/clinical-documentation.md
SF-04,Human Judgment Under Incomplete Information,Secondary,7.0,Clinical Documentation,Clinical and Case Operations,Care Delivery and Reimbursement,Hospitals,12,Regulatory,EHR and Care Management | Revenue Cycle Management | HCM / Workforce Management | ERP,knowledge/research/workflow-library/workflows/clinical-documentation.md
SF-07,Compliance and Evidence Burden,Secondary,6.5,Clinical Documentation,Clinical and Case Operations,Care Delivery and Reimbursement,Hospitals,12,Regulatory,EHR and Care Management | Revenue Cycle Management | HCM / Workforce Management | ERP,knowledge/research/workflow-library/workflows/clinical-documentation.md
SF-03,Decision Context Escapes the Record,Primary,13.0,Clinical Documentation,Clinical and Case Operations,Care Delivery and Reimbursement,Nursing and residential care facilities,37,Regulatory,EHR and Care Management | Revenue Cycle Management | HCM / Workforce Management,knowledge/research/workflow-library/workflows/clinical-documentation.md
SF-04,Human Judgment Under Incomplete Information,Secondary,7.0,Clinical Documentation,Clinical and Case Operations,Care Delivery and Reimbursement,Nursing and residential care facilities,37,Regulatory,EHR and Care Management | Revenue Cycle Management | HCM / Workforce Management,knowledge/research/workflow-library/workflows/clinical-documentation.md
SF-07,Compliance and Evidence Burden,Secondary,6.5,Clinical Documentation,Clinical and Case Operations,Care Delivery and Reimbursement,Nursing and residential care facilities,37,Regulatory,EHR and Care Management | Revenue Cycle Management | HCM / Workforce Management,knowledge/research/workflow-library/workflows/clinical-documentation.md
SF-01,Exception-Path Breakdown,Primary,20.5,Coding and Charge Capture,Finance and Revenue Operations,Care Delivery and Reimbursement,Ambulatory health care services,6,Regulatory,EHR and Care Management | Practice Management | Revenue Cycle Management,knowledge/research/workflow-library/workflows/coding-and-charge-capture.md
SF-03,Decision Context Escapes the Record,Secondary,13.0,Coding and Charge Capture,Finance and Revenue Operations,Care Delivery and Reimbursement,Ambulatory health care services,6,Regulatory,EHR and Care Management | Practice Management | Revenue Cycle Management,knowledge/research/workflow-library/workflows/coding-and-charge-capture.md
SF-02,Cross-System Reconciliation,Secondary,9.0,Coding and Charge Capture,Finance and Revenue Operations,Care Delivery and Reimbursement,Ambulatory health care services,6,Regulatory,EHR and Care Management | Practice Management | Revenue Cycle Management,knowledge/research/workflow-library/workflows/coding-and-charge-capture.md
SF-03,Decision Context Escapes the Record,Primary,18.0,Collections and Loss Mitigation,Finance and Revenue Operations,"Deposit, Credit, and Payment Intermediation","Federal Reserve banks, credit intermediation, and related activities",9,Regulatory,Core Banking | Loan Origination and Servicing | Payments | Risk and Compliance | CRM,knowledge/research/workflow-library/workflows/collections-and-loss-mitigation.md
SF-04,Human Judgment Under Incomplete Information,Secondary,9.5,Collections and Loss Mitigation,Finance and Revenue Operations,"Deposit, Credit, and Payment Intermediation","Federal Reserve banks, credit intermediation, and related activities",9,Regulatory,Core Banking | Loan Origination and Servicing | Payments | Risk and Compliance | CRM,knowledge/research/workflow-library/workflows/collections-and-loss-mitigation.md
SF-05,Handoff and Approval Latency,Secondary,9.0,Collections and Loss Mitigation,Finance and Revenue Operations,"Deposit, Credit, and Payment Intermediation","Federal Reserve banks, credit intermediation, and related activities",9,Regulatory,Core Banking | Loan Origination and Servicing | Payments | Risk and Compliance | CRM,knowledge/research/workflow-library/workflows/collections-and-loss-mitigation.md
SF-07,Compliance and Evidence Burden,Primary,23.5,Compliance and Certification Management,"Risk, Compliance, and Reporting",Product Manufacturing and Lifecycle Operations,"Electrical equipment, appliances, and components",50,Regulatory,ERP | PLM and Engineering Design | Manufacturing Execution System | Shop Floor Control and Quality,knowledge/research/workflow-library/workflows/compliance-and-certification-management.md
SF-04,Human Judgment Under Incomplete Information,Secondary,14.0,Compliance and Certification Management,"Risk, Compliance, and Reporting",Product Manufacturing and Lifecycle Operations,"Electrical equipment, appliances, and components",50,Regulatory,ERP | PLM and Engineering Design | Manufacturing Execution System | Shop Floor Control and Quality,knowledge/research/workflow-library/workflows/compliance-and-certification-management.md
SF-03,Decision Context Escapes the Record,Secondary,10.5,Compliance and Certification Management,"Risk, Compliance, and Reporting",Product Manufacturing and Lifecycle Operations,"Electrical equipment, appliances, and components",50,Regulatory,ERP | PLM and Engineering Design | Manufacturing Execution System | Shop Floor Control and Quality,knowledge/research/workflow-library/workflows/compliance-and-certification-management.md
SF-07,Compliance and Evidence Burden,Primary,26.0,Compliance and Service-Provider Oversight,"Risk, Compliance, and Reporting",Capital Markets and Investment Management,"Funds, trusts, and other financial vehicles",46,Regulatory,Fund Administration and Accounting | Portfolio and Order Management | Reconciliation and Reporting | Investor Reporting and Performance,knowledge/research/workflow-library/workflows/compliance-and-service-provider-oversight.md
SF-03,Decision Context Escapes the Record,Secondary,12.0,Compliance and Service-Provider Oversight,"Risk, Compliance, and Reporting",Capital Markets and Investment Management,"Funds, trusts, and other financial vehicles",46,Regulatory,Fund Administration and Accounting | Portfolio and Order Management | Reconciliation and Reporting | Investor Reporting and Performance,knowledge/research/workflow-library/workflows/compliance-and-service-provider-oversight.md
SF-01,Exception-Path Breakdown,Secondary,7.0,Compliance and Service-Provider Oversight,"Risk, Compliance, and Reporting",Capital Markets and Investment Management,"Funds, trusts, and other financial vehicles",46,Regulatory,Fund Administration and Accounting | Portfolio and Order Management | Reconciliation and Reporting | Investor Reporting and Performance,knowledge/research/workflow-library/workflows/compliance-and-service-provider-oversight.md
SF-03,Decision Context Escapes the Record,Primary,11.0,Content and Service Operations,Delivery and Service Execution,Network Infrastructure Operations,Broadcasting and telecommunications,18,Legacy Architecture,Network OSS/BSS | Billing and Subscription Management | CRM,knowledge/research/workflow-library/workflows/content-and-service-operations.md
SF-06,Plan vs. Reality Divergence,Secondary,10.0,Content and Service Operations,Delivery and Service Execution,Network Infrastructure Operations,Broadcasting and telecommunications,18,Legacy Architecture,Network OSS/BSS | Billing and Subscription Management | CRM,knowledge/research/workflow-library/workflows/content-and-service-operations.md
SF-05,Handoff and Approval Latency,Secondary,7.0,Content and Service Operations,Delivery and Service Execution,Network Infrastructure Operations,Broadcasting and telecommunications,18,Legacy Architecture,Network OSS/BSS | Billing and Subscription Management | CRM,knowledge/research/workflow-library/workflows/content-and-service-operations.md
SF-01,Exception-Path Breakdown,Primary,20.5,Contract and Margin Management,Finance and Revenue Operations,Process Manufacturing and Throughput Control,Chemical products,16,Legacy Architecture,ERP | Industrial Automation and SCADA | Manufacturing Execution System | Maintenance Management,knowledge/research/workflow-library/workflows/contract-and-margin-management.md
SF-03,Decision Context Escapes the Record,Secondary,14.0,Contract and Margin Management,Finance and Revenue Operations,Process Manufacturing and Throughput Control,Chemical products,16,Legacy Architecture,ERP | Industrial Automation and SCADA | Manufacturing Execution System | Maintenance Management,knowledge/research/workflow-library/workflows/contract-and-margin-management.md
SF-02,Cross-System Reconciliation,Secondary,10.0,Contract and Margin Management,Finance and Revenue Operations,Process Manufacturing and Throughput Control,Chemical products,16,Legacy Architecture,ERP | Industrial Automation and SCADA | Manufacturing Execution System | Maintenance Management,knowledge/research/workflow-library/workflows/contract-and-margin-management.md
SF-03,Decision Context Escapes the Record,Primary,18.0,Credit Underwriting and Servicing,Finance and Revenue Operations,"Deposit, Credit, and Payment Intermediation","Federal Reserve banks, credit intermediation, and related activities",9,Regulatory,Core Banking | Loan Origination and Servicing | Payments | Risk and Compliance | CRM,knowledge/research/workflow-library/workflows/credit-underwriting-and-servicing.md
SF-04,Human Judgment Under Incomplete Information,Secondary,9.5,Credit Underwriting and Servicing,Finance and Revenue Operations,"Deposit, Credit, and Payment Intermediation","Federal Reserve banks, credit intermediation, and related activities",9,Regulatory,Core Banking | Loan Origination and Servicing | Payments | Risk and Compliance | CRM,knowledge/research/workflow-library/workflows/credit-underwriting-and-servicing.md
SF-05,Handoff and Approval Latency,Secondary,9.0,Credit Underwriting and Servicing,Finance and Revenue Operations,"Deposit, Credit, and Payment Intermediation","Federal Reserve banks, credit intermediation, and related activities",9,Regulatory,Core Banking | Loan Origination and Servicing | Payments | Risk and Compliance | CRM,knowledge/research/workflow-library/workflows/credit-underwriting-and-servicing.md
SF-06,Plan vs. Reality Divergence,Primary,18.0,Crew and Fleet Assignment,Network and Transportation Operations,Transportation Network Operations,Air transportation,42,Technical,Airline Operations and Reservations | Revenue Management Platform | ERP,knowledge/research/workflow-library/workflows/crew-and-fleet-assignment.md
SF-08,Multi-Party Trust and Dependency Gaps,Secondary,13.5,Crew and Fleet Assignment,Network and Transportation Operations,Transportation Network Operations,Air transportation,42,Technical,Airline Operations and Reservations | Revenue Management Platform | ERP,knowledge/research/workflow-library/workflows/crew-and-fleet-assignment.md
SF-03,Decision Context Escapes the Record,Secondary,6.0,Crew and Fleet Assignment,Network and Transportation Operations,Transportation Network Operations,Air transportation,42,Technical,Airline Operations and Reservations | Revenue Management Platform | ERP,knowledge/research/workflow-library/workflows/crew-and-fleet-assignment.md
SF-05,Handoff and Approval Latency,Primary,22.0,Customer Acquisition and Onboarding,"Access, Intake, and Contracting",Digital Platform and Subscription Operations,"Data processing, internet publishing, and other information services",17,Regulatory,Cloud Infrastructure and IT Operations | CRM | Service Management | Billing and Subscription Management,knowledge/research/workflow-library/workflows/customer-acquisition-and-onboarding.md
SF-04,Human Judgment Under Incomplete Information,Secondary,19.5,Customer Acquisition and Onboarding,"Access, Intake, and Contracting",Digital Platform and Subscription Operations,"Data processing, internet publishing, and other information services",17,Regulatory,Cloud Infrastructure and IT Operations | CRM | Service Management | Billing and Subscription Management,knowledge/research/workflow-library/workflows/customer-acquisition-and-onboarding.md
SF-03,Decision Context Escapes the Record,Secondary,17.5,Customer Acquisition and Onboarding,"Access, Intake, and Contracting",Digital Platform and Subscription Operations,"Data processing, internet publishing, and other information services",17,Regulatory,Cloud Infrastructure and IT Operations | CRM | Service Management | Billing and Subscription Management,knowledge/research/workflow-library/workflows/customer-acquisition-and-onboarding.md
SF-03,Decision Context Escapes the Record,Primary,16.0,Customer Retention and Remarketing,Customer and Experience Operations,Retail and Service Commerce,Motor vehicle and parts dealers,27,Behavioral,Dealership Management System | CRM | Loan Origination and Servicing | Maintenance Management,knowledge/research/workflow-library/workflows/customer-retention-and-remarketing.md
SF-04,Human Judgment Under Incomplete Information,Secondary,12.5,Customer Retention and Remarketing,Customer and Experience Operations,Retail and Service Commerce,Motor vehicle and parts dealers,27,Behavioral,Dealership Management System | CRM | Loan Origination and Servicing | Maintenance Management,knowledge/research/workflow-library/workflows/customer-retention-and-remarketing.md
SF-03,Decision Context Escapes the Record,Primary,16.0,Customer Retention and Repeat Service,Customer and Experience Operations,Workforce Coordination and Service Operations,"Other services, except government",14,Behavioral,CRM | POS and Payments | HCM / Workforce Management | Service Management,knowledge/research/workflow-library/workflows/customer-retention-and-repeat-service.md
SF-04,Human Judgment Under Incomplete Information,Secondary,12.5,Customer Retention and Repeat Service,Customer and Experience Operations,Workforce Coordination and Service Operations,"Other services, except government",14,Behavioral,CRM | POS and Payments | HCM / Workforce Management | Service Management,knowledge/research/workflow-library/workflows/customer-retention-and-repeat-service.md
SF-04,Human Judgment Under Incomplete Information,Primary,16.0,Customer Service and Field Response,Customer and Experience Operations,Network Infrastructure Operations,Utilities,24,Legacy Architecture,Utility Operations and Billing | Maintenance Management | Industrial Automation and SCADA | ERP,knowledge/research/workflow-library/workflows/customer-service-and-field-response.md
SF-01,Exception-Path Breakdown,Secondary,14.0,Customer Service and Field Response,Customer and Experience Operations,Network Infrastructure Operations,Utilities,24,Legacy Architecture,Utility Operations and Billing | Maintenance Management | Industrial Automation and SCADA | ERP,knowledge/research/workflow-library/workflows/customer-service-and-field-response.md
SF-03,Decision Context Escapes the Record,Secondary,9.0,Customer Service and Field Response,Customer and Experience Operations,Network Infrastructure Operations,Utilities,24,Legacy Architecture,Utility Operations and Billing | Maintenance Management | Industrial Automation and SCADA | ERP,knowledge/research/workflow-library/workflows/customer-service-and-field-response.md
SF-04,Human Judgment Under Incomplete Information,Primary,16.0,Customer Support and Success,Customer and Experience Operations,"IP, Subscription, and Rights Management","Publishing industries, except internet (includes software)",22,Organizational,CRM | Billing and Subscription Management | ERP | Service Management,knowledge/research/workflow-library/workflows/customer-support-and-success.md
SF-01,Exception-Path Breakdown,Secondary,14.0,Customer Support and Success,Customer and Experience Operations,"IP, Subscription, and Rights Management","Publishing industries, except internet (includes software)",22,Organizational,CRM | Billing and Subscription Management | ERP | Service Management,knowledge/research/workflow-library/workflows/customer-support-and-success.md
SF-05,Handoff and Approval Latency,Secondary,10.0,Customer Support and Success,Customer and Experience Operations,"IP, Subscription, and Rights Management","Publishing industries, except internet (includes software)",22,Organizational,CRM | Billing and Subscription Management | ERP | Service Management,knowledge/research/workflow-library/workflows/customer-support-and-success.md
SF-03,Decision Context Escapes the Record,Primary,14.0,Delivery and Contract Milestone Management,Delivery and Service Execution,Product Manufacturing and Lifecycle Operations,Other transportation equipment,34,Legacy Architecture,ERP | PLM and Engineering Design | Project and Construction Management,knowledge/research/workflow-library/workflows/delivery-and-contract-milestone-management.md
SF-04,Human Judgment Under Incomplete Information,Secondary,7.0,Delivery and Contract Milestone Management,Delivery and Service Execution,Product Manufacturing and Lifecycle Operations,Other transportation equipment,34,Legacy Architecture,ERP | PLM and Engineering Design | Project and Construction Management,knowledge/research/workflow-library/workflows/delivery-and-contract-milestone-management.md
SF-04,Human Judgment Under Incomplete Information,Primary,21.5,Demand Planning,Planning and Allocation,Distribution and Trade Operations,Wholesale trade,2,Technical,ERP | Supply Chain Planning | Warehouse Management System | Order Management System,knowledge/research/workflow-library/workflows/demand-planning.md
SF-06,Plan vs. Reality Divergence,Secondary,13.0,Demand Planning,Planning and Allocation,Distribution and Trade Operations,Wholesale trade,2,Technical,ERP | Supply Chain Planning | Warehouse Management System | Order Management System,knowledge/research/workflow-library/workflows/demand-planning.md
SF-08,Multi-Party Trust and Dependency Gaps,Secondary,8.0,Demand Planning,Planning and Allocation,Distribution and Trade Operations,Wholesale trade,2,Technical,ERP | Supply Chain Planning | Warehouse Management System | Order Management System,knowledge/research/workflow-library/workflows/demand-planning.md
SF-04,Human Judgment Under Incomplete Information,Primary,21.5,Demand Planning,Planning and Allocation,Process Manufacturing and Throughput Control,Food and beverage and tobacco products,13,Technical,ERP | Supply Chain Planning | Manufacturing Execution System | Industrial Automation and SCADA,knowledge/research/workflow-library/workflows/demand-planning.md
SF-06,Plan vs. Reality Divergence,Secondary,13.0,Demand Planning,Planning and Allocation,Process Manufacturing and Throughput Control,Food and beverage and tobacco products,13,Technical,ERP | Supply Chain Planning | Manufacturing Execution System | Industrial Automation and SCADA,knowledge/research/workflow-library/workflows/demand-planning.md
SF-08,Multi-Party Trust and Dependency Gaps,Secondary,8.0,Demand Planning,Planning and Allocation,Process Manufacturing and Throughput Control,Food and beverage and tobacco products,13,Technical,ERP | Supply Chain Planning | Manufacturing Execution System | Industrial Automation and SCADA,knowledge/research/workflow-library/workflows/demand-planning.md
SF-04,Human Judgment Under Incomplete Information,Primary,21.5,Demand and Allocation Planning,Planning and Allocation,Product Manufacturing and Lifecycle Operations,Computer and electronic products,35,Technical,ERP | PLM and Engineering Design | Manufacturing Execution System | Supply Chain Planning,knowledge/research/workflow-library/workflows/demand-and-allocation-planning.md
SF-06,Plan vs. Reality Divergence,Secondary,13.0,Demand and Allocation Planning,Planning and Allocation,Product Manufacturing and Lifecycle Operations,Computer and electronic products,35,Technical,ERP | PLM and Engineering Design | Manufacturing Execution System | Supply Chain Planning,knowledge/research/workflow-library/workflows/demand-and-allocation-planning.md
SF-08,Multi-Party Trust and Dependency Gaps,Secondary,8.0,Demand and Allocation Planning,Planning and Allocation,Product Manufacturing and Lifecycle Operations,Computer and electronic products,35,Technical,ERP | PLM and Engineering Design | Manufacturing Execution System | Supply Chain Planning,knowledge/research/workflow-library/workflows/demand-and-allocation-planning.md
SF-03,Decision Context Escapes the Record,Primary,18.0,Deposit and Payment Operations,Finance and Revenue Operations,"Deposit, Credit, and Payment Intermediation","Federal Reserve banks, credit intermediation, and related activities",9,Regulatory,Core Banking | Loan Origination and Servicing | Payments | Risk and Compliance | CRM,knowledge/research/workflow-library/workflows/deposit-and-payment-operations.md
SF-04,Human Judgment Under Incomplete Information,Secondary,9.5,Deposit and Payment Operations,Finance and Revenue Operations,"Deposit, Credit, and Payment Intermediation","Federal Reserve banks, credit intermediation, and related activities",9,Regulatory,Core Banking | Loan Origination and Servicing | Payments | Risk and Compliance | CRM,knowledge/research/workflow-library/workflows/deposit-and-payment-operations.md
SF-05,Handoff and Approval Latency,Secondary,9.0,Deposit and Payment Operations,Finance and Revenue Operations,"Deposit, Credit, and Payment Intermediation","Federal Reserve banks, credit intermediation, and related activities",9,Regulatory,Core Banking | Loan Origination and Servicing | Payments | Risk and Compliance | CRM,knowledge/research/workflow-library/workflows/deposit-and-payment-operations.md
SF-03,Decision Context Escapes the Record,Primary,10.0,Development and Greenlight Management,"Product, Content, and Engineering","IP, Subscription, and Rights Management",Motion picture and sound recording industries,49,Legacy Architecture,Rights and Royalty Management | Production Management | CRM | ERP,knowledge/research/workflow-library/workflows/development-and-greenlight-management.md
SF-02,Cross-System Reconciliation,Secondary,9.0,Development and Greenlight Management,"Product, Content, and Engineering","IP, Subscription, and Rights Management",Motion picture and sound recording industries,49,Legacy Architecture,Rights and Royalty Management | Production Management | CRM | ERP,knowledge/research/workflow-library/workflows/development-and-greenlight-management.md
SF-04,Human Judgment Under Incomplete Information,Secondary,6.0,Development and Greenlight Management,"Product, Content, and Engineering","IP, Subscription, and Rights Management",Motion picture and sound recording industries,49,Legacy Architecture,Rights and Royalty Management | Production Management | CRM | ERP,knowledge/research/workflow-library/workflows/development-and-greenlight-management.md
SF-03,Decision Context Escapes the Record,Primary,8.0,Dispatch and Checkout,Delivery and Service Execution,Asset Utilization and Lease Management,Rental and leasing services and lessors of intangible assets,23,Legacy Architecture,Rental Operations Management | Maintenance Management | ERP,knowledge/research/workflow-library/workflows/dispatch-and-checkout.md
SF-05,Handoff and Approval Latency,Secondary,8.0,Dispatch and Checkout,Delivery and Service Execution,Asset Utilization and Lease Management,Rental and leasing services and lessors of intangible assets,23,Legacy Architecture,Rental Operations Management | Maintenance Management | ERP,knowledge/research/workflow-library/workflows/dispatch-and-checkout.md
SF-06,Plan vs. Reality Divergence,Secondary,7.0,Dispatch and Checkout,Delivery and Service Execution,Asset Utilization and Lease Management,Rental and leasing services and lessors of intangible assets,23,Legacy Architecture,Rental Operations Management | Maintenance Management | ERP,knowledge/research/workflow-library/workflows/dispatch-and-checkout.md
SF-06,Plan vs. Reality Divergence,Primary,18.0,Dispatch and Routing,Network and Transportation Operations,Transportation Network Operations,Truck transportation,28,Technical,Transportation Management System | Fleet Telematics and Visibility | ERP,knowledge/research/workflow-library/workflows/dispatch-and-routing.md
SF-08,Multi-Party Trust and Dependency Gaps,Secondary,13.5,Dispatch and Routing,Network and Transportation Operations,Transportation Network Operations,Truck transportation,28,Technical,Transportation Management System | Fleet Telematics and Visibility | ERP,knowledge/research/workflow-library/workflows/dispatch-and-routing.md
SF-03,Decision Context Escapes the Record,Secondary,6.0,Dispatch and Routing,Network and Transportation Operations,Transportation Network Operations,Truck transportation,28,Technical,Transportation Management System | Fleet Telematics and Visibility | ERP,knowledge/research/workflow-library/workflows/dispatch-and-routing.md
SF-05,Handoff and Approval Latency,Primary,13.0,Distribution and Quote-to-Bind,"Access, Intake, and Contracting",Risk Underwriting and Claims Administration,Insurance carriers and related activities,8,Technical,Policy Administration | Claims Management | Underwriting and Rating | CRM,knowledge/research/workflow-library/workflows/distribution-and-quote-to-bind.md
SF-04,Human Judgment Under Incomplete Information,Secondary,11.0,Distribution and Quote-to-Bind,"Access, Intake, and Contracting",Risk Underwriting and Claims Administration,Insurance carriers and related activities,8,Technical,Policy Administration | Claims Management | Underwriting and Rating | CRM,knowledge/research/workflow-library/workflows/distribution-and-quote-to-bind.md
SF-03,Decision Context Escapes the Record,Secondary,6.0,Distribution and Quote-to-Bind,"Access, Intake, and Contracting",Risk Underwriting and Claims Administration,Insurance carriers and related activities,8,Technical,Policy Administration | Claims Management | Underwriting and Rating | CRM,knowledge/research/workflow-library/workflows/distribution-and-quote-to-bind.md
SF-03,Decision Context Escapes the Record,Primary,10.0,Distribution and Release Management,"Product, Content, and Engineering","IP, Subscription, and Rights Management",Motion picture and sound recording industries,49,Legacy Architecture,Rights and Royalty Management | Production Management | CRM | ERP,knowledge/research/workflow-library/workflows/distribution-and-release-management.md
SF-02,Cross-System Reconciliation,Secondary,9.0,Distribution and Release Management,"Product, Content, and Engineering","IP, Subscription, and Rights Management",Motion picture and sound recording industries,49,Legacy Architecture,Rights and Royalty Management | Production Management | CRM | ERP,knowledge/research/workflow-library/workflows/distribution-and-release-management.md
SF-04,Human Judgment Under Incomplete Information,Secondary,6.0,Distribution and Release Management,"Product, Content, and Engineering","IP, Subscription, and Rights Management",Motion picture and sound recording industries,49,Legacy Architecture,Rights and Royalty Management | Production Management | CRM | ERP,knowledge/research/workflow-library/workflows/distribution-and-release-management.md
SF-03,Decision Context Escapes the Record,Primary,10.0,Distribution and Release Management,"Product, Content, and Engineering","IP, Subscription, and Rights Management","Publishing industries, except internet (includes software)",22,Legacy Architecture,CRM | Billing and Subscription Management | ERP | Service Management,knowledge/research/workflow-library/workflows/distribution-and-release-management.md
SF-02,Cross-System Reconciliation,Secondary,9.0,Distribution and Release Management,"Product, Content, and Engineering","IP, Subscription, and Rights Management","Publishing industries, except internet (includes software)",22,Legacy Architecture,CRM | Billing and Subscription Management | ERP | Service Management,knowledge/research/workflow-library/workflows/distribution-and-release-management.md
SF-04,Human Judgment Under Incomplete Information,Secondary,6.0,Distribution and Release Management,"Product, Content, and Engineering","IP, Subscription, and Rights Management","Publishing industries, except internet (includes software)",22,Legacy Architecture,CRM | Billing and Subscription Management | ERP | Service Management,knowledge/research/workflow-library/workflows/distribution-and-release-management.md
SF-04,Human Judgment Under Incomplete Information,Primary,11.0,Distribution and Trade Promotion,Customer and Experience Operations,Process Manufacturing and Throughput Control,Food and beverage and tobacco products,13,Technical,ERP | Supply Chain Planning | Manufacturing Execution System | Industrial Automation and SCADA,knowledge/research/workflow-library/workflows/distribution-and-trade-promotion.md
SF-07,Compliance and Evidence Burden,Primary,23.5,Docketing and Compliance Tracking,"Risk, Compliance, and Reporting",Professional Services and Matter Management,Legal services,29,Regulatory,Document Management | Practice Management and Billing | CRM,knowledge/research/workflow-library/workflows/docketing-and-compliance-tracking.md
SF-04,Human Judgment Under Incomplete Information,Secondary,14.0,Docketing and Compliance Tracking,"Risk, Compliance, and Reporting",Professional Services and Matter Management,Legal services,29,Regulatory,Document Management | Practice Management and Billing | CRM,knowledge/research/workflow-library/workflows/docketing-and-compliance-tracking.md
SF-03,Decision Context Escapes the Record,Secondary,10.5,Docketing and Compliance Tracking,"Risk, Compliance, and Reporting",Professional Services and Matter Management,Legal services,29,Regulatory,Document Management | Practice Management and Billing | CRM,knowledge/research/workflow-library/workflows/docketing-and-compliance-tracking.md
SF-03,Decision Context Escapes the Record,Primary,11.5,Document and Knowledge Management,"Product, Content, and Engineering",Professional Services and Matter Management,Legal services,29,Legacy Architecture,Document Management | Practice Management and Billing | CRM,knowledge/research/workflow-library/workflows/document-and-knowledge-management.md
SF-05,Handoff and Approval Latency,Secondary,7.0,Document and Knowledge Management,"Product, Content, and Engineering",Professional Services and Matter Management,Legal services,29,Legacy Architecture,Document Management | Practice Management and Billing | CRM,knowledge/research/workflow-library/workflows/document-and-knowledge-management.md
SF-07,Compliance and Evidence Burden,Primary,26.0,Documentation and Compliance Management,"Risk, Compliance, and Reporting",Case Management and Program Administration,Social assistance,38,Regulatory,Case Management System | CRM | Grant and Program Reporting | Referral Management,knowledge/research/workflow-library/workflows/documentation-and-compliance-management.md
SF-03,Decision Context Escapes the Record,Secondary,12.0,Documentation and Compliance Management,"Risk, Compliance, and Reporting",Case Management and Program Administration,Social assistance,38,Regulatory,Case Management System | CRM | Grant and Program Reporting | Referral Management,knowledge/research/workflow-library/workflows/documentation-and-compliance-management.md
SF-01,Exception-Path Breakdown,Secondary,7.0,Documentation and Compliance Management,"Risk, Compliance, and Reporting",Case Management and Program Administration,Social assistance,38,Regulatory,Case Management System | CRM | Grant and Program Reporting | Referral Management,knowledge/research/workflow-library/workflows/documentation-and-compliance-management.md
SF-07,Compliance and Evidence Burden,Primary,23.5,Driver Safety and Compliance,"Risk, Compliance, and Reporting",Transportation Network Operations,Truck transportation,28,Regulatory,Transportation Management System | Fleet Telematics and Visibility | ERP,knowledge/research/workflow-library/workflows/driver-safety-and-compliance.md
SF-04,Human Judgment Under Incomplete Information,Secondary,14.0,Driver Safety and Compliance,"Risk, Compliance, and Reporting",Transportation Network Operations,Truck transportation,28,Regulatory,Transportation Management System | Fleet Telematics and Visibility | ERP,knowledge/research/workflow-library/workflows/driver-safety-and-compliance.md
SF-03,Decision Context Escapes the Record,Secondary,10.5,Driver Safety and Compliance,"Risk, Compliance, and Reporting",Transportation Network Operations,Truck transportation,28,Regulatory,Transportation Management System | Fleet Telematics and Visibility | ERP,knowledge/research/workflow-library/workflows/driver-safety-and-compliance.md
SF-03,Decision Context Escapes the Record,Primary,15.0,Eligibility and Authorization,"Access, Intake, and Contracting",Care Delivery and Reimbursement,Ambulatory health care services,6,Organizational,EHR and Care Management | Practice Management | Revenue Cycle Management,knowledge/research/workflow-library/workflows/eligibility-and-authorization.md
SF-01,Exception-Path Breakdown,Secondary,13.0,Eligibility and Authorization,"Access, Intake, and Contracting",Care Delivery and Reimbursement,Ambulatory health care services,6,Organizational,EHR and Care Management | Practice Management | Revenue Cycle Management,knowledge/research/workflow-library/workflows/eligibility-and-authorization.md
SF-05,Handoff and Approval Latency,Secondary,8.0,Eligibility and Authorization,"Access, Intake, and Contracting",Care Delivery and Reimbursement,Ambulatory health care services,6,Organizational,EHR and Care Management | Practice Management | Revenue Cycle Management,knowledge/research/workflow-library/workflows/eligibility-and-authorization.md
SF-03,Decision Context Escapes the Record,Primary,10.0,Engineering Change Management,"Product, Content, and Engineering",Product Manufacturing and Lifecycle Operations,Computer and electronic products,35,Legacy Architecture,ERP | PLM and Engineering Design | Manufacturing Execution System | Supply Chain Planning,knowledge/research/workflow-library/workflows/engineering-change-management.md
SF-02,Cross-System Reconciliation,Secondary,9.0,Engineering Change Management,"Product, Content, and Engineering",Product Manufacturing and Lifecycle Operations,Computer and electronic products,35,Legacy Architecture,ERP | PLM and Engineering Design | Manufacturing Execution System | Supply Chain Planning,knowledge/research/workflow-library/workflows/engineering-change-management.md
SF-04,Human Judgment Under Incomplete Information,Secondary,6.0,Engineering Change Management,"Product, Content, and Engineering",Product Manufacturing and Lifecycle Operations,Computer and electronic products,35,Legacy Architecture,ERP | PLM and Engineering Design | Manufacturing Execution System | Supply Chain Planning,knowledge/research/workflow-library/workflows/engineering-change-management.md
SF-05,Handoff and Approval Latency,Primary,13.0,Estimating and Proposal Management,"Access, Intake, and Contracting",Project Delivery and Contracting,Construction,3,Technical,Project and Construction Management | Scheduling and Planning | ERP,knowledge/research/workflow-library/workflows/estimating-and-proposal-management.md
SF-04,Human Judgment Under Incomplete Information,Secondary,11.0,Estimating and Proposal Management,"Access, Intake, and Contracting",Project Delivery and Contracting,Construction,3,Technical,Project and Construction Management | Scheduling and Planning | ERP,knowledge/research/workflow-library/workflows/estimating-and-proposal-management.md
SF-03,Decision Context Escapes the Record,Secondary,6.0,Estimating and Proposal Management,"Access, Intake, and Contracting",Project Delivery and Contracting,Construction,3,Technical,Project and Construction Management | Scheduling and Planning | ERP,knowledge/research/workflow-library/workflows/estimating-and-proposal-management.md
SF-05,Handoff and Approval Latency,Primary,13.0,Estimating and Quotation,"Access, Intake, and Contracting",Product Manufacturing and Lifecycle Operations,Fabricated metal products,31,Technical,ERP | Manufacturing Execution System | Shop Floor Control and Quality,knowledge/research/workflow-library/workflows/estimating-and-quotation.md
SF-04,Human Judgment Under Incomplete Information,Secondary,11.0,Estimating and Quotation,"Access, Intake, and Contracting",Product Manufacturing and Lifecycle Operations,Fabricated metal products,31,Technical,ERP | Manufacturing Execution System | Shop Floor Control and Quality,knowledge/research/workflow-library/workflows/estimating-and-quotation.md
SF-03,Decision Context Escapes the Record,Secondary,6.0,Estimating and Quotation,"Access, Intake, and Contracting",Product Manufacturing and Lifecycle Operations,Fabricated metal products,31,Technical,ERP | Manufacturing Execution System | Shop Floor Control and Quality,knowledge/research/workflow-library/workflows/estimating-and-quotation.md
SF-02,Cross-System Reconciliation,Primary,23.5,Event Settlement and Reporting,Finance and Revenue Operations,"Venue, Hospitality, and Attendance Operations","Performing arts, spectator sports, museums, and related activities",41,Legacy Architecture,Ticketing and Venue Management | CRM | Event and Donor Management,knowledge/research/workflow-library/workflows/event-settlement-and-reporting.md
SF-01,Exception-Path Breakdown,Secondary,16.0,Event Settlement and Reporting,Finance and Revenue Operations,"Venue, Hospitality, and Attendance Operations","Performing arts, spectator sports, museums, and related activities",41,Legacy Architecture,Ticketing and Venue Management | CRM | Event and Donor Management,knowledge/research/workflow-library/workflows/event-settlement-and-reporting.md
SF-03,Decision Context Escapes the Record,Secondary,14.0,Event Settlement and Reporting,Finance and Revenue Operations,"Venue, Hospitality, and Attendance Operations","Performing arts, spectator sports, museums, and related activities",41,Legacy Architecture,Ticketing and Venue Management | CRM | Event and Donor Management,knowledge/research/workflow-library/workflows/event-settlement-and-reporting.md
SF-03,Decision Context Escapes the Record,Primary,12.0,Exception Management,Network and Transportation Operations,Transportation Network Operations,Other transportation and support activities,39,Technical,Transportation Management System | Fleet Telematics and Visibility | ERP,knowledge/research/workflow-library/workflows/exception-management.md
SF-01,Exception-Path Breakdown,Secondary,11.0,Exception Management,Network and Transportation Operations,Transportation Network Operations,Other transportation and support activities,39,Technical,Transportation Management System | Fleet Telematics and Visibility | ERP,knowledge/research/workflow-library/workflows/exception-management.md
SF-04,Human Judgment Under Incomplete Information,Secondary,9.0,Exception Management,Network and Transportation Operations,Transportation Network Operations,Other transportation and support activities,39,Technical,Transportation Management System | Fleet Telematics and Visibility | ERP,knowledge/research/workflow-library/workflows/exception-management.md
SF-04,Human Judgment Under Incomplete Information,Primary,21.5,Field Development Planning,Planning and Allocation,Field Production and Resource Extraction,Oil and gas extraction,32,Technical,Upstream Energy Management | Production Accounting and Regulatory | Geoscience and Reservoir Management | ERP,knowledge/research/workflow-library/workflows/field-development-planning.md
SF-06,Plan vs. Reality Divergence,Secondary,13.0,Field Development Planning,Planning and Allocation,Field Production and Resource Extraction,Oil and gas extraction,32,Technical,Upstream Energy Management | Production Accounting and Regulatory | Geoscience and Reservoir Management | ERP,knowledge/research/workflow-library/workflows/field-development-planning.md
SF-08,Multi-Party Trust and Dependency Gaps,Secondary,8.0,Field Development Planning,Planning and Allocation,Field Production and Resource Extraction,Oil and gas extraction,32,Technical,Upstream Energy Management | Production Accounting and Regulatory | Geoscience and Reservoir Management | ERP,knowledge/research/workflow-library/workflows/field-development-planning.md
SF-03,Decision Context Escapes the Record,Primary,8.0,Field Execution and Change Management,Delivery and Service Execution,Project Delivery and Contracting,Construction,3,Legacy Architecture,Project and Construction Management | Scheduling and Planning | ERP,knowledge/research/workflow-library/workflows/field-execution-and-change-management.md
SF-05,Handoff and Approval Latency,Secondary,8.0,Field Execution and Change Management,Delivery and Service Execution,Project Delivery and Contracting,Construction,3,Legacy Architecture,Project and Construction Management | Scheduling and Planning | ERP,knowledge/research/workflow-library/workflows/field-execution-and-change-management.md
SF-06,Plan vs. Reality Divergence,Secondary,7.0,Field Execution and Change Management,Delivery and Service Execution,Project Delivery and Contracting,Construction,3,Legacy Architecture,Project and Construction Management | Scheduling and Planning | ERP,knowledge/research/workflow-library/workflows/field-execution-and-change-management.md
SF-06,Plan vs. Reality Divergence,Primary,16.5,Field Operations,Production and Asset Operations,Field Production and Resource Extraction,Farms,26,Legacy Architecture,Farm Management Platform | Precision Agriculture and Telematics,knowledge/research/workflow-library/workflows/field-operations.md
SF-04,Human Judgment Under Incomplete Information,Secondary,10.0,Field Operations,Production and Asset Operations,Field Production and Resource Extraction,Farms,26,Legacy Architecture,Farm Management Platform | Precision Agriculture and Telematics,knowledge/research/workflow-library/workflows/field-operations.md
SF-03,Decision Context Escapes the Record,Secondary,8.0,Field Operations,Production and Asset Operations,Field Production and Resource Extraction,Farms,26,Legacy Architecture,Farm Management Platform | Precision Agriculture and Telematics,knowledge/research/workflow-library/workflows/field-operations.md
SF-03,Decision Context Escapes the Record,Primary,8.0,Field Service Execution,Delivery and Service Execution,Workforce Coordination and Service Operations,"Other services, except government",14,Legacy Architecture,CRM | POS and Payments | HCM / Workforce Management | Service Management,knowledge/research/workflow-library/workflows/field-service-execution.md
SF-05,Handoff and Approval Latency,Secondary,8.0,Field Service Execution,Delivery and Service Execution,Workforce Coordination and Service Operations,"Other services, except government",14,Legacy Architecture,CRM | POS and Payments | HCM / Workforce Management | Service Management,knowledge/research/workflow-library/workflows/field-service-execution.md
SF-06,Plan vs. Reality Divergence,Secondary,7.0,Field Service Execution,Delivery and Service Execution,Workforce Coordination and Service Operations,"Other services, except government",14,Legacy Architecture,CRM | POS and Payments | HCM / Workforce Management | Service Management,knowledge/research/workflow-library/workflows/field-service-execution.md
SF-05,Handoff and Approval Latency,Primary,16.0,Financial Consolidation,Governance and Portfolio Operations,Enterprise Governance and Shared Services,Management of companies and enterprises,19,Organizational,EPM and Financial Consolidation | ERP | HCM / Workforce Management | Service Management,knowledge/research/workflow-library/workflows/financial-consolidation.md
SF-04,Human Judgment Under Incomplete Information,Secondary,9.0,Financial Consolidation,Governance and Portfolio Operations,Enterprise Governance and Shared Services,Management of companies and enterprises,19,Organizational,EPM and Financial Consolidation | ERP | HCM / Workforce Management | Service Management,knowledge/research/workflow-library/workflows/financial-consolidation.md
SF-03,Decision Context Escapes the Record,Secondary,8.0,Financial Consolidation,Governance and Portfolio Operations,Enterprise Governance and Shared Services,Management of companies and enterprises,19,Organizational,EPM and Financial Consolidation | ERP | HCM / Workforce Management | Service Management,knowledge/research/workflow-library/workflows/financial-consolidation.md
SF-03,Decision Context Escapes the Record,Primary,18.0,Financing and Underwriting,Finance and Revenue Operations,Retail and Service Commerce,Motor vehicle and parts dealers,27,Regulatory,Dealership Management System | CRM | Loan Origination and Servicing | Maintenance Management,knowledge/research/workflow-library/workflows/financing-and-underwriting.md
SF-04,Human Judgment Under Incomplete Information,Secondary,9.5,Financing and Underwriting,Finance and Revenue Operations,Retail and Service Commerce,Motor vehicle and parts dealers,27,Regulatory,Dealership Management System | CRM | Loan Origination and Servicing | Maintenance Management,knowledge/research/workflow-library/workflows/financing-and-underwriting.md
SF-05,Handoff and Approval Latency,Secondary,9.0,Financing and Underwriting,Finance and Revenue Operations,Retail and Service Commerce,Motor vehicle and parts dealers,27,Regulatory,Dealership Management System | CRM | Loan Origination and Servicing | Maintenance Management,knowledge/research/workflow-library/workflows/financing-and-underwriting.md
SF-01,Exception-Path Breakdown,Primary,20.5,Freight Audit and Billing,Finance and Revenue Operations,Transportation Network Operations,Truck transportation,28,Legacy Architecture,Transportation Management System | Fleet Telematics and Visibility | ERP,knowledge/research/workflow-library/workflows/freight-audit-and-billing.md
SF-03,Decision Context Escapes the Record,Secondary,14.0,Freight Audit and Billing,Finance and Revenue Operations,Transportation Network Operations,Truck transportation,28,Legacy Architecture,Transportation Management System | Fleet Telematics and Visibility | ERP,knowledge/research/workflow-library/workflows/freight-audit-and-billing.md
SF-02,Cross-System Reconciliation,Secondary,10.0,Freight Audit and Billing,Finance and Revenue Operations,Transportation Network Operations,Truck transportation,28,Legacy Architecture,Transportation Management System | Fleet Telematics and Visibility | ERP,knowledge/research/workflow-library/workflows/freight-audit-and-billing.md
SF-02,Cross-System Reconciliation,Primary,23.5,Freight Audit and Settlement,Finance and Revenue Operations,Transportation Network Operations,Other transportation and support activities,39,Legacy Architecture,Transportation Management System | Fleet Telematics and Visibility | ERP,knowledge/research/workflow-library/workflows/freight-audit-and-settlement.md
SF-01,Exception-Path Breakdown,Secondary,16.0,Freight Audit and Settlement,Finance and Revenue Operations,Transportation Network Operations,Other transportation and support activities,39,Legacy Architecture,Transportation Management System | Fleet Telematics and Visibility | ERP,knowledge/research/workflow-library/workflows/freight-audit-and-settlement.md
SF-03,Decision Context Escapes the Record,Secondary,14.0,Freight Audit and Settlement,Finance and Revenue Operations,Transportation Network Operations,Other transportation and support activities,39,Legacy Architecture,Transportation Management System | Fleet Telematics and Visibility | ERP,knowledge/research/workflow-library/workflows/freight-audit-and-settlement.md
SF-04,Human Judgment Under Incomplete Information,Primary,9.0,Front Desk and Housekeeping Operations,Delivery and Service Execution,"Venue, Hospitality, and Attendance Operations",Accommodation,36,Organizational,Property Management System | Reservation and Distribution System | Revenue Management Platform | ERP,knowledge/research/workflow-library/workflows/front-desk-and-housekeeping-operations.md
SF-01,Exception-Path Breakdown,Secondary,6.0,Front Desk and Housekeeping Operations,Delivery and Service Execution,"Venue, Hospitality, and Attendance Operations",Accommodation,36,Organizational,Property Management System | Reservation and Distribution System | Revenue Management Platform | ERP,knowledge/research/workflow-library/workflows/front-desk-and-housekeeping-operations.md
SF-01,Exception-Path Breakdown,Primary,14.0,Fulfillment and Returns Management,Delivery and Service Execution,Retail and Service Commerce,Other retail,7,Legacy Architecture,Commerce Platform | ERP | Order Management System | Warehouse Management System,knowledge/research/workflow-library/workflows/fulfillment-and-returns-management.md
SF-03,Decision Context Escapes the Record,Secondary,11.0,Fulfillment and Returns Management,Delivery and Service Execution,Retail and Service Commerce,Other retail,7,Legacy Architecture,Commerce Platform | ERP | Order Management System | Warehouse Management System,knowledge/research/workflow-library/workflows/fulfillment-and-returns-management.md
SF-06,Plan vs. Reality Divergence,Secondary,6.0,Fulfillment and Returns Management,Delivery and Service Execution,Retail and Service Commerce,Other retail,7,Legacy Architecture,Commerce Platform | ERP | Order Management System | Warehouse Management System,knowledge/research/workflow-library/workflows/fulfillment-and-returns-management.md
SF-02,Cross-System Reconciliation,Primary,13.0,Fund Accounting,Governance and Portfolio Operations,Capital Markets and Investment Management,"Funds, trusts, and other financial vehicles",46,Technical,Fund Administration and Accounting | Portfolio and Order Management | Reconciliation and Reporting | Investor Reporting and Performance,knowledge/research/workflow-library/workflows/fund-accounting.md
SF-03,Decision Context Escapes the Record,Secondary,11.0,Fund Accounting,Governance and Portfolio Operations,Capital Markets and Investment Management,"Funds, trusts, and other financial vehicles",46,Technical,Fund Administration and Accounting | Portfolio and Order Management | Reconciliation and Reporting | Investor Reporting and Performance,knowledge/research/workflow-library/workflows/fund-accounting.md
SF-04,Human Judgment Under Incomplete Information,Secondary,9.0,Fund Accounting,Governance and Portfolio Operations,Capital Markets and Investment Management,"Funds, trusts, and other financial vehicles",46,Technical,Fund Administration and Accounting | Portfolio and Order Management | Reconciliation and Reporting | Investor Reporting and Performance,knowledge/research/workflow-library/workflows/fund-accounting.md
SF-05,Handoff and Approval Latency,Primary,22.0,Fund Onboarding and Setup,"Access, Intake, and Contracting",Capital Markets and Investment Management,"Funds, trusts, and other financial vehicles",46,Regulatory,Fund Administration and Accounting | Portfolio and Order Management | Reconciliation and Reporting | Investor Reporting and Performance,knowledge/research/workflow-library/workflows/fund-onboarding-and-setup.md
SF-04,Human Judgment Under Incomplete Information,Secondary,19.5,Fund Onboarding and Setup,"Access, Intake, and Contracting",Capital Markets and Investment Management,"Funds, trusts, and other financial vehicles",46,Regulatory,Fund Administration and Accounting | Portfolio and Order Management | Reconciliation and Reporting | Investor Reporting and Performance,knowledge/research/workflow-library/workflows/fund-onboarding-and-setup.md
SF-03,Decision Context Escapes the Record,Secondary,17.5,Fund Onboarding and Setup,"Access, Intake, and Contracting",Capital Markets and Investment Management,"Funds, trusts, and other financial vehicles",46,Regulatory,Fund Administration and Accounting | Portfolio and Order Management | Reconciliation and Reporting | Investor Reporting and Performance,knowledge/research/workflow-library/workflows/fund-onboarding-and-setup.md
SF-05,Handoff and Approval Latency,Primary,16.0,Governance and Risk Review,Governance and Portfolio Operations,Enterprise Governance and Shared Services,Management of companies and enterprises,19,Organizational,EPM and Financial Consolidation | ERP | HCM / Workforce Management | Service Management,knowledge/research/workflow-library/workflows/governance-and-risk-review.md
SF-04,Human Judgment Under Incomplete Information,Secondary,9.0,Governance and Risk Review,Governance and Portfolio Operations,Enterprise Governance and Shared Services,Management of companies and enterprises,19,Organizational,EPM and Financial Consolidation | ERP | HCM / Workforce Management | Service Management,knowledge/research/workflow-library/workflows/governance-and-risk-review.md
SF-03,Decision Context Escapes the Record,Secondary,8.0,Governance and Risk Review,Governance and Portfolio Operations,Enterprise Governance and Shared Services,Management of companies and enterprises,19,Organizational,EPM and Financial Consolidation | ERP | HCM / Workforce Management | Service Management,knowledge/research/workflow-library/workflows/governance-and-risk-review.md
SF-01,Exception-Path Breakdown,Primary,14.0,Harvest and Logistics Management,Delivery and Service Execution,Field Production and Resource Extraction,Farms,26,Legacy Architecture,Farm Management Platform | Precision Agriculture and Telematics,knowledge/research/workflow-library/workflows/harvest-and-logistics-management.md
SF-03,Decision Context Escapes the Record,Secondary,11.0,Harvest and Logistics Management,Delivery and Service Execution,Field Production and Resource Extraction,Farms,26,Legacy Architecture,Farm Management Platform | Precision Agriculture and Telematics,knowledge/research/workflow-library/workflows/harvest-and-logistics-management.md
SF-06,Plan vs. Reality Divergence,Secondary,6.0,Harvest and Logistics Management,Delivery and Service Execution,Field Production and Resource Extraction,Farms,26,Legacy Architecture,Farm Management Platform | Precision Agriculture and Telematics,knowledge/research/workflow-library/workflows/harvest-and-logistics-management.md
SF-03,Decision Context Escapes the Record,Primary,12.0,In-Transit Visibility and Proof of Delivery,Network and Transportation Operations,Transportation Network Operations,Truck transportation,28,Technical,Transportation Management System | Fleet Telematics and Visibility | ERP,knowledge/research/workflow-library/workflows/in-transit-visibility-and-proof-of-delivery.md
SF-01,Exception-Path Breakdown,Secondary,11.0,In-Transit Visibility and Proof of Delivery,Network and Transportation Operations,Transportation Network Operations,Truck transportation,28,Technical,Transportation Management System | Fleet Telematics and Visibility | ERP,knowledge/research/workflow-library/workflows/in-transit-visibility-and-proof-of-delivery.md
SF-04,Human Judgment Under Incomplete Information,Secondary,9.0,In-Transit Visibility and Proof of Delivery,Network and Transportation Operations,Transportation Network Operations,Truck transportation,28,Technical,Transportation Management System | Fleet Telematics and Visibility | ERP,knowledge/research/workflow-library/workflows/in-transit-visibility-and-proof-of-delivery.md
SF-04,Human Judgment Under Incomplete Information,Primary,21.5,Infrastructure Capacity Planning,Planning and Allocation,Digital Platform and Subscription Operations,"Data processing, internet publishing, and other information services",17,Technical,Cloud Infrastructure and IT Operations | CRM | Service Management | Billing and Subscription Management,knowledge/research/workflow-library/workflows/infrastructure-capacity-planning.md
SF-06,Plan vs. Reality Divergence,Secondary,13.0,Infrastructure Capacity Planning,Planning and Allocation,Digital Platform and Subscription Operations,"Data processing, internet publishing, and other information services",17,Technical,Cloud Infrastructure and IT Operations | CRM | Service Management | Billing and Subscription Management,knowledge/research/workflow-library/workflows/infrastructure-capacity-planning.md
SF-08,Multi-Party Trust and Dependency Gaps,Secondary,8.0,Infrastructure Capacity Planning,Planning and Allocation,Digital Platform and Subscription Operations,"Data processing, internet publishing, and other information services",17,Technical,Cloud Infrastructure and IT Operations | CRM | Service Management | Billing and Subscription Management,knowledge/research/workflow-library/workflows/infrastructure-capacity-planning.md
SF-08,Multi-Party Trust and Dependency Gaps,Primary,14.0,Input Sourcing and Procurement,Sourcing and Supply,Field Production and Resource Extraction,Farms,26,Economic,Farm Management Platform | Precision Agriculture and Telematics,knowledge/research/workflow-library/workflows/input-sourcing-and-procurement.md
SF-03,Decision Context Escapes the Record,Secondary,9.0,Input Sourcing and Procurement,Sourcing and Supply,Field Production and Resource Extraction,Farms,26,Economic,Farm Management Platform | Precision Agriculture and Telematics,knowledge/research/workflow-library/workflows/input-sourcing-and-procurement.md
SF-01,Exception-Path Breakdown,Secondary,7.0,Input Sourcing and Procurement,Sourcing and Supply,Field Production and Resource Extraction,Farms,26,Economic,Farm Management Platform | Precision Agriculture and Telematics,knowledge/research/workflow-library/workflows/input-sourcing-and-procurement.md
SF-03,Decision Context Escapes the Record,Primary,4.0,Instruction Delivery,Delivery and Service Execution,Education Delivery and Administration,Educational services,30,Behavioral,Student Information System | Learning Management System | HCM / Workforce Management | ERP,knowledge/research/workflow-library/workflows/instruction-delivery.md
SF-03,Decision Context Escapes the Record,Primary,15.0,Intake and Eligibility Determination,"Access, Intake, and Contracting",Case Management and Program Administration,Social assistance,38,Organizational,Case Management System | CRM | Grant and Program Reporting | Referral Management,knowledge/research/workflow-library/workflows/intake-and-eligibility-determination.md
SF-01,Exception-Path Breakdown,Secondary,13.0,Intake and Eligibility Determination,"Access, Intake, and Contracting",Case Management and Program Administration,Social assistance,38,Organizational,Case Management System | CRM | Grant and Program Reporting | Referral Management,knowledge/research/workflow-library/workflows/intake-and-eligibility-determination.md
SF-05,Handoff and Approval Latency,Secondary,8.0,Intake and Eligibility Determination,"Access, Intake, and Contracting",Case Management and Program Administration,Social assistance,38,Organizational,Case Management System | CRM | Grant and Program Reporting | Referral Management,knowledge/research/workflow-library/workflows/intake-and-eligibility-determination.md
SF-06,Plan vs. Reality Divergence,Primary,10.0,Inventory Allocation and Replenishment,Planning and Allocation,Retail and Service Commerce,General merchandise stores,43,Technical,Commerce Platform | ERP | Order Management System | Warehouse Management System | Supply Chain Planning,knowledge/research/workflow-library/workflows/inventory-allocation-and-replenishment.md
SF-04,Human Judgment Under Incomplete Information,Secondary,6.0,Inventory Allocation and Replenishment,Planning and Allocation,Retail and Service Commerce,General merchandise stores,43,Technical,Commerce Platform | ERP | Order Management System | Warehouse Management System | Supply Chain Planning,knowledge/research/workflow-library/workflows/inventory-allocation-and-replenishment.md
SF-06,Plan vs. Reality Divergence,Primary,10.0,Inventory Allocation and Replenishment,Planning and Allocation,Retail and Service Commerce,Other retail,7,Technical,Commerce Platform | ERP | Order Management System | Warehouse Management System,knowledge/research/workflow-library/workflows/inventory-allocation-and-replenishment.md
SF-04,Human Judgment Under Incomplete Information,Secondary,6.0,Inventory Allocation and Replenishment,Planning and Allocation,Retail and Service Commerce,Other retail,7,Technical,Commerce Platform | ERP | Order Management System | Warehouse Management System,knowledge/research/workflow-library/workflows/inventory-allocation-and-replenishment.md
SF-06,Plan vs. Reality Divergence,Primary,10.0,Inventory Sourcing and Aging Management,Planning and Allocation,Retail and Service Commerce,Motor vehicle and parts dealers,27,Technical,Dealership Management System | CRM | Loan Origination and Servicing | Maintenance Management,knowledge/research/workflow-library/workflows/inventory-sourcing-and-aging-management.md
SF-04,Human Judgment Under Incomplete Information,Secondary,6.0,Inventory Sourcing and Aging Management,Planning and Allocation,Retail and Service Commerce,Motor vehicle and parts dealers,27,Technical,Dealership Management System | CRM | Loan Origination and Servicing | Maintenance Management,knowledge/research/workflow-library/workflows/inventory-sourcing-and-aging-management.md
SF-06,Plan vs. Reality Divergence,Primary,16.5,Inventory and Perishables Management,Production and Asset Operations,Retail and Service Commerce,Food and beverage stores,40,Legacy Architecture,POS and Payments | ERP | Supply Chain Planning | Warehouse Management System,knowledge/research/workflow-library/workflows/inventory-and-perishables-management.md
SF-04,Human Judgment Under Incomplete Information,Secondary,10.0,Inventory and Perishables Management,Production and Asset Operations,Retail and Service Commerce,Food and beverage stores,40,Legacy Architecture,POS and Payments | ERP | Supply Chain Planning | Warehouse Management System,knowledge/research/workflow-library/workflows/inventory-and-perishables-management.md
SF-03,Decision Context Escapes the Record,Secondary,8.0,Inventory and Perishables Management,Production and Asset Operations,Retail and Service Commerce,Food and beverage stores,40,Legacy Architecture,POS and Payments | ERP | Supply Chain Planning | Warehouse Management System,knowledge/research/workflow-library/workflows/inventory-and-perishables-management.md
SF-02,Cross-System Reconciliation,Primary,13.0,Investor Reporting,Governance and Portfolio Operations,Capital Markets and Investment Management,"Funds, trusts, and other financial vehicles",46,Technical,Fund Administration and Accounting | Portfolio and Order Management | Reconciliation and Reporting | Investor Reporting and Performance,knowledge/research/workflow-library/workflows/investor-reporting.md
SF-03,Decision Context Escapes the Record,Secondary,11.0,Investor Reporting,Governance and Portfolio Operations,Capital Markets and Investment Management,"Funds, trusts, and other financial vehicles",46,Technical,Fund Administration and Accounting | Portfolio and Order Management | Reconciliation and Reporting | Investor Reporting and Performance,knowledge/research/workflow-library/workflows/investor-reporting.md
SF-04,Human Judgment Under Incomplete Information,Secondary,9.0,Investor Reporting,Governance and Portfolio Operations,Capital Markets and Investment Management,"Funds, trusts, and other financial vehicles",46,Technical,Fund Administration and Accounting | Portfolio and Order Management | Reconciliation and Reporting | Investor Reporting and Performance,knowledge/research/workflow-library/workflows/investor-reporting.md
SF-02,Cross-System Reconciliation,Primary,13.0,Investor Reporting and Performance,Governance and Portfolio Operations,Capital Markets and Investment Management,"Securities, commodity contracts, and investments",15,Technical,Portfolio and Order Management | Trading and Market Data | CRM | Investor Reporting and Performance,knowledge/research/workflow-library/workflows/investor-reporting-and-performance.md
SF-03,Decision Context Escapes the Record,Secondary,11.0,Investor Reporting and Performance,Governance and Portfolio Operations,Capital Markets and Investment Management,"Securities, commodity contracts, and investments",15,Technical,Portfolio and Order Management | Trading and Market Data | CRM | Investor Reporting and Performance,knowledge/research/workflow-library/workflows/investor-reporting-and-performance.md
SF-04,Human Judgment Under Incomplete Information,Secondary,9.0,Investor Reporting and Performance,Governance and Portfolio Operations,Capital Markets and Investment Management,"Securities, commodity contracts, and investments",15,Technical,Portfolio and Order Management | Trading and Market Data | CRM | Investor Reporting and Performance,knowledge/research/workflow-library/workflows/investor-reporting-and-performance.md
SF-03,Decision Context Escapes the Record,Primary,15.0,Lead Intake and Scheduling,"Access, Intake, and Contracting",Workforce Coordination and Service Operations,"Other services, except government",14,Organizational,CRM | POS and Payments | HCM / Workforce Management | Service Management,knowledge/research/workflow-library/workflows/lead-intake-and-scheduling.md
SF-01,Exception-Path Breakdown,Secondary,13.0,Lead Intake and Scheduling,"Access, Intake, and Contracting",Workforce Coordination and Service Operations,"Other services, except government",14,Organizational,CRM | POS and Payments | HCM / Workforce Management | Service Management,knowledge/research/workflow-library/workflows/lead-intake-and-scheduling.md
SF-05,Handoff and Approval Latency,Secondary,8.0,Lead Intake and Scheduling,"Access, Intake, and Contracting",Workforce Coordination and Service Operations,"Other services, except government",14,Organizational,CRM | POS and Payments | HCM / Workforce Management | Service Management,knowledge/research/workflow-library/workflows/lead-intake-and-scheduling.md
SF-03,Decision Context Escapes the Record,Primary,12.0,Lead Management and Sales,"Access, Intake, and Contracting",Retail and Service Commerce,Motor vehicle and parts dealers,27,Behavioral,Dealership Management System | CRM | Loan Origination and Servicing | Maintenance Management,knowledge/research/workflow-library/workflows/lead-management-and-sales.md
SF-05,Handoff and Approval Latency,Secondary,6.0,Lead Management and Sales,"Access, Intake, and Contracting",Retail and Service Commerce,Motor vehicle and parts dealers,27,Behavioral,Dealership Management System | CRM | Loan Origination and Servicing | Maintenance Management,knowledge/research/workflow-library/workflows/lead-management-and-sales.md
SF-03,Decision Context Escapes the Record,Primary,12.0,Lead and Proposal Management,"Access, Intake, and Contracting",Professional Services and Matter Management,Computer systems design and related services,20,Behavioral,CRM | HCM / Workforce Management | Professional Services Automation | Service Management,knowledge/research/workflow-library/workflows/lead-and-proposal-management.md
SF-05,Handoff and Approval Latency,Secondary,6.0,Lead and Proposal Management,"Access, Intake, and Contracting",Professional Services and Matter Management,Computer systems design and related services,20,Behavioral,CRM | HCM / Workforce Management | Professional Services Automation | Service Management,knowledge/research/workflow-library/workflows/lead-and-proposal-management.md
SF-03,Decision Context Escapes the Record,Primary,12.0,Lead and Proposal Management,"Access, Intake, and Contracting",Professional Services and Matter Management,"Miscellaneous professional, scientific, and technical services",4,Behavioral,CRM | HCM / Workforce Management | Professional Services Automation | ERP,knowledge/research/workflow-library/workflows/lead-and-proposal-management.md
SF-05,Handoff and Approval Latency,Secondary,6.0,Lead and Proposal Management,"Access, Intake, and Contracting",Professional Services and Matter Management,"Miscellaneous professional, scientific, and technical services",4,Behavioral,CRM | HCM / Workforce Management | Professional Services Automation | ERP,knowledge/research/workflow-library/workflows/lead-and-proposal-management.md
SF-06,Plan vs. Reality Divergence,Primary,11.5,Lease Acquisition and Pipeline Management,"Access, Intake, and Contracting",Asset Utilization and Lease Management,Other real estate,5,Legacy Architecture,Property Management System | Real Estate Asset Management | CRM | Fund Administration and Accounting,knowledge/research/workflow-library/workflows/lease-acquisition-and-pipeline-management.md
SF-03,Decision Context Escapes the Record,Secondary,10.0,Lease Acquisition and Pipeline Management,"Access, Intake, and Contracting",Asset Utilization and Lease Management,Other real estate,5,Legacy Architecture,Property Management System | Real Estate Asset Management | CRM | Fund Administration and Accounting,knowledge/research/workflow-library/workflows/lease-acquisition-and-pipeline-management.md
SF-01,Exception-Path Breakdown,Secondary,9.0,Lease Acquisition and Pipeline Management,"Access, Intake, and Contracting",Asset Utilization and Lease Management,Other real estate,5,Legacy Architecture,Property Management System | Real Estate Asset Management | CRM | Fund Administration and Accounting,knowledge/research/workflow-library/workflows/lease-acquisition-and-pipeline-management.md
SF-06,Plan vs. Reality Divergence,Primary,11.5,Lease Acquisition and Renewal,"Access, Intake, and Contracting",Asset Utilization and Lease Management,Housing,1,Legacy Architecture,Property Management System | CRM | Maintenance Management,knowledge/research/workflow-library/workflows/lease-acquisition-and-renewal.md
SF-03,Decision Context Escapes the Record,Secondary,10.0,Lease Acquisition and Renewal,"Access, Intake, and Contracting",Asset Utilization and Lease Management,Housing,1,Legacy Architecture,Property Management System | CRM | Maintenance Management,knowledge/research/workflow-library/workflows/lease-acquisition-and-renewal.md
SF-01,Exception-Path Breakdown,Secondary,9.0,Lease Acquisition and Renewal,"Access, Intake, and Contracting",Asset Utilization and Lease Management,Housing,1,Legacy Architecture,Property Management System | CRM | Maintenance Management,knowledge/research/workflow-library/workflows/lease-acquisition-and-renewal.md
SF-06,Plan vs. Reality Divergence,Primary,18.0,Load Forecasting and Dispatch,Network and Transportation Operations,Network Infrastructure Operations,Utilities,24,Technical,Utility Operations and Billing | Maintenance Management | Industrial Automation and SCADA | ERP,knowledge/research/workflow-library/workflows/load-forecasting-and-dispatch.md
SF-08,Multi-Party Trust and Dependency Gaps,Secondary,13.5,Load Forecasting and Dispatch,Network and Transportation Operations,Network Infrastructure Operations,Utilities,24,Technical,Utility Operations and Billing | Maintenance Management | Industrial Automation and SCADA | ERP,knowledge/research/workflow-library/workflows/load-forecasting-and-dispatch.md
SF-03,Decision Context Escapes the Record,Secondary,6.0,Load Forecasting and Dispatch,Network and Transportation Operations,Network Infrastructure Operations,Utilities,24,Technical,Utility Operations and Billing | Maintenance Management | Industrial Automation and SCADA | ERP,knowledge/research/workflow-library/workflows/load-forecasting-and-dispatch.md
SF-01,Exception-Path Breakdown,Primary,7.0,Load Intake and Booking,"Access, Intake, and Contracting",Transportation Network Operations,Other transportation and support activities,39,Technical,Transportation Management System | Fleet Telematics and Visibility | ERP,knowledge/research/workflow-library/workflows/load-intake-and-booking.md
SF-03,Decision Context Escapes the Record,Secondary,6.0,Load Intake and Booking,"Access, Intake, and Contracting",Transportation Network Operations,Other transportation and support activities,39,Technical,Transportation Management System | Fleet Telematics and Visibility | ERP,knowledge/research/workflow-library/workflows/load-intake-and-booking.md
SF-01,Exception-Path Breakdown,Primary,14.0,Logistics and Channel Fulfillment,Delivery and Service Execution,Process Manufacturing and Throughput Control,Paper products,48,Legacy Architecture,ERP | Industrial Automation and SCADA | Maintenance Management | Supply Chain Planning,knowledge/research/workflow-library/workflows/logistics-and-channel-fulfillment.md
SF-03,Decision Context Escapes the Record,Secondary,11.0,Logistics and Channel Fulfillment,Delivery and Service Execution,Process Manufacturing and Throughput Control,Paper products,48,Legacy Architecture,ERP | Industrial Automation and SCADA | Maintenance Management | Supply Chain Planning,knowledge/research/workflow-library/workflows/logistics-and-channel-fulfillment.md
SF-06,Plan vs. Reality Divergence,Secondary,6.0,Logistics and Channel Fulfillment,Delivery and Service Execution,Process Manufacturing and Throughput Control,Paper products,48,Legacy Architecture,ERP | Industrial Automation and SCADA | Maintenance Management | Supply Chain Planning,knowledge/research/workflow-library/workflows/logistics-and-channel-fulfillment.md
SF-01,Exception-Path Breakdown,Primary,14.0,Logistics and Channel Fulfillment,Delivery and Service Execution,Product Manufacturing and Lifecycle Operations,Computer and electronic products,35,Legacy Architecture,ERP | PLM and Engineering Design | Manufacturing Execution System | Supply Chain Planning,knowledge/research/workflow-library/workflows/logistics-and-channel-fulfillment.md
SF-03,Decision Context Escapes the Record,Secondary,11.0,Logistics and Channel Fulfillment,Delivery and Service Execution,Product Manufacturing and Lifecycle Operations,Computer and electronic products,35,Legacy Architecture,ERP | PLM and Engineering Design | Manufacturing Execution System | Supply Chain Planning,knowledge/research/workflow-library/workflows/logistics-and-channel-fulfillment.md
SF-06,Plan vs. Reality Divergence,Secondary,6.0,Logistics and Channel Fulfillment,Delivery and Service Execution,Product Manufacturing and Lifecycle Operations,Computer and electronic products,35,Legacy Architecture,ERP | PLM and Engineering Design | Manufacturing Execution System | Supply Chain Planning,knowledge/research/workflow-library/workflows/logistics-and-channel-fulfillment.md
SF-01,Exception-Path Breakdown,Primary,14.0,Logistics and Channel Fulfillment,Delivery and Service Execution,Product Manufacturing and Lifecycle Operations,Machinery,33,Legacy Architecture,ERP | PLM and Engineering Design | Manufacturing Execution System | Maintenance Management,knowledge/research/workflow-library/workflows/logistics-and-channel-fulfillment.md
SF-03,Decision Context Escapes the Record,Secondary,11.0,Logistics and Channel Fulfillment,Delivery and Service Execution,Product Manufacturing and Lifecycle Operations,Machinery,33,Legacy Architecture,ERP | PLM and Engineering Design | Manufacturing Execution System | Maintenance Management,knowledge/research/workflow-library/workflows/logistics-and-channel-fulfillment.md
SF-06,Plan vs. Reality Divergence,Secondary,6.0,Logistics and Channel Fulfillment,Delivery and Service Execution,Product Manufacturing and Lifecycle Operations,Machinery,33,Legacy Architecture,ERP | PLM and Engineering Design | Manufacturing Execution System | Maintenance Management,knowledge/research/workflow-library/workflows/logistics-and-channel-fulfillment.md
SF-01,Exception-Path Breakdown,Primary,14.0,Logistics and Channel Fulfillment,Delivery and Service Execution,Product Manufacturing and Lifecycle Operations,"Motor vehicles, bodies and trailers, and parts",21,Legacy Architecture,ERP | PLM and Engineering Design | Manufacturing Execution System | Supply Chain Planning,knowledge/research/workflow-library/workflows/logistics-and-channel-fulfillment.md
SF-03,Decision Context Escapes the Record,Secondary,11.0,Logistics and Channel Fulfillment,Delivery and Service Execution,Product Manufacturing and Lifecycle Operations,"Motor vehicles, bodies and trailers, and parts",21,Legacy Architecture,ERP | PLM and Engineering Design | Manufacturing Execution System | Supply Chain Planning,knowledge/research/workflow-library/workflows/logistics-and-channel-fulfillment.md
SF-06,Plan vs. Reality Divergence,Secondary,6.0,Logistics and Channel Fulfillment,Delivery and Service Execution,Product Manufacturing and Lifecycle Operations,"Motor vehicles, bodies and trailers, and parts",21,Legacy Architecture,ERP | PLM and Engineering Design | Manufacturing Execution System | Supply Chain Planning,knowledge/research/workflow-library/workflows/logistics-and-channel-fulfillment.md
SF-01,Exception-Path Breakdown,Primary,14.0,Logistics and Channel Fulfillment,Delivery and Service Execution,Product Manufacturing and Lifecycle Operations,Plastics and rubber products,45,Legacy Architecture,ERP | Manufacturing Execution System | PLM and Engineering Design | Shop Floor Control and Quality,knowledge/research/workflow-library/workflows/logistics-and-channel-fulfillment.md
SF-03,Decision Context Escapes the Record,Secondary,11.0,Logistics and Channel Fulfillment,Delivery and Service Execution,Product Manufacturing and Lifecycle Operations,Plastics and rubber products,45,Legacy Architecture,ERP | Manufacturing Execution System | PLM and Engineering Design | Shop Floor Control and Quality,knowledge/research/workflow-library/workflows/logistics-and-channel-fulfillment.md
SF-06,Plan vs. Reality Divergence,Secondary,6.0,Logistics and Channel Fulfillment,Delivery and Service Execution,Product Manufacturing and Lifecycle Operations,Plastics and rubber products,45,Legacy Architecture,ERP | Manufacturing Execution System | PLM and Engineering Design | Shop Floor Control and Quality,knowledge/research/workflow-library/workflows/logistics-and-channel-fulfillment.md
SF-02,Cross-System Reconciliation,Primary,23.5,Loyalty and Settlement Accounting,Finance and Revenue Operations,Transportation Network Operations,Air transportation,42,Legacy Architecture,Airline Operations and Reservations | Revenue Management Platform | ERP,knowledge/research/workflow-library/workflows/loyalty-and-settlement-accounting.md
SF-01,Exception-Path Breakdown,Secondary,16.0,Loyalty and Settlement Accounting,Finance and Revenue Operations,Transportation Network Operations,Air transportation,42,Legacy Architecture,Airline Operations and Reservations | Revenue Management Platform | ERP,knowledge/research/workflow-library/workflows/loyalty-and-settlement-accounting.md
SF-03,Decision Context Escapes the Record,Secondary,14.0,Loyalty and Settlement Accounting,Finance and Revenue Operations,Transportation Network Operations,Air transportation,42,Legacy Architecture,Airline Operations and Reservations | Revenue Management Platform | ERP,knowledge/research/workflow-library/workflows/loyalty-and-settlement-accounting.md
SF-02,Cross-System Reconciliation,Primary,23.5,Loyalty and Settlement Management,Finance and Revenue Operations,"Venue, Hospitality, and Attendance Operations","Amusements, gambling, and recreation industries",47,Legacy Architecture,Ticketing and Venue Management | POS and Payments | CRM | Revenue Management Platform,knowledge/research/workflow-library/workflows/loyalty-and-settlement-management.md
SF-01,Exception-Path Breakdown,Secondary,16.0,Loyalty and Settlement Management,Finance and Revenue Operations,"Venue, Hospitality, and Attendance Operations","Amusements, gambling, and recreation industries",47,Legacy Architecture,Ticketing and Venue Management | POS and Payments | CRM | Revenue Management Platform,knowledge/research/workflow-library/workflows/loyalty-and-settlement-management.md
SF-03,Decision Context Escapes the Record,Secondary,14.0,Loyalty and Settlement Management,Finance and Revenue Operations,"Venue, Hospitality, and Attendance Operations","Amusements, gambling, and recreation industries",47,Legacy Architecture,Ticketing and Venue Management | POS and Payments | CRM | Revenue Management Platform,knowledge/research/workflow-library/workflows/loyalty-and-settlement-management.md
SF-04,Human Judgment Under Incomplete Information,Primary,16.0,Maintenance and Guest Service,Customer and Experience Operations,"Venue, Hospitality, and Attendance Operations",Accommodation,36,Organizational,Property Management System | Reservation and Distribution System | Revenue Management Platform | ERP,knowledge/research/workflow-library/workflows/maintenance-and-guest-service.md
SF-01,Exception-Path Breakdown,Secondary,14.0,Maintenance and Guest Service,Customer and Experience Operations,"Venue, Hospitality, and Attendance Operations",Accommodation,36,Organizational,Property Management System | Reservation and Distribution System | Revenue Management Platform | ERP,knowledge/research/workflow-library/workflows/maintenance-and-guest-service.md
SF-05,Handoff and Approval Latency,Secondary,10.0,Maintenance and Guest Service,Customer and Experience Operations,"Venue, Hospitality, and Attendance Operations",Accommodation,36,Organizational,Property Management System | Reservation and Distribution System | Revenue Management Platform | ERP,knowledge/research/workflow-library/workflows/maintenance-and-guest-service.md
SF-04,Human Judgment Under Incomplete Information,Primary,14.0,Maintenance and Turnaround Management,Production and Asset Operations,Process Manufacturing and Throughput Control,Petroleum and coal products,25,Legacy Architecture,ERP | Industrial Automation and SCADA | Maintenance Management | Supply Chain Planning,knowledge/research/workflow-library/workflows/maintenance-and-turnaround-management.md
SF-06,Plan vs. Reality Divergence,Secondary,13.0,Maintenance and Turnaround Management,Production and Asset Operations,Process Manufacturing and Throughput Control,Petroleum and coal products,25,Legacy Architecture,ERP | Industrial Automation and SCADA | Maintenance Management | Supply Chain Planning,knowledge/research/workflow-library/workflows/maintenance-and-turnaround-management.md
SF-03,Decision Context Escapes the Record,Secondary,8.0,Maintenance and Turnaround Management,Production and Asset Operations,Process Manufacturing and Throughput Control,Petroleum and coal products,25,Legacy Architecture,ERP | Industrial Automation and SCADA | Maintenance Management | Supply Chain Planning,knowledge/research/workflow-library/workflows/maintenance-and-turnaround-management.md
SF-01,Exception-Path Breakdown,Primary,20.5,Margin and Shrink Management,Finance and Revenue Operations,Retail and Service Commerce,Food and beverage stores,40,Legacy Architecture,POS and Payments | ERP | Supply Chain Planning | Warehouse Management System,knowledge/research/workflow-library/workflows/margin-and-shrink-management.md
SF-03,Decision Context Escapes the Record,Secondary,14.0,Margin and Shrink Management,Finance and Revenue Operations,Retail and Service Commerce,Food and beverage stores,40,Legacy Architecture,POS and Payments | ERP | Supply Chain Planning | Warehouse Management System,knowledge/research/workflow-library/workflows/margin-and-shrink-management.md
SF-02,Cross-System Reconciliation,Secondary,10.0,Margin and Shrink Management,Finance and Revenue Operations,Retail and Service Commerce,Food and beverage stores,40,Legacy Architecture,POS and Payments | ERP | Supply Chain Planning | Warehouse Management System,knowledge/research/workflow-library/workflows/margin-and-shrink-management.md
SF-07,Compliance and Evidence Burden,Primary,23.5,"Margin, Safety, and Emissions Reporting","Risk, Compliance, and Reporting",Process Manufacturing and Throughput Control,Petroleum and coal products,25,Regulatory,ERP | Industrial Automation and SCADA | Maintenance Management | Supply Chain Planning,knowledge/research/workflow-library/workflows/margin-safety-and-emissions-reporting.md
SF-04,Human Judgment Under Incomplete Information,Secondary,14.0,"Margin, Safety, and Emissions Reporting","Risk, Compliance, and Reporting",Process Manufacturing and Throughput Control,Petroleum and coal products,25,Regulatory,ERP | Industrial Automation and SCADA | Maintenance Management | Supply Chain Planning,knowledge/research/workflow-library/workflows/margin-safety-and-emissions-reporting.md
SF-03,Decision Context Escapes the Record,Secondary,10.5,"Margin, Safety, and Emissions Reporting","Risk, Compliance, and Reporting",Process Manufacturing and Throughput Control,Petroleum and coal products,25,Regulatory,ERP | Industrial Automation and SCADA | Maintenance Management | Supply Chain Planning,knowledge/research/workflow-library/workflows/margin-safety-and-emissions-reporting.md
SF-01,Exception-Path Breakdown,Primary,20.5,"Marketing, Hedging, and Program Reporting",Finance and Revenue Operations,Field Production and Resource Extraction,Farms,26,Legacy Architecture,Farm Management Platform | Precision Agriculture and Telematics,knowledge/research/workflow-library/workflows/marketing-hedging-and-program-reporting.md
SF-03,Decision Context Escapes the Record,Secondary,14.0,"Marketing, Hedging, and Program Reporting",Finance and Revenue Operations,Field Production and Resource Extraction,Farms,26,Legacy Architecture,Farm Management Platform | Precision Agriculture and Telematics,knowledge/research/workflow-library/workflows/marketing-hedging-and-program-reporting.md
SF-02,Cross-System Reconciliation,Secondary,10.0,"Marketing, Hedging, and Program Reporting",Finance and Revenue Operations,Field Production and Resource Extraction,Farms,26,Legacy Architecture,Farm Management Platform | Precision Agriculture and Telematics,knowledge/research/workflow-library/workflows/marketing-hedging-and-program-reporting.md
SF-08,Multi-Party Trust and Dependency Gaps,Primary,14.0,Material Sourcing,Sourcing and Supply,Process Manufacturing and Throughput Control,Chemical products,16,Economic,ERP | Industrial Automation and SCADA | Manufacturing Execution System | Maintenance Management,knowledge/research/workflow-library/workflows/material-sourcing.md
SF-03,Decision Context Escapes the Record,Secondary,9.0,Material Sourcing,Sourcing and Supply,Process Manufacturing and Throughput Control,Chemical products,16,Economic,ERP | Industrial Automation and SCADA | Manufacturing Execution System | Maintenance Management,knowledge/research/workflow-library/workflows/material-sourcing.md
SF-01,Exception-Path Breakdown,Secondary,7.0,Material Sourcing,Sourcing and Supply,Process Manufacturing and Throughput Control,Chemical products,16,Economic,ERP | Industrial Automation and SCADA | Manufacturing Execution System | Maintenance Management,knowledge/research/workflow-library/workflows/material-sourcing.md
SF-08,Multi-Party Trust and Dependency Gaps,Primary,14.0,Material Sourcing,Sourcing and Supply,Process Manufacturing and Throughput Control,Food and beverage and tobacco products,13,Economic,ERP | Supply Chain Planning | Manufacturing Execution System | Industrial Automation and SCADA,knowledge/research/workflow-library/workflows/material-sourcing.md
SF-03,Decision Context Escapes the Record,Secondary,9.0,Material Sourcing,Sourcing and Supply,Process Manufacturing and Throughput Control,Food and beverage and tobacco products,13,Economic,ERP | Supply Chain Planning | Manufacturing Execution System | Industrial Automation and SCADA,knowledge/research/workflow-library/workflows/material-sourcing.md
SF-01,Exception-Path Breakdown,Secondary,7.0,Material Sourcing,Sourcing and Supply,Process Manufacturing and Throughput Control,Food and beverage and tobacco products,13,Economic,ERP | Supply Chain Planning | Manufacturing Execution System | Industrial Automation and SCADA,knowledge/research/workflow-library/workflows/material-sourcing.md
SF-08,Multi-Party Trust and Dependency Gaps,Primary,14.0,Material Sourcing,Sourcing and Supply,Process Manufacturing and Throughput Control,Paper products,48,Economic,ERP | Industrial Automation and SCADA | Maintenance Management | Supply Chain Planning,knowledge/research/workflow-library/workflows/material-sourcing.md
SF-03,Decision Context Escapes the Record,Secondary,9.0,Material Sourcing,Sourcing and Supply,Process Manufacturing and Throughput Control,Paper products,48,Economic,ERP | Industrial Automation and SCADA | Maintenance Management | Supply Chain Planning,knowledge/research/workflow-library/workflows/material-sourcing.md
SF-01,Exception-Path Breakdown,Secondary,7.0,Material Sourcing,Sourcing and Supply,Process Manufacturing and Throughput Control,Paper products,48,Economic,ERP | Industrial Automation and SCADA | Maintenance Management | Supply Chain Planning,knowledge/research/workflow-library/workflows/material-sourcing.md
SF-08,Multi-Party Trust and Dependency Gaps,Primary,14.0,Material Sourcing,Sourcing and Supply,Process Manufacturing and Throughput Control,Petroleum and coal products,25,Economic,ERP | Industrial Automation and SCADA | Maintenance Management | Supply Chain Planning,knowledge/research/workflow-library/workflows/material-sourcing.md
SF-03,Decision Context Escapes the Record,Secondary,9.0,Material Sourcing,Sourcing and Supply,Process Manufacturing and Throughput Control,Petroleum and coal products,25,Economic,ERP | Industrial Automation and SCADA | Maintenance Management | Supply Chain Planning,knowledge/research/workflow-library/workflows/material-sourcing.md
SF-01,Exception-Path Breakdown,Secondary,7.0,Material Sourcing,Sourcing and Supply,Process Manufacturing and Throughput Control,Petroleum and coal products,25,Economic,ERP | Industrial Automation and SCADA | Maintenance Management | Supply Chain Planning,knowledge/research/workflow-library/workflows/material-sourcing.md
SF-08,Multi-Party Trust and Dependency Gaps,Primary,14.0,Material Sourcing,Sourcing and Supply,Process Manufacturing and Throughput Control,Primary metals,44,Economic,ERP | Industrial Automation and SCADA | Maintenance Management | Shop Floor Control and Quality,knowledge/research/workflow-library/workflows/material-sourcing.md
SF-03,Decision Context Escapes the Record,Secondary,9.0,Material Sourcing,Sourcing and Supply,Process Manufacturing and Throughput Control,Primary metals,44,Economic,ERP | Industrial Automation and SCADA | Maintenance Management | Shop Floor Control and Quality,knowledge/research/workflow-library/workflows/material-sourcing.md
SF-01,Exception-Path Breakdown,Secondary,7.0,Material Sourcing,Sourcing and Supply,Process Manufacturing and Throughput Control,Primary metals,44,Economic,ERP | Industrial Automation and SCADA | Maintenance Management | Shop Floor Control and Quality,knowledge/research/workflow-library/workflows/material-sourcing.md
SF-08,Multi-Party Trust and Dependency Gaps,Primary,14.0,Material Sourcing,Sourcing and Supply,Product Manufacturing and Lifecycle Operations,Plastics and rubber products,45,Economic,ERP | Manufacturing Execution System | PLM and Engineering Design | Shop Floor Control and Quality,knowledge/research/workflow-library/workflows/material-sourcing.md
SF-03,Decision Context Escapes the Record,Secondary,9.0,Material Sourcing,Sourcing and Supply,Product Manufacturing and Lifecycle Operations,Plastics and rubber products,45,Economic,ERP | Manufacturing Execution System | PLM and Engineering Design | Shop Floor Control and Quality,knowledge/research/workflow-library/workflows/material-sourcing.md
SF-01,Exception-Path Breakdown,Secondary,7.0,Material Sourcing,Sourcing and Supply,Product Manufacturing and Lifecycle Operations,Plastics and rubber products,45,Economic,ERP | Manufacturing Execution System | PLM and Engineering Design | Shop Floor Control and Quality,knowledge/research/workflow-library/workflows/material-sourcing.md
SF-01,Exception-Path Breakdown,Primary,12.0,Matter Intake and Conflict Review,"Access, Intake, and Contracting",Professional Services and Matter Management,Legal services,29,Organizational,Document Management | Practice Management and Billing | CRM,knowledge/research/workflow-library/workflows/matter-intake-and-conflict-review.md
SF-03,Decision Context Escapes the Record,Secondary,12.0,Matter Intake and Conflict Review,"Access, Intake, and Contracting",Professional Services and Matter Management,Legal services,29,Organizational,Document Management | Practice Management and Billing | CRM,knowledge/research/workflow-library/workflows/matter-intake-and-conflict-review.md
SF-05,Handoff and Approval Latency,Secondary,10.0,Matter Intake and Conflict Review,"Access, Intake, and Contracting",Professional Services and Matter Management,Legal services,29,Organizational,Document Management | Practice Management and Billing | CRM,knowledge/research/workflow-library/workflows/matter-intake-and-conflict-review.md
SF-04,Human Judgment Under Incomplete Information,Primary,10.0,Medication and Compliance Management,Clinical and Case Operations,Care Delivery and Reimbursement,Nursing and residential care facilities,37,Behavioral,EHR and Care Management | Revenue Cycle Management | HCM / Workforce Management,knowledge/research/workflow-library/workflows/medication-and-compliance-management.md
SF-07,Compliance and Evidence Burden,Secondary,9.0,Medication and Compliance Management,Clinical and Case Operations,Care Delivery and Reimbursement,Nursing and residential care facilities,37,Behavioral,EHR and Care Management | Revenue Cycle Management | HCM / Workforce Management,knowledge/research/workflow-library/workflows/medication-and-compliance-management.md
SF-06,Plan vs. Reality Divergence,Primary,10.0,Merchandising and Assortment Planning,Planning and Allocation,Retail and Service Commerce,Food and beverage stores,40,Technical,POS and Payments | ERP | Supply Chain Planning | Warehouse Management System,knowledge/research/workflow-library/workflows/merchandising-and-assortment-planning.md
SF-04,Human Judgment Under Incomplete Information,Secondary,6.0,Merchandising and Assortment Planning,Planning and Allocation,Retail and Service Commerce,Food and beverage stores,40,Technical,POS and Payments | ERP | Supply Chain Planning | Warehouse Management System,knowledge/research/workflow-library/workflows/merchandising-and-assortment-planning.md
SF-06,Plan vs. Reality Divergence,Primary,10.0,Merchandising and Assortment Planning,Planning and Allocation,Retail and Service Commerce,General merchandise stores,43,Technical,Commerce Platform | ERP | Order Management System | Warehouse Management System | Supply Chain Planning,knowledge/research/workflow-library/workflows/merchandising-and-assortment-planning.md
SF-04,Human Judgment Under Incomplete Information,Secondary,6.0,Merchandising and Assortment Planning,Planning and Allocation,Retail and Service Commerce,General merchandise stores,43,Technical,Commerce Platform | ERP | Order Management System | Warehouse Management System | Supply Chain Planning,knowledge/research/workflow-library/workflows/merchandising-and-assortment-planning.md
SF-06,Plan vs. Reality Divergence,Primary,10.0,Merchandising and Assortment Planning,Planning and Allocation,Retail and Service Commerce,Other retail,7,Technical,Commerce Platform | ERP | Order Management System | Warehouse Management System,knowledge/research/workflow-library/workflows/merchandising-and-assortment-planning.md
SF-04,Human Judgment Under Incomplete Information,Secondary,6.0,Merchandising and Assortment Planning,Planning and Allocation,Retail and Service Commerce,Other retail,7,Technical,Commerce Platform | ERP | Order Management System | Warehouse Management System,knowledge/research/workflow-library/workflows/merchandising-and-assortment-planning.md
SF-01,Exception-Path Breakdown,Primary,20.5,Meter-to-Cash,Finance and Revenue Operations,Network Infrastructure Operations,Utilities,24,Legacy Architecture,Utility Operations and Billing | Maintenance Management | Industrial Automation and SCADA | ERP,knowledge/research/workflow-library/workflows/meter-to-cash.md
SF-03,Decision Context Escapes the Record,Secondary,14.0,Meter-to-Cash,Finance and Revenue Operations,Network Infrastructure Operations,Utilities,24,Legacy Architecture,Utility Operations and Billing | Maintenance Management | Industrial Automation and SCADA | ERP,knowledge/research/workflow-library/workflows/meter-to-cash.md
SF-02,Cross-System Reconciliation,Secondary,10.0,Meter-to-Cash,Finance and Revenue Operations,Network Infrastructure Operations,Utilities,24,Legacy Architecture,Utility Operations and Billing | Maintenance Management | Industrial Automation and SCADA | ERP,knowledge/research/workflow-library/workflows/meter-to-cash.md
SF-06,Plan vs. Reality Divergence,Primary,18.0,Midstream Coordination,Network and Transportation Operations,Field Production and Resource Extraction,Oil and gas extraction,32,Technical,Upstream Energy Management | Production Accounting and Regulatory | Geoscience and Reservoir Management | ERP,knowledge/research/workflow-library/workflows/midstream-coordination.md
SF-08,Multi-Party Trust and Dependency Gaps,Secondary,13.5,Midstream Coordination,Network and Transportation Operations,Field Production and Resource Extraction,Oil and gas extraction,32,Technical,Upstream Energy Management | Production Accounting and Regulatory | Geoscience and Reservoir Management | ERP,knowledge/research/workflow-library/workflows/midstream-coordination.md
SF-03,Decision Context Escapes the Record,Secondary,6.0,Midstream Coordination,Network and Transportation Operations,Field Production and Resource Extraction,Oil and gas extraction,32,Technical,Upstream Energy Management | Production Accounting and Regulatory | Geoscience and Reservoir Management | ERP,knowledge/research/workflow-library/workflows/midstream-coordination.md
SF-04,Human Judgment Under Incomplete Information,Primary,21.5,Network Planning and Capital Management,Planning and Allocation,Network Infrastructure Operations,Broadcasting and telecommunications,18,Technical,Network OSS/BSS | Billing and Subscription Management | CRM,knowledge/research/workflow-library/workflows/network-planning-and-capital-management.md
SF-06,Plan vs. Reality Divergence,Secondary,13.0,Network Planning and Capital Management,Planning and Allocation,Network Infrastructure Operations,Broadcasting and telecommunications,18,Technical,Network OSS/BSS | Billing and Subscription Management | CRM,knowledge/research/workflow-library/workflows/network-planning-and-capital-management.md
SF-08,Multi-Party Trust and Dependency Gaps,Secondary,8.0,Network Planning and Capital Management,Planning and Allocation,Network Infrastructure Operations,Broadcasting and telecommunications,18,Technical,Network OSS/BSS | Billing and Subscription Management | CRM,knowledge/research/workflow-library/workflows/network-planning-and-capital-management.md
SF-06,Plan vs. Reality Divergence,Primary,18.0,Network and Schedule Planning,Network and Transportation Operations,Transportation Network Operations,Air transportation,42,Technical,Airline Operations and Reservations | Revenue Management Platform | ERP,knowledge/research/workflow-library/workflows/network-and-schedule-planning.md
SF-08,Multi-Party Trust and Dependency Gaps,Secondary,13.5,Network and Schedule Planning,Network and Transportation Operations,Transportation Network Operations,Air transportation,42,Technical,Airline Operations and Reservations | Revenue Management Platform | ERP,knowledge/research/workflow-library/workflows/network-and-schedule-planning.md
SF-03,Decision Context Escapes the Record,Secondary,6.0,Network and Schedule Planning,Network and Transportation Operations,Transportation Network Operations,Air transportation,42,Technical,Airline Operations and Reservations | Revenue Management Platform | ERP,knowledge/research/workflow-library/workflows/network-and-schedule-planning.md
SF-02,Cross-System Reconciliation,Primary,23.5,Night Audit and Owner Reporting,Finance and Revenue Operations,"Venue, Hospitality, and Attendance Operations",Accommodation,36,Legacy Architecture,Property Management System | Reservation and Distribution System | Revenue Management Platform | ERP,knowledge/research/workflow-library/workflows/night-audit-and-owner-reporting.md
SF-01,Exception-Path Breakdown,Secondary,16.0,Night Audit and Owner Reporting,Finance and Revenue Operations,"Venue, Hospitality, and Attendance Operations",Accommodation,36,Legacy Architecture,Property Management System | Reservation and Distribution System | Revenue Management Platform | ERP,knowledge/research/workflow-library/workflows/night-audit-and-owner-reporting.md
SF-03,Decision Context Escapes the Record,Secondary,14.0,Night Audit and Owner Reporting,Finance and Revenue Operations,"Venue, Hospitality, and Attendance Operations",Accommodation,36,Legacy Architecture,Property Management System | Reservation and Distribution System | Revenue Management Platform | ERP,knowledge/research/workflow-library/workflows/night-audit-and-owner-reporting.md
SF-03,Decision Context Escapes the Record,Primary,12.0,Operational Recovery and Disruption Management,Network and Transportation Operations,Transportation Network Operations,Air transportation,42,Technical,Airline Operations and Reservations | Revenue Management Platform | ERP,knowledge/research/workflow-library/workflows/operational-recovery-and-disruption-management.md
SF-01,Exception-Path Breakdown,Secondary,11.0,Operational Recovery and Disruption Management,Network and Transportation Operations,Transportation Network Operations,Air transportation,42,Technical,Airline Operations and Reservations | Revenue Management Platform | ERP,knowledge/research/workflow-library/workflows/operational-recovery-and-disruption-management.md
SF-04,Human Judgment Under Incomplete Information,Secondary,9.0,Operational Recovery and Disruption Management,Network and Transportation Operations,Transportation Network Operations,Air transportation,42,Technical,Airline Operations and Reservations | Revenue Management Platform | ERP,knowledge/research/workflow-library/workflows/operational-recovery-and-disruption-management.md
SF-01,Exception-Path Breakdown,Primary,15.0,Order Capture and Payment Processing,Customer and Experience Operations,Retail and Service Commerce,Other retail,7,Legacy Architecture,Commerce Platform | ERP | Order Management System | Warehouse Management System,knowledge/research/workflow-library/workflows/order-capture-and-payment-processing.md
SF-04,Human Judgment Under Incomplete Information,Secondary,9.0,Order Capture and Payment Processing,Customer and Experience Operations,Retail and Service Commerce,Other retail,7,Legacy Architecture,Commerce Platform | ERP | Order Management System | Warehouse Management System,knowledge/research/workflow-library/workflows/order-capture-and-payment-processing.md
SF-03,Decision Context Escapes the Record,Secondary,6.0,Order Capture and Payment Processing,Customer and Experience Operations,Retail and Service Commerce,Other retail,7,Legacy Architecture,Commerce Platform | ERP | Order Management System | Warehouse Management System,knowledge/research/workflow-library/workflows/order-capture-and-payment-processing.md
SF-01,Exception-Path Breakdown,Primary,14.0,Order Management and Fulfillment,Delivery and Service Execution,Distribution and Trade Operations,Wholesale trade,2,Legacy Architecture,ERP | Supply Chain Planning | Warehouse Management System | Order Management System,knowledge/research/workflow-library/workflows/order-management-and-fulfillment.md
SF-03,Decision Context Escapes the Record,Secondary,11.0,Order Management and Fulfillment,Delivery and Service Execution,Distribution and Trade Operations,Wholesale trade,2,Legacy Architecture,ERP | Supply Chain Planning | Warehouse Management System | Order Management System,knowledge/research/workflow-library/workflows/order-management-and-fulfillment.md
SF-06,Plan vs. Reality Divergence,Secondary,6.0,Order Management and Fulfillment,Delivery and Service Execution,Distribution and Trade Operations,Wholesale trade,2,Legacy Architecture,ERP | Supply Chain Planning | Warehouse Management System | Order Management System,knowledge/research/workflow-library/workflows/order-management-and-fulfillment.md
SF-01,Exception-Path Breakdown,Primary,14.0,Order Management and Fulfillment,Delivery and Service Execution,Process Manufacturing and Throughput Control,Chemical products,16,Legacy Architecture,ERP | Industrial Automation and SCADA | Manufacturing Execution System | Maintenance Management,knowledge/research/workflow-library/workflows/order-management-and-fulfillment.md
SF-03,Decision Context Escapes the Record,Secondary,11.0,Order Management and Fulfillment,Delivery and Service Execution,Process Manufacturing and Throughput Control,Chemical products,16,Legacy Architecture,ERP | Industrial Automation and SCADA | Manufacturing Execution System | Maintenance Management,knowledge/research/workflow-library/workflows/order-management-and-fulfillment.md
SF-06,Plan vs. Reality Divergence,Secondary,6.0,Order Management and Fulfillment,Delivery and Service Execution,Process Manufacturing and Throughput Control,Chemical products,16,Legacy Architecture,ERP | Industrial Automation and SCADA | Manufacturing Execution System | Maintenance Management,knowledge/research/workflow-library/workflows/order-management-and-fulfillment.md
SF-01,Exception-Path Breakdown,Primary,14.0,Order Management and Fulfillment,Delivery and Service Execution,Process Manufacturing and Throughput Control,Primary metals,44,Legacy Architecture,ERP | Industrial Automation and SCADA | Maintenance Management | Shop Floor Control and Quality,knowledge/research/workflow-library/workflows/order-management-and-fulfillment.md
SF-03,Decision Context Escapes the Record,Secondary,11.0,Order Management and Fulfillment,Delivery and Service Execution,Process Manufacturing and Throughput Control,Primary metals,44,Legacy Architecture,ERP | Industrial Automation and SCADA | Maintenance Management | Shop Floor Control and Quality,knowledge/research/workflow-library/workflows/order-management-and-fulfillment.md
SF-06,Plan vs. Reality Divergence,Secondary,6.0,Order Management and Fulfillment,Delivery and Service Execution,Process Manufacturing and Throughput Control,Primary metals,44,Legacy Architecture,ERP | Industrial Automation and SCADA | Maintenance Management | Shop Floor Control and Quality,knowledge/research/workflow-library/workflows/order-management-and-fulfillment.md
SF-01,Exception-Path Breakdown,Primary,14.0,Order Orchestration and Fulfillment,Delivery and Service Execution,Retail and Service Commerce,General merchandise stores,43,Legacy Architecture,Commerce Platform | ERP | Order Management System | Warehouse Management System | Supply Chain Planning,knowledge/research/workflow-library/workflows/order-orchestration-and-fulfillment.md
SF-03,Decision Context Escapes the Record,Secondary,11.0,Order Orchestration and Fulfillment,Delivery and Service Execution,Retail and Service Commerce,General merchandise stores,43,Legacy Architecture,Commerce Platform | ERP | Order Management System | Warehouse Management System | Supply Chain Planning,knowledge/research/workflow-library/workflows/order-orchestration-and-fulfillment.md
SF-06,Plan vs. Reality Divergence,Secondary,6.0,Order Orchestration and Fulfillment,Delivery and Service Execution,Retail and Service Commerce,General merchandise stores,43,Legacy Architecture,Commerce Platform | ERP | Order Management System | Warehouse Management System | Supply Chain Planning,knowledge/research/workflow-library/workflows/order-orchestration-and-fulfillment.md
SF-07,Compliance and Evidence Burden,Primary,26.0,Outage and Regulatory Management,"Risk, Compliance, and Reporting",Network Infrastructure Operations,Broadcasting and telecommunications,18,Regulatory,Network OSS/BSS | Billing and Subscription Management | CRM,knowledge/research/workflow-library/workflows/outage-and-regulatory-management.md
SF-03,Decision Context Escapes the Record,Secondary,12.0,Outage and Regulatory Management,"Risk, Compliance, and Reporting",Network Infrastructure Operations,Broadcasting and telecommunications,18,Regulatory,Network OSS/BSS | Billing and Subscription Management | CRM,knowledge/research/workflow-library/workflows/outage-and-regulatory-management.md
SF-01,Exception-Path Breakdown,Secondary,7.0,Outage and Regulatory Management,"Risk, Compliance, and Reporting",Network Infrastructure Operations,Broadcasting and telecommunications,18,Regulatory,Network OSS/BSS | Billing and Subscription Management | CRM,knowledge/research/workflow-library/workflows/outage-and-regulatory-management.md
SF-01,Exception-Path Breakdown,Primary,20.5,Payer Contract Management,Finance and Revenue Operations,Care Delivery and Reimbursement,Hospitals,12,Regulatory,EHR and Care Management | Revenue Cycle Management | HCM / Workforce Management | ERP,knowledge/research/workflow-library/workflows/payer-contract-management.md
SF-03,Decision Context Escapes the Record,Secondary,13.0,Payer Contract Management,Finance and Revenue Operations,Care Delivery and Reimbursement,Hospitals,12,Regulatory,EHR and Care Management | Revenue Cycle Management | HCM / Workforce Management | ERP,knowledge/research/workflow-library/workflows/payer-contract-management.md
SF-02,Cross-System Reconciliation,Secondary,9.0,Payer Contract Management,Finance and Revenue Operations,Care Delivery and Reimbursement,Hospitals,12,Regulatory,EHR and Care Management | Revenue Cycle Management | HCM / Workforce Management | ERP,knowledge/research/workflow-library/workflows/payer-contract-management.md
SF-02,Cross-System Reconciliation,Primary,23.5,"Payroll, Billing, and Reconciliation",Finance and Revenue Operations,Workforce Coordination and Service Operations,Administrative and support services,11,Legacy Architecture,HCM / Workforce Management | CRM | Service Management | ERP,knowledge/research/workflow-library/workflows/payroll-billing-and-reconciliation.md
SF-01,Exception-Path Breakdown,Secondary,16.0,"Payroll, Billing, and Reconciliation",Finance and Revenue Operations,Workforce Coordination and Service Operations,Administrative and support services,11,Legacy Architecture,HCM / Workforce Management | CRM | Service Management | ERP,knowledge/research/workflow-library/workflows/payroll-billing-and-reconciliation.md
SF-03,Decision Context Escapes the Record,Secondary,14.0,"Payroll, Billing, and Reconciliation",Finance and Revenue Operations,Workforce Coordination and Service Operations,Administrative and support services,11,Legacy Architecture,HCM / Workforce Management | CRM | Service Management | ERP,knowledge/research/workflow-library/workflows/payroll-billing-and-reconciliation.md
SF-05,Handoff and Approval Latency,Primary,16.0,Performance Management,Governance and Portfolio Operations,Enterprise Governance and Shared Services,Management of companies and enterprises,19,Organizational,EPM and Financial Consolidation | ERP | HCM / Workforce Management | Service Management,knowledge/research/workflow-library/workflows/performance-management.md
SF-04,Human Judgment Under Incomplete Information,Secondary,9.0,Performance Management,Governance and Portfolio Operations,Enterprise Governance and Shared Services,Management of companies and enterprises,19,Organizational,EPM and Financial Consolidation | ERP | HCM / Workforce Management | Service Management,knowledge/research/workflow-library/workflows/performance-management.md
SF-03,Decision Context Escapes the Record,Secondary,8.0,Performance Management,Governance and Portfolio Operations,Enterprise Governance and Shared Services,Management of companies and enterprises,19,Organizational,EPM and Financial Consolidation | ERP | HCM / Workforce Management | Service Management,knowledge/research/workflow-library/workflows/performance-management.md
SF-01,Exception-Path Breakdown,Primary,15.0,Point-of-Sale and Loyalty Operations,Customer and Experience Operations,Retail and Service Commerce,Food and beverage stores,40,Legacy Architecture,POS and Payments | ERP | Supply Chain Planning | Warehouse Management System,knowledge/research/workflow-library/workflows/point-of-sale-and-loyalty-operations.md
SF-04,Human Judgment Under Incomplete Information,Secondary,9.0,Point-of-Sale and Loyalty Operations,Customer and Experience Operations,Retail and Service Commerce,Food and beverage stores,40,Legacy Architecture,POS and Payments | ERP | Supply Chain Planning | Warehouse Management System,knowledge/research/workflow-library/workflows/point-of-sale-and-loyalty-operations.md
SF-03,Decision Context Escapes the Record,Secondary,6.0,Point-of-Sale and Loyalty Operations,Customer and Experience Operations,Retail and Service Commerce,Food and beverage stores,40,Legacy Architecture,POS and Payments | ERP | Supply Chain Planning | Warehouse Management System,knowledge/research/workflow-library/workflows/point-of-sale-and-loyalty-operations.md
SF-01,Exception-Path Breakdown,Primary,15.0,Point-of-Sale and Order Flow,Customer and Experience Operations,Retail and Service Commerce,Food services and drinking places,10,Legacy Architecture,POS and Payments | Restaurant Back Office and Inventory | HCM / Workforce Management,knowledge/research/workflow-library/workflows/point-of-sale-and-order-flow.md
SF-04,Human Judgment Under Incomplete Information,Secondary,9.0,Point-of-Sale and Order Flow,Customer and Experience Operations,Retail and Service Commerce,Food services and drinking places,10,Legacy Architecture,POS and Payments | Restaurant Back Office and Inventory | HCM / Workforce Management,knowledge/research/workflow-library/workflows/point-of-sale-and-order-flow.md
SF-03,Decision Context Escapes the Record,Secondary,6.0,Point-of-Sale and Order Flow,Customer and Experience Operations,Retail and Service Commerce,Food services and drinking places,10,Legacy Architecture,POS and Payments | Restaurant Back Office and Inventory | HCM / Workforce Management,knowledge/research/workflow-library/workflows/point-of-sale-and-order-flow.md
SF-04,Human Judgment Under Incomplete Information,Primary,17.5,Policy Administration,"Risk, Compliance, and Reporting",Risk Underwriting and Claims Administration,Insurance carriers and related activities,8,Regulatory,Policy Administration | Claims Management | Underwriting and Rating | CRM,knowledge/research/workflow-library/workflows/policy-administration.md
SF-07,Compliance and Evidence Burden,Secondary,11.5,Policy Administration,"Risk, Compliance, and Reporting",Risk Underwriting and Claims Administration,Insurance carriers and related activities,8,Regulatory,Policy Administration | Claims Management | Underwriting and Rating | CRM,knowledge/research/workflow-library/workflows/policy-administration.md
SF-03,Decision Context Escapes the Record,Secondary,9.0,Policy Administration,"Risk, Compliance, and Reporting",Risk Underwriting and Claims Administration,Insurance carriers and related activities,8,Regulatory,Policy Administration | Claims Management | Underwriting and Rating | CRM,knowledge/research/workflow-library/workflows/policy-administration.md
SF-02,Cross-System Reconciliation,Primary,13.0,Portfolio and Order Management,Governance and Portfolio Operations,Capital Markets and Investment Management,"Securities, commodity contracts, and investments",15,Technical,Portfolio and Order Management | Trading and Market Data | CRM | Investor Reporting and Performance,knowledge/research/workflow-library/workflows/portfolio-and-order-management.md
SF-03,Decision Context Escapes the Record,Secondary,11.0,Portfolio and Order Management,Governance and Portfolio Operations,Capital Markets and Investment Management,"Securities, commodity contracts, and investments",15,Technical,Portfolio and Order Management | Trading and Market Data | CRM | Investor Reporting and Performance,knowledge/research/workflow-library/workflows/portfolio-and-order-management.md
SF-04,Human Judgment Under Incomplete Information,Secondary,9.0,Portfolio and Order Management,Governance and Portfolio Operations,Capital Markets and Investment Management,"Securities, commodity contracts, and investments",15,Technical,Portfolio and Order Management | Trading and Market Data | CRM | Investor Reporting and Performance,knowledge/research/workflow-library/workflows/portfolio-and-order-management.md
SF-04,Human Judgment Under Incomplete Information,Primary,11.0,Pricing and Promotion Management,Customer and Experience Operations,Retail and Service Commerce,Other retail,7,Technical,Commerce Platform | ERP | Order Management System | Warehouse Management System,knowledge/research/workflow-library/workflows/pricing-and-promotion-management.md
SF-05,Handoff and Approval Latency,Primary,13.0,Pricing and Quoting,"Access, Intake, and Contracting",Distribution and Trade Operations,Wholesale trade,2,Technical,ERP | Supply Chain Planning | Warehouse Management System | Order Management System,knowledge/research/workflow-library/workflows/pricing-and-quoting.md
SF-04,Human Judgment Under Incomplete Information,Secondary,11.0,Pricing and Quoting,"Access, Intake, and Contracting",Distribution and Trade Operations,Wholesale trade,2,Technical,ERP | Supply Chain Planning | Warehouse Management System | Order Management System,knowledge/research/workflow-library/workflows/pricing-and-quoting.md
SF-03,Decision Context Escapes the Record,Secondary,6.0,Pricing and Quoting,"Access, Intake, and Contracting",Distribution and Trade Operations,Wholesale trade,2,Technical,ERP | Supply Chain Planning | Warehouse Management System | Order Management System,knowledge/research/workflow-library/workflows/pricing-and-quoting.md
SF-08,Multi-Party Trust and Dependency Gaps,Primary,14.0,Procurement and Prep Management,Sourcing and Supply,Retail and Service Commerce,Food services and drinking places,10,Economic,POS and Payments | Restaurant Back Office and Inventory | HCM / Workforce Management,knowledge/research/workflow-library/workflows/procurement-and-prep-management.md
SF-03,Decision Context Escapes the Record,Secondary,9.0,Procurement and Prep Management,Sourcing and Supply,Retail and Service Commerce,Food services and drinking places,10,Economic,POS and Payments | Restaurant Back Office and Inventory | HCM / Workforce Management,knowledge/research/workflow-library/workflows/procurement-and-prep-management.md
SF-01,Exception-Path Breakdown,Secondary,7.0,Procurement and Prep Management,Sourcing and Supply,Retail and Service Commerce,Food services and drinking places,10,Economic,POS and Payments | Restaurant Back Office and Inventory | HCM / Workforce Management,knowledge/research/workflow-library/workflows/procurement-and-prep-management.md
SF-08,Multi-Party Trust and Dependency Gaps,Primary,14.0,Procurement and Replenishment,Sourcing and Supply,Distribution and Trade Operations,Wholesale trade,2,Economic,ERP | Supply Chain Planning | Warehouse Management System | Order Management System,knowledge/research/workflow-library/workflows/procurement-and-replenishment.md
SF-03,Decision Context Escapes the Record,Secondary,9.0,Procurement and Replenishment,Sourcing and Supply,Distribution and Trade Operations,Wholesale trade,2,Economic,ERP | Supply Chain Planning | Warehouse Management System | Order Management System,knowledge/research/workflow-library/workflows/procurement-and-replenishment.md
SF-01,Exception-Path Breakdown,Secondary,7.0,Procurement and Replenishment,Sourcing and Supply,Distribution and Trade Operations,Wholesale trade,2,Economic,ERP | Supply Chain Planning | Warehouse Management System | Order Management System,knowledge/research/workflow-library/workflows/procurement-and-replenishment.md
SF-03,Decision Context Escapes the Record,Primary,10.0,Product Lifecycle and Engineering Management,"Product, Content, and Engineering",Product Manufacturing and Lifecycle Operations,"Electrical equipment, appliances, and components",50,Legacy Architecture,ERP | PLM and Engineering Design | Manufacturing Execution System | Shop Floor Control and Quality,knowledge/research/workflow-library/workflows/product-lifecycle-and-engineering-management.md
SF-02,Cross-System Reconciliation,Secondary,9.0,Product Lifecycle and Engineering Management,"Product, Content, and Engineering",Product Manufacturing and Lifecycle Operations,"Electrical equipment, appliances, and components",50,Legacy Architecture,ERP | PLM and Engineering Design | Manufacturing Execution System | Shop Floor Control and Quality,knowledge/research/workflow-library/workflows/product-lifecycle-and-engineering-management.md
SF-04,Human Judgment Under Incomplete Information,Secondary,6.0,Product Lifecycle and Engineering Management,"Product, Content, and Engineering",Product Manufacturing and Lifecycle Operations,"Electrical equipment, appliances, and components",50,Legacy Architecture,ERP | PLM and Engineering Design | Manufacturing Execution System | Shop Floor Control and Quality,knowledge/research/workflow-library/workflows/product-lifecycle-and-engineering-management.md
SF-03,Decision Context Escapes the Record,Primary,10.0,Product and Content Development,"Product, Content, and Engineering","IP, Subscription, and Rights Management","Publishing industries, except internet (includes software)",22,Legacy Architecture,CRM | Billing and Subscription Management | ERP | Service Management,knowledge/research/workflow-library/workflows/product-and-content-development.md
SF-02,Cross-System Reconciliation,Secondary,9.0,Product and Content Development,"Product, Content, and Engineering","IP, Subscription, and Rights Management","Publishing industries, except internet (includes software)",22,Legacy Architecture,CRM | Billing and Subscription Management | ERP | Service Management,knowledge/research/workflow-library/workflows/product-and-content-development.md
SF-04,Human Judgment Under Incomplete Information,Secondary,6.0,Product and Content Development,"Product, Content, and Engineering","IP, Subscription, and Rights Management","Publishing industries, except internet (includes software)",22,Legacy Architecture,CRM | Billing and Subscription Management | ERP | Service Management,knowledge/research/workflow-library/workflows/product-and-content-development.md
SF-03,Decision Context Escapes the Record,Primary,10.0,Product and Content Release Management,"Product, Content, and Engineering",Digital Platform and Subscription Operations,"Data processing, internet publishing, and other information services",17,Legacy Architecture,Cloud Infrastructure and IT Operations | CRM | Service Management | Billing and Subscription Management,knowledge/research/workflow-library/workflows/product-and-content-release-management.md
SF-02,Cross-System Reconciliation,Secondary,9.0,Product and Content Release Management,"Product, Content, and Engineering",Digital Platform and Subscription Operations,"Data processing, internet publishing, and other information services",17,Legacy Architecture,Cloud Infrastructure and IT Operations | CRM | Service Management | Billing and Subscription Management,knowledge/research/workflow-library/workflows/product-and-content-release-management.md
SF-04,Human Judgment Under Incomplete Information,Secondary,6.0,Product and Content Release Management,"Product, Content, and Engineering",Digital Platform and Subscription Operations,"Data processing, internet publishing, and other information services",17,Legacy Architecture,Cloud Infrastructure and IT Operations | CRM | Service Management | Billing and Subscription Management,knowledge/research/workflow-library/workflows/product-and-content-release-management.md
SF-03,Decision Context Escapes the Record,Primary,10.0,Product and Engineering Configuration,"Product, Content, and Engineering",Product Manufacturing and Lifecycle Operations,Machinery,33,Legacy Architecture,ERP | PLM and Engineering Design | Manufacturing Execution System | Maintenance Management,knowledge/research/workflow-library/workflows/product-and-engineering-configuration.md
SF-02,Cross-System Reconciliation,Secondary,9.0,Product and Engineering Configuration,"Product, Content, and Engineering",Product Manufacturing and Lifecycle Operations,Machinery,33,Legacy Architecture,ERP | PLM and Engineering Design | Manufacturing Execution System | Maintenance Management,knowledge/research/workflow-library/workflows/product-and-engineering-configuration.md
SF-04,Human Judgment Under Incomplete Information,Secondary,6.0,Product and Engineering Configuration,"Product, Content, and Engineering",Product Manufacturing and Lifecycle Operations,Machinery,33,Legacy Architecture,ERP | PLM and Engineering Design | Manufacturing Execution System | Maintenance Management,knowledge/research/workflow-library/workflows/product-and-engineering-configuration.md
SF-06,Plan vs. Reality Divergence,Primary,16.5,Production Operations,Production and Asset Operations,Field Production and Resource Extraction,Oil and gas extraction,32,Legacy Architecture,Upstream Energy Management | Production Accounting and Regulatory | Geoscience and Reservoir Management | ERP,knowledge/research/workflow-library/workflows/production-operations.md
SF-04,Human Judgment Under Incomplete Information,Secondary,10.0,Production Operations,Production and Asset Operations,Field Production and Resource Extraction,Oil and gas extraction,32,Legacy Architecture,Upstream Energy Management | Production Accounting and Regulatory | Geoscience and Reservoir Management | ERP,knowledge/research/workflow-library/workflows/production-operations.md
SF-03,Decision Context Escapes the Record,Secondary,8.0,Production Operations,Production and Asset Operations,Field Production and Resource Extraction,Oil and gas extraction,32,Legacy Architecture,Upstream Energy Management | Production Accounting and Regulatory | Geoscience and Reservoir Management | ERP,knowledge/research/workflow-library/workflows/production-operations.md
SF-04,Human Judgment Under Incomplete Information,Primary,21.5,Production Planning,Planning and Allocation,Field Production and Resource Extraction,Farms,26,Technical,Farm Management Platform | Precision Agriculture and Telematics,knowledge/research/workflow-library/workflows/production-planning.md
SF-06,Plan vs. Reality Divergence,Secondary,13.0,Production Planning,Planning and Allocation,Field Production and Resource Extraction,Farms,26,Technical,Farm Management Platform | Precision Agriculture and Telematics,knowledge/research/workflow-library/workflows/production-planning.md
SF-08,Multi-Party Trust and Dependency Gaps,Secondary,8.0,Production Planning,Planning and Allocation,Field Production and Resource Extraction,Farms,26,Technical,Farm Management Platform | Precision Agriculture and Telematics,knowledge/research/workflow-library/workflows/production-planning.md
SF-04,Human Judgment Under Incomplete Information,Primary,21.5,Production Planning,Planning and Allocation,Product Manufacturing and Lifecycle Operations,Fabricated metal products,31,Technical,ERP | Manufacturing Execution System | Shop Floor Control and Quality,knowledge/research/workflow-library/workflows/production-planning.md
SF-06,Plan vs. Reality Divergence,Secondary,13.0,Production Planning,Planning and Allocation,Product Manufacturing and Lifecycle Operations,Fabricated metal products,31,Technical,ERP | Manufacturing Execution System | Shop Floor Control and Quality,knowledge/research/workflow-library/workflows/production-planning.md
SF-08,Multi-Party Trust and Dependency Gaps,Secondary,8.0,Production Planning,Planning and Allocation,Product Manufacturing and Lifecycle Operations,Fabricated metal products,31,Technical,ERP | Manufacturing Execution System | Shop Floor Control and Quality,knowledge/research/workflow-library/workflows/production-planning.md
SF-04,Human Judgment Under Incomplete Information,Primary,21.5,Production Planning,Planning and Allocation,Product Manufacturing and Lifecycle Operations,Plastics and rubber products,45,Technical,ERP | Manufacturing Execution System | PLM and Engineering Design | Shop Floor Control and Quality,knowledge/research/workflow-library/workflows/production-planning.md
SF-06,Plan vs. Reality Divergence,Secondary,13.0,Production Planning,Planning and Allocation,Product Manufacturing and Lifecycle Operations,Plastics and rubber products,45,Technical,ERP | Manufacturing Execution System | PLM and Engineering Design | Shop Floor Control and Quality,knowledge/research/workflow-library/workflows/production-planning.md
SF-08,Multi-Party Trust and Dependency Gaps,Secondary,8.0,Production Planning,Planning and Allocation,Product Manufacturing and Lifecycle Operations,Plastics and rubber products,45,Technical,ERP | Manufacturing Execution System | PLM and Engineering Design | Shop Floor Control and Quality,knowledge/research/workflow-library/workflows/production-planning.md
SF-06,Plan vs. Reality Divergence,Primary,16.5,Production Planning and Process Control,Production and Asset Operations,Process Manufacturing and Throughput Control,Chemical products,16,Legacy Architecture,ERP | Industrial Automation and SCADA | Manufacturing Execution System | Maintenance Management,knowledge/research/workflow-library/workflows/production-planning-and-process-control.md
SF-04,Human Judgment Under Incomplete Information,Secondary,10.0,Production Planning and Process Control,Production and Asset Operations,Process Manufacturing and Throughput Control,Chemical products,16,Legacy Architecture,ERP | Industrial Automation and SCADA | Manufacturing Execution System | Maintenance Management,knowledge/research/workflow-library/workflows/production-planning-and-process-control.md
SF-03,Decision Context Escapes the Record,Secondary,8.0,Production Planning and Process Control,Production and Asset Operations,Process Manufacturing and Throughput Control,Chemical products,16,Legacy Architecture,ERP | Industrial Automation and SCADA | Manufacturing Execution System | Maintenance Management,knowledge/research/workflow-library/workflows/production-planning-and-process-control.md
SF-06,Plan vs. Reality Divergence,Primary,16.5,Production Planning and Process Control,Production and Asset Operations,Process Manufacturing and Throughput Control,Food and beverage and tobacco products,13,Legacy Architecture,ERP | Supply Chain Planning | Manufacturing Execution System | Industrial Automation and SCADA,knowledge/research/workflow-library/workflows/production-planning-and-process-control.md
SF-04,Human Judgment Under Incomplete Information,Secondary,10.0,Production Planning and Process Control,Production and Asset Operations,Process Manufacturing and Throughput Control,Food and beverage and tobacco products,13,Legacy Architecture,ERP | Supply Chain Planning | Manufacturing Execution System | Industrial Automation and SCADA,knowledge/research/workflow-library/workflows/production-planning-and-process-control.md
SF-03,Decision Context Escapes the Record,Secondary,8.0,Production Planning and Process Control,Production and Asset Operations,Process Manufacturing and Throughput Control,Food and beverage and tobacco products,13,Legacy Architecture,ERP | Supply Chain Planning | Manufacturing Execution System | Industrial Automation and SCADA,knowledge/research/workflow-library/workflows/production-planning-and-process-control.md
SF-06,Plan vs. Reality Divergence,Primary,16.5,Production Planning and Process Control,Production and Asset Operations,Process Manufacturing and Throughput Control,Paper products,48,Legacy Architecture,ERP | Industrial Automation and SCADA | Maintenance Management | Supply Chain Planning,knowledge/research/workflow-library/workflows/production-planning-and-process-control.md
SF-04,Human Judgment Under Incomplete Information,Secondary,10.0,Production Planning and Process Control,Production and Asset Operations,Process Manufacturing and Throughput Control,Paper products,48,Legacy Architecture,ERP | Industrial Automation and SCADA | Maintenance Management | Supply Chain Planning,knowledge/research/workflow-library/workflows/production-planning-and-process-control.md
SF-03,Decision Context Escapes the Record,Secondary,8.0,Production Planning and Process Control,Production and Asset Operations,Process Manufacturing and Throughput Control,Paper products,48,Legacy Architecture,ERP | Industrial Automation and SCADA | Maintenance Management | Supply Chain Planning,knowledge/research/workflow-library/workflows/production-planning-and-process-control.md
SF-06,Plan vs. Reality Divergence,Primary,16.5,Production Planning and Process Control,Production and Asset Operations,Process Manufacturing and Throughput Control,Petroleum and coal products,25,Legacy Architecture,ERP | Industrial Automation and SCADA | Maintenance Management | Supply Chain Planning,knowledge/research/workflow-library/workflows/production-planning-and-process-control.md
SF-04,Human Judgment Under Incomplete Information,Secondary,10.0,Production Planning and Process Control,Production and Asset Operations,Process Manufacturing and Throughput Control,Petroleum and coal products,25,Legacy Architecture,ERP | Industrial Automation and SCADA | Maintenance Management | Supply Chain Planning,knowledge/research/workflow-library/workflows/production-planning-and-process-control.md
SF-03,Decision Context Escapes the Record,Secondary,8.0,Production Planning and Process Control,Production and Asset Operations,Process Manufacturing and Throughput Control,Petroleum and coal products,25,Legacy Architecture,ERP | Industrial Automation and SCADA | Maintenance Management | Supply Chain Planning,knowledge/research/workflow-library/workflows/production-planning-and-process-control.md
SF-06,Plan vs. Reality Divergence,Primary,16.5,Production Planning and Process Control,Production and Asset Operations,Process Manufacturing and Throughput Control,Primary metals,44,Legacy Architecture,ERP | Industrial Automation and SCADA | Maintenance Management | Shop Floor Control and Quality,knowledge/research/workflow-library/workflows/production-planning-and-process-control.md
SF-04,Human Judgment Under Incomplete Information,Secondary,10.0,Production Planning and Process Control,Production and Asset Operations,Process Manufacturing and Throughput Control,Primary metals,44,Legacy Architecture,ERP | Industrial Automation and SCADA | Maintenance Management | Shop Floor Control and Quality,knowledge/research/workflow-library/workflows/production-planning-and-process-control.md
SF-03,Decision Context Escapes the Record,Secondary,8.0,Production Planning and Process Control,Production and Asset Operations,Process Manufacturing and Throughput Control,Primary metals,44,Legacy Architecture,ERP | Industrial Automation and SCADA | Maintenance Management | Shop Floor Control and Quality,knowledge/research/workflow-library/workflows/production-planning-and-process-control.md
SF-04,Human Judgment Under Incomplete Information,Primary,21.5,Production Scheduling,Planning and Allocation,"IP, Subscription, and Rights Management",Motion picture and sound recording industries,49,Technical,Rights and Royalty Management | Production Management | CRM | ERP,knowledge/research/workflow-library/workflows/production-scheduling.md
SF-06,Plan vs. Reality Divergence,Secondary,13.0,Production Scheduling,Planning and Allocation,"IP, Subscription, and Rights Management",Motion picture and sound recording industries,49,Technical,Rights and Royalty Management | Production Management | CRM | ERP,knowledge/research/workflow-library/workflows/production-scheduling.md
SF-08,Multi-Party Trust and Dependency Gaps,Secondary,8.0,Production Scheduling,Planning and Allocation,"IP, Subscription, and Rights Management",Motion picture and sound recording industries,49,Technical,Rights and Royalty Management | Production Management | CRM | ERP,knowledge/research/workflow-library/workflows/production-scheduling.md
SF-04,Human Judgment Under Incomplete Information,Primary,21.5,Program and Platform Planning,Planning and Allocation,Product Manufacturing and Lifecycle Operations,"Motor vehicles, bodies and trailers, and parts",21,Technical,ERP | PLM and Engineering Design | Manufacturing Execution System | Supply Chain Planning,knowledge/research/workflow-library/workflows/program-and-platform-planning.md
SF-06,Plan vs. Reality Divergence,Secondary,13.0,Program and Platform Planning,Planning and Allocation,Product Manufacturing and Lifecycle Operations,"Motor vehicles, bodies and trailers, and parts",21,Technical,ERP | PLM and Engineering Design | Manufacturing Execution System | Supply Chain Planning,knowledge/research/workflow-library/workflows/program-and-platform-planning.md
SF-08,Multi-Party Trust and Dependency Gaps,Secondary,8.0,Program and Platform Planning,Planning and Allocation,Product Manufacturing and Lifecycle Operations,"Motor vehicles, bodies and trailers, and parts",21,Technical,ERP | PLM and Engineering Design | Manufacturing Execution System | Supply Chain Planning,knowledge/research/workflow-library/workflows/program-and-platform-planning.md
SF-04,Human Judgment Under Incomplete Information,Primary,21.5,Program and Platform Planning,Planning and Allocation,Product Manufacturing and Lifecycle Operations,Other transportation equipment,34,Technical,ERP | PLM and Engineering Design | Project and Construction Management,knowledge/research/workflow-library/workflows/program-and-platform-planning.md
SF-06,Plan vs. Reality Divergence,Secondary,13.0,Program and Platform Planning,Planning and Allocation,Product Manufacturing and Lifecycle Operations,Other transportation equipment,34,Technical,ERP | PLM and Engineering Design | Project and Construction Management,knowledge/research/workflow-library/workflows/program-and-platform-planning.md
SF-08,Multi-Party Trust and Dependency Gaps,Secondary,8.0,Program and Platform Planning,Planning and Allocation,Product Manufacturing and Lifecycle Operations,Other transportation equipment,34,Technical,ERP | PLM and Engineering Design | Project and Construction Management,knowledge/research/workflow-library/workflows/program-and-platform-planning.md
SF-04,Human Judgment Under Incomplete Information,Primary,21.5,Programming and Event Planning,Planning and Allocation,"Venue, Hospitality, and Attendance Operations","Performing arts, spectator sports, museums, and related activities",41,Technical,Ticketing and Venue Management | CRM | Event and Donor Management,knowledge/research/workflow-library/workflows/programming-and-event-planning.md
SF-06,Plan vs. Reality Divergence,Secondary,13.0,Programming and Event Planning,Planning and Allocation,"Venue, Hospitality, and Attendance Operations","Performing arts, spectator sports, museums, and related activities",41,Technical,Ticketing and Venue Management | CRM | Event and Donor Management,knowledge/research/workflow-library/workflows/programming-and-event-planning.md
SF-08,Multi-Party Trust and Dependency Gaps,Secondary,8.0,Programming and Event Planning,Planning and Allocation,"Venue, Hospitality, and Attendance Operations","Performing arts, spectator sports, museums, and related activities",41,Technical,Ticketing and Venue Management | CRM | Event and Donor Management,knowledge/research/workflow-library/workflows/programming-and-event-planning.md
SF-01,Exception-Path Breakdown,Primary,20.5,Progress Billing and Compliance Administration,Finance and Revenue Operations,Project Delivery and Contracting,Construction,3,Legacy Architecture,Project and Construction Management | Scheduling and Planning | ERP,knowledge/research/workflow-library/workflows/progress-billing-and-compliance-administration.md
SF-03,Decision Context Escapes the Record,Secondary,14.0,Progress Billing and Compliance Administration,Finance and Revenue Operations,Project Delivery and Contracting,Construction,3,Legacy Architecture,Project and Construction Management | Scheduling and Planning | ERP,knowledge/research/workflow-library/workflows/progress-billing-and-compliance-administration.md
SF-02,Cross-System Reconciliation,Secondary,10.0,Progress Billing and Compliance Administration,Finance and Revenue Operations,Project Delivery and Contracting,Construction,3,Legacy Architecture,Project and Construction Management | Scheduling and Planning | ERP,knowledge/research/workflow-library/workflows/progress-billing-and-compliance-administration.md
SF-03,Decision Context Escapes the Record,Primary,13.0,Project Delivery,Delivery and Service Execution,Professional Services and Matter Management,Computer systems design and related services,20,Organizational,CRM | HCM / Workforce Management | Professional Services Automation | Service Management,knowledge/research/workflow-library/workflows/project-delivery.md
SF-04,Human Judgment Under Incomplete Information,Secondary,7.0,Project Delivery,Delivery and Service Execution,Professional Services and Matter Management,Computer systems design and related services,20,Organizational,CRM | HCM / Workforce Management | Professional Services Automation | Service Management,knowledge/research/workflow-library/workflows/project-delivery.md
SF-03,Decision Context Escapes the Record,Primary,13.0,Project Delivery,Delivery and Service Execution,Professional Services and Matter Management,"Miscellaneous professional, scientific, and technical services",4,Organizational,CRM | HCM / Workforce Management | Professional Services Automation | ERP,knowledge/research/workflow-library/workflows/project-delivery.md
SF-04,Human Judgment Under Incomplete Information,Secondary,7.0,Project Delivery,Delivery and Service Execution,Professional Services and Matter Management,"Miscellaneous professional, scientific, and technical services",4,Organizational,CRM | HCM / Workforce Management | Professional Services Automation | ERP,knowledge/research/workflow-library/workflows/project-delivery.md
SF-04,Human Judgment Under Incomplete Information,Primary,21.5,Project Scheduling and Resource Planning,Planning and Allocation,Project Delivery and Contracting,Construction,3,Technical,Project and Construction Management | Scheduling and Planning | ERP,knowledge/research/workflow-library/workflows/project-scheduling-and-resource-planning.md
SF-06,Plan vs. Reality Divergence,Secondary,13.0,Project Scheduling and Resource Planning,Planning and Allocation,Project Delivery and Contracting,Construction,3,Technical,Project and Construction Management | Scheduling and Planning | ERP,knowledge/research/workflow-library/workflows/project-scheduling-and-resource-planning.md
SF-08,Multi-Party Trust and Dependency Gaps,Secondary,8.0,Project Scheduling and Resource Planning,Planning and Allocation,Project Delivery and Contracting,Construction,3,Technical,Project and Construction Management | Scheduling and Planning | ERP,knowledge/research/workflow-library/workflows/project-scheduling-and-resource-planning.md
SF-07,Compliance and Evidence Burden,Primary,23.5,Quality Inspection and Certification,"Risk, Compliance, and Reporting",Process Manufacturing and Throughput Control,Primary metals,44,Regulatory,ERP | Industrial Automation and SCADA | Maintenance Management | Shop Floor Control and Quality,knowledge/research/workflow-library/workflows/quality-inspection-and-certification.md
SF-04,Human Judgment Under Incomplete Information,Secondary,14.0,Quality Inspection and Certification,"Risk, Compliance, and Reporting",Process Manufacturing and Throughput Control,Primary metals,44,Regulatory,ERP | Industrial Automation and SCADA | Maintenance Management | Shop Floor Control and Quality,knowledge/research/workflow-library/workflows/quality-inspection-and-certification.md
SF-03,Decision Context Escapes the Record,Secondary,10.5,Quality Inspection and Certification,"Risk, Compliance, and Reporting",Process Manufacturing and Throughput Control,Primary metals,44,Regulatory,ERP | Industrial Automation and SCADA | Maintenance Management | Shop Floor Control and Quality,knowledge/research/workflow-library/workflows/quality-inspection-and-certification.md
SF-07,Compliance and Evidence Burden,Primary,23.5,Quality Inspection and Certification,"Risk, Compliance, and Reporting",Product Manufacturing and Lifecycle Operations,Fabricated metal products,31,Regulatory,ERP | Manufacturing Execution System | Shop Floor Control and Quality,knowledge/research/workflow-library/workflows/quality-inspection-and-certification.md
SF-04,Human Judgment Under Incomplete Information,Secondary,14.0,Quality Inspection and Certification,"Risk, Compliance, and Reporting",Product Manufacturing and Lifecycle Operations,Fabricated metal products,31,Regulatory,ERP | Manufacturing Execution System | Shop Floor Control and Quality,knowledge/research/workflow-library/workflows/quality-inspection-and-certification.md
SF-03,Decision Context Escapes the Record,Secondary,10.5,Quality Inspection and Certification,"Risk, Compliance, and Reporting",Product Manufacturing and Lifecycle Operations,Fabricated metal products,31,Regulatory,ERP | Manufacturing Execution System | Shop Floor Control and Quality,knowledge/research/workflow-library/workflows/quality-inspection-and-certification.md
SF-07,Compliance and Evidence Burden,Primary,23.5,Quality and Compliance Management,"Risk, Compliance, and Reporting",Product Manufacturing and Lifecycle Operations,Plastics and rubber products,45,Regulatory,ERP | Manufacturing Execution System | PLM and Engineering Design | Shop Floor Control and Quality,knowledge/research/workflow-library/workflows/quality-and-compliance-management.md
SF-04,Human Judgment Under Incomplete Information,Secondary,14.0,Quality and Compliance Management,"Risk, Compliance, and Reporting",Product Manufacturing and Lifecycle Operations,Plastics and rubber products,45,Regulatory,ERP | Manufacturing Execution System | PLM and Engineering Design | Shop Floor Control and Quality,knowledge/research/workflow-library/workflows/quality-and-compliance-management.md
SF-03,Decision Context Escapes the Record,Secondary,10.5,Quality and Compliance Management,"Risk, Compliance, and Reporting",Product Manufacturing and Lifecycle Operations,Plastics and rubber products,45,Regulatory,ERP | Manufacturing Execution System | PLM and Engineering Design | Shop Floor Control and Quality,knowledge/research/workflow-library/workflows/quality-and-compliance-management.md
SF-06,Plan vs. Reality Divergence,Primary,16.5,Quality and Converting Management,Production and Asset Operations,Process Manufacturing and Throughput Control,Paper products,48,Legacy Architecture,ERP | Industrial Automation and SCADA | Maintenance Management | Supply Chain Planning,knowledge/research/workflow-library/workflows/quality-and-converting-management.md
SF-04,Human Judgment Under Incomplete Information,Secondary,10.0,Quality and Converting Management,Production and Asset Operations,Process Manufacturing and Throughput Control,Paper products,48,Legacy Architecture,ERP | Industrial Automation and SCADA | Maintenance Management | Supply Chain Planning,knowledge/research/workflow-library/workflows/quality-and-converting-management.md
SF-03,Decision Context Escapes the Record,Secondary,8.0,Quality and Converting Management,Production and Asset Operations,Process Manufacturing and Throughput Control,Paper products,48,Legacy Architecture,ERP | Industrial Automation and SCADA | Maintenance Management | Supply Chain Planning,knowledge/research/workflow-library/workflows/quality-and-converting-management.md
SF-07,Compliance and Evidence Burden,Primary,23.5,Quality and Traceability Management,"Risk, Compliance, and Reporting",Product Manufacturing and Lifecycle Operations,Computer and electronic products,35,Regulatory,ERP | PLM and Engineering Design | Manufacturing Execution System | Supply Chain Planning,knowledge/research/workflow-library/workflows/quality-and-traceability-management.md
SF-04,Human Judgment Under Incomplete Information,Secondary,14.0,Quality and Traceability Management,"Risk, Compliance, and Reporting",Product Manufacturing and Lifecycle Operations,Computer and electronic products,35,Regulatory,ERP | PLM and Engineering Design | Manufacturing Execution System | Supply Chain Planning,knowledge/research/workflow-library/workflows/quality-and-traceability-management.md
SF-03,Decision Context Escapes the Record,Secondary,10.5,Quality and Traceability Management,"Risk, Compliance, and Reporting",Product Manufacturing and Lifecycle Operations,Computer and electronic products,35,Regulatory,ERP | PLM and Engineering Design | Manufacturing Execution System | Supply Chain Planning,knowledge/research/workflow-library/workflows/quality-and-traceability-management.md
SF-07,Compliance and Evidence Burden,Primary,23.5,"Quality, Safety, and Environmental Management","Risk, Compliance, and Reporting",Process Manufacturing and Throughput Control,Chemical products,16,Regulatory,ERP | Industrial Automation and SCADA | Manufacturing Execution System | Maintenance Management,knowledge/research/workflow-library/workflows/quality-safety-and-environmental-management.md
SF-04,Human Judgment Under Incomplete Information,Secondary,14.0,"Quality, Safety, and Environmental Management","Risk, Compliance, and Reporting",Process Manufacturing and Throughput Control,Chemical products,16,Regulatory,ERP | Industrial Automation and SCADA | Manufacturing Execution System | Maintenance Management,knowledge/research/workflow-library/workflows/quality-safety-and-environmental-management.md
SF-03,Decision Context Escapes the Record,Secondary,10.5,"Quality, Safety, and Environmental Management","Risk, Compliance, and Reporting",Process Manufacturing and Throughput Control,Chemical products,16,Regulatory,ERP | Industrial Automation and SCADA | Manufacturing Execution System | Maintenance Management,knowledge/research/workflow-library/workflows/quality-safety-and-environmental-management.md
SF-03,Decision Context Escapes the Record,Primary,7.0,Recruiting and Work Assignment,Workforce and Labor Operations,Workforce Coordination and Service Operations,Administrative and support services,11,Behavioral,HCM / Workforce Management | CRM | Service Management | ERP,knowledge/research/workflow-library/workflows/recruiting-and-work-assignment.md
SF-04,Human Judgment Under Incomplete Information,Secondary,7.0,Recruiting and Work Assignment,Workforce and Labor Operations,Workforce Coordination and Service Operations,Administrative and support services,11,Behavioral,HCM / Workforce Management | CRM | Service Management | ERP,knowledge/research/workflow-library/workflows/recruiting-and-work-assignment.md
SF-07,Compliance and Evidence Burden,Primary,23.5,Regulatory Labeling and Compliance,"Risk, Compliance, and Reporting",Process Manufacturing and Throughput Control,Food and beverage and tobacco products,13,Regulatory,ERP | Supply Chain Planning | Manufacturing Execution System | Industrial Automation and SCADA,knowledge/research/workflow-library/workflows/regulatory-labeling-and-compliance.md
SF-04,Human Judgment Under Incomplete Information,Secondary,14.0,Regulatory Labeling and Compliance,"Risk, Compliance, and Reporting",Process Manufacturing and Throughput Control,Food and beverage and tobacco products,13,Regulatory,ERP | Supply Chain Planning | Manufacturing Execution System | Industrial Automation and SCADA,knowledge/research/workflow-library/workflows/regulatory-labeling-and-compliance.md
SF-03,Decision Context Escapes the Record,Secondary,10.5,Regulatory Labeling and Compliance,"Risk, Compliance, and Reporting",Process Manufacturing and Throughput Control,Food and beverage and tobacco products,13,Regulatory,ERP | Supply Chain Planning | Manufacturing Execution System | Industrial Automation and SCADA,knowledge/research/workflow-library/workflows/regulatory-labeling-and-compliance.md
SF-07,Compliance and Evidence Burden,Primary,26.0,Regulatory and Reinsurance Reporting,"Risk, Compliance, and Reporting",Risk Underwriting and Claims Administration,Insurance carriers and related activities,8,Regulatory,Policy Administration | Claims Management | Underwriting and Rating | CRM,knowledge/research/workflow-library/workflows/regulatory-and-reinsurance-reporting.md
SF-03,Decision Context Escapes the Record,Secondary,12.0,Regulatory and Reinsurance Reporting,"Risk, Compliance, and Reporting",Risk Underwriting and Claims Administration,Insurance carriers and related activities,8,Regulatory,Policy Administration | Claims Management | Underwriting and Rating | CRM,knowledge/research/workflow-library/workflows/regulatory-and-reinsurance-reporting.md
SF-01,Exception-Path Breakdown,Secondary,7.0,Regulatory and Reinsurance Reporting,"Risk, Compliance, and Reporting",Risk Underwriting and Claims Administration,Insurance carriers and related activities,8,Regulatory,Policy Administration | Claims Management | Underwriting and Rating | CRM,knowledge/research/workflow-library/workflows/regulatory-and-reinsurance-reporting.md
SF-07,Compliance and Evidence Burden,Primary,26.0,Reliability and Security Operations,"Risk, Compliance, and Reporting",Digital Platform and Subscription Operations,"Data processing, internet publishing, and other information services",17,Regulatory,Cloud Infrastructure and IT Operations | CRM | Service Management | Billing and Subscription Management,knowledge/research/workflow-library/workflows/reliability-and-security-operations.md
SF-03,Decision Context Escapes the Record,Secondary,12.0,Reliability and Security Operations,"Risk, Compliance, and Reporting",Digital Platform and Subscription Operations,"Data processing, internet publishing, and other information services",17,Regulatory,Cloud Infrastructure and IT Operations | CRM | Service Management | Billing and Subscription Management,knowledge/research/workflow-library/workflows/reliability-and-security-operations.md
SF-01,Exception-Path Breakdown,Secondary,7.0,Reliability and Security Operations,"Risk, Compliance, and Reporting",Digital Platform and Subscription Operations,"Data processing, internet publishing, and other information services",17,Regulatory,Cloud Infrastructure and IT Operations | CRM | Service Management | Billing and Subscription Management,knowledge/research/workflow-library/workflows/reliability-and-security-operations.md
SF-03,Decision Context Escapes the Record,Primary,16.0,Renewal and Account Expansion,Customer and Experience Operations,Professional Services and Matter Management,Computer systems design and related services,20,Behavioral,CRM | HCM / Workforce Management | Professional Services Automation | Service Management,knowledge/research/workflow-library/workflows/renewal-and-account-expansion.md
SF-04,Human Judgment Under Incomplete Information,Secondary,12.5,Renewal and Account Expansion,Customer and Experience Operations,Professional Services and Matter Management,Computer systems design and related services,20,Behavioral,CRM | HCM / Workforce Management | Professional Services Automation | Service Management,knowledge/research/workflow-library/workflows/renewal-and-account-expansion.md
SF-01,Exception-Path Breakdown,Primary,7.0,Reservation and Contract Management,"Access, Intake, and Contracting",Asset Utilization and Lease Management,Rental and leasing services and lessors of intangible assets,23,Technical,Rental Operations Management | Maintenance Management | ERP,knowledge/research/workflow-library/workflows/reservation-and-contract-management.md
SF-03,Decision Context Escapes the Record,Secondary,6.0,Reservation and Contract Management,"Access, Intake, and Contracting",Asset Utilization and Lease Management,Rental and leasing services and lessors of intangible assets,23,Technical,Rental Operations Management | Maintenance Management | ERP,knowledge/research/workflow-library/workflows/reservation-and-contract-management.md
SF-01,Exception-Path Breakdown,Primary,7.0,Reservation and Distribution Management,"Access, Intake, and Contracting","Venue, Hospitality, and Attendance Operations",Accommodation,36,Technical,Property Management System | Reservation and Distribution System | Revenue Management Platform | ERP,knowledge/research/workflow-library/workflows/reservation-and-distribution-management.md
SF-03,Decision Context Escapes the Record,Secondary,6.0,Reservation and Distribution Management,"Access, Intake, and Contracting","Venue, Hospitality, and Attendance Operations",Accommodation,36,Technical,Property Management System | Reservation and Distribution System | Revenue Management Platform | ERP,knowledge/research/workflow-library/workflows/reservation-and-distribution-management.md
SF-04,Human Judgment Under Incomplete Information,Primary,11.0,Returns and Markdown Management,Customer and Experience Operations,Retail and Service Commerce,General merchandise stores,43,Technical,Commerce Platform | ERP | Order Management System | Warehouse Management System | Supply Chain Planning,knowledge/research/workflow-library/workflows/returns-and-markdown-management.md
SF-04,Human Judgment Under Incomplete Information,Primary,8.5,Revenue Management,Planning and Allocation,Transportation Network Operations,Air transportation,42,Technical,Airline Operations and Reservations | Revenue Management Platform | ERP,knowledge/research/workflow-library/workflows/revenue-management.md
SF-06,Plan vs. Reality Divergence,Secondary,8.5,Revenue Management,Planning and Allocation,Transportation Network Operations,Air transportation,42,Technical,Airline Operations and Reservations | Revenue Management Platform | ERP,knowledge/research/workflow-library/workflows/revenue-management.md
SF-03,Decision Context Escapes the Record,Secondary,6.0,Revenue Management,Planning and Allocation,Transportation Network Operations,Air transportation,42,Technical,Airline Operations and Reservations | Revenue Management Platform | ERP,knowledge/research/workflow-library/workflows/revenue-management.md
SF-04,Human Judgment Under Incomplete Information,Primary,8.5,Revenue Management,Planning and Allocation,"Venue, Hospitality, and Attendance Operations",Accommodation,36,Technical,Property Management System | Reservation and Distribution System | Revenue Management Platform | ERP,knowledge/research/workflow-library/workflows/revenue-management.md
SF-06,Plan vs. Reality Divergence,Secondary,8.5,Revenue Management,Planning and Allocation,"Venue, Hospitality, and Attendance Operations",Accommodation,36,Technical,Property Management System | Reservation and Distribution System | Revenue Management Platform | ERP,knowledge/research/workflow-library/workflows/revenue-management.md
SF-03,Decision Context Escapes the Record,Secondary,6.0,Revenue Management,Planning and Allocation,"Venue, Hospitality, and Attendance Operations",Accommodation,36,Technical,Property Management System | Reservation and Distribution System | Revenue Management Platform | ERP,knowledge/research/workflow-library/workflows/revenue-management.md
SF-07,Compliance and Evidence Burden,Primary,21.0,Revenue and Regulatory Reporting,Finance and Revenue Operations,Field Production and Resource Extraction,Oil and gas extraction,32,Regulatory,Upstream Energy Management | Production Accounting and Regulatory | Geoscience and Reservoir Management | ERP,knowledge/research/workflow-library/workflows/revenue-and-regulatory-reporting.md
SF-03,Decision Context Escapes the Record,Secondary,13.0,Revenue and Regulatory Reporting,Finance and Revenue Operations,Field Production and Resource Extraction,Oil and gas extraction,32,Regulatory,Upstream Energy Management | Production Accounting and Regulatory | Geoscience and Reservoir Management | ERP,knowledge/research/workflow-library/workflows/revenue-and-regulatory-reporting.md
SF-02,Cross-System Reconciliation,Secondary,10.0,Revenue and Regulatory Reporting,Finance and Revenue Operations,Field Production and Resource Extraction,Oil and gas extraction,32,Regulatory,Upstream Energy Management | Production Accounting and Regulatory | Geoscience and Reservoir Management | ERP,knowledge/research/workflow-library/workflows/revenue-and-regulatory-reporting.md
SF-03,Decision Context Escapes the Record,Primary,11.5,Rights and Contract Management,"Product, Content, and Engineering","IP, Subscription, and Rights Management",Motion picture and sound recording industries,49,Legacy Architecture,Rights and Royalty Management | Production Management | CRM | ERP,knowledge/research/workflow-library/workflows/rights-and-contract-management.md
SF-05,Handoff and Approval Latency,Secondary,7.0,Rights and Contract Management,"Product, Content, and Engineering","IP, Subscription, and Rights Management",Motion picture and sound recording industries,49,Legacy Architecture,Rights and Royalty Management | Production Management | CRM | ERP,knowledge/research/workflow-library/workflows/rights-and-contract-management.md
SF-07,Compliance and Evidence Burden,Primary,26.0,Risk and Compliance Monitoring,"Risk, Compliance, and Reporting","Deposit, Credit, and Payment Intermediation","Federal Reserve banks, credit intermediation, and related activities",9,Regulatory,Core Banking | Loan Origination and Servicing | Payments | Risk and Compliance | CRM,knowledge/research/workflow-library/workflows/risk-and-compliance-monitoring.md
SF-03,Decision Context Escapes the Record,Secondary,12.0,Risk and Compliance Monitoring,"Risk, Compliance, and Reporting","Deposit, Credit, and Payment Intermediation","Federal Reserve banks, credit intermediation, and related activities",9,Regulatory,Core Banking | Loan Origination and Servicing | Payments | Risk and Compliance | CRM,knowledge/research/workflow-library/workflows/risk-and-compliance-monitoring.md
SF-01,Exception-Path Breakdown,Secondary,7.0,Risk and Compliance Monitoring,"Risk, Compliance, and Reporting","Deposit, Credit, and Payment Intermediation","Federal Reserve banks, credit intermediation, and related activities",9,Regulatory,Core Banking | Loan Origination and Servicing | Payments | Risk and Compliance | CRM,knowledge/research/workflow-library/workflows/risk-and-compliance-monitoring.md
SF-07,Compliance and Evidence Burden,Primary,26.0,Risk and Compliance Surveillance,"Risk, Compliance, and Reporting",Capital Markets and Investment Management,"Securities, commodity contracts, and investments",15,Regulatory,Portfolio and Order Management | Trading and Market Data | CRM | Investor Reporting and Performance,knowledge/research/workflow-library/workflows/risk-and-compliance-surveillance.md
SF-03,Decision Context Escapes the Record,Secondary,12.0,Risk and Compliance Surveillance,"Risk, Compliance, and Reporting",Capital Markets and Investment Management,"Securities, commodity contracts, and investments",15,Regulatory,Portfolio and Order Management | Trading and Market Data | CRM | Investor Reporting and Performance,knowledge/research/workflow-library/workflows/risk-and-compliance-surveillance.md
SF-01,Exception-Path Breakdown,Secondary,7.0,Risk and Compliance Surveillance,"Risk, Compliance, and Reporting",Capital Markets and Investment Management,"Securities, commodity contracts, and investments",15,Regulatory,Portfolio and Order Management | Trading and Market Data | CRM | Investor Reporting and Performance,knowledge/research/workflow-library/workflows/risk-and-compliance-surveillance.md
SF-03,Decision Context Escapes the Record,Primary,9.5,Royalty and Participation Accounting,Finance and Revenue Operations,"IP, Subscription, and Rights Management",Motion picture and sound recording industries,49,Legacy Architecture,Rights and Royalty Management | Production Management | CRM | ERP,knowledge/research/workflow-library/workflows/royalty-and-participation-accounting.md
SF-02,Cross-System Reconciliation,Secondary,8.0,Royalty and Participation Accounting,Finance and Revenue Operations,"IP, Subscription, and Rights Management",Motion picture and sound recording industries,49,Legacy Architecture,Rights and Royalty Management | Production Management | CRM | ERP,knowledge/research/workflow-library/workflows/royalty-and-participation-accounting.md
SF-01,Exception-Path Breakdown,Secondary,7.0,Royalty and Participation Accounting,Finance and Revenue Operations,"IP, Subscription, and Rights Management",Motion picture and sound recording industries,49,Legacy Architecture,Rights and Royalty Management | Production Management | CRM | ERP,knowledge/research/workflow-library/workflows/royalty-and-participation-accounting.md
SF-07,Compliance and Evidence Burden,Primary,23.5,Safety and Compliance Management,"Risk, Compliance, and Reporting","Venue, Hospitality, and Attendance Operations","Amusements, gambling, and recreation industries",47,Regulatory,Ticketing and Venue Management | POS and Payments | CRM | Revenue Management Platform,knowledge/research/workflow-library/workflows/safety-and-compliance-management.md
SF-04,Human Judgment Under Incomplete Information,Secondary,14.0,Safety and Compliance Management,"Risk, Compliance, and Reporting","Venue, Hospitality, and Attendance Operations","Amusements, gambling, and recreation industries",47,Regulatory,Ticketing and Venue Management | POS and Payments | CRM | Revenue Management Platform,knowledge/research/workflow-library/workflows/safety-and-compliance-management.md
SF-03,Decision Context Escapes the Record,Secondary,10.5,Safety and Compliance Management,"Risk, Compliance, and Reporting","Venue, Hospitality, and Attendance Operations","Amusements, gambling, and recreation industries",47,Regulatory,Ticketing and Venue Management | POS and Payments | CRM | Revenue Management Platform,knowledge/research/workflow-library/workflows/safety-and-compliance-management.md
SF-03,Decision Context Escapes the Record,Primary,7.0,Scheduling and Staffing,Workforce and Labor Operations,Education Delivery and Administration,Educational services,30,Behavioral,Student Information System | Learning Management System | HCM / Workforce Management | ERP,knowledge/research/workflow-library/workflows/scheduling-and-staffing.md
SF-04,Human Judgment Under Incomplete Information,Secondary,7.0,Scheduling and Staffing,Workforce and Labor Operations,Education Delivery and Administration,Educational services,30,Behavioral,Student Information System | Learning Management System | HCM / Workforce Management | ERP,knowledge/research/workflow-library/workflows/scheduling-and-staffing.md
SF-03,Decision Context Escapes the Record,Primary,13.0,Service Delivery and Referral Coordination,Clinical and Case Operations,Case Management and Program Administration,Social assistance,38,Regulatory,Case Management System | CRM | Grant and Program Reporting | Referral Management,knowledge/research/workflow-library/workflows/service-delivery-and-referral-coordination.md
SF-04,Human Judgment Under Incomplete Information,Secondary,7.0,Service Delivery and Referral Coordination,Clinical and Case Operations,Case Management and Program Administration,Social assistance,38,Regulatory,Case Management System | CRM | Grant and Program Reporting | Referral Management,knowledge/research/workflow-library/workflows/service-delivery-and-referral-coordination.md
SF-07,Compliance and Evidence Burden,Secondary,6.5,Service Delivery and Referral Coordination,Clinical and Case Operations,Case Management and Program Administration,Social assistance,38,Regulatory,Case Management System | CRM | Grant and Program Reporting | Referral Management,knowledge/research/workflow-library/workflows/service-delivery-and-referral-coordination.md
SF-01,Exception-Path Breakdown,Primary,14.0,Service Execution,Delivery and Service Execution,Retail and Service Commerce,Food services and drinking places,10,Legacy Architecture,POS and Payments | Restaurant Back Office and Inventory | HCM / Workforce Management,knowledge/research/workflow-library/workflows/service-execution.md
SF-03,Decision Context Escapes the Record,Secondary,11.0,Service Execution,Delivery and Service Execution,Retail and Service Commerce,Food services and drinking places,10,Legacy Architecture,POS and Payments | Restaurant Back Office and Inventory | HCM / Workforce Management,knowledge/research/workflow-library/workflows/service-execution.md
SF-06,Plan vs. Reality Divergence,Secondary,6.0,Service Execution,Delivery and Service Execution,Retail and Service Commerce,Food services and drinking places,10,Legacy Architecture,POS and Payments | Restaurant Back Office and Inventory | HCM / Workforce Management,knowledge/research/workflow-library/workflows/service-execution.md
SF-03,Decision Context Escapes the Record,Primary,7.0,Service Provisioning and Activation,Network and Transportation Operations,Network Infrastructure Operations,Broadcasting and telecommunications,18,Legacy Architecture,Network OSS/BSS | Billing and Subscription Management | CRM,knowledge/research/workflow-library/workflows/service-provisioning-and-activation.md
SF-01,Exception-Path Breakdown,Primary,10.0,Service Scheduling and Parts Management,Customer and Experience Operations,Retail and Service Commerce,Motor vehicle and parts dealers,27,Technical,Dealership Management System | CRM | Loan Origination and Servicing | Maintenance Management,knowledge/research/workflow-library/workflows/service-scheduling-and-parts-management.md
SF-03,Decision Context Escapes the Record,Secondary,8.0,Service Scheduling and Parts Management,Customer and Experience Operations,Retail and Service Commerce,Motor vehicle and parts dealers,27,Technical,Dealership Management System | CRM | Loan Origination and Servicing | Maintenance Management,knowledge/research/workflow-library/workflows/service-scheduling-and-parts-management.md
SF-04,Human Judgment Under Incomplete Information,Secondary,7.0,Service Scheduling and Parts Management,Customer and Experience Operations,Retail and Service Commerce,Motor vehicle and parts dealers,27,Technical,Dealership Management System | CRM | Loan Origination and Servicing | Maintenance Management,knowledge/research/workflow-library/workflows/service-scheduling-and-parts-management.md
SF-05,Handoff and Approval Latency,Primary,16.0,Service-Level Monitoring,Governance and Portfolio Operations,Workforce Coordination and Service Operations,Administrative and support services,11,Organizational,HCM / Workforce Management | CRM | Service Management | ERP,knowledge/research/workflow-library/workflows/service-level-monitoring.md
SF-04,Human Judgment Under Incomplete Information,Secondary,9.0,Service-Level Monitoring,Governance and Portfolio Operations,Workforce Coordination and Service Operations,Administrative and support services,11,Organizational,HCM / Workforce Management | CRM | Service Management | ERP,knowledge/research/workflow-library/workflows/service-level-monitoring.md
SF-03,Decision Context Escapes the Record,Secondary,8.0,Service-Level Monitoring,Governance and Portfolio Operations,Workforce Coordination and Service Operations,Administrative and support services,11,Organizational,HCM / Workforce Management | CRM | Service Management | ERP,knowledge/research/workflow-library/workflows/service-level-monitoring.md
SF-05,Handoff and Approval Latency,Primary,16.0,Shared Service Operations,Governance and Portfolio Operations,Enterprise Governance and Shared Services,Management of companies and enterprises,19,Organizational,EPM and Financial Consolidation | ERP | HCM / Workforce Management | Service Management,knowledge/research/workflow-library/workflows/shared-service-operations.md
SF-04,Human Judgment Under Incomplete Information,Secondary,9.0,Shared Service Operations,Governance and Portfolio Operations,Enterprise Governance and Shared Services,Management of companies and enterprises,19,Organizational,EPM and Financial Consolidation | ERP | HCM / Workforce Management | Service Management,knowledge/research/workflow-library/workflows/shared-service-operations.md
SF-03,Decision Context Escapes the Record,Secondary,8.0,Shared Service Operations,Governance and Portfolio Operations,Enterprise Governance and Shared Services,Management of companies and enterprises,19,Organizational,EPM and Financial Consolidation | ERP | HCM / Workforce Management | Service Management,knowledge/research/workflow-library/workflows/shared-service-operations.md
SF-02,Cross-System Reconciliation,Primary,23.5,Shipping and Invoice Reconciliation,Finance and Revenue Operations,Product Manufacturing and Lifecycle Operations,Fabricated metal products,31,Legacy Architecture,ERP | Manufacturing Execution System | Shop Floor Control and Quality,knowledge/research/workflow-library/workflows/shipping-and-invoice-reconciliation.md
SF-01,Exception-Path Breakdown,Secondary,16.0,Shipping and Invoice Reconciliation,Finance and Revenue Operations,Product Manufacturing and Lifecycle Operations,Fabricated metal products,31,Legacy Architecture,ERP | Manufacturing Execution System | Shop Floor Control and Quality,knowledge/research/workflow-library/workflows/shipping-and-invoice-reconciliation.md
SF-03,Decision Context Escapes the Record,Secondary,14.0,Shipping and Invoice Reconciliation,Finance and Revenue Operations,Product Manufacturing and Lifecycle Operations,Fabricated metal products,31,Legacy Architecture,ERP | Manufacturing Execution System | Shop Floor Control and Quality,knowledge/research/workflow-library/workflows/shipping-and-invoice-reconciliation.md
SF-06,Plan vs. Reality Divergence,Primary,16.5,Shop Floor Execution and Quality Management,Production and Asset Operations,Product Manufacturing and Lifecycle Operations,Computer and electronic products,35,Legacy Architecture,ERP | PLM and Engineering Design | Manufacturing Execution System | Supply Chain Planning,knowledge/research/workflow-library/workflows/shop-floor-execution-and-quality-management.md
SF-04,Human Judgment Under Incomplete Information,Secondary,10.0,Shop Floor Execution and Quality Management,Production and Asset Operations,Product Manufacturing and Lifecycle Operations,Computer and electronic products,35,Legacy Architecture,ERP | PLM and Engineering Design | Manufacturing Execution System | Supply Chain Planning,knowledge/research/workflow-library/workflows/shop-floor-execution-and-quality-management.md
SF-03,Decision Context Escapes the Record,Secondary,8.0,Shop Floor Execution and Quality Management,Production and Asset Operations,Product Manufacturing and Lifecycle Operations,Computer and electronic products,35,Legacy Architecture,ERP | PLM and Engineering Design | Manufacturing Execution System | Supply Chain Planning,knowledge/research/workflow-library/workflows/shop-floor-execution-and-quality-management.md
SF-06,Plan vs. Reality Divergence,Primary,16.5,Shop Floor Execution and Quality Management,Production and Asset Operations,Product Manufacturing and Lifecycle Operations,Fabricated metal products,31,Legacy Architecture,ERP | Manufacturing Execution System | Shop Floor Control and Quality,knowledge/research/workflow-library/workflows/shop-floor-execution-and-quality-management.md
SF-04,Human Judgment Under Incomplete Information,Secondary,10.0,Shop Floor Execution and Quality Management,Production and Asset Operations,Product Manufacturing and Lifecycle Operations,Fabricated metal products,31,Legacy Architecture,ERP | Manufacturing Execution System | Shop Floor Control and Quality,knowledge/research/workflow-library/workflows/shop-floor-execution-and-quality-management.md
SF-03,Decision Context Escapes the Record,Secondary,8.0,Shop Floor Execution and Quality Management,Production and Asset Operations,Product Manufacturing and Lifecycle Operations,Fabricated metal products,31,Legacy Architecture,ERP | Manufacturing Execution System | Shop Floor Control and Quality,knowledge/research/workflow-library/workflows/shop-floor-execution-and-quality-management.md
SF-06,Plan vs. Reality Divergence,Primary,16.5,Shop Floor Execution and Quality Management,Production and Asset Operations,Product Manufacturing and Lifecycle Operations,"Motor vehicles, bodies and trailers, and parts",21,Legacy Architecture,ERP | PLM and Engineering Design | Manufacturing Execution System | Supply Chain Planning,knowledge/research/workflow-library/workflows/shop-floor-execution-and-quality-management.md
SF-04,Human Judgment Under Incomplete Information,Secondary,10.0,Shop Floor Execution and Quality Management,Production and Asset Operations,Product Manufacturing and Lifecycle Operations,"Motor vehicles, bodies and trailers, and parts",21,Legacy Architecture,ERP | PLM and Engineering Design | Manufacturing Execution System | Supply Chain Planning,knowledge/research/workflow-library/workflows/shop-floor-execution-and-quality-management.md
SF-03,Decision Context Escapes the Record,Secondary,8.0,Shop Floor Execution and Quality Management,Production and Asset Operations,Product Manufacturing and Lifecycle Operations,"Motor vehicles, bodies and trailers, and parts",21,Legacy Architecture,ERP | PLM and Engineering Design | Manufacturing Execution System | Supply Chain Planning,knowledge/research/workflow-library/workflows/shop-floor-execution-and-quality-management.md
SF-03,Decision Context Escapes the Record,Primary,8.0,Sponsorship and Donor Management,"Access, Intake, and Contracting","Venue, Hospitality, and Attendance Operations","Performing arts, spectator sports, museums, and related activities",41,Behavioral,Ticketing and Venue Management | CRM | Event and Donor Management,knowledge/research/workflow-library/workflows/sponsorship-and-donor-management.md
SF-04,Human Judgment Under Incomplete Information,Secondary,6.5,Sponsorship and Donor Management,"Access, Intake, and Contracting","Venue, Hospitality, and Attendance Operations","Performing arts, spectator sports, museums, and related activities",41,Behavioral,Ticketing and Venue Management | CRM | Event and Donor Management,knowledge/research/workflow-library/workflows/sponsorship-and-donor-management.md
SF-03,Decision Context Escapes the Record,Primary,7.0,Staffing and Capacity Planning,Workforce and Labor Operations,Professional Services and Matter Management,Computer systems design and related services,20,Behavioral,CRM | HCM / Workforce Management | Professional Services Automation | Service Management,knowledge/research/workflow-library/workflows/staffing-and-capacity-planning.md
SF-04,Human Judgment Under Incomplete Information,Secondary,7.0,Staffing and Capacity Planning,Workforce and Labor Operations,Professional Services and Matter Management,Computer systems design and related services,20,Behavioral,CRM | HCM / Workforce Management | Professional Services Automation | Service Management,knowledge/research/workflow-library/workflows/staffing-and-capacity-planning.md
SF-03,Decision Context Escapes the Record,Primary,7.0,Staffing and Capacity Planning,Workforce and Labor Operations,Professional Services and Matter Management,"Miscellaneous professional, scientific, and technical services",4,Behavioral,CRM | HCM / Workforce Management | Professional Services Automation | ERP,knowledge/research/workflow-library/workflows/staffing-and-capacity-planning.md
SF-04,Human Judgment Under Incomplete Information,Secondary,7.0,Staffing and Capacity Planning,Workforce and Labor Operations,Professional Services and Matter Management,"Miscellaneous professional, scientific, and technical services",4,Behavioral,CRM | HCM / Workforce Management | Professional Services Automation | ERP,knowledge/research/workflow-library/workflows/staffing-and-capacity-planning.md
SF-03,Decision Context Escapes the Record,Primary,7.0,Staffing and Task Management,Workforce and Labor Operations,Professional Services and Matter Management,Legal services,29,Behavioral,Document Management | Practice Management and Billing | CRM,knowledge/research/workflow-library/workflows/staffing-and-task-management.md
SF-04,Human Judgment Under Incomplete Information,Secondary,7.0,Staffing and Task Management,Workforce and Labor Operations,Professional Services and Matter Management,Legal services,29,Behavioral,Document Management | Practice Management and Billing | CRM,knowledge/research/workflow-library/workflows/staffing-and-task-management.md
SF-04,Human Judgment Under Incomplete Information,Primary,8.0,Store Labor Execution,Workforce and Labor Operations,Retail and Service Commerce,General merchandise stores,43,Behavioral,Commerce Platform | ERP | Order Management System | Warehouse Management System | Supply Chain Planning,knowledge/research/workflow-library/workflows/store-labor-execution.md
SF-01,Exception-Path Breakdown,Secondary,7.0,Store Labor Execution,Workforce and Labor Operations,Retail and Service Commerce,General merchandise stores,43,Behavioral,Commerce Platform | ERP | Order Management System | Warehouse Management System | Supply Chain Planning,knowledge/research/workflow-library/workflows/store-labor-execution.md
SF-03,Decision Context Escapes the Record,Secondary,7.0,Store Labor Execution,Workforce and Labor Operations,Retail and Service Commerce,General merchandise stores,43,Behavioral,Commerce Platform | ERP | Order Management System | Warehouse Management System | Supply Chain Planning,knowledge/research/workflow-library/workflows/store-labor-execution.md
SF-03,Decision Context Escapes the Record,Primary,16.0,Student Service and Retention Management,Customer and Experience Operations,Education Delivery and Administration,Educational services,30,Behavioral,Student Information System | Learning Management System | HCM / Workforce Management | ERP,knowledge/research/workflow-library/workflows/student-service-and-retention-management.md
SF-04,Human Judgment Under Incomplete Information,Secondary,12.5,Student Service and Retention Management,Customer and Experience Operations,Education Delivery and Administration,Educational services,30,Behavioral,Student Information System | Learning Management System | HCM / Workforce Management | ERP,knowledge/research/workflow-library/workflows/student-service-and-retention-management.md
SF-01,Exception-Path Breakdown,Primary,21.0,Subscription and License Management,Finance and Revenue Operations,"IP, Subscription, and Rights Management","Publishing industries, except internet (includes software)",22,Legacy Architecture,CRM | Billing and Subscription Management | ERP | Service Management,knowledge/research/workflow-library/workflows/subscription-and-license-management.md
SF-03,Decision Context Escapes the Record,Secondary,8.0,Subscription and License Management,Finance and Revenue Operations,"IP, Subscription, and Rights Management","Publishing industries, except internet (includes software)",22,Legacy Architecture,CRM | Billing and Subscription Management | ERP | Service Management,knowledge/research/workflow-library/workflows/subscription-and-license-management.md
SF-02,Cross-System Reconciliation,Secondary,6.0,Subscription and License Management,Finance and Revenue Operations,"IP, Subscription, and Rights Management","Publishing industries, except internet (includes software)",22,Legacy Architecture,CRM | Billing and Subscription Management | ERP | Service Management,knowledge/research/workflow-library/workflows/subscription-and-license-management.md
SF-08,Multi-Party Trust and Dependency Gaps,Primary,17.5,Supplier Coordination and Compliance,Sourcing and Supply,Product Manufacturing and Lifecycle Operations,Other transportation equipment,34,Legacy Architecture,ERP | PLM and Engineering Design | Project and Construction Management,knowledge/research/workflow-library/workflows/supplier-coordination-and-compliance.md
SF-03,Decision Context Escapes the Record,Secondary,13.0,Supplier Coordination and Compliance,Sourcing and Supply,Product Manufacturing and Lifecycle Operations,Other transportation equipment,34,Legacy Architecture,ERP | PLM and Engineering Design | Project and Construction Management,knowledge/research/workflow-library/workflows/supplier-coordination-and-compliance.md
SF-05,Handoff and Approval Latency,Secondary,6.0,Supplier Coordination and Compliance,Sourcing and Supply,Product Manufacturing and Lifecycle Operations,Other transportation equipment,34,Legacy Architecture,ERP | PLM and Engineering Design | Project and Construction Management,knowledge/research/workflow-library/workflows/supplier-coordination-and-compliance.md
SF-08,Multi-Party Trust and Dependency Gaps,Primary,17.5,Supplier Scheduling and Procurement,Sourcing and Supply,Product Manufacturing and Lifecycle Operations,"Electrical equipment, appliances, and components",50,Legacy Architecture,ERP | PLM and Engineering Design | Manufacturing Execution System | Shop Floor Control and Quality,knowledge/research/workflow-library/workflows/supplier-scheduling-and-procurement.md
SF-03,Decision Context Escapes the Record,Secondary,13.0,Supplier Scheduling and Procurement,Sourcing and Supply,Product Manufacturing and Lifecycle Operations,"Electrical equipment, appliances, and components",50,Legacy Architecture,ERP | PLM and Engineering Design | Manufacturing Execution System | Shop Floor Control and Quality,knowledge/research/workflow-library/workflows/supplier-scheduling-and-procurement.md
SF-05,Handoff and Approval Latency,Secondary,6.0,Supplier Scheduling and Procurement,Sourcing and Supply,Product Manufacturing and Lifecycle Operations,"Electrical equipment, appliances, and components",50,Legacy Architecture,ERP | PLM and Engineering Design | Manufacturing Execution System | Shop Floor Control and Quality,knowledge/research/workflow-library/workflows/supplier-scheduling-and-procurement.md
SF-08,Multi-Party Trust and Dependency Gaps,Primary,17.5,Supplier Scheduling and Procurement,Sourcing and Supply,Product Manufacturing and Lifecycle Operations,Machinery,33,Legacy Architecture,ERP | PLM and Engineering Design | Manufacturing Execution System | Maintenance Management,knowledge/research/workflow-library/workflows/supplier-scheduling-and-procurement.md
SF-03,Decision Context Escapes the Record,Secondary,13.0,Supplier Scheduling and Procurement,Sourcing and Supply,Product Manufacturing and Lifecycle Operations,Machinery,33,Legacy Architecture,ERP | PLM and Engineering Design | Manufacturing Execution System | Maintenance Management,knowledge/research/workflow-library/workflows/supplier-scheduling-and-procurement.md
SF-05,Handoff and Approval Latency,Secondary,6.0,Supplier Scheduling and Procurement,Sourcing and Supply,Product Manufacturing and Lifecycle Operations,Machinery,33,Legacy Architecture,ERP | PLM and Engineering Design | Manufacturing Execution System | Maintenance Management,knowledge/research/workflow-library/workflows/supplier-scheduling-and-procurement.md
SF-08,Multi-Party Trust and Dependency Gaps,Primary,17.5,Supplier Scheduling and Procurement,Sourcing and Supply,Product Manufacturing and Lifecycle Operations,"Motor vehicles, bodies and trailers, and parts",21,Legacy Architecture,ERP | PLM and Engineering Design | Manufacturing Execution System | Supply Chain Planning,knowledge/research/workflow-library/workflows/supplier-scheduling-and-procurement.md
SF-03,Decision Context Escapes the Record,Secondary,13.0,Supplier Scheduling and Procurement,Sourcing and Supply,Product Manufacturing and Lifecycle Operations,"Motor vehicles, bodies and trailers, and parts",21,Legacy Architecture,ERP | PLM and Engineering Design | Manufacturing Execution System | Supply Chain Planning,knowledge/research/workflow-library/workflows/supplier-scheduling-and-procurement.md
SF-05,Handoff and Approval Latency,Secondary,6.0,Supplier Scheduling and Procurement,Sourcing and Supply,Product Manufacturing and Lifecycle Operations,"Motor vehicles, bodies and trailers, and parts",21,Legacy Architecture,ERP | PLM and Engineering Design | Manufacturing Execution System | Supply Chain Planning,knowledge/research/workflow-library/workflows/supplier-scheduling-and-procurement.md
SF-08,Multi-Party Trust and Dependency Gaps,Primary,18.5,Supplier and Subcontractor Management,Sourcing and Supply,Project Delivery and Contracting,Construction,3,Organizational,Project and Construction Management | Scheduling and Planning | ERP,knowledge/research/workflow-library/workflows/supplier-and-subcontractor-management.md
SF-03,Decision Context Escapes the Record,Secondary,12.0,Supplier and Subcontractor Management,Sourcing and Supply,Project Delivery and Contracting,Construction,3,Organizational,Project and Construction Management | Scheduling and Planning | ERP,knowledge/research/workflow-library/workflows/supplier-and-subcontractor-management.md
SF-05,Handoff and Approval Latency,Secondary,7.0,Supplier and Subcontractor Management,Sourcing and Supply,Project Delivery and Contracting,Construction,3,Organizational,Project and Construction Management | Scheduling and Planning | ERP,knowledge/research/workflow-library/workflows/supplier-and-subcontractor-management.md
SF-06,Plan vs. Reality Divergence,Primary,18.0,Terminal and Yard Operations,Network and Transportation Operations,Transportation Network Operations,Other transportation and support activities,39,Technical,Transportation Management System | Fleet Telematics and Visibility | ERP,knowledge/research/workflow-library/workflows/terminal-and-yard-operations.md
SF-08,Multi-Party Trust and Dependency Gaps,Secondary,13.5,Terminal and Yard Operations,Network and Transportation Operations,Transportation Network Operations,Other transportation and support activities,39,Technical,Transportation Management System | Fleet Telematics and Visibility | ERP,knowledge/research/workflow-library/workflows/terminal-and-yard-operations.md
SF-03,Decision Context Escapes the Record,Secondary,6.0,Terminal and Yard Operations,Network and Transportation Operations,Transportation Network Operations,Other transportation and support activities,39,Technical,Transportation Management System | Fleet Telematics and Visibility | ERP,knowledge/research/workflow-library/workflows/terminal-and-yard-operations.md
SF-01,Exception-Path Breakdown,Primary,7.0,Ticketing and Pricing,"Access, Intake, and Contracting","Venue, Hospitality, and Attendance Operations","Performing arts, spectator sports, museums, and related activities",41,Technical,Ticketing and Venue Management | CRM | Event and Donor Management,knowledge/research/workflow-library/workflows/ticketing-and-pricing.md
SF-03,Decision Context Escapes the Record,Secondary,6.0,Ticketing and Pricing,"Access, Intake, and Contracting","Venue, Hospitality, and Attendance Operations","Performing arts, spectator sports, museums, and related activities",41,Technical,Ticketing and Venue Management | CRM | Event and Donor Management,knowledge/research/workflow-library/workflows/ticketing-and-pricing.md
SF-01,Exception-Path Breakdown,Primary,15.0,"Ticketing, POS, and Cage Operations",Customer and Experience Operations,"Venue, Hospitality, and Attendance Operations","Amusements, gambling, and recreation industries",47,Legacy Architecture,Ticketing and Venue Management | POS and Payments | CRM | Revenue Management Platform,knowledge/research/workflow-library/workflows/ticketing-pos-and-cage-operations.md
SF-04,Human Judgment Under Incomplete Information,Secondary,9.0,"Ticketing, POS, and Cage Operations",Customer and Experience Operations,"Venue, Hospitality, and Attendance Operations","Amusements, gambling, and recreation industries",47,Legacy Architecture,Ticketing and Venue Management | POS and Payments | CRM | Revenue Management Platform,knowledge/research/workflow-library/workflows/ticketing-pos-and-cage-operations.md
SF-03,Decision Context Escapes the Record,Secondary,6.0,"Ticketing, POS, and Cage Operations",Customer and Experience Operations,"Venue, Hospitality, and Attendance Operations","Amusements, gambling, and recreation industries",47,Legacy Architecture,Ticketing and Venue Management | POS and Payments | CRM | Revenue Management Platform,knowledge/research/workflow-library/workflows/ticketing-pos-and-cage-operations.md
SF-01,Exception-Path Breakdown,Primary,20.5,Time and Expense Capture,Finance and Revenue Operations,Professional Services and Matter Management,Computer systems design and related services,20,Legacy Architecture,CRM | HCM / Workforce Management | Professional Services Automation | Service Management,knowledge/research/workflow-library/workflows/time-and-expense-capture.md
SF-03,Decision Context Escapes the Record,Secondary,14.0,Time and Expense Capture,Finance and Revenue Operations,Professional Services and Matter Management,Computer systems design and related services,20,Legacy Architecture,CRM | HCM / Workforce Management | Professional Services Automation | Service Management,knowledge/research/workflow-library/workflows/time-and-expense-capture.md
SF-02,Cross-System Reconciliation,Secondary,10.0,Time and Expense Capture,Finance and Revenue Operations,Professional Services and Matter Management,Computer systems design and related services,20,Legacy Architecture,CRM | HCM / Workforce Management | Professional Services Automation | Service Management,knowledge/research/workflow-library/workflows/time-and-expense-capture.md
SF-01,Exception-Path Breakdown,Primary,20.5,Time and Expense Capture,Finance and Revenue Operations,Professional Services and Matter Management,Legal services,29,Legacy Architecture,Document Management | Practice Management and Billing | CRM,knowledge/research/workflow-library/workflows/time-and-expense-capture.md
SF-03,Decision Context Escapes the Record,Secondary,14.0,Time and Expense Capture,Finance and Revenue Operations,Professional Services and Matter Management,Legal services,29,Legacy Architecture,Document Management | Practice Management and Billing | CRM,knowledge/research/workflow-library/workflows/time-and-expense-capture.md
SF-02,Cross-System Reconciliation,Secondary,10.0,Time and Expense Capture,Finance and Revenue Operations,Professional Services and Matter Management,Legal services,29,Legacy Architecture,Document Management | Practice Management and Billing | CRM,knowledge/research/workflow-library/workflows/time-and-expense-capture.md
SF-01,Exception-Path Breakdown,Primary,20.5,Time and Expense Capture,Finance and Revenue Operations,Professional Services and Matter Management,"Miscellaneous professional, scientific, and technical services",4,Legacy Architecture,CRM | HCM / Workforce Management | Professional Services Automation | ERP,knowledge/research/workflow-library/workflows/time-and-expense-capture.md
SF-03,Decision Context Escapes the Record,Secondary,14.0,Time and Expense Capture,Finance and Revenue Operations,Professional Services and Matter Management,"Miscellaneous professional, scientific, and technical services",4,Legacy Architecture,CRM | HCM / Workforce Management | Professional Services Automation | ERP,knowledge/research/workflow-library/workflows/time-and-expense-capture.md
SF-02,Cross-System Reconciliation,Secondary,10.0,Time and Expense Capture,Finance and Revenue Operations,Professional Services and Matter Management,"Miscellaneous professional, scientific, and technical services",4,Legacy Architecture,CRM | HCM / Workforce Management | Professional Services Automation | ERP,knowledge/research/workflow-library/workflows/time-and-expense-capture.md
SF-06,Plan vs. Reality Divergence,Primary,16.5,Tooling and Machine Execution,Production and Asset Operations,Product Manufacturing and Lifecycle Operations,Plastics and rubber products,45,Legacy Architecture,ERP | Manufacturing Execution System | PLM and Engineering Design | Shop Floor Control and Quality,knowledge/research/workflow-library/workflows/tooling-and-machine-execution.md
SF-04,Human Judgment Under Incomplete Information,Secondary,10.0,Tooling and Machine Execution,Production and Asset Operations,Product Manufacturing and Lifecycle Operations,Plastics and rubber products,45,Legacy Architecture,ERP | Manufacturing Execution System | PLM and Engineering Design | Shop Floor Control and Quality,knowledge/research/workflow-library/workflows/tooling-and-machine-execution.md
SF-03,Decision Context Escapes the Record,Secondary,8.0,Tooling and Machine Execution,Production and Asset Operations,Product Manufacturing and Lifecycle Operations,Plastics and rubber products,45,Legacy Architecture,ERP | Manufacturing Execution System | PLM and Engineering Design | Shop Floor Control and Quality,knowledge/research/workflow-library/workflows/tooling-and-machine-execution.md
SF-02,Cross-System Reconciliation,Primary,23.5,Trade Execution and Settlement,Finance and Revenue Operations,Capital Markets and Investment Management,"Securities, commodity contracts, and investments",15,Legacy Architecture,Portfolio and Order Management | Trading and Market Data | CRM | Investor Reporting and Performance,knowledge/research/workflow-library/workflows/trade-execution-and-settlement.md
SF-01,Exception-Path Breakdown,Secondary,16.0,Trade Execution and Settlement,Finance and Revenue Operations,Capital Markets and Investment Management,"Securities, commodity contracts, and investments",15,Legacy Architecture,Portfolio and Order Management | Trading and Market Data | CRM | Investor Reporting and Performance,knowledge/research/workflow-library/workflows/trade-execution-and-settlement.md
SF-03,Decision Context Escapes the Record,Secondary,14.0,Trade Execution and Settlement,Finance and Revenue Operations,Capital Markets and Investment Management,"Securities, commodity contracts, and investments",15,Legacy Architecture,Portfolio and Order Management | Trading and Market Data | CRM | Investor Reporting and Performance,knowledge/research/workflow-library/workflows/trade-execution-and-settlement.md
SF-04,Human Judgment Under Incomplete Information,Primary,14.0,Turnover and Readiness Management,Production and Asset Operations,Asset Utilization and Lease Management,Housing,1,Legacy Architecture,Property Management System | CRM | Maintenance Management,knowledge/research/workflow-library/workflows/turnover-and-readiness-management.md
SF-06,Plan vs. Reality Divergence,Secondary,13.0,Turnover and Readiness Management,Production and Asset Operations,Asset Utilization and Lease Management,Housing,1,Legacy Architecture,Property Management System | CRM | Maintenance Management,knowledge/research/workflow-library/workflows/turnover-and-readiness-management.md
SF-03,Decision Context Escapes the Record,Secondary,8.0,Turnover and Readiness Management,Production and Asset Operations,Asset Utilization and Lease Management,Housing,1,Legacy Architecture,Property Management System | CRM | Maintenance Management,knowledge/research/workflow-library/workflows/turnover-and-readiness-management.md
SF-04,Human Judgment Under Incomplete Information,Primary,17.5,Underwriting and Pricing,"Risk, Compliance, and Reporting",Risk Underwriting and Claims Administration,Insurance carriers and related activities,8,Regulatory,Policy Administration | Claims Management | Underwriting and Rating | CRM,knowledge/research/workflow-library/workflows/underwriting-and-pricing.md
SF-07,Compliance and Evidence Burden,Secondary,11.5,Underwriting and Pricing,"Risk, Compliance, and Reporting",Risk Underwriting and Claims Administration,Insurance carriers and related activities,8,Regulatory,Policy Administration | Claims Management | Underwriting and Rating | CRM,knowledge/research/workflow-library/workflows/underwriting-and-pricing.md
SF-03,Decision Context Escapes the Record,Secondary,9.0,Underwriting and Pricing,"Risk, Compliance, and Reporting",Risk Underwriting and Claims Administration,Insurance carriers and related activities,8,Regulatory,Policy Administration | Claims Management | Underwriting and Rating | CRM,knowledge/research/workflow-library/workflows/underwriting-and-pricing.md
SF-01,Exception-Path Breakdown,Primary,21.0,Usage Billing and Monetization,Finance and Revenue Operations,Digital Platform and Subscription Operations,"Data processing, internet publishing, and other information services",17,Legacy Architecture,Cloud Infrastructure and IT Operations | CRM | Service Management | Billing and Subscription Management,knowledge/research/workflow-library/workflows/usage-billing-and-monetization.md
SF-03,Decision Context Escapes the Record,Secondary,8.0,Usage Billing and Monetization,Finance and Revenue Operations,Digital Platform and Subscription Operations,"Data processing, internet publishing, and other information services",17,Legacy Architecture,Cloud Infrastructure and IT Operations | CRM | Service Management | Billing and Subscription Management,knowledge/research/workflow-library/workflows/usage-billing-and-monetization.md
SF-02,Cross-System Reconciliation,Secondary,6.0,Usage Billing and Monetization,Finance and Revenue Operations,Digital Platform and Subscription Operations,"Data processing, internet publishing, and other information services",17,Legacy Architecture,Cloud Infrastructure and IT Operations | CRM | Service Management | Billing and Subscription Management,knowledge/research/workflow-library/workflows/usage-billing-and-monetization.md
SF-02,Cross-System Reconciliation,Primary,13.0,"Valuation, NAV, and Reconciliation",Governance and Portfolio Operations,Capital Markets and Investment Management,"Funds, trusts, and other financial vehicles",46,Technical,Fund Administration and Accounting | Portfolio and Order Management | Reconciliation and Reporting | Investor Reporting and Performance,knowledge/research/workflow-library/workflows/valuation-nav-and-reconciliation.md
SF-03,Decision Context Escapes the Record,Secondary,11.0,"Valuation, NAV, and Reconciliation",Governance and Portfolio Operations,Capital Markets and Investment Management,"Funds, trusts, and other financial vehicles",46,Technical,Fund Administration and Accounting | Portfolio and Order Management | Reconciliation and Reporting | Investor Reporting and Performance,knowledge/research/workflow-library/workflows/valuation-nav-and-reconciliation.md
SF-04,Human Judgment Under Incomplete Information,Secondary,9.0,"Valuation, NAV, and Reconciliation",Governance and Portfolio Operations,Capital Markets and Investment Management,"Funds, trusts, and other financial vehicles",46,Technical,Fund Administration and Accounting | Portfolio and Order Management | Reconciliation and Reporting | Investor Reporting and Performance,knowledge/research/workflow-library/workflows/valuation-nav-and-reconciliation.md
SF-04,Human Judgment Under Incomplete Information,Primary,9.0,Venue and Staff Operations,Delivery and Service Execution,"Venue, Hospitality, and Attendance Operations","Performing arts, spectator sports, museums, and related activities",41,Organizational,Ticketing and Venue Management | CRM | Event and Donor Management,knowledge/research/workflow-library/workflows/venue-and-staff-operations.md
SF-01,Exception-Path Breakdown,Secondary,6.0,Venue and Staff Operations,Delivery and Service Execution,"Venue, Hospitality, and Attendance Operations","Performing arts, spectator sports, museums, and related activities",41,Organizational,Ticketing and Venue Management | CRM | Event and Donor Management,knowledge/research/workflow-library/workflows/venue-and-staff-operations.md
SF-04,Human Judgment Under Incomplete Information,Primary,8.0,Workforce Scheduling,Workforce and Labor Operations,Care Delivery and Reimbursement,Nursing and residential care facilities,37,Behavioral,EHR and Care Management | Revenue Cycle Management | HCM / Workforce Management,knowledge/research/workflow-library/workflows/workforce-scheduling.md
SF-01,Exception-Path Breakdown,Secondary,7.0,Workforce Scheduling,Workforce and Labor Operations,Care Delivery and Reimbursement,Nursing and residential care facilities,37,Behavioral,EHR and Care Management | Revenue Cycle Management | HCM / Workforce Management,knowledge/research/workflow-library/workflows/workforce-scheduling.md
SF-03,Decision Context Escapes the Record,Secondary,7.0,Workforce Scheduling,Workforce and Labor Operations,Care Delivery and Reimbursement,Nursing and residential care facilities,37,Behavioral,EHR and Care Management | Revenue Cycle Management | HCM / Workforce Management,knowledge/research/workflow-library/workflows/workforce-scheduling.md
SF-04,Human Judgment Under Incomplete Information,Primary,8.0,Workforce Scheduling,Workforce and Labor Operations,Retail and Service Commerce,Food and beverage stores,40,Behavioral,POS and Payments | ERP | Supply Chain Planning | Warehouse Management System,knowledge/research/workflow-library/workflows/workforce-scheduling.md
SF-01,Exception-Path Breakdown,Secondary,7.0,Workforce Scheduling,Workforce and Labor Operations,Retail and Service Commerce,Food and beverage stores,40,Behavioral,POS and Payments | ERP | Supply Chain Planning | Warehouse Management System,knowledge/research/workflow-library/workflows/workforce-scheduling.md
SF-03,Decision Context Escapes the Record,Secondary,7.0,Workforce Scheduling,Workforce and Labor Operations,Retail and Service Commerce,Food and beverage stores,40,Behavioral,POS and Payments | ERP | Supply Chain Planning | Warehouse Management System,knowledge/research/workflow-library/workflows/workforce-scheduling.md
SF-04,Human Judgment Under Incomplete Information,Primary,8.0,Workforce Scheduling,Workforce and Labor Operations,Retail and Service Commerce,Food services and drinking places,10,Behavioral,POS and Payments | Restaurant Back Office and Inventory | HCM / Workforce Management,knowledge/research/workflow-library/workflows/workforce-scheduling.md
SF-01,Exception-Path Breakdown,Secondary,7.0,Workforce Scheduling,Workforce and Labor Operations,Retail and Service Commerce,Food services and drinking places,10,Behavioral,POS and Payments | Restaurant Back Office and Inventory | HCM / Workforce Management,knowledge/research/workflow-library/workflows/workforce-scheduling.md
SF-03,Decision Context Escapes the Record,Secondary,7.0,Workforce Scheduling,Workforce and Labor Operations,Retail and Service Commerce,Food services and drinking places,10,Behavioral,POS and Payments | Restaurant Back Office and Inventory | HCM / Workforce Management,knowledge/research/workflow-library/workflows/workforce-scheduling.md
SF-04,Human Judgment Under Incomplete Information,Primary,8.0,Workforce Scheduling,Workforce and Labor Operations,"Venue, Hospitality, and Attendance Operations","Amusements, gambling, and recreation industries",47,Behavioral,Ticketing and Venue Management | POS and Payments | CRM | Revenue Management Platform,knowledge/research/workflow-library/workflows/workforce-scheduling.md
SF-01,Exception-Path Breakdown,Secondary,7.0,Workforce Scheduling,Workforce and Labor Operations,"Venue, Hospitality, and Attendance Operations","Amusements, gambling, and recreation industries",47,Behavioral,Ticketing and Venue Management | POS and Payments | CRM | Revenue Management Platform,knowledge/research/workflow-library/workflows/workforce-scheduling.md
SF-03,Decision Context Escapes the Record,Secondary,7.0,Workforce Scheduling,Workforce and Labor Operations,"Venue, Hospitality, and Attendance Operations","Amusements, gambling, and recreation industries",47,Behavioral,Ticketing and Venue Management | POS and Payments | CRM | Revenue Management Platform,knowledge/research/workflow-library/workflows/workforce-scheduling.md
SF-04,Human Judgment Under Incomplete Information,Primary,8.0,Workforce Scheduling,Workforce and Labor Operations,Workforce Coordination and Service Operations,Administrative and support services,11,Behavioral,HCM / Workforce Management | CRM | Service Management | ERP,knowledge/research/workflow-library/workflows/workforce-scheduling.md
SF-01,Exception-Path Breakdown,Secondary,7.0,Workforce Scheduling,Workforce and Labor Operations,Workforce Coordination and Service Operations,Administrative and support services,11,Behavioral,HCM / Workforce Management | CRM | Service Management | ERP,knowledge/research/workflow-library/workflows/workforce-scheduling.md
SF-03,Decision Context Escapes the Record,Secondary,7.0,Workforce Scheduling,Workforce and Labor Operations,Workforce Coordination and Service Operations,Administrative and support services,11,Behavioral,HCM / Workforce Management | CRM | Service Management | ERP,knowledge/research/workflow-library/workflows/workforce-scheduling.md
SF-04,Human Judgment Under Incomplete Information,Primary,8.0,Workforce Scheduling and Dispatch,Workforce and Labor Operations,Workforce Coordination and Service Operations,"Other services, except government",14,Behavioral,CRM | POS and Payments | HCM / Workforce Management | Service Management,knowledge/research/workflow-library/workflows/workforce-scheduling-and-dispatch.md
SF-01,Exception-Path Breakdown,Secondary,7.0,Workforce Scheduling and Dispatch,Workforce and Labor Operations,Workforce Coordination and Service Operations,"Other services, except government",14,Behavioral,CRM | POS and Payments | HCM / Workforce Management | Service Management,knowledge/research/workflow-library/workflows/workforce-scheduling-and-dispatch.md
SF-03,Decision Context Escapes the Record,Secondary,7.0,Workforce Scheduling and Dispatch,Workforce and Labor Operations,Workforce Coordination and Service Operations,"Other services, except government",14,Behavioral,CRM | POS and Payments | HCM / Workforce Management | Service Management,knowledge/research/workflow-library/workflows/workforce-scheduling-and-dispatch.md
