workflow_name,workflow_family,operating_systems,industries_using_this_workflow,industry_count,primary_structural_failure_code,primary_structural_failure_name,secondary_structural_failure_codes,secondary_structural_failure_names,all_selected_failure_codes,all_selected_failure_names,selected_failure_score_breakdown,full_score_breakdown,dominant_root_cause,economic_leakage_summary,time_leakage_summary,human_judgment_summary,system_of_record_escape_summary,why_it_persists_summary,workflow_document
"Access, Admissions, and Throughput Management","Access, Intake, and Contracting",Care Delivery and Reimbursement,Hospitals | Nursing and residential care facilities,2,SF-03,Decision Context Escapes the Record,SF-01 | SF-05,Exception-Path Breakdown | Handoff and Approval Latency,SF-03 | SF-01 | SF-05,Decision Context Escapes the Record | Exception-Path Breakdown | Handoff and Approval Latency,SF-03:15.0 | SF-01:13.0 | SF-05:8.0,SF-03:15.0 | SF-01:13.0 | SF-05:8.0 | SF-04:6.0 | SF-07:5.0 | SF-06:2.0 | SF-08:1.0,Organizational,"Leakage starts with avoidable denials, no-shows, unused capacity, and mis-routed participants.","Teams repeatedly collect the same history and chase coverage, paperwork, and schedule coordination.","Staff balance urgency, fit, and operational constraints under incomplete documentation.","Phone calls, scanned documents, and message threads still carry the real intake context.","Eligibility and access rules can be encoded, but edge cases and capacity realities still require manual orchestration. It typically spans 1 operating-system context and 4 systems-of-record categories.",knowledge/research/workflow-library/workflows/access-admissions-and-throughput-management.md
"Access, Intake, and Scheduling","Access, Intake, and Contracting",Care Delivery and Reimbursement,Ambulatory health care services,1,SF-03,Decision Context Escapes the Record,SF-01 | SF-05,Exception-Path Breakdown | Handoff and Approval Latency,SF-03 | SF-01 | SF-05,Decision Context Escapes the Record | Exception-Path Breakdown | Handoff and Approval Latency,SF-03:15.0 | SF-01:13.0 | SF-05:8.0,SF-03:15.0 | SF-01:13.0 | SF-05:8.0 | SF-04:6.0 | SF-07:5.0 | SF-06:2.0 | SF-08:1.0,Organizational,"Leakage starts with avoidable denials, no-shows, unused capacity, and mis-routed participants.","Teams repeatedly collect the same history and chase coverage, paperwork, and schedule coordination.","Staff balance urgency, fit, and operational constraints under incomplete documentation.","Phone calls, scanned documents, and message threads still carry the real intake context.","Eligibility and access rules can be encoded, but edge cases and capacity realities still require manual orchestration. It typically spans 1 operating-system context and 3 systems-of-record categories.",knowledge/research/workflow-library/workflows/access-intake-and-scheduling.md
Account and Loan Onboarding,"Access, Intake, and Contracting","Deposit, Credit, and Payment Intermediation","Federal Reserve banks, credit intermediation, and related activities",1,SF-05,Handoff and Approval Latency,SF-04 | SF-03,Human Judgment Under Incomplete Information | Decision Context Escapes the Record,SF-05 | SF-04 | SF-03,Handoff and Approval Latency | Human Judgment Under Incomplete Information | Decision Context Escapes the Record,SF-05:22.0 | SF-04:19.5 | SF-03:17.5,SF-05:22.0 | SF-04:19.5 | SF-03:17.5 | SF-07:12.0 | SF-01:9.0 | SF-08:3.5 | SF-02:2.0,Regulatory,"Slow onboarding delays revenue start dates and increases abandonment, while weak controls raise risk and rework.","Teams chase documents, approvals, signatures, and duplicate data entry across systems.","Analysts still judge risk, beneficial ownership complexity, and what counts as a satisfactory exception path.","Onboarding packets, emails, shared checklists, and external verification portals carry the real process state.","Verification is partly automatable, but high-value or high-risk relationships still require context-heavy review and layered approvals. It typically spans 1 operating-system context and 5 systems-of-record categories.",knowledge/research/workflow-library/workflows/account-and-loan-onboarding.md
Admissions and Enrollment,"Access, Intake, and Contracting",Education Delivery and Administration,Educational services,1,SF-03,Decision Context Escapes the Record,SF-01 | SF-05,Exception-Path Breakdown | Handoff and Approval Latency,SF-03 | SF-01 | SF-05,Decision Context Escapes the Record | Exception-Path Breakdown | Handoff and Approval Latency,SF-03:15.0 | SF-01:13.0 | SF-05:8.0,SF-03:15.0 | SF-01:13.0 | SF-05:8.0 | SF-04:6.0 | SF-07:5.0 | SF-06:2.0 | SF-08:1.0,Organizational,"Leakage starts with avoidable denials, no-shows, unused capacity, and mis-routed participants.","Teams repeatedly collect the same history and chase coverage, paperwork, and schedule coordination.","Staff balance urgency, fit, and operational constraints under incomplete documentation.","Phone calls, scanned documents, and message threads still carry the real intake context.","Eligibility and access rules can be encoded, but edge cases and capacity realities still require manual orchestration. It typically spans 1 operating-system context and 4 systems-of-record categories.",knowledge/research/workflow-library/workflows/admissions-and-enrollment.md
Aftermarket Service and Field Support,Customer and Experience Operations,Product Manufacturing and Lifecycle Operations,"Motor vehicles, bodies and trailers, and parts | Machinery | Other transportation equipment",3,SF-04,Human Judgment Under Incomplete Information,SF-01 | SF-03,Exception-Path Breakdown | Decision Context Escapes the Record,SF-04 | SF-01 | SF-03,Human Judgment Under Incomplete Information | Exception-Path Breakdown | Decision Context Escapes the Record,SF-04:16.0 | SF-01:14.0 | SF-03:9.0,SF-04:16.0 | SF-01:14.0 | SF-03:9.0 | SF-05:9.0 | SF-02:1.0,Legacy Architecture,"Repeat contacts, credits, field callbacks, and unresolved issues raise support cost and churn risk.",Agents and operations teams waste time on status chasing and duplicate handoffs.,"Good service recovery depends on empathy, prioritization, and contextual interpretation.","The most important context often lives in conversations, notes, and side chats rather than system fields.","Support flows cross channels and teams, and the edge cases that matter most remain unstructured. It typically spans 1 operating-system context and 6 systems-of-record categories.",knowledge/research/workflow-library/workflows/aftermarket-service-and-field-support.md
Assembly and Test,Production and Asset Operations,Product Manufacturing and Lifecycle Operations,"Machinery | Electrical equipment, appliances, and components",2,SF-06,Plan vs. Reality Divergence,SF-04 | SF-03,Human Judgment Under Incomplete Information | Decision Context Escapes the Record,SF-06 | SF-04 | SF-03,Plan vs. Reality Divergence | Human Judgment Under Incomplete Information | Decision Context Escapes the Record,SF-06:16.5 | SF-04:10.0 | SF-03:8.0,SF-06:16.5 | SF-04:10.0 | SF-03:8.0 | SF-05:4.0 | SF-02:1.0 | SF-01:0.5,Legacy Architecture,"Scrap, slow cycles, poor yields, and unplanned downtime are the main leakages.","Operators lose time to waiting, restarts, manual data capture, and coordination across shifts.","Supervisors balance throughput, quality, and risk when conditions diverge from the ideal run.","Operational nuance lives in shift notes, whiteboards, and tribal knowledge outside MES and ERP fields.","Even with modern MES, the last mile of execution still depends on local conditions and human adaptation. It typically spans 1 operating-system context and 5 systems-of-record categories.",knowledge/research/workflow-library/workflows/assembly-and-test.md
"Assembly, Test, and Certification",Production and Asset Operations,Product Manufacturing and Lifecycle Operations,Other transportation equipment,1,SF-06,Plan vs. Reality Divergence,SF-04 | SF-03,Human Judgment Under Incomplete Information | Decision Context Escapes the Record,SF-06 | SF-04 | SF-03,Plan vs. Reality Divergence | Human Judgment Under Incomplete Information | Decision Context Escapes the Record,SF-06:16.5 | SF-04:10.0 | SF-03:8.0,SF-06:16.5 | SF-04:10.0 | SF-03:8.0 | SF-05:4.0 | SF-02:1.0 | SF-01:0.5,Legacy Architecture,"Scrap, slow cycles, poor yields, and unplanned downtime are the main leakages.","Operators lose time to waiting, restarts, manual data capture, and coordination across shifts.","Supervisors balance throughput, quality, and risk when conditions diverge from the ideal run.","Operational nuance lives in shift notes, whiteboards, and tribal knowledge outside MES and ERP fields.","Even with modern MES, the last mile of execution still depends on local conditions and human adaptation. It typically spans 1 operating-system context and 3 systems-of-record categories.",knowledge/research/workflow-library/workflows/assembly-test-and-certification.md
Asset Acquisition and Setup,Planning and Allocation,Asset Utilization and Lease Management,Rental and leasing services and lessors of intangible assets,1,SF-04,Human Judgment Under Incomplete Information,SF-06 | SF-08,Plan vs. Reality Divergence | Multi-Party Trust and Dependency Gaps,SF-04 | SF-06 | SF-08,Human Judgment Under Incomplete Information | Plan vs. Reality Divergence | Multi-Party Trust and Dependency Gaps,SF-04:21.5 | SF-06:13.0 | SF-08:8.0,SF-04:21.5 | SF-06:13.0 | SF-08:8.0 | SF-03:6.0 | SF-05:3.0 | SF-01:2.0,Technical,"Forecast error and poor allocation create excess cost, missed revenue, and avoidable firefighting.",Planning teams spend time rebuilding assumptions and chasing sign-off across functions.,Planners still decide which signals to trust and when the model output does not fit local reality.,"Scenario analysis and negotiation happen in spreadsheets, slides, and side conversations.","The hard problem is not math alone; it is aligning noisy signals, local constraints, and organizational trust. It typically spans 1 operating-system context and 3 systems-of-record categories.",knowledge/research/workflow-library/workflows/asset-acquisition-and-setup.md
Asset Maintenance and Outage Management,Production and Asset Operations,Network Infrastructure Operations,Utilities,1,SF-04,Human Judgment Under Incomplete Information,SF-06 | SF-03,Plan vs. Reality Divergence | Decision Context Escapes the Record,SF-04 | SF-06 | SF-03,Human Judgment Under Incomplete Information | Plan vs. Reality Divergence | Decision Context Escapes the Record,SF-04:14.0 | SF-06:13.0 | SF-03:8.0,SF-04:14.0 | SF-06:13.0 | SF-03:8.0 | SF-02:1.0,Legacy Architecture,"Leakage comes from downtime, repeat failures, poor work scope, and weak turnover discipline.","Teams chase parts, permits, technician availability, and asset-history context.","Maintenance leaders still assess condition, risk, and repair tradeoffs beyond simple rules.","Readiness and outage details are frequently tracked in calls, notes, and local sheets outside the CMMS.","Maintenance systems track work orders, but true readiness still depends on fragmented context and field judgment. It typically spans 1 operating-system context and 4 systems-of-record categories.",knowledge/research/workflow-library/workflows/asset-maintenance-and-outage-management.md
Asset Maintenance and Turnover,Production and Asset Operations,Asset Utilization and Lease Management,Rental and leasing services and lessors of intangible assets,1,SF-04,Human Judgment Under Incomplete Information,SF-06 | SF-03,Plan vs. Reality Divergence | Decision Context Escapes the Record,SF-04 | SF-06 | SF-03,Human Judgment Under Incomplete Information | Plan vs. Reality Divergence | Decision Context Escapes the Record,SF-04:14.0 | SF-06:13.0 | SF-03:8.0,SF-04:14.0 | SF-06:13.0 | SF-03:8.0 | SF-02:1.0,Legacy Architecture,"Leakage comes from downtime, repeat failures, poor work scope, and weak turnover discipline.","Teams chase parts, permits, technician availability, and asset-history context.","Maintenance leaders still assess condition, risk, and repair tradeoffs beyond simple rules.","Readiness and outage details are frequently tracked in calls, notes, and local sheets outside the CMMS.","Maintenance systems track work orders, but true readiness still depends on fragmented context and field judgment. It typically spans 1 operating-system context and 3 systems-of-record categories.",knowledge/research/workflow-library/workflows/asset-maintenance-and-turnover.md
Asset Maintenance and Uptime Management,Production and Asset Operations,Process Manufacturing and Throughput Control,Primary metals | Paper products,2,SF-04,Human Judgment Under Incomplete Information,SF-06 | SF-03,Plan vs. Reality Divergence | Decision Context Escapes the Record,SF-04 | SF-06 | SF-03,Human Judgment Under Incomplete Information | Plan vs. Reality Divergence | Decision Context Escapes the Record,SF-04:14.0 | SF-06:13.0 | SF-03:8.0,SF-04:14.0 | SF-06:13.0 | SF-03:8.0 | SF-02:1.0,Legacy Architecture,"Leakage comes from downtime, repeat failures, poor work scope, and weak turnover discipline.","Teams chase parts, permits, technician availability, and asset-history context.","Maintenance leaders still assess condition, risk, and repair tradeoffs beyond simple rules.","Readiness and outage details are frequently tracked in calls, notes, and local sheets outside the CMMS.","Maintenance systems track work orders, but true readiness still depends on fragmented context and field judgment. It typically spans 1 operating-system context and 5 systems-of-record categories.",knowledge/research/workflow-library/workflows/asset-maintenance-and-uptime-management.md
Asset Maintenance and Work Orders,Production and Asset Operations,Asset Utilization and Lease Management,Housing | Other real estate,2,SF-04,Human Judgment Under Incomplete Information,SF-06 | SF-03,Plan vs. Reality Divergence | Decision Context Escapes the Record,SF-04 | SF-06 | SF-03,Human Judgment Under Incomplete Information | Plan vs. Reality Divergence | Decision Context Escapes the Record,SF-04:14.0 | SF-06:13.0 | SF-03:8.0,SF-04:14.0 | SF-06:13.0 | SF-03:8.0 | SF-02:1.0,Legacy Architecture,"Leakage comes from downtime, repeat failures, poor work scope, and weak turnover discipline.","Teams chase parts, permits, technician availability, and asset-history context.","Maintenance leaders still assess condition, risk, and repair tradeoffs beyond simple rules.","Readiness and outage details are frequently tracked in calls, notes, and local sheets outside the CMMS.","Maintenance systems track work orders, but true readiness still depends on fragmented context and field judgment. It typically spans 1 operating-system context and 5 systems-of-record categories.",knowledge/research/workflow-library/workflows/asset-maintenance-and-work-orders.md
Asset and Investor Reporting,Governance and Portfolio Operations,Asset Utilization and Lease Management,Other real estate,1,SF-02,Cross-System Reconciliation,SF-03 | SF-04,Decision Context Escapes the Record | Human Judgment Under Incomplete Information,SF-02 | SF-03 | SF-04,Cross-System Reconciliation | Decision Context Escapes the Record | Human Judgment Under Incomplete Information,SF-02:13.0 | SF-03:11.0 | SF-04:9.0,SF-02:13.0 | SF-03:11.0 | SF-04:9.0 | SF-08:8.5 | SF-01:6.0 | SF-05:4.0 | SF-06:1.0,Technical,"Leakage comes from stale positions, NAV breaks, manual reporting overhead, and slow exception closure.","Teams reconcile books and records repeatedly across portfolio, accounting, and investor-reporting systems.","Materiality, valuation challenge, and client communication still depend on experienced professionals.","Exception narratives and investor context move through emails, memos, and spreadsheet bridges.",Even sophisticated platforms still depend on cross-book reconciliation and human review to maintain trust. It typically spans 1 operating-system context and 4 systems-of-record categories.,knowledge/research/workflow-library/workflows/asset-and-investor-reporting.md
Asset and Reserve Evaluation,Planning and Allocation,Field Production and Resource Extraction,Oil and gas extraction,1,SF-04,Human Judgment Under Incomplete Information,SF-06 | SF-08,Plan vs. Reality Divergence | Multi-Party Trust and Dependency Gaps,SF-04 | SF-06 | SF-08,Human Judgment Under Incomplete Information | Plan vs. Reality Divergence | Multi-Party Trust and Dependency Gaps,SF-04:21.5 | SF-06:13.0 | SF-08:8.0,SF-04:21.5 | SF-06:13.0 | SF-08:8.0 | SF-03:6.0 | SF-05:3.0 | SF-01:2.0,Technical,"Forecast error and poor allocation create excess cost, missed revenue, and avoidable firefighting.",Planning teams spend time rebuilding assumptions and chasing sign-off across functions.,Planners still decide which signals to trust and when the model output does not fit local reality.,"Scenario analysis and negotiation happen in spreadsheets, slides, and side conversations.","The hard problem is not math alone; it is aligning noisy signals, local constraints, and organizational trust. It typically spans 1 operating-system context and 4 systems-of-record categories.",knowledge/research/workflow-library/workflows/asset-and-reserve-evaluation.md
Billing and Asset Recovery,Finance and Revenue Operations,Asset Utilization and Lease Management,Rental and leasing services and lessors of intangible assets,1,SF-01,Exception-Path Breakdown,SF-03 | SF-02,Decision Context Escapes the Record | Cross-System Reconciliation,SF-01 | SF-03 | SF-02,Exception-Path Breakdown | Decision Context Escapes the Record | Cross-System Reconciliation,SF-01:20.5 | SF-03:14.0 | SF-02:10.0,SF-01:20.5 | SF-03:14.0 | SF-02:10.0 | SF-08:9.0 | SF-04:6.0 | SF-07:5.0,Legacy Architecture,"Missed charges, denial cycles, underbilling, and slow cash application are the primary leakage points.","Teams repeatedly reconcile source evidence, payer rules, and customer-specific exceptions.","Operators interpret contract nuance, collection strategy, and what evidence is enough to close the item.","Collections context and exception history often live in email, payer portals, and spreadsheets outside the core system.","Automation handles the clean path, but exceptions are driven by messy upstream data and contract interpretation. It typically spans 1 operating-system context and 3 systems-of-record categories.",knowledge/research/workflow-library/workflows/billing-and-asset-recovery.md
Billing and Collections,Finance and Revenue Operations,Distribution and Trade Operations | Network Infrastructure Operations | Professional Services and Matter Management,"Wholesale trade | Miscellaneous professional, scientific, and technical services | Broadcasting and telecommunications",3,SF-01,Exception-Path Breakdown,SF-03 | SF-02,Decision Context Escapes the Record | Cross-System Reconciliation,SF-01 | SF-03 | SF-02,Exception-Path Breakdown | Decision Context Escapes the Record | Cross-System Reconciliation,SF-01:20.5 | SF-03:14.0 | SF-02:10.0,SF-01:20.5 | SF-03:14.0 | SF-02:10.0 | SF-08:9.0 | SF-04:6.0 | SF-07:5.0,Legacy Architecture,"Missed charges, denial cycles, underbilling, and slow cash application are the primary leakage points.","Teams repeatedly reconcile source evidence, payer rules, and customer-specific exceptions.","Operators interpret contract nuance, collection strategy, and what evidence is enough to close the item.","Collections context and exception history often live in email, payer portals, and spreadsheets outside the core system.","Automation handles the clean path, but exceptions are driven by messy upstream data and contract interpretation. It typically spans 3 operating-system contexts and 9 systems-of-record categories.",knowledge/research/workflow-library/workflows/billing-and-collections.md
Billing and Payment Processing,Finance and Revenue Operations,Workforce Coordination and Service Operations,"Other services, except government",1,SF-01,Exception-Path Breakdown,SF-03 | SF-02,Decision Context Escapes the Record | Cross-System Reconciliation,SF-01 | SF-03 | SF-02,Exception-Path Breakdown | Decision Context Escapes the Record | Cross-System Reconciliation,SF-01:20.5 | SF-03:14.0 | SF-02:10.0,SF-01:20.5 | SF-03:14.0 | SF-02:10.0 | SF-08:9.0 | SF-04:6.0 | SF-07:5.0,Legacy Architecture,"Missed charges, denial cycles, underbilling, and slow cash application are the primary leakage points.","Teams repeatedly reconcile source evidence, payer rules, and customer-specific exceptions.","Operators interpret contract nuance, collection strategy, and what evidence is enough to close the item.","Collections context and exception history often live in email, payer portals, and spreadsheets outside the core system.","Automation handles the clean path, but exceptions are driven by messy upstream data and contract interpretation. It typically spans 1 operating-system context and 4 systems-of-record categories.",knowledge/research/workflow-library/workflows/billing-and-payment-processing.md
Billing and Reconciliation,Finance and Revenue Operations,Asset Utilization and Lease Management,Other real estate,1,SF-02,Cross-System Reconciliation,SF-01 | SF-03,Exception-Path Breakdown | Decision Context Escapes the Record,SF-02 | SF-01 | SF-03,Cross-System Reconciliation | Exception-Path Breakdown | Decision Context Escapes the Record,SF-02:23.5 | SF-01:16.0 | SF-03:14.0,SF-02:23.5 | SF-01:16.0 | SF-03:14.0 | SF-04:11.0 | SF-08:4.0 | SF-07:2.0,Legacy Architecture,"Unmatched items, late close, duplicate settlements, and poor exception control create hidden leakage and working-capital drag.","Analysts spend time matching records manually, collecting support, and rebuilding audit trails.","Materiality, root cause, and acceptable resolution still depend on experienced finance staff.","Exception triage almost always moves into spreadsheets, email, and bank or partner portals.",Reconciliation spans asynchronous systems and low-standardization edge cases that resist full automation. It typically spans 1 operating-system context and 4 systems-of-record categories.,knowledge/research/workflow-library/workflows/billing-and-reconciliation.md
Billing and Renewals,Finance and Revenue Operations,"IP, Subscription, and Rights Management","Publishing industries, except internet (includes software)",1,SF-01,Exception-Path Breakdown,SF-03 | SF-02,Decision Context Escapes the Record | Cross-System Reconciliation,SF-01 | SF-03 | SF-02,Exception-Path Breakdown | Decision Context Escapes the Record | Cross-System Reconciliation,SF-01:21.0 | SF-03:8.0 | SF-02:6.0,SF-01:21.0 | SF-03:8.0 | SF-02:6.0 | SF-04:3.0,Legacy Architecture,"Leakage comes from usage mismatch, wrong entitlements, stale contract data, and manual credits.","Teams spend time reconciling subscription state across CRM, billing, and service systems.","Operators still decide how to resolve exceptions, bundle edge cases, and preserve the relationship during disputes.","Important contract and exception context lives in tickets, email, and account notes outside the billing platform.","Recurring billing is structurally automatable, but entitlement logic and exception-heavy account transitions remain messy. It typically spans 1 operating-system context and 4 systems-of-record categories.",knowledge/research/workflow-library/workflows/billing-and-renewals.md
"Billing, Aid, and Regulatory Reporting",Finance and Revenue Operations,Education Delivery and Administration,Educational services,1,SF-07,Compliance and Evidence Burden,SF-03 | SF-02,Decision Context Escapes the Record | Cross-System Reconciliation,SF-07 | SF-03 | SF-02,Compliance and Evidence Burden | Decision Context Escapes the Record | Cross-System Reconciliation,SF-07:21.0 | SF-03:13.0 | SF-02:10.0,SF-07:21.0 | SF-03:13.0 | SF-02:10.0 | SF-01:9.0 | SF-04:3.0 | SF-08:1.5,Regulatory,"Late or weak reporting creates fines, reserve exposure, rework, and management blind spots.","Teams manually stitch files, request attestations, and chase evidence for every cycle.","Control owners still decide what is material, what is remediated, and what can be tolerated temporarily.","Supporting evidence sits in attachments, spreadsheets, emails, and external filing systems.","The form of the report may be standardized, but the data lineage and exception handling still are not. It typically spans 1 operating-system context and 4 systems-of-record categories.",knowledge/research/workflow-library/workflows/billing-aid-and-regulatory-reporting.md
"Billing, Claims, and Collections",Finance and Revenue Operations,Care Delivery and Reimbursement,Ambulatory health care services | Hospitals | Nursing and residential care facilities,3,SF-03,Decision Context Escapes the Record,SF-04 | SF-07,Human Judgment Under Incomplete Information | Compliance and Evidence Burden,SF-03 | SF-04 | SF-07,Decision Context Escapes the Record | Human Judgment Under Incomplete Information | Compliance and Evidence Burden,SF-03:13.0 | SF-04:9.0 | SF-07:8.5,SF-03:13.0 | SF-04:9.0 | SF-07:8.5 | SF-02:8.0 | SF-08:8.0 | SF-01:5.0,Regulatory,"Leakage comes from denials, undercoding, reserve drift, slow cycle times, and missed recovery opportunities.","Teams rework submissions, chase evidence, and manage payer or carrier correspondence repeatedly.","Experienced staff interpret coverage, coding, severity, and the most effective appeal or settlement path.","Supporting evidence and negotiation history live in portals, attachments, calls, and external correspondence.","The workflow is document-heavy, regulated, and exception-driven, with too much nuance for complete straight-through adjudication. It typically spans 1 operating-system context and 5 systems-of-record categories.",knowledge/research/workflow-library/workflows/billing-claims-and-collections.md
"Billing, Collections, and Cash Application",Finance and Revenue Operations,Asset Utilization and Lease Management,Housing,1,SF-02,Cross-System Reconciliation,SF-01 | SF-03,Exception-Path Breakdown | Decision Context Escapes the Record,SF-02 | SF-01 | SF-03,Cross-System Reconciliation | Exception-Path Breakdown | Decision Context Escapes the Record,SF-02:23.5 | SF-01:16.0 | SF-03:14.0,SF-02:23.5 | SF-01:16.0 | SF-03:14.0 | SF-04:11.0 | SF-08:4.0 | SF-07:2.0,Legacy Architecture,"Unmatched items, late close, duplicate settlements, and poor exception control create hidden leakage and working-capital drag.","Analysts spend time matching records manually, collecting support, and rebuilding audit trails.","Materiality, root cause, and acceptable resolution still depend on experienced finance staff.","Exception triage almost always moves into spreadsheets, email, and bank or partner portals.",Reconciliation spans asynchronous systems and low-standardization edge cases that resist full automation. It typically spans 1 operating-system context and 3 systems-of-record categories.,knowledge/research/workflow-library/workflows/billing-collections-and-cash-application.md
"Billing, Grant Reporting, and Reimbursement",Finance and Revenue Operations,Case Management and Program Administration,Social assistance,1,SF-03,Decision Context Escapes the Record,SF-04 | SF-07,Human Judgment Under Incomplete Information | Compliance and Evidence Burden,SF-03 | SF-04 | SF-07,Decision Context Escapes the Record | Human Judgment Under Incomplete Information | Compliance and Evidence Burden,SF-03:13.0 | SF-04:9.0 | SF-07:8.5,SF-03:13.0 | SF-04:9.0 | SF-07:8.5 | SF-02:8.0 | SF-08:8.0 | SF-01:5.0,Regulatory,"Leakage comes from denials, undercoding, reserve drift, slow cycle times, and missed recovery opportunities.","Teams rework submissions, chase evidence, and manage payer or carrier correspondence repeatedly.","Experienced staff interpret coverage, coding, severity, and the most effective appeal or settlement path.","Supporting evidence and negotiation history live in portals, attachments, calls, and external correspondence.","The workflow is document-heavy, regulated, and exception-driven, with too much nuance for complete straight-through adjudication. It typically spans 1 operating-system context and 4 systems-of-record categories.",knowledge/research/workflow-library/workflows/billing-grant-reporting-and-reimbursement.md
"Blending, Logistics, and Distribution",Delivery and Service Execution,Process Manufacturing and Throughput Control,Petroleum and coal products,1,SF-01,Exception-Path Breakdown,SF-03 | SF-06,Decision Context Escapes the Record | Plan vs. Reality Divergence,SF-01 | SF-03 | SF-06,Exception-Path Breakdown | Decision Context Escapes the Record | Plan vs. Reality Divergence,SF-01:14.0 | SF-03:11.0 | SF-06:6.0,SF-01:14.0 | SF-03:11.0 | SF-06:6.0 | SF-04:3.0 | SF-02:1.0 | SF-05:1.0,Legacy Architecture,"Leakage shows up in split orders, mispicks, returns, expedites, and fulfillment promises that outrun actual capacity.","Teams chase inventory truth, release status, and downstream transport updates across systems.","Operators still decide how to recover shortages, prioritize customers, and manage substitutions.","Exception handling often happens through email, calls, and local trackers outside the formal order flow.","Order orchestration spans inventory, warehouse, transport, and customer systems with different clocks and constraints. It typically spans 1 operating-system context and 4 systems-of-record categories.",knowledge/research/workflow-library/workflows/blending-logistics-and-distribution.md
Capacity and Event Planning,Planning and Allocation,"Venue, Hospitality, and Attendance Operations","Amusements, gambling, and recreation industries",1,SF-04,Human Judgment Under Incomplete Information,SF-06 | SF-08,Plan vs. Reality Divergence | Multi-Party Trust and Dependency Gaps,SF-04 | SF-06 | SF-08,Human Judgment Under Incomplete Information | Plan vs. Reality Divergence | Multi-Party Trust and Dependency Gaps,SF-04:21.5 | SF-06:13.0 | SF-08:8.0,SF-04:21.5 | SF-06:13.0 | SF-08:8.0 | SF-03:6.0 | SF-05:3.0 | SF-01:2.0,Technical,"Forecast error and poor allocation create excess cost, missed revenue, and avoidable firefighting.",Planning teams spend time rebuilding assumptions and chasing sign-off across functions.,Planners still decide which signals to trust and when the model output does not fit local reality.,"Scenario analysis and negotiation happen in spreadsheets, slides, and side conversations.","The hard problem is not math alone; it is aligning noisy signals, local constraints, and organizational trust. It typically spans 1 operating-system context and 4 systems-of-record categories.",knowledge/research/workflow-library/workflows/capacity-and-event-planning.md
Capacity and Load Planning,Network and Transportation Operations,Transportation Network Operations,Truck transportation,1,SF-06,Plan vs. Reality Divergence,SF-08 | SF-03,Multi-Party Trust and Dependency Gaps | Decision Context Escapes the Record,SF-06 | SF-08 | SF-03,Plan vs. Reality Divergence | Multi-Party Trust and Dependency Gaps | Decision Context Escapes the Record,SF-06:18.0 | SF-08:13.5 | SF-03:6.0,SF-06:18.0 | SF-08:13.5 | SF-03:6.0 | SF-04:5.0 | SF-01:1.0 | SF-05:1.0,Technical,"The biggest leaks are empty capacity, bad routing, detention, and poor network utilization.","Dispatchers lose time chasing status, making call-based updates, and rerouting around late disruptions.",Controllers interpret service priorities and real-world constraints faster than static optimization models.,"Carrier calls, texts, and manual route notes remain central to live execution.","Network state changes in real time and often depends on partner data that is late, partial, or nonstandard. It typically spans 1 operating-system context and 3 systems-of-record categories.",knowledge/research/workflow-library/workflows/capacity-and-load-planning.md
Capital Allocation and Planning,Governance and Portfolio Operations,Enterprise Governance and Shared Services,Management of companies and enterprises,1,SF-05,Handoff and Approval Latency,SF-04 | SF-03,Human Judgment Under Incomplete Information | Decision Context Escapes the Record,SF-05 | SF-04 | SF-03,Handoff and Approval Latency | Human Judgment Under Incomplete Information | Decision Context Escapes the Record,SF-05:16.0 | SF-04:9.0 | SF-03:8.0,SF-05:16.0 | SF-04:9.0 | SF-03:8.0 | SF-08:3.0 | SF-02:1.0,Organizational,Capital and support resources drift into low-return uses when performance signals are late or noisy.,Review cycles are slowed by manual aggregation and commentary collection.,"Leadership still decides tradeoffs among long-term return, local politics, and near-term operational reality.",Most decisive discussion happens in decks and meetings rather than the planning system itself.,Shared-service and capital decisions remain cross-functional and politically negotiated rather than purely model-driven. It typically spans 1 operating-system context and 4 systems-of-record categories.,knowledge/research/workflow-library/workflows/capital-allocation-and-planning.md
Capital Planning and Compliance Reporting,Governance and Portfolio Operations,Asset Utilization and Lease Management | Network Infrastructure Operations,Housing | Other real estate | Utilities,3,SF-05,Handoff and Approval Latency,SF-03 | SF-04,Decision Context Escapes the Record | Human Judgment Under Incomplete Information,SF-05 | SF-03 | SF-04,Handoff and Approval Latency | Decision Context Escapes the Record | Human Judgment Under Incomplete Information,SF-05:15.0 | SF-03:9.0 | SF-04:9.0,SF-05:15.0 | SF-03:9.0 | SF-04:9.0 | SF-02:2.0 | SF-08:2.0,Legacy Architecture,Capital and support resources drift into low-return uses when performance signals are late or noisy.,Review cycles are slowed by manual aggregation and commentary collection.,"Leadership still decides tradeoffs among long-term return, local politics, and near-term operational reality.",Most decisive discussion happens in decks and meetings rather than the planning system itself.,Shared-service and capital decisions remain cross-functional and politically negotiated rather than purely model-driven. It typically spans 2 operating-system contexts and 8 systems-of-record categories.,knowledge/research/workflow-library/workflows/capital-planning-and-compliance-reporting.md
Care Coordination and Order Management,Clinical and Case Operations,Care Delivery and Reimbursement,Hospitals,1,SF-03,Decision Context Escapes the Record,SF-04 | SF-07,Human Judgment Under Incomplete Information | Compliance and Evidence Burden,SF-03 | SF-04 | SF-07,Decision Context Escapes the Record | Human Judgment Under Incomplete Information | Compliance and Evidence Burden,SF-03:13.0 | SF-04:7.0 | SF-07:6.5,SF-03:13.0 | SF-04:7.0 | SF-07:6.5 | SF-05:6.0 | SF-06:3.0 | SF-02:2.0 | SF-08:1.0,Regulatory,"Leakage appears as duplicated work, missed follow-up, avoidable utilization, and incomplete billable documentation.","Teams repeatedly reconcile status and chase missing clinical, referral, or plan information.","Care appropriateness, urgency, and readiness still depend on expert interpretation.","Critical case context moves through phone calls, referrals, messages, and external portals.",Even strong systems of record do not remove the need for contextual coordination across people and organizations. It typically spans 1 operating-system context and 4 systems-of-record categories.,knowledge/research/workflow-library/workflows/care-coordination-and-order-management.md
Carrier Coordination and Brokerage,Network and Transportation Operations,Transportation Network Operations,Other transportation and support activities,1,SF-06,Plan vs. Reality Divergence,SF-08 | SF-03,Multi-Party Trust and Dependency Gaps | Decision Context Escapes the Record,SF-06 | SF-08 | SF-03,Plan vs. Reality Divergence | Multi-Party Trust and Dependency Gaps | Decision Context Escapes the Record,SF-06:18.0 | SF-08:13.5 | SF-03:6.0,SF-06:18.0 | SF-08:13.5 | SF-03:6.0 | SF-04:5.0 | SF-01:1.0 | SF-05:1.0,Technical,"The biggest leaks are empty capacity, bad routing, detention, and poor network utilization.","Dispatchers lose time chasing status, making call-based updates, and rerouting around late disruptions.",Controllers interpret service priorities and real-world constraints faster than static optimization models.,"Carrier calls, texts, and manual route notes remain central to live execution.","Network state changes in real time and often depends on partner data that is late, partial, or nonstandard. It typically spans 1 operating-system context and 3 systems-of-record categories.",knowledge/research/workflow-library/workflows/carrier-coordination-and-brokerage.md
Case Planning,Clinical and Case Operations,Case Management and Program Administration,Social assistance,1,SF-03,Decision Context Escapes the Record,SF-04 | SF-07,Human Judgment Under Incomplete Information | Compliance and Evidence Burden,SF-03 | SF-04 | SF-07,Decision Context Escapes the Record | Human Judgment Under Incomplete Information | Compliance and Evidence Burden,SF-03:13.0 | SF-04:7.0 | SF-07:6.5,SF-03:13.0 | SF-04:7.0 | SF-07:6.5 | SF-05:6.0 | SF-06:3.0 | SF-02:2.0 | SF-08:1.0,Regulatory,"Leakage appears as duplicated work, missed follow-up, avoidable utilization, and incomplete billable documentation.","Teams repeatedly reconcile status and chase missing clinical, referral, or plan information.","Care appropriateness, urgency, and readiness still depend on expert interpretation.","Critical case context moves through phone calls, referrals, messages, and external portals.",Even strong systems of record do not remove the need for contextual coordination across people and organizations. It typically spans 1 operating-system context and 4 systems-of-record categories.,knowledge/research/workflow-library/workflows/case-planning.md
Cash and Inventory Reconciliation,Finance and Revenue Operations,Retail and Service Commerce,Food services and drinking places,1,SF-02,Cross-System Reconciliation,SF-01 | SF-03,Exception-Path Breakdown | Decision Context Escapes the Record,SF-02 | SF-01 | SF-03,Cross-System Reconciliation | Exception-Path Breakdown | Decision Context Escapes the Record,SF-02:23.5 | SF-01:16.0 | SF-03:14.0,SF-02:23.5 | SF-01:16.0 | SF-03:14.0 | SF-04:11.0 | SF-08:4.0 | SF-07:2.0,Legacy Architecture,"Unmatched items, late close, duplicate settlements, and poor exception control create hidden leakage and working-capital drag.","Analysts spend time matching records manually, collecting support, and rebuilding audit trails.","Materiality, root cause, and acceptable resolution still depend on experienced finance staff.","Exception triage almost always moves into spreadsheets, email, and bank or partner portals.",Reconciliation spans asynchronous systems and low-standardization edge cases that resist full automation. It typically spans 1 operating-system context and 3 systems-of-record categories.,knowledge/research/workflow-library/workflows/cash-and-inventory-reconciliation.md
Channel and Service Support,Customer and Experience Operations,Product Manufacturing and Lifecycle Operations,"Electrical equipment, appliances, and components",1,SF-04,Human Judgment Under Incomplete Information,SF-01 | SF-03,Exception-Path Breakdown | Decision Context Escapes the Record,SF-04 | SF-01 | SF-03,Human Judgment Under Incomplete Information | Exception-Path Breakdown | Decision Context Escapes the Record,SF-04:16.0 | SF-01:14.0 | SF-03:9.0,SF-04:16.0 | SF-01:14.0 | SF-03:9.0 | SF-05:9.0 | SF-02:1.0,Legacy Architecture,"Repeat contacts, credits, field callbacks, and unresolved issues raise support cost and churn risk.",Agents and operations teams waste time on status chasing and duplicate handoffs.,"Good service recovery depends on empathy, prioritization, and contextual interpretation.","The most important context often lives in conversations, notes, and side chats rather than system fields.","Support flows cross channels and teams, and the edge cases that matter most remain unstructured. It typically spans 1 operating-system context and 4 systems-of-record categories.",knowledge/research/workflow-library/workflows/channel-and-service-support.md
Claims Administration,Finance and Revenue Operations,Risk Underwriting and Claims Administration,Insurance carriers and related activities,1,SF-03,Decision Context Escapes the Record,SF-04 | SF-07,Human Judgment Under Incomplete Information | Compliance and Evidence Burden,SF-03 | SF-04 | SF-07,Decision Context Escapes the Record | Human Judgment Under Incomplete Information | Compliance and Evidence Burden,SF-03:13.0 | SF-04:9.0 | SF-07:8.5,SF-03:13.0 | SF-04:9.0 | SF-07:8.5 | SF-02:8.0 | SF-08:8.0 | SF-01:5.0,Regulatory,"Leakage comes from denials, undercoding, reserve drift, slow cycle times, and missed recovery opportunities.","Teams rework submissions, chase evidence, and manage payer or carrier correspondence repeatedly.","Experienced staff interpret coverage, coding, severity, and the most effective appeal or settlement path.","Supporting evidence and negotiation history live in portals, attachments, calls, and external correspondence.","The workflow is document-heavy, regulated, and exception-driven, with too much nuance for complete straight-through adjudication. It typically spans 1 operating-system context and 4 systems-of-record categories.",knowledge/research/workflow-library/workflows/claims-administration.md
Client Intake and Scope Definition,"Access, Intake, and Contracting",Workforce Coordination and Service Operations,Administrative and support services,1,SF-01,Exception-Path Breakdown,SF-03 | SF-05,Decision Context Escapes the Record | Handoff and Approval Latency,SF-01 | SF-03 | SF-05,Exception-Path Breakdown | Decision Context Escapes the Record | Handoff and Approval Latency,SF-01:12.0 | SF-03:12.0 | SF-05:10.0,SF-01:12.0 | SF-03:12.0 | SF-05:10.0 | SF-04:7.0 | SF-08:1.5,Organizational,"Poor qualification, pricing errors, avoidable no-shows, and weak contract hygiene create leakage before execution starts.","Teams chase missing information, approvals, and schedule availability across email, phone, and shared documents.","Humans still arbitrate exceptions, fit, urgency, and risk tolerance when intake data is incomplete or context is changing.","Critical context lives in inboxes, call notes, PDFs, and spreadsheets before the final system record is updated.","Structured fields handle the routine path, but real intake varies by exception, policy nuance, and local operating context. It typically spans 1 operating-system context and 4 systems-of-record categories.",knowledge/research/workflow-library/workflows/client-intake-and-scope-definition.md
Client Onboarding and KYC,"Access, Intake, and Contracting",Capital Markets and Investment Management,"Securities, commodity contracts, and investments",1,SF-05,Handoff and Approval Latency,SF-04 | SF-03,Human Judgment Under Incomplete Information | Decision Context Escapes the Record,SF-05 | SF-04 | SF-03,Handoff and Approval Latency | Human Judgment Under Incomplete Information | Decision Context Escapes the Record,SF-05:22.0 | SF-04:19.5 | SF-03:17.5,SF-05:22.0 | SF-04:19.5 | SF-03:17.5 | SF-07:12.0 | SF-01:9.0 | SF-08:3.5 | SF-02:2.0,Regulatory,"Slow onboarding delays revenue start dates and increases abandonment, while weak controls raise risk and rework.","Teams chase documents, approvals, signatures, and duplicate data entry across systems.","Analysts still judge risk, beneficial ownership complexity, and what counts as a satisfactory exception path.","Onboarding packets, emails, shared checklists, and external verification portals carry the real process state.","Verification is partly automatable, but high-value or high-risk relationships still require context-heavy review and layered approvals. It typically spans 1 operating-system context and 4 systems-of-record categories.",knowledge/research/workflow-library/workflows/client-onboarding-and-kyc.md
Clinical Documentation,Clinical and Case Operations,Care Delivery and Reimbursement,Ambulatory health care services | Hospitals | Nursing and residential care facilities,3,SF-03,Decision Context Escapes the Record,SF-04 | SF-07,Human Judgment Under Incomplete Information | Compliance and Evidence Burden,SF-03 | SF-04 | SF-07,Decision Context Escapes the Record | Human Judgment Under Incomplete Information | Compliance and Evidence Burden,SF-03:13.0 | SF-04:7.0 | SF-07:6.5,SF-03:13.0 | SF-04:7.0 | SF-07:6.5 | SF-05:6.0 | SF-06:3.0 | SF-02:2.0 | SF-08:1.0,Regulatory,"Leakage appears as duplicated work, missed follow-up, avoidable utilization, and incomplete billable documentation.","Teams repeatedly reconcile status and chase missing clinical, referral, or plan information.","Care appropriateness, urgency, and readiness still depend on expert interpretation.","Critical case context moves through phone calls, referrals, messages, and external portals.",Even strong systems of record do not remove the need for contextual coordination across people and organizations. It typically spans 1 operating-system context and 5 systems-of-record categories.,knowledge/research/workflow-library/workflows/clinical-documentation.md
Coding and Charge Capture,Finance and Revenue Operations,Care Delivery and Reimbursement,Ambulatory health care services,1,SF-01,Exception-Path Breakdown,SF-03 | SF-02,Decision Context Escapes the Record | Cross-System Reconciliation,SF-01 | SF-03 | SF-02,Exception-Path Breakdown | Decision Context Escapes the Record | Cross-System Reconciliation,SF-01:20.5 | SF-03:13.0 | SF-02:9.0,SF-01:20.5 | SF-03:13.0 | SF-02:9.0 | SF-08:9.0 | SF-07:7.0 | SF-04:6.0,Regulatory,"Missed charges, denial cycles, underbilling, and slow cash application are the primary leakage points.","Teams repeatedly reconcile source evidence, payer rules, and customer-specific exceptions.","Operators interpret contract nuance, collection strategy, and what evidence is enough to close the item.","Collections context and exception history often live in email, payer portals, and spreadsheets outside the core system.","Automation handles the clean path, but exceptions are driven by messy upstream data and contract interpretation. It typically spans 1 operating-system context and 3 systems-of-record categories.",knowledge/research/workflow-library/workflows/coding-and-charge-capture.md
Collections and Loss Mitigation,Finance and Revenue Operations,"Deposit, Credit, and Payment Intermediation","Federal Reserve banks, credit intermediation, and related activities",1,SF-03,Decision Context Escapes the Record,SF-04 | SF-05,Human Judgment Under Incomplete Information | Handoff and Approval Latency,SF-03 | SF-04 | SF-05,Decision Context Escapes the Record | Human Judgment Under Incomplete Information | Handoff and Approval Latency,SF-03:18.0 | SF-04:9.5 | SF-05:9.0,SF-03:18.0 | SF-04:9.5 | SF-05:9.0 | SF-02:7.0 | SF-07:4.0 | SF-01:3.0,Regulatory,"Leakage appears through slow decisioning, avoidable losses, poor collections, and high manual servicing cost.","Banking teams chase documents, reconcile exposures, and move work across front, middle, and back office queues.","Risk appetite, borrower quality, and workout strategy still rely heavily on expert human judgment.","Core context moves into credit memos, committee notes, shared spreadsheets, and email threads outside the core record.","Core systems are mature, but cross-functional credit work remains document-heavy and policy-sensitive. It typically spans 1 operating-system context and 5 systems-of-record categories.",knowledge/research/workflow-library/workflows/collections-and-loss-mitigation.md
Compliance and Certification Management,"Risk, Compliance, and Reporting",Product Manufacturing and Lifecycle Operations,"Electrical equipment, appliances, and components",1,SF-07,Compliance and Evidence Burden,SF-04 | SF-03,Human Judgment Under Incomplete Information | Decision Context Escapes the Record,SF-07 | SF-04 | SF-03,Compliance and Evidence Burden | Human Judgment Under Incomplete Information | Decision Context Escapes the Record,SF-07:23.5 | SF-04:14.0 | SF-03:10.5,SF-07:23.5 | SF-04:14.0 | SF-03:10.5 | SF-01:7.0 | SF-02:1.0,Regulatory,"Failures, recalls, rework, and excess inspection labor are the major leakage points.","Teams repeat data entry, collect evidence manually, and wait on disposition decisions.","Inspectors still interpret severity, traceability gaps, and acceptable release decisions.","Evidence often sits in attachments, lab systems, spreadsheets, and manual checklists outside the main record.","Standards are formal, but real-world deviations and root-cause interpretation remain human-heavy. It typically spans 1 operating-system context and 4 systems-of-record categories.",knowledge/research/workflow-library/workflows/compliance-and-certification-management.md
Compliance and Service-Provider Oversight,"Risk, Compliance, and Reporting",Capital Markets and Investment Management,"Funds, trusts, and other financial vehicles",1,SF-07,Compliance and Evidence Burden,SF-03 | SF-01,Decision Context Escapes the Record | Exception-Path Breakdown,SF-07 | SF-03 | SF-01,Compliance and Evidence Burden | Decision Context Escapes the Record | Exception-Path Breakdown,SF-07:26.0 | SF-03:12.0 | SF-01:7.0,SF-07:26.0 | SF-03:12.0 | SF-01:7.0 | SF-02:6.0 | SF-04:4.0 | SF-08:1.5,Regulatory,"Late or weak reporting creates fines, reserve exposure, rework, and management blind spots.","Teams manually stitch files, request attestations, and chase evidence for every cycle.","Control owners still decide what is material, what is remediated, and what can be tolerated temporarily.","Supporting evidence sits in attachments, spreadsheets, emails, and external filing systems.","The form of the report may be standardized, but the data lineage and exception handling still are not. It typically spans 1 operating-system context and 4 systems-of-record categories.",knowledge/research/workflow-library/workflows/compliance-and-service-provider-oversight.md
Content and Service Operations,Delivery and Service Execution,Network Infrastructure Operations,Broadcasting and telecommunications,1,SF-03,Decision Context Escapes the Record,SF-06 | SF-05,Plan vs. Reality Divergence | Handoff and Approval Latency,SF-03 | SF-06 | SF-05,Decision Context Escapes the Record | Plan vs. Reality Divergence | Handoff and Approval Latency,SF-03:11.0 | SF-06:10.0 | SF-05:7.0,SF-03:11.0 | SF-06:10.0 | SF-05:7.0 | SF-01:4.0 | SF-04:3.0 | SF-02:1.0,Legacy Architecture,"Leakage comes from rework, poor sequencing, missed milestones, overtime, spoilage, and avoidable service failures.","Execution teams lose time on missing inputs, waiting, field coordination, status chasing, and exception resolution.","Supervisors and frontline operators continually rebalance priorities, constraints, and real-world conditions.","Actual execution is coordinated through calls, whiteboards, texts, and local spreadsheets when reality moves faster than the system.","The workflow changes minute to minute based on field conditions, dependencies, and incomplete telemetry across teams and vendors. It typically spans 1 operating-system context and 3 systems-of-record categories.",knowledge/research/workflow-library/workflows/content-and-service-operations.md
Contract and Margin Management,Finance and Revenue Operations,Process Manufacturing and Throughput Control,Chemical products,1,SF-01,Exception-Path Breakdown,SF-03 | SF-02,Decision Context Escapes the Record | Cross-System Reconciliation,SF-01 | SF-03 | SF-02,Exception-Path Breakdown | Decision Context Escapes the Record | Cross-System Reconciliation,SF-01:20.5 | SF-03:14.0 | SF-02:10.0,SF-01:20.5 | SF-03:14.0 | SF-02:10.0 | SF-08:9.0 | SF-04:6.0 | SF-07:5.0,Legacy Architecture,"Missed charges, denial cycles, underbilling, and slow cash application are the primary leakage points.","Teams repeatedly reconcile source evidence, payer rules, and customer-specific exceptions.","Operators interpret contract nuance, collection strategy, and what evidence is enough to close the item.","Collections context and exception history often live in email, payer portals, and spreadsheets outside the core system.","Automation handles the clean path, but exceptions are driven by messy upstream data and contract interpretation. It typically spans 1 operating-system context and 4 systems-of-record categories.",knowledge/research/workflow-library/workflows/contract-and-margin-management.md
Credit Underwriting and Servicing,Finance and Revenue Operations,"Deposit, Credit, and Payment Intermediation","Federal Reserve banks, credit intermediation, and related activities",1,SF-03,Decision Context Escapes the Record,SF-04 | SF-05,Human Judgment Under Incomplete Information | Handoff and Approval Latency,SF-03 | SF-04 | SF-05,Decision Context Escapes the Record | Human Judgment Under Incomplete Information | Handoff and Approval Latency,SF-03:18.0 | SF-04:9.5 | SF-05:9.0,SF-03:18.0 | SF-04:9.5 | SF-05:9.0 | SF-02:7.0 | SF-07:4.0 | SF-01:3.0,Regulatory,"Leakage appears through slow decisioning, avoidable losses, poor collections, and high manual servicing cost.","Banking teams chase documents, reconcile exposures, and move work across front, middle, and back office queues.","Risk appetite, borrower quality, and workout strategy still rely heavily on expert human judgment.","Core context moves into credit memos, committee notes, shared spreadsheets, and email threads outside the core record.","Core systems are mature, but cross-functional credit work remains document-heavy and policy-sensitive. It typically spans 1 operating-system context and 5 systems-of-record categories.",knowledge/research/workflow-library/workflows/credit-underwriting-and-servicing.md
Crew and Fleet Assignment,Network and Transportation Operations,Transportation Network Operations,Air transportation,1,SF-06,Plan vs. Reality Divergence,SF-08 | SF-03,Multi-Party Trust and Dependency Gaps | Decision Context Escapes the Record,SF-06 | SF-08 | SF-03,Plan vs. Reality Divergence | Multi-Party Trust and Dependency Gaps | Decision Context Escapes the Record,SF-06:18.0 | SF-08:13.5 | SF-03:6.0,SF-06:18.0 | SF-08:13.5 | SF-03:6.0 | SF-04:5.0 | SF-01:1.0 | SF-05:1.0,Technical,"The biggest leaks are empty capacity, bad routing, detention, and poor network utilization.","Dispatchers lose time chasing status, making call-based updates, and rerouting around late disruptions.",Controllers interpret service priorities and real-world constraints faster than static optimization models.,"Carrier calls, texts, and manual route notes remain central to live execution.","Network state changes in real time and often depends on partner data that is late, partial, or nonstandard. It typically spans 1 operating-system context and 3 systems-of-record categories.",knowledge/research/workflow-library/workflows/crew-and-fleet-assignment.md
Customer Acquisition and Onboarding,"Access, Intake, and Contracting",Digital Platform and Subscription Operations,"Data processing, internet publishing, and other information services",1,SF-05,Handoff and Approval Latency,SF-04 | SF-03,Human Judgment Under Incomplete Information | Decision Context Escapes the Record,SF-05 | SF-04 | SF-03,Handoff and Approval Latency | Human Judgment Under Incomplete Information | Decision Context Escapes the Record,SF-05:22.0 | SF-04:19.5 | SF-03:17.5,SF-05:22.0 | SF-04:19.5 | SF-03:17.5 | SF-07:12.0 | SF-01:9.0 | SF-08:3.5 | SF-02:2.0,Regulatory,"Slow onboarding delays revenue start dates and increases abandonment, while weak controls raise risk and rework.","Teams chase documents, approvals, signatures, and duplicate data entry across systems.","Analysts still judge risk, beneficial ownership complexity, and what counts as a satisfactory exception path.","Onboarding packets, emails, shared checklists, and external verification portals carry the real process state.","Verification is partly automatable, but high-value or high-risk relationships still require context-heavy review and layered approvals. It typically spans 1 operating-system context and 4 systems-of-record categories.",knowledge/research/workflow-library/workflows/customer-acquisition-and-onboarding.md
Customer Retention and Remarketing,Customer and Experience Operations,Retail and Service Commerce,Motor vehicle and parts dealers,1,SF-03,Decision Context Escapes the Record,SF-04,Human Judgment Under Incomplete Information,SF-03 | SF-04,Decision Context Escapes the Record | Human Judgment Under Incomplete Information,SF-03:16.0 | SF-04:12.5,SF-03:16.0 | SF-04:12.5 | SF-01:1.0,Behavioral,"Late risk detection, weak expansion discipline, and reactive renewal handling erode retention economics.","Teams assemble context manually across service records, invoices, and relationship notes before every renewal conversation.","Renewal strategy depends on relationship strength, future potential, and nuanced commercial tradeoffs.","The decisive conversations happen in calls, emails, and side planning decks outside the system of record.",Signals are fragmented and the most important retention decisions are strategic rather than purely operational. It typically spans 1 operating-system context and 4 systems-of-record categories.,knowledge/research/workflow-library/workflows/customer-retention-and-remarketing.md
Customer Retention and Repeat Service,Customer and Experience Operations,Workforce Coordination and Service Operations,"Other services, except government",1,SF-03,Decision Context Escapes the Record,SF-04,Human Judgment Under Incomplete Information,SF-03 | SF-04,Decision Context Escapes the Record | Human Judgment Under Incomplete Information,SF-03:16.0 | SF-04:12.5,SF-03:16.0 | SF-04:12.5 | SF-01:1.0,Behavioral,"Late risk detection, weak expansion discipline, and reactive renewal handling erode retention economics.","Teams assemble context manually across service records, invoices, and relationship notes before every renewal conversation.","Renewal strategy depends on relationship strength, future potential, and nuanced commercial tradeoffs.","The decisive conversations happen in calls, emails, and side planning decks outside the system of record.",Signals are fragmented and the most important retention decisions are strategic rather than purely operational. It typically spans 1 operating-system context and 4 systems-of-record categories.,knowledge/research/workflow-library/workflows/customer-retention-and-repeat-service.md
Customer Service and Field Response,Customer and Experience Operations,Network Infrastructure Operations,Utilities,1,SF-04,Human Judgment Under Incomplete Information,SF-01 | SF-03,Exception-Path Breakdown | Decision Context Escapes the Record,SF-04 | SF-01 | SF-03,Human Judgment Under Incomplete Information | Exception-Path Breakdown | Decision Context Escapes the Record,SF-04:16.0 | SF-01:14.0 | SF-03:9.0,SF-04:16.0 | SF-01:14.0 | SF-03:9.0 | SF-05:9.0 | SF-02:1.0,Legacy Architecture,"Repeat contacts, credits, field callbacks, and unresolved issues raise support cost and churn risk.",Agents and operations teams waste time on status chasing and duplicate handoffs.,"Good service recovery depends on empathy, prioritization, and contextual interpretation.","The most important context often lives in conversations, notes, and side chats rather than system fields.","Support flows cross channels and teams, and the edge cases that matter most remain unstructured. It typically spans 1 operating-system context and 4 systems-of-record categories.",knowledge/research/workflow-library/workflows/customer-service-and-field-response.md
Customer Support and Success,Customer and Experience Operations,"IP, Subscription, and Rights Management","Publishing industries, except internet (includes software)",1,SF-04,Human Judgment Under Incomplete Information,SF-01 | SF-05,Exception-Path Breakdown | Handoff and Approval Latency,SF-04 | SF-01 | SF-05,Human Judgment Under Incomplete Information | Exception-Path Breakdown | Handoff and Approval Latency,SF-04:16.0 | SF-01:14.0 | SF-05:10.0,SF-04:16.0 | SF-01:14.0 | SF-05:10.0 | SF-03:8.0 | SF-08:1.0,Organizational,"Repeat contacts, credits, field callbacks, and unresolved issues raise support cost and churn risk.",Agents and operations teams waste time on status chasing and duplicate handoffs.,"Good service recovery depends on empathy, prioritization, and contextual interpretation.","The most important context often lives in conversations, notes, and side chats rather than system fields.","Support flows cross channels and teams, and the edge cases that matter most remain unstructured. It typically spans 1 operating-system context and 4 systems-of-record categories.",knowledge/research/workflow-library/workflows/customer-support-and-success.md
Delivery and Contract Milestone Management,Delivery and Service Execution,Product Manufacturing and Lifecycle Operations,Other transportation equipment,1,SF-03,Decision Context Escapes the Record,SF-04,Human Judgment Under Incomplete Information,SF-03 | SF-04,Decision Context Escapes the Record | Human Judgment Under Incomplete Information,SF-03:14.0 | SF-04:7.0,SF-03:14.0 | SF-04:7.0 | SF-06:4.0 | SF-01:3.0 | SF-05:2.0 | SF-02:1.0,Legacy Architecture,"Leakage comes from scope creep, underutilization, write-offs, and late recognition of delivery risk.","Project teams spend time aligning resources, updating status manually, and reconciling effort with customer expectations.","Project health still depends on leadership judgment around sequencing, risk, and stakeholder management.","The real state of the project lives in meetings, comments, decks, and side trackers beyond the PSA or project tool.","Project work is inherently exception-heavy and relationship-driven, which prevents full straight-through execution. It typically spans 1 operating-system context and 3 systems-of-record categories.",knowledge/research/workflow-library/workflows/delivery-and-contract-milestone-management.md
Demand Planning,Planning and Allocation,Distribution and Trade Operations | Process Manufacturing and Throughput Control,Wholesale trade | Food and beverage and tobacco products,2,SF-04,Human Judgment Under Incomplete Information,SF-06 | SF-08,Plan vs. Reality Divergence | Multi-Party Trust and Dependency Gaps,SF-04 | SF-06 | SF-08,Human Judgment Under Incomplete Information | Plan vs. Reality Divergence | Multi-Party Trust and Dependency Gaps,SF-04:21.5 | SF-06:13.0 | SF-08:8.0,SF-04:21.5 | SF-06:13.0 | SF-08:8.0 | SF-03:6.0 | SF-05:3.0 | SF-01:2.0,Technical,"Forecast error and poor allocation create excess cost, missed revenue, and avoidable firefighting.",Planning teams spend time rebuilding assumptions and chasing sign-off across functions.,Planners still decide which signals to trust and when the model output does not fit local reality.,"Scenario analysis and negotiation happen in spreadsheets, slides, and side conversations.","The hard problem is not math alone; it is aligning noisy signals, local constraints, and organizational trust. It typically spans 2 operating-system contexts and 6 systems-of-record categories.",knowledge/research/workflow-library/workflows/demand-planning.md
Demand and Allocation Planning,Planning and Allocation,Product Manufacturing and Lifecycle Operations,Computer and electronic products,1,SF-04,Human Judgment Under Incomplete Information,SF-06 | SF-08,Plan vs. Reality Divergence | Multi-Party Trust and Dependency Gaps,SF-04 | SF-06 | SF-08,Human Judgment Under Incomplete Information | Plan vs. Reality Divergence | Multi-Party Trust and Dependency Gaps,SF-04:21.5 | SF-06:13.0 | SF-08:8.0,SF-04:21.5 | SF-06:13.0 | SF-08:8.0 | SF-03:6.0 | SF-05:3.0 | SF-01:2.0,Technical,"Forecast error and poor allocation create excess cost, missed revenue, and avoidable firefighting.",Planning teams spend time rebuilding assumptions and chasing sign-off across functions.,Planners still decide which signals to trust and when the model output does not fit local reality.,"Scenario analysis and negotiation happen in spreadsheets, slides, and side conversations.","The hard problem is not math alone; it is aligning noisy signals, local constraints, and organizational trust. It typically spans 1 operating-system context and 4 systems-of-record categories.",knowledge/research/workflow-library/workflows/demand-and-allocation-planning.md
Deposit and Payment Operations,Finance and Revenue Operations,"Deposit, Credit, and Payment Intermediation","Federal Reserve banks, credit intermediation, and related activities",1,SF-03,Decision Context Escapes the Record,SF-04 | SF-05,Human Judgment Under Incomplete Information | Handoff and Approval Latency,SF-03 | SF-04 | SF-05,Decision Context Escapes the Record | Human Judgment Under Incomplete Information | Handoff and Approval Latency,SF-03:18.0 | SF-04:9.5 | SF-05:9.0,SF-03:18.0 | SF-04:9.5 | SF-05:9.0 | SF-02:7.0 | SF-07:4.0 | SF-01:3.0,Regulatory,"Leakage appears through slow decisioning, avoidable losses, poor collections, and high manual servicing cost.","Banking teams chase documents, reconcile exposures, and move work across front, middle, and back office queues.","Risk appetite, borrower quality, and workout strategy still rely heavily on expert human judgment.","Core context moves into credit memos, committee notes, shared spreadsheets, and email threads outside the core record.","Core systems are mature, but cross-functional credit work remains document-heavy and policy-sensitive. It typically spans 1 operating-system context and 5 systems-of-record categories.",knowledge/research/workflow-library/workflows/deposit-and-payment-operations.md
Development and Greenlight Management,"Product, Content, and Engineering","IP, Subscription, and Rights Management",Motion picture and sound recording industries,1,SF-03,Decision Context Escapes the Record,SF-02 | SF-04,Cross-System Reconciliation | Human Judgment Under Incomplete Information,SF-03 | SF-02 | SF-04,Decision Context Escapes the Record | Cross-System Reconciliation | Human Judgment Under Incomplete Information,SF-03:10.0 | SF-02:9.0 | SF-04:6.0,SF-03:10.0 | SF-02:9.0 | SF-04:6.0 | SF-05:4.0,Legacy Architecture,"Master-data mistakes and release delays create rework, scrap, missed launch windows, and downstream confusion.","Teams manually synchronize definitions across PLM, ERP, support, and commercial systems.","Tradeoffs among quality, timing, and downstream disruption remain human-led.","Critical rationale and version decisions live in reviews, comments, and docs outside the system of record.","Structured data and collaborative work still sit in separate tools, so version truth remains hard to unify. It typically spans 1 operating-system context and 4 systems-of-record categories.",knowledge/research/workflow-library/workflows/development-and-greenlight-management.md
Dispatch and Checkout,Delivery and Service Execution,Asset Utilization and Lease Management,Rental and leasing services and lessors of intangible assets,1,SF-03,Decision Context Escapes the Record,SF-05 | SF-06,Handoff and Approval Latency | Plan vs. Reality Divergence,SF-03 | SF-05 | SF-06,Decision Context Escapes the Record | Handoff and Approval Latency | Plan vs. Reality Divergence,SF-03:8.0 | SF-05:8.0 | SF-06:7.0,SF-03:8.0 | SF-05:8.0 | SF-06:7.0 | SF-04:6.0 | SF-02:1.0 | SF-07:1.0,Legacy Architecture,"Travel waste, revisit rates, change-order misses, and field rework are the main economic leaks.","Crews lose time to waiting, missing parts, unclear scope, and back-and-forth approvals.","Field leads interpret site reality, safety, and customer context in ways that no template fully captures.","Actual field decisions are coordinated over calls, text, and paper notes before systems are updated later.","Field conditions mutate faster than central systems, making local judgment indispensable. It typically spans 1 operating-system context and 3 systems-of-record categories.",knowledge/research/workflow-library/workflows/dispatch-and-checkout.md
Dispatch and Routing,Network and Transportation Operations,Transportation Network Operations,Truck transportation,1,SF-06,Plan vs. Reality Divergence,SF-08 | SF-03,Multi-Party Trust and Dependency Gaps | Decision Context Escapes the Record,SF-06 | SF-08 | SF-03,Plan vs. Reality Divergence | Multi-Party Trust and Dependency Gaps | Decision Context Escapes the Record,SF-06:18.0 | SF-08:13.5 | SF-03:6.0,SF-06:18.0 | SF-08:13.5 | SF-03:6.0 | SF-04:5.0 | SF-01:1.0 | SF-05:1.0,Technical,"The biggest leaks are empty capacity, bad routing, detention, and poor network utilization.","Dispatchers lose time chasing status, making call-based updates, and rerouting around late disruptions.",Controllers interpret service priorities and real-world constraints faster than static optimization models.,"Carrier calls, texts, and manual route notes remain central to live execution.","Network state changes in real time and often depends on partner data that is late, partial, or nonstandard. It typically spans 1 operating-system context and 3 systems-of-record categories.",knowledge/research/workflow-library/workflows/dispatch-and-routing.md
Distribution and Quote-to-Bind,"Access, Intake, and Contracting",Risk Underwriting and Claims Administration,Insurance carriers and related activities,1,SF-05,Handoff and Approval Latency,SF-04 | SF-03,Human Judgment Under Incomplete Information | Decision Context Escapes the Record,SF-05 | SF-04 | SF-03,Handoff and Approval Latency | Human Judgment Under Incomplete Information | Decision Context Escapes the Record,SF-05:13.0 | SF-04:11.0 | SF-03:6.0,SF-05:13.0 | SF-04:11.0 | SF-03:6.0 | SF-01:3.0 | SF-08:3.0 | SF-06:1.0,Technical,"Leakage comes from underpricing, scope misses, inaccurate assumptions, and change orders that were predictable at quote time.","Estimators wait on inputs, rebuild historical assumptions, and route approvals repeatedly.","Estimators must judge risk, uncertainty, and customer-specific nuance that raw historical data rarely captures cleanly.","The actual pricing narrative often sits in spreadsheets, markups, and offline review threads.","Rules can price the simple path, but profitable quoting still depends on tacit knowledge and cross-functional review. It typically spans 1 operating-system context and 4 systems-of-record categories.",knowledge/research/workflow-library/workflows/distribution-and-quote-to-bind.md
Distribution and Release Management,"Product, Content, and Engineering","IP, Subscription, and Rights Management","Publishing industries, except internet (includes software) | Motion picture and sound recording industries",2,SF-03,Decision Context Escapes the Record,SF-02 | SF-04,Cross-System Reconciliation | Human Judgment Under Incomplete Information,SF-03 | SF-02 | SF-04,Decision Context Escapes the Record | Cross-System Reconciliation | Human Judgment Under Incomplete Information,SF-03:10.0 | SF-02:9.0 | SF-04:6.0,SF-03:10.0 | SF-02:9.0 | SF-04:6.0 | SF-05:4.0,Legacy Architecture,"Master-data mistakes and release delays create rework, scrap, missed launch windows, and downstream confusion.","Teams manually synchronize definitions across PLM, ERP, support, and commercial systems.","Tradeoffs among quality, timing, and downstream disruption remain human-led.","Critical rationale and version decisions live in reviews, comments, and docs outside the system of record.","Structured data and collaborative work still sit in separate tools, so version truth remains hard to unify. It typically spans 1 operating-system context and 6 systems-of-record categories.",knowledge/research/workflow-library/workflows/distribution-and-release-management.md
Distribution and Trade Promotion,Customer and Experience Operations,Process Manufacturing and Throughput Control,Food and beverage and tobacco products,1,SF-04,Human Judgment Under Incomplete Information,,,SF-04,Human Judgment Under Incomplete Information,SF-04:11.0,SF-04:11.0 | SF-03:5.0 | SF-01:1.0 | SF-06:1.0,Technical,"Leakage comes from blunt discounts, poor markdown timing, and channel decisions that shift volume without improving contribution.","Analysts and operators waste time aligning price files, inventory context, and execution timing.","Merchants still interpret local demand, competitor behavior, and brand considerations.","The rationale for overrides often lives in spreadsheets, chats, and field communications.","Optimization helps, but demand signals remain noisy and commercial teams still distrust fully automated rules. It typically spans 1 operating-system context and 4 systems-of-record categories.",knowledge/research/workflow-library/workflows/distribution-and-trade-promotion.md
Docketing and Compliance Tracking,"Risk, Compliance, and Reporting",Professional Services and Matter Management,Legal services,1,SF-07,Compliance and Evidence Burden,SF-04 | SF-03,Human Judgment Under Incomplete Information | Decision Context Escapes the Record,SF-07 | SF-04 | SF-03,Compliance and Evidence Burden | Human Judgment Under Incomplete Information | Decision Context Escapes the Record,SF-07:23.5 | SF-04:14.0 | SF-03:10.5,SF-07:23.5 | SF-04:14.0 | SF-03:10.5 | SF-01:7.0 | SF-02:1.0,Regulatory,"Failures, recalls, rework, and excess inspection labor are the major leakage points.","Teams repeat data entry, collect evidence manually, and wait on disposition decisions.","Inspectors still interpret severity, traceability gaps, and acceptable release decisions.","Evidence often sits in attachments, lab systems, spreadsheets, and manual checklists outside the main record.","Standards are formal, but real-world deviations and root-cause interpretation remain human-heavy. It typically spans 1 operating-system context and 3 systems-of-record categories.",knowledge/research/workflow-library/workflows/docketing-and-compliance-tracking.md
Document and Knowledge Management,"Product, Content, and Engineering",Professional Services and Matter Management,Legal services,1,SF-03,Decision Context Escapes the Record,SF-05,Handoff and Approval Latency,SF-03 | SF-05,Decision Context Escapes the Record | Handoff and Approval Latency,SF-03:11.5 | SF-05:7.0,SF-03:11.5 | SF-05:7.0 | SF-01:5.0 | SF-02:4.0 | SF-04:4.0 | SF-07:1.0,Legacy Architecture,"Leakage appears through rights misinterpretation, stale documents, missed obligations, and manual rework.",Teams search for the right version and reconcile obligations across disconnected repositories.,"People still interpret contractual nuance, usage rights, and which document version is good enough to act on.","Key commentary and approval history sit in emails, redlines, and shared folders outside the formal index.","The workflow combines unstructured content and structured obligations, which few systems model together well. It typically spans 1 operating-system context and 3 systems-of-record categories.",knowledge/research/workflow-library/workflows/document-and-knowledge-management.md
Documentation and Compliance Management,"Risk, Compliance, and Reporting",Case Management and Program Administration,Social assistance,1,SF-07,Compliance and Evidence Burden,SF-03 | SF-01,Decision Context Escapes the Record | Exception-Path Breakdown,SF-07 | SF-03 | SF-01,Compliance and Evidence Burden | Decision Context Escapes the Record | Exception-Path Breakdown,SF-07:26.0 | SF-03:12.0 | SF-01:7.0,SF-07:26.0 | SF-03:12.0 | SF-01:7.0 | SF-02:6.0 | SF-04:4.0 | SF-08:1.5,Regulatory,"Late or weak reporting creates fines, reserve exposure, rework, and management blind spots.","Teams manually stitch files, request attestations, and chase evidence for every cycle.","Control owners still decide what is material, what is remediated, and what can be tolerated temporarily.","Supporting evidence sits in attachments, spreadsheets, emails, and external filing systems.","The form of the report may be standardized, but the data lineage and exception handling still are not. It typically spans 1 operating-system context and 4 systems-of-record categories.",knowledge/research/workflow-library/workflows/documentation-and-compliance-management.md
Driver Safety and Compliance,"Risk, Compliance, and Reporting",Transportation Network Operations,Truck transportation,1,SF-07,Compliance and Evidence Burden,SF-04 | SF-03,Human Judgment Under Incomplete Information | Decision Context Escapes the Record,SF-07 | SF-04 | SF-03,Compliance and Evidence Burden | Human Judgment Under Incomplete Information | Decision Context Escapes the Record,SF-07:23.5 | SF-04:14.0 | SF-03:10.5,SF-07:23.5 | SF-04:14.0 | SF-03:10.5 | SF-01:7.0 | SF-02:1.0,Regulatory,"Failures, recalls, rework, and excess inspection labor are the major leakage points.","Teams repeat data entry, collect evidence manually, and wait on disposition decisions.","Inspectors still interpret severity, traceability gaps, and acceptable release decisions.","Evidence often sits in attachments, lab systems, spreadsheets, and manual checklists outside the main record.","Standards are formal, but real-world deviations and root-cause interpretation remain human-heavy. It typically spans 1 operating-system context and 3 systems-of-record categories.",knowledge/research/workflow-library/workflows/driver-safety-and-compliance.md
Eligibility and Authorization,"Access, Intake, and Contracting",Care Delivery and Reimbursement,Ambulatory health care services,1,SF-03,Decision Context Escapes the Record,SF-01 | SF-05,Exception-Path Breakdown | Handoff and Approval Latency,SF-03 | SF-01 | SF-05,Decision Context Escapes the Record | Exception-Path Breakdown | Handoff and Approval Latency,SF-03:15.0 | SF-01:13.0 | SF-05:8.0,SF-03:15.0 | SF-01:13.0 | SF-05:8.0 | SF-04:6.0 | SF-07:5.0 | SF-06:2.0 | SF-08:1.0,Organizational,"Leakage starts with avoidable denials, no-shows, unused capacity, and mis-routed participants.","Teams repeatedly collect the same history and chase coverage, paperwork, and schedule coordination.","Staff balance urgency, fit, and operational constraints under incomplete documentation.","Phone calls, scanned documents, and message threads still carry the real intake context.","Eligibility and access rules can be encoded, but edge cases and capacity realities still require manual orchestration. It typically spans 1 operating-system context and 3 systems-of-record categories.",knowledge/research/workflow-library/workflows/eligibility-and-authorization.md
Engineering Change Management,"Product, Content, and Engineering",Product Manufacturing and Lifecycle Operations,Computer and electronic products,1,SF-03,Decision Context Escapes the Record,SF-02 | SF-04,Cross-System Reconciliation | Human Judgment Under Incomplete Information,SF-03 | SF-02 | SF-04,Decision Context Escapes the Record | Cross-System Reconciliation | Human Judgment Under Incomplete Information,SF-03:10.0 | SF-02:9.0 | SF-04:6.0,SF-03:10.0 | SF-02:9.0 | SF-04:6.0 | SF-05:4.0,Legacy Architecture,"Master-data mistakes and release delays create rework, scrap, missed launch windows, and downstream confusion.","Teams manually synchronize definitions across PLM, ERP, support, and commercial systems.","Tradeoffs among quality, timing, and downstream disruption remain human-led.","Critical rationale and version decisions live in reviews, comments, and docs outside the system of record.","Structured data and collaborative work still sit in separate tools, so version truth remains hard to unify. It typically spans 1 operating-system context and 4 systems-of-record categories.",knowledge/research/workflow-library/workflows/engineering-change-management.md
Estimating and Proposal Management,"Access, Intake, and Contracting",Project Delivery and Contracting,Construction,1,SF-05,Handoff and Approval Latency,SF-04 | SF-03,Human Judgment Under Incomplete Information | Decision Context Escapes the Record,SF-05 | SF-04 | SF-03,Handoff and Approval Latency | Human Judgment Under Incomplete Information | Decision Context Escapes the Record,SF-05:13.0 | SF-04:11.0 | SF-03:6.0,SF-05:13.0 | SF-04:11.0 | SF-03:6.0 | SF-01:3.0 | SF-08:3.0 | SF-06:1.0,Technical,"Leakage comes from underpricing, scope misses, inaccurate assumptions, and change orders that were predictable at quote time.","Estimators wait on inputs, rebuild historical assumptions, and route approvals repeatedly.","Estimators must judge risk, uncertainty, and customer-specific nuance that raw historical data rarely captures cleanly.","The actual pricing narrative often sits in spreadsheets, markups, and offline review threads.","Rules can price the simple path, but profitable quoting still depends on tacit knowledge and cross-functional review. It typically spans 1 operating-system context and 3 systems-of-record categories.",knowledge/research/workflow-library/workflows/estimating-and-proposal-management.md
Estimating and Quotation,"Access, Intake, and Contracting",Product Manufacturing and Lifecycle Operations,Fabricated metal products,1,SF-05,Handoff and Approval Latency,SF-04 | SF-03,Human Judgment Under Incomplete Information | Decision Context Escapes the Record,SF-05 | SF-04 | SF-03,Handoff and Approval Latency | Human Judgment Under Incomplete Information | Decision Context Escapes the Record,SF-05:13.0 | SF-04:11.0 | SF-03:6.0,SF-05:13.0 | SF-04:11.0 | SF-03:6.0 | SF-01:3.0 | SF-08:3.0 | SF-06:1.0,Technical,"Leakage comes from underpricing, scope misses, inaccurate assumptions, and change orders that were predictable at quote time.","Estimators wait on inputs, rebuild historical assumptions, and route approvals repeatedly.","Estimators must judge risk, uncertainty, and customer-specific nuance that raw historical data rarely captures cleanly.","The actual pricing narrative often sits in spreadsheets, markups, and offline review threads.","Rules can price the simple path, but profitable quoting still depends on tacit knowledge and cross-functional review. It typically spans 1 operating-system context and 3 systems-of-record categories.",knowledge/research/workflow-library/workflows/estimating-and-quotation.md
Event Settlement and Reporting,Finance and Revenue Operations,"Venue, Hospitality, and Attendance Operations","Performing arts, spectator sports, museums, and related activities",1,SF-02,Cross-System Reconciliation,SF-01 | SF-03,Exception-Path Breakdown | Decision Context Escapes the Record,SF-02 | SF-01 | SF-03,Cross-System Reconciliation | Exception-Path Breakdown | Decision Context Escapes the Record,SF-02:23.5 | SF-01:16.0 | SF-03:14.0,SF-02:23.5 | SF-01:16.0 | SF-03:14.0 | SF-04:11.0 | SF-08:4.0 | SF-07:2.0,Legacy Architecture,"Unmatched items, late close, duplicate settlements, and poor exception control create hidden leakage and working-capital drag.","Analysts spend time matching records manually, collecting support, and rebuilding audit trails.","Materiality, root cause, and acceptable resolution still depend on experienced finance staff.","Exception triage almost always moves into spreadsheets, email, and bank or partner portals.",Reconciliation spans asynchronous systems and low-standardization edge cases that resist full automation. It typically spans 1 operating-system context and 3 systems-of-record categories.,knowledge/research/workflow-library/workflows/event-settlement-and-reporting.md
Exception Management,Network and Transportation Operations,Transportation Network Operations,Other transportation and support activities,1,SF-03,Decision Context Escapes the Record,SF-01 | SF-04,Exception-Path Breakdown | Human Judgment Under Incomplete Information,SF-03 | SF-01 | SF-04,Decision Context Escapes the Record | Exception-Path Breakdown | Human Judgment Under Incomplete Information,SF-03:12.0 | SF-01:11.0 | SF-04:9.0,SF-03:12.0 | SF-01:11.0 | SF-04:9.0 | SF-08:7.0 | SF-06:6.0 | SF-05:1.0,Technical,"Poor visibility turns small exceptions into claims, missed commitments, and expensive recoveries.",Teams spend time validating whether the exception signal is real and who is best positioned to act.,Exception severity and customer impact still require contextual interpretation.,"Teams fall back to calls, partner portals, and spreadsheets when telemetry is incomplete or late.","Visibility tools have improved, but cross-party event quality and actionability remain inconsistent. It typically spans 1 operating-system context and 3 systems-of-record categories.",knowledge/research/workflow-library/workflows/exception-management.md
Field Development Planning,Planning and Allocation,Field Production and Resource Extraction,Oil and gas extraction,1,SF-04,Human Judgment Under Incomplete Information,SF-06 | SF-08,Plan vs. Reality Divergence | Multi-Party Trust and Dependency Gaps,SF-04 | SF-06 | SF-08,Human Judgment Under Incomplete Information | Plan vs. Reality Divergence | Multi-Party Trust and Dependency Gaps,SF-04:21.5 | SF-06:13.0 | SF-08:8.0,SF-04:21.5 | SF-06:13.0 | SF-08:8.0 | SF-03:6.0 | SF-05:3.0 | SF-01:2.0,Technical,"Forecast error and poor allocation create excess cost, missed revenue, and avoidable firefighting.",Planning teams spend time rebuilding assumptions and chasing sign-off across functions.,Planners still decide which signals to trust and when the model output does not fit local reality.,"Scenario analysis and negotiation happen in spreadsheets, slides, and side conversations.","The hard problem is not math alone; it is aligning noisy signals, local constraints, and organizational trust. It typically spans 1 operating-system context and 4 systems-of-record categories.",knowledge/research/workflow-library/workflows/field-development-planning.md
Field Execution and Change Management,Delivery and Service Execution,Project Delivery and Contracting,Construction,1,SF-03,Decision Context Escapes the Record,SF-05 | SF-06,Handoff and Approval Latency | Plan vs. Reality Divergence,SF-03 | SF-05 | SF-06,Decision Context Escapes the Record | Handoff and Approval Latency | Plan vs. Reality Divergence,SF-03:8.0 | SF-05:8.0 | SF-06:7.0,SF-03:8.0 | SF-05:8.0 | SF-06:7.0 | SF-04:6.0 | SF-02:1.0 | SF-07:1.0,Legacy Architecture,"Travel waste, revisit rates, change-order misses, and field rework are the main economic leaks.","Crews lose time to waiting, missing parts, unclear scope, and back-and-forth approvals.","Field leads interpret site reality, safety, and customer context in ways that no template fully captures.","Actual field decisions are coordinated over calls, text, and paper notes before systems are updated later.","Field conditions mutate faster than central systems, making local judgment indispensable. It typically spans 1 operating-system context and 3 systems-of-record categories.",knowledge/research/workflow-library/workflows/field-execution-and-change-management.md
Field Operations,Production and Asset Operations,Field Production and Resource Extraction,Farms,1,SF-06,Plan vs. Reality Divergence,SF-04 | SF-03,Human Judgment Under Incomplete Information | Decision Context Escapes the Record,SF-06 | SF-04 | SF-03,Plan vs. Reality Divergence | Human Judgment Under Incomplete Information | Decision Context Escapes the Record,SF-06:16.5 | SF-04:10.0 | SF-03:8.0,SF-06:16.5 | SF-04:10.0 | SF-03:8.0 | SF-05:4.0 | SF-02:1.0 | SF-01:0.5,Legacy Architecture,"Scrap, slow cycles, poor yields, and unplanned downtime are the main leakages.","Operators lose time to waiting, restarts, manual data capture, and coordination across shifts.","Supervisors balance throughput, quality, and risk when conditions diverge from the ideal run.","Operational nuance lives in shift notes, whiteboards, and tribal knowledge outside MES and ERP fields.","Even with modern MES, the last mile of execution still depends on local conditions and human adaptation. It typically spans 1 operating-system context and 2 systems-of-record categories.",knowledge/research/workflow-library/workflows/field-operations.md
Field Service Execution,Delivery and Service Execution,Workforce Coordination and Service Operations,"Other services, except government",1,SF-03,Decision Context Escapes the Record,SF-05 | SF-06,Handoff and Approval Latency | Plan vs. Reality Divergence,SF-03 | SF-05 | SF-06,Decision Context Escapes the Record | Handoff and Approval Latency | Plan vs. Reality Divergence,SF-03:8.0 | SF-05:8.0 | SF-06:7.0,SF-03:8.0 | SF-05:8.0 | SF-06:7.0 | SF-04:6.0 | SF-02:1.0 | SF-07:1.0,Legacy Architecture,"Travel waste, revisit rates, change-order misses, and field rework are the main economic leaks.","Crews lose time to waiting, missing parts, unclear scope, and back-and-forth approvals.","Field leads interpret site reality, safety, and customer context in ways that no template fully captures.","Actual field decisions are coordinated over calls, text, and paper notes before systems are updated later.","Field conditions mutate faster than central systems, making local judgment indispensable. It typically spans 1 operating-system context and 4 systems-of-record categories.",knowledge/research/workflow-library/workflows/field-service-execution.md
Financial Consolidation,Governance and Portfolio Operations,Enterprise Governance and Shared Services,Management of companies and enterprises,1,SF-05,Handoff and Approval Latency,SF-04 | SF-03,Human Judgment Under Incomplete Information | Decision Context Escapes the Record,SF-05 | SF-04 | SF-03,Handoff and Approval Latency | Human Judgment Under Incomplete Information | Decision Context Escapes the Record,SF-05:16.0 | SF-04:9.0 | SF-03:8.0,SF-05:16.0 | SF-04:9.0 | SF-03:8.0 | SF-08:3.0 | SF-02:1.0,Organizational,Capital and support resources drift into low-return uses when performance signals are late or noisy.,Review cycles are slowed by manual aggregation and commentary collection.,"Leadership still decides tradeoffs among long-term return, local politics, and near-term operational reality.",Most decisive discussion happens in decks and meetings rather than the planning system itself.,Shared-service and capital decisions remain cross-functional and politically negotiated rather than purely model-driven. It typically spans 1 operating-system context and 4 systems-of-record categories.,knowledge/research/workflow-library/workflows/financial-consolidation.md
Financing and Underwriting,Finance and Revenue Operations,Retail and Service Commerce,Motor vehicle and parts dealers,1,SF-03,Decision Context Escapes the Record,SF-04 | SF-05,Human Judgment Under Incomplete Information | Handoff and Approval Latency,SF-03 | SF-04 | SF-05,Decision Context Escapes the Record | Human Judgment Under Incomplete Information | Handoff and Approval Latency,SF-03:18.0 | SF-04:9.5 | SF-05:9.0,SF-03:18.0 | SF-04:9.5 | SF-05:9.0 | SF-02:7.0 | SF-07:4.0 | SF-01:3.0,Regulatory,"Leakage appears through slow decisioning, avoidable losses, poor collections, and high manual servicing cost.","Banking teams chase documents, reconcile exposures, and move work across front, middle, and back office queues.","Risk appetite, borrower quality, and workout strategy still rely heavily on expert human judgment.","Core context moves into credit memos, committee notes, shared spreadsheets, and email threads outside the core record.","Core systems are mature, but cross-functional credit work remains document-heavy and policy-sensitive. It typically spans 1 operating-system context and 4 systems-of-record categories.",knowledge/research/workflow-library/workflows/financing-and-underwriting.md
Freight Audit and Billing,Finance and Revenue Operations,Transportation Network Operations,Truck transportation,1,SF-01,Exception-Path Breakdown,SF-03 | SF-02,Decision Context Escapes the Record | Cross-System Reconciliation,SF-01 | SF-03 | SF-02,Exception-Path Breakdown | Decision Context Escapes the Record | Cross-System Reconciliation,SF-01:20.5 | SF-03:14.0 | SF-02:10.0,SF-01:20.5 | SF-03:14.0 | SF-02:10.0 | SF-08:9.0 | SF-04:6.0 | SF-07:5.0,Legacy Architecture,"Missed charges, denial cycles, underbilling, and slow cash application are the primary leakage points.","Teams repeatedly reconcile source evidence, payer rules, and customer-specific exceptions.","Operators interpret contract nuance, collection strategy, and what evidence is enough to close the item.","Collections context and exception history often live in email, payer portals, and spreadsheets outside the core system.","Automation handles the clean path, but exceptions are driven by messy upstream data and contract interpretation. It typically spans 1 operating-system context and 3 systems-of-record categories.",knowledge/research/workflow-library/workflows/freight-audit-and-billing.md
Freight Audit and Settlement,Finance and Revenue Operations,Transportation Network Operations,Other transportation and support activities,1,SF-02,Cross-System Reconciliation,SF-01 | SF-03,Exception-Path Breakdown | Decision Context Escapes the Record,SF-02 | SF-01 | SF-03,Cross-System Reconciliation | Exception-Path Breakdown | Decision Context Escapes the Record,SF-02:23.5 | SF-01:16.0 | SF-03:14.0,SF-02:23.5 | SF-01:16.0 | SF-03:14.0 | SF-04:11.0 | SF-08:4.0 | SF-07:2.0,Legacy Architecture,"Unmatched items, late close, duplicate settlements, and poor exception control create hidden leakage and working-capital drag.","Analysts spend time matching records manually, collecting support, and rebuilding audit trails.","Materiality, root cause, and acceptable resolution still depend on experienced finance staff.","Exception triage almost always moves into spreadsheets, email, and bank or partner portals.",Reconciliation spans asynchronous systems and low-standardization edge cases that resist full automation. It typically spans 1 operating-system context and 3 systems-of-record categories.,knowledge/research/workflow-library/workflows/freight-audit-and-settlement.md
Front Desk and Housekeeping Operations,Delivery and Service Execution,"Venue, Hospitality, and Attendance Operations",Accommodation,1,SF-04,Human Judgment Under Incomplete Information,SF-01,Exception-Path Breakdown,SF-04 | SF-01,Human Judgment Under Incomplete Information | Exception-Path Breakdown,SF-04:9.0 | SF-01:6.0,SF-04:9.0 | SF-01:6.0 | SF-05:5.0 | SF-06:5.0 | SF-03:4.0 | SF-02:3.0 | SF-08:1.0,Organizational,"Leakage comes from unready inventory, labor mismatch, service recovery costs, and poor turnover discipline.","Teams lose time on room-status reconciliation, guest issue triage, and manual cross-shift communication.","On-site teams continually arbitrate service tradeoffs, prioritization, and recovery.","The true operating picture often lives in shift notes, radios, texts, and verbal coordination.","Hospitality operations mix fixed capacity, live human service, and fast exceptions that spill beyond the PMS. It typically spans 1 operating-system context and 4 systems-of-record categories.",knowledge/research/workflow-library/workflows/front-desk-and-housekeeping-operations.md
Fulfillment and Returns Management,Delivery and Service Execution,Retail and Service Commerce,Other retail,1,SF-01,Exception-Path Breakdown,SF-03 | SF-06,Decision Context Escapes the Record | Plan vs. Reality Divergence,SF-01 | SF-03 | SF-06,Exception-Path Breakdown | Decision Context Escapes the Record | Plan vs. Reality Divergence,SF-01:14.0 | SF-03:11.0 | SF-06:6.0,SF-01:14.0 | SF-03:11.0 | SF-06:6.0 | SF-04:3.0 | SF-02:1.0 | SF-05:1.0,Legacy Architecture,"Leakage shows up in split orders, mispicks, returns, expedites, and fulfillment promises that outrun actual capacity.","Teams chase inventory truth, release status, and downstream transport updates across systems.","Operators still decide how to recover shortages, prioritize customers, and manage substitutions.","Exception handling often happens through email, calls, and local trackers outside the formal order flow.","Order orchestration spans inventory, warehouse, transport, and customer systems with different clocks and constraints. It typically spans 1 operating-system context and 4 systems-of-record categories.",knowledge/research/workflow-library/workflows/fulfillment-and-returns-management.md
Fund Accounting,Governance and Portfolio Operations,Capital Markets and Investment Management,"Funds, trusts, and other financial vehicles",1,SF-02,Cross-System Reconciliation,SF-03 | SF-04,Decision Context Escapes the Record | Human Judgment Under Incomplete Information,SF-02 | SF-03 | SF-04,Cross-System Reconciliation | Decision Context Escapes the Record | Human Judgment Under Incomplete Information,SF-02:13.0 | SF-03:11.0 | SF-04:9.0,SF-02:13.0 | SF-03:11.0 | SF-04:9.0 | SF-08:8.5 | SF-01:6.0 | SF-05:4.0 | SF-06:1.0,Technical,"Leakage comes from stale positions, NAV breaks, manual reporting overhead, and slow exception closure.","Teams reconcile books and records repeatedly across portfolio, accounting, and investor-reporting systems.","Materiality, valuation challenge, and client communication still depend on experienced professionals.","Exception narratives and investor context move through emails, memos, and spreadsheet bridges.",Even sophisticated platforms still depend on cross-book reconciliation and human review to maintain trust. It typically spans 1 operating-system context and 4 systems-of-record categories.,knowledge/research/workflow-library/workflows/fund-accounting.md
Fund Onboarding and Setup,"Access, Intake, and Contracting",Capital Markets and Investment Management,"Funds, trusts, and other financial vehicles",1,SF-05,Handoff and Approval Latency,SF-04 | SF-03,Human Judgment Under Incomplete Information | Decision Context Escapes the Record,SF-05 | SF-04 | SF-03,Handoff and Approval Latency | Human Judgment Under Incomplete Information | Decision Context Escapes the Record,SF-05:22.0 | SF-04:19.5 | SF-03:17.5,SF-05:22.0 | SF-04:19.5 | SF-03:17.5 | SF-07:12.0 | SF-01:9.0 | SF-08:3.5 | SF-02:2.0,Regulatory,"Slow onboarding delays revenue start dates and increases abandonment, while weak controls raise risk and rework.","Teams chase documents, approvals, signatures, and duplicate data entry across systems.","Analysts still judge risk, beneficial ownership complexity, and what counts as a satisfactory exception path.","Onboarding packets, emails, shared checklists, and external verification portals carry the real process state.","Verification is partly automatable, but high-value or high-risk relationships still require context-heavy review and layered approvals. It typically spans 1 operating-system context and 4 systems-of-record categories.",knowledge/research/workflow-library/workflows/fund-onboarding-and-setup.md
Governance and Risk Review,Governance and Portfolio Operations,Enterprise Governance and Shared Services,Management of companies and enterprises,1,SF-05,Handoff and Approval Latency,SF-04 | SF-03,Human Judgment Under Incomplete Information | Decision Context Escapes the Record,SF-05 | SF-04 | SF-03,Handoff and Approval Latency | Human Judgment Under Incomplete Information | Decision Context Escapes the Record,SF-05:16.0 | SF-04:9.0 | SF-03:8.0,SF-05:16.0 | SF-04:9.0 | SF-03:8.0 | SF-08:3.0 | SF-02:1.0,Organizational,Capital and support resources drift into low-return uses when performance signals are late or noisy.,Review cycles are slowed by manual aggregation and commentary collection.,"Leadership still decides tradeoffs among long-term return, local politics, and near-term operational reality.",Most decisive discussion happens in decks and meetings rather than the planning system itself.,Shared-service and capital decisions remain cross-functional and politically negotiated rather than purely model-driven. It typically spans 1 operating-system context and 4 systems-of-record categories.,knowledge/research/workflow-library/workflows/governance-and-risk-review.md
Harvest and Logistics Management,Delivery and Service Execution,Field Production and Resource Extraction,Farms,1,SF-01,Exception-Path Breakdown,SF-03 | SF-06,Decision Context Escapes the Record | Plan vs. Reality Divergence,SF-01 | SF-03 | SF-06,Exception-Path Breakdown | Decision Context Escapes the Record | Plan vs. Reality Divergence,SF-01:14.0 | SF-03:11.0 | SF-06:6.0,SF-01:14.0 | SF-03:11.0 | SF-06:6.0 | SF-04:3.0 | SF-02:1.0 | SF-05:1.0,Legacy Architecture,"Leakage shows up in split orders, mispicks, returns, expedites, and fulfillment promises that outrun actual capacity.","Teams chase inventory truth, release status, and downstream transport updates across systems.","Operators still decide how to recover shortages, prioritize customers, and manage substitutions.","Exception handling often happens through email, calls, and local trackers outside the formal order flow.","Order orchestration spans inventory, warehouse, transport, and customer systems with different clocks and constraints. It typically spans 1 operating-system context and 2 systems-of-record categories.",knowledge/research/workflow-library/workflows/harvest-and-logistics-management.md
In-Transit Visibility and Proof of Delivery,Network and Transportation Operations,Transportation Network Operations,Truck transportation,1,SF-03,Decision Context Escapes the Record,SF-01 | SF-04,Exception-Path Breakdown | Human Judgment Under Incomplete Information,SF-03 | SF-01 | SF-04,Decision Context Escapes the Record | Exception-Path Breakdown | Human Judgment Under Incomplete Information,SF-03:12.0 | SF-01:11.0 | SF-04:9.0,SF-03:12.0 | SF-01:11.0 | SF-04:9.0 | SF-08:7.0 | SF-06:6.0 | SF-05:1.0,Technical,"Poor visibility turns small exceptions into claims, missed commitments, and expensive recoveries.",Teams spend time validating whether the exception signal is real and who is best positioned to act.,Exception severity and customer impact still require contextual interpretation.,"Teams fall back to calls, partner portals, and spreadsheets when telemetry is incomplete or late.","Visibility tools have improved, but cross-party event quality and actionability remain inconsistent. It typically spans 1 operating-system context and 3 systems-of-record categories.",knowledge/research/workflow-library/workflows/in-transit-visibility-and-proof-of-delivery.md
Infrastructure Capacity Planning,Planning and Allocation,Digital Platform and Subscription Operations,"Data processing, internet publishing, and other information services",1,SF-04,Human Judgment Under Incomplete Information,SF-06 | SF-08,Plan vs. Reality Divergence | Multi-Party Trust and Dependency Gaps,SF-04 | SF-06 | SF-08,Human Judgment Under Incomplete Information | Plan vs. Reality Divergence | Multi-Party Trust and Dependency Gaps,SF-04:21.5 | SF-06:13.0 | SF-08:8.0,SF-04:21.5 | SF-06:13.0 | SF-08:8.0 | SF-03:6.0 | SF-05:3.0 | SF-01:2.0,Technical,"Forecast error and poor allocation create excess cost, missed revenue, and avoidable firefighting.",Planning teams spend time rebuilding assumptions and chasing sign-off across functions.,Planners still decide which signals to trust and when the model output does not fit local reality.,"Scenario analysis and negotiation happen in spreadsheets, slides, and side conversations.","The hard problem is not math alone; it is aligning noisy signals, local constraints, and organizational trust. It typically spans 1 operating-system context and 4 systems-of-record categories.",knowledge/research/workflow-library/workflows/infrastructure-capacity-planning.md
Input Sourcing and Procurement,Sourcing and Supply,Field Production and Resource Extraction,Farms,1,SF-08,Multi-Party Trust and Dependency Gaps,SF-03 | SF-01,Decision Context Escapes the Record | Exception-Path Breakdown,SF-08 | SF-03 | SF-01,Multi-Party Trust and Dependency Gaps | Decision Context Escapes the Record | Exception-Path Breakdown,SF-08:14.0 | SF-03:9.0 | SF-01:7.0,SF-08:14.0 | SF-03:9.0 | SF-01:7.0 | SF-04:2.0 | SF-05:2.0 | SF-06:1.0,Economic,"Leakage appears through rush buys, stockouts, overbuying, and weak term control.","Buyers spend time chasing confirmations, comparing suppliers, and repairing plan mismatches.",Source selection and expedites still rely on local knowledge and changing supplier behavior.,Exception discussions and commitments often move into email and supplier portals beyond the ERP trail.,"Procurement tools are strong on structured buying, but supply volatility and exception-driven replenishment remain stubborn. It typically spans 1 operating-system context and 2 systems-of-record categories.",knowledge/research/workflow-library/workflows/input-sourcing-and-procurement.md
Instruction Delivery,Delivery and Service Execution,Education Delivery and Administration,Educational services,1,SF-03,Decision Context Escapes the Record,,,SF-03,Decision Context Escapes the Record,SF-03:4.0,SF-03:4.0 | SF-04:4.0 | SF-06:4.0 | SF-07:2.0 | SF-05:1.0,Behavioral,"Leakage appears through attrition, underfilled capacity, compliance misses, and avoidable remediation cost.","Faculty and administrators spend time on attendance tracking, follow-up, and reconciling systems with actual class activity.",Instruction quality and intervention timing still depend on educator judgment.,"Critical context lives in conversations, notes, side messages, and informal support channels outside SIS and LMS records.","Learning delivery is partly standardized, but student variance and faculty autonomy keep the workflow human-led. It typically spans 1 operating-system context and 4 systems-of-record categories.",knowledge/research/workflow-library/workflows/instruction-delivery.md
Intake and Eligibility Determination,"Access, Intake, and Contracting",Case Management and Program Administration,Social assistance,1,SF-03,Decision Context Escapes the Record,SF-01 | SF-05,Exception-Path Breakdown | Handoff and Approval Latency,SF-03 | SF-01 | SF-05,Decision Context Escapes the Record | Exception-Path Breakdown | Handoff and Approval Latency,SF-03:15.0 | SF-01:13.0 | SF-05:8.0,SF-03:15.0 | SF-01:13.0 | SF-05:8.0 | SF-04:6.0 | SF-07:5.0 | SF-06:2.0 | SF-08:1.0,Organizational,"Leakage starts with avoidable denials, no-shows, unused capacity, and mis-routed participants.","Teams repeatedly collect the same history and chase coverage, paperwork, and schedule coordination.","Staff balance urgency, fit, and operational constraints under incomplete documentation.","Phone calls, scanned documents, and message threads still carry the real intake context.","Eligibility and access rules can be encoded, but edge cases and capacity realities still require manual orchestration. It typically spans 1 operating-system context and 4 systems-of-record categories.",knowledge/research/workflow-library/workflows/intake-and-eligibility-determination.md
Inventory Allocation and Replenishment,Planning and Allocation,Retail and Service Commerce,Other retail | General merchandise stores,2,SF-06,Plan vs. Reality Divergence,SF-04,Human Judgment Under Incomplete Information,SF-06 | SF-04,Plan vs. Reality Divergence | Human Judgment Under Incomplete Information,SF-06:10.0 | SF-04:6.0,SF-06:10.0 | SF-04:6.0 | SF-03:3.0 | SF-05:1.0,Technical,"Misallocation drives stockouts, markdowns, carrying cost, and lost working capital productivity.",Teams spend time reconciling stock truth and coordinating transfers or aged inventory action.,Operators still judge local demand and whether aged stock can truly move through the planned channel.,Inventory decisions are often managed in spreadsheets and store communications outside the planning system.,"System optimization struggles when demand is local, seasonal, and only partly observable in real time. It typically spans 1 operating-system context and 5 systems-of-record categories.",knowledge/research/workflow-library/workflows/inventory-allocation-and-replenishment.md
Inventory Sourcing and Aging Management,Planning and Allocation,Retail and Service Commerce,Motor vehicle and parts dealers,1,SF-06,Plan vs. Reality Divergence,SF-04,Human Judgment Under Incomplete Information,SF-06 | SF-04,Plan vs. Reality Divergence | Human Judgment Under Incomplete Information,SF-06:10.0 | SF-04:6.0,SF-06:10.0 | SF-04:6.0 | SF-03:3.0 | SF-05:1.0,Technical,"Misallocation drives stockouts, markdowns, carrying cost, and lost working capital productivity.",Teams spend time reconciling stock truth and coordinating transfers or aged inventory action.,Operators still judge local demand and whether aged stock can truly move through the planned channel.,Inventory decisions are often managed in spreadsheets and store communications outside the planning system.,"System optimization struggles when demand is local, seasonal, and only partly observable in real time. It typically spans 1 operating-system context and 4 systems-of-record categories.",knowledge/research/workflow-library/workflows/inventory-sourcing-and-aging-management.md
Inventory and Perishables Management,Production and Asset Operations,Retail and Service Commerce,Food and beverage stores,1,SF-06,Plan vs. Reality Divergence,SF-04 | SF-03,Human Judgment Under Incomplete Information | Decision Context Escapes the Record,SF-06 | SF-04 | SF-03,Plan vs. Reality Divergence | Human Judgment Under Incomplete Information | Decision Context Escapes the Record,SF-06:16.5 | SF-04:10.0 | SF-03:8.0,SF-06:16.5 | SF-04:10.0 | SF-03:8.0 | SF-05:4.0 | SF-02:1.0 | SF-01:0.5,Legacy Architecture,"Scrap, slow cycles, poor yields, and unplanned downtime are the main leakages.","Operators lose time to waiting, restarts, manual data capture, and coordination across shifts.","Supervisors balance throughput, quality, and risk when conditions diverge from the ideal run.","Operational nuance lives in shift notes, whiteboards, and tribal knowledge outside MES and ERP fields.","Even with modern MES, the last mile of execution still depends on local conditions and human adaptation. It typically spans 1 operating-system context and 4 systems-of-record categories.",knowledge/research/workflow-library/workflows/inventory-and-perishables-management.md
Investor Reporting,Governance and Portfolio Operations,Capital Markets and Investment Management,"Funds, trusts, and other financial vehicles",1,SF-02,Cross-System Reconciliation,SF-03 | SF-04,Decision Context Escapes the Record | Human Judgment Under Incomplete Information,SF-02 | SF-03 | SF-04,Cross-System Reconciliation | Decision Context Escapes the Record | Human Judgment Under Incomplete Information,SF-02:13.0 | SF-03:11.0 | SF-04:9.0,SF-02:13.0 | SF-03:11.0 | SF-04:9.0 | SF-08:8.5 | SF-01:6.0 | SF-05:4.0 | SF-06:1.0,Technical,"Leakage comes from stale positions, NAV breaks, manual reporting overhead, and slow exception closure.","Teams reconcile books and records repeatedly across portfolio, accounting, and investor-reporting systems.","Materiality, valuation challenge, and client communication still depend on experienced professionals.","Exception narratives and investor context move through emails, memos, and spreadsheet bridges.",Even sophisticated platforms still depend on cross-book reconciliation and human review to maintain trust. It typically spans 1 operating-system context and 4 systems-of-record categories.,knowledge/research/workflow-library/workflows/investor-reporting.md
Investor Reporting and Performance,Governance and Portfolio Operations,Capital Markets and Investment Management,"Securities, commodity contracts, and investments",1,SF-02,Cross-System Reconciliation,SF-03 | SF-04,Decision Context Escapes the Record | Human Judgment Under Incomplete Information,SF-02 | SF-03 | SF-04,Cross-System Reconciliation | Decision Context Escapes the Record | Human Judgment Under Incomplete Information,SF-02:13.0 | SF-03:11.0 | SF-04:9.0,SF-02:13.0 | SF-03:11.0 | SF-04:9.0 | SF-08:8.5 | SF-01:6.0 | SF-05:4.0 | SF-06:1.0,Technical,"Leakage comes from stale positions, NAV breaks, manual reporting overhead, and slow exception closure.","Teams reconcile books and records repeatedly across portfolio, accounting, and investor-reporting systems.","Materiality, valuation challenge, and client communication still depend on experienced professionals.","Exception narratives and investor context move through emails, memos, and spreadsheet bridges.",Even sophisticated platforms still depend on cross-book reconciliation and human review to maintain trust. It typically spans 1 operating-system context and 4 systems-of-record categories.,knowledge/research/workflow-library/workflows/investor-reporting-and-performance.md
Lead Intake and Scheduling,"Access, Intake, and Contracting",Workforce Coordination and Service Operations,"Other services, except government",1,SF-03,Decision Context Escapes the Record,SF-01 | SF-05,Exception-Path Breakdown | Handoff and Approval Latency,SF-03 | SF-01 | SF-05,Decision Context Escapes the Record | Exception-Path Breakdown | Handoff and Approval Latency,SF-03:15.0 | SF-01:13.0 | SF-05:8.0,SF-03:15.0 | SF-01:13.0 | SF-05:8.0 | SF-04:6.0 | SF-07:5.0 | SF-06:2.0 | SF-08:1.0,Organizational,"Leakage starts with avoidable denials, no-shows, unused capacity, and mis-routed participants.","Teams repeatedly collect the same history and chase coverage, paperwork, and schedule coordination.","Staff balance urgency, fit, and operational constraints under incomplete documentation.","Phone calls, scanned documents, and message threads still carry the real intake context.","Eligibility and access rules can be encoded, but edge cases and capacity realities still require manual orchestration. It typically spans 1 operating-system context and 4 systems-of-record categories.",knowledge/research/workflow-library/workflows/lead-intake-and-scheduling.md
Lead Management and Sales,"Access, Intake, and Contracting",Retail and Service Commerce,Motor vehicle and parts dealers,1,SF-03,Decision Context Escapes the Record,SF-05,Handoff and Approval Latency,SF-03 | SF-05,Decision Context Escapes the Record | Handoff and Approval Latency,SF-03:12.0 | SF-05:6.0,SF-03:12.0 | SF-05:6.0 | SF-04:4.0 | SF-01:3.0,Behavioral,"Poor qualification, weak follow-up, and over-discounting waste selling capacity and suppress win rates.","Commercial teams lose time assembling context, chasing stakeholders, and rebuilding proposals from prior deals.","Win probability, account politics, and deal strategy still sit heavily in human judgment.","Critical context lives in email, notes, calls, and ad hoc documents outside the CRM fields.","CRM structures pipeline data, but deal progression still depends on relationship context and bespoke coordination. It typically spans 1 operating-system context and 4 systems-of-record categories.",knowledge/research/workflow-library/workflows/lead-management-and-sales.md
Lead and Proposal Management,"Access, Intake, and Contracting",Professional Services and Matter Management,"Miscellaneous professional, scientific, and technical services | Computer systems design and related services",2,SF-03,Decision Context Escapes the Record,SF-05,Handoff and Approval Latency,SF-03 | SF-05,Decision Context Escapes the Record | Handoff and Approval Latency,SF-03:12.0 | SF-05:6.0,SF-03:12.0 | SF-05:6.0 | SF-04:4.0 | SF-01:3.0,Behavioral,"Poor qualification, weak follow-up, and over-discounting waste selling capacity and suppress win rates.","Commercial teams lose time assembling context, chasing stakeholders, and rebuilding proposals from prior deals.","Win probability, account politics, and deal strategy still sit heavily in human judgment.","Critical context lives in email, notes, calls, and ad hoc documents outside the CRM fields.","CRM structures pipeline data, but deal progression still depends on relationship context and bespoke coordination. It typically spans 1 operating-system context and 5 systems-of-record categories.",knowledge/research/workflow-library/workflows/lead-and-proposal-management.md
Lease Acquisition and Pipeline Management,"Access, Intake, and Contracting",Asset Utilization and Lease Management,Other real estate,1,SF-06,Plan vs. Reality Divergence,SF-03 | SF-01,Decision Context Escapes the Record | Exception-Path Breakdown,SF-06 | SF-03 | SF-01,Plan vs. Reality Divergence | Decision Context Escapes the Record | Exception-Path Breakdown,SF-06:11.5 | SF-03:10.0 | SF-01:9.0,SF-06:11.5 | SF-03:10.0 | SF-01:9.0 | SF-05:8.0 | SF-08:6.0 | SF-04:4.5 | SF-02:1.0,Legacy Architecture,"Vacancy, poor renewal timing, weak concessions discipline, and slow readiness cycles directly reduce yield.","Leasing teams spend time coordinating tours, approvals, readiness updates, and status checks across systems.","Staff balance occupancy goals, asset condition, pricing power, and relationship context when deciding terms.","Negotiation details, readiness notes, and exceptions live in email, call logs, and side trackers.","The workflow spans commercial negotiation, physical readiness, and revenue optimization rather than a single clean transaction. It typically spans 1 operating-system context and 4 systems-of-record categories.",knowledge/research/workflow-library/workflows/lease-acquisition-and-pipeline-management.md
Lease Acquisition and Renewal,"Access, Intake, and Contracting",Asset Utilization and Lease Management,Housing,1,SF-06,Plan vs. Reality Divergence,SF-03 | SF-01,Decision Context Escapes the Record | Exception-Path Breakdown,SF-06 | SF-03 | SF-01,Plan vs. Reality Divergence | Decision Context Escapes the Record | Exception-Path Breakdown,SF-06:11.5 | SF-03:10.0 | SF-01:9.0,SF-06:11.5 | SF-03:10.0 | SF-01:9.0 | SF-05:8.0 | SF-08:6.0 | SF-04:4.5 | SF-02:1.0,Legacy Architecture,"Vacancy, poor renewal timing, weak concessions discipline, and slow readiness cycles directly reduce yield.","Leasing teams spend time coordinating tours, approvals, readiness updates, and status checks across systems.","Staff balance occupancy goals, asset condition, pricing power, and relationship context when deciding terms.","Negotiation details, readiness notes, and exceptions live in email, call logs, and side trackers.","The workflow spans commercial negotiation, physical readiness, and revenue optimization rather than a single clean transaction. It typically spans 1 operating-system context and 3 systems-of-record categories.",knowledge/research/workflow-library/workflows/lease-acquisition-and-renewal.md
Load Forecasting and Dispatch,Network and Transportation Operations,Network Infrastructure Operations,Utilities,1,SF-06,Plan vs. Reality Divergence,SF-08 | SF-03,Multi-Party Trust and Dependency Gaps | Decision Context Escapes the Record,SF-06 | SF-08 | SF-03,Plan vs. Reality Divergence | Multi-Party Trust and Dependency Gaps | Decision Context Escapes the Record,SF-06:18.0 | SF-08:13.5 | SF-03:6.0,SF-06:18.0 | SF-08:13.5 | SF-03:6.0 | SF-04:5.0 | SF-01:1.0 | SF-05:1.0,Technical,"The biggest leaks are empty capacity, bad routing, detention, and poor network utilization.","Dispatchers lose time chasing status, making call-based updates, and rerouting around late disruptions.",Controllers interpret service priorities and real-world constraints faster than static optimization models.,"Carrier calls, texts, and manual route notes remain central to live execution.","Network state changes in real time and often depends on partner data that is late, partial, or nonstandard. It typically spans 1 operating-system context and 4 systems-of-record categories.",knowledge/research/workflow-library/workflows/load-forecasting-and-dispatch.md
Load Intake and Booking,"Access, Intake, and Contracting",Transportation Network Operations,Other transportation and support activities,1,SF-01,Exception-Path Breakdown,SF-03,Decision Context Escapes the Record,SF-01 | SF-03,Exception-Path Breakdown | Decision Context Escapes the Record,SF-01:7.0 | SF-03:6.0,SF-01:7.0 | SF-03:6.0 | SF-04:4.0 | SF-05:4.0 | SF-08:3.0 | SF-06:2.0 | SF-02:1.0,Technical,"Leakage comes from spoilage, bad holds, channel mix mistakes, refunds, and poor yield control.","Teams burn time resolving inventory conflicts, special requests, and distribution-channel mismatches.","Operators still decide how to recover service, override inventory, and handle edge-case customers.","Special handling moves through calls, guest notes, and partner channels outside the clean reservation record.","Inventory can be digitized, but exception-heavy capacity control and live service recovery still depend on people. It typically spans 1 operating-system context and 3 systems-of-record categories.",knowledge/research/workflow-library/workflows/load-intake-and-booking.md
Logistics and Channel Fulfillment,Delivery and Service Execution,Product Manufacturing and Lifecycle Operations | Process Manufacturing and Throughput Control,"Motor vehicles, bodies and trailers, and parts | Machinery | Computer and electronic products | Plastics and rubber products | Paper products",5,SF-01,Exception-Path Breakdown,SF-03 | SF-06,Decision Context Escapes the Record | Plan vs. Reality Divergence,SF-01 | SF-03 | SF-06,Exception-Path Breakdown | Decision Context Escapes the Record | Plan vs. Reality Divergence,SF-01:14.0 | SF-03:11.0 | SF-06:6.0,SF-01:14.0 | SF-03:11.0 | SF-06:6.0 | SF-04:3.0 | SF-02:1.0 | SF-05:1.0,Legacy Architecture,"Leakage shows up in split orders, mispicks, returns, expedites, and fulfillment promises that outrun actual capacity.","Teams chase inventory truth, release status, and downstream transport updates across systems.","Operators still decide how to recover shortages, prioritize customers, and manage substitutions.","Exception handling often happens through email, calls, and local trackers outside the formal order flow.","Order orchestration spans inventory, warehouse, transport, and customer systems with different clocks and constraints. It typically spans 2 operating-system contexts and 7 systems-of-record categories.",knowledge/research/workflow-library/workflows/logistics-and-channel-fulfillment.md
Loyalty and Settlement Accounting,Finance and Revenue Operations,Transportation Network Operations,Air transportation,1,SF-02,Cross-System Reconciliation,SF-01 | SF-03,Exception-Path Breakdown | Decision Context Escapes the Record,SF-02 | SF-01 | SF-03,Cross-System Reconciliation | Exception-Path Breakdown | Decision Context Escapes the Record,SF-02:23.5 | SF-01:16.0 | SF-03:14.0,SF-02:23.5 | SF-01:16.0 | SF-03:14.0 | SF-04:11.0 | SF-08:4.0 | SF-07:2.0,Legacy Architecture,"Unmatched items, late close, duplicate settlements, and poor exception control create hidden leakage and working-capital drag.","Analysts spend time matching records manually, collecting support, and rebuilding audit trails.","Materiality, root cause, and acceptable resolution still depend on experienced finance staff.","Exception triage almost always moves into spreadsheets, email, and bank or partner portals.",Reconciliation spans asynchronous systems and low-standardization edge cases that resist full automation. It typically spans 1 operating-system context and 3 systems-of-record categories.,knowledge/research/workflow-library/workflows/loyalty-and-settlement-accounting.md
Loyalty and Settlement Management,Finance and Revenue Operations,"Venue, Hospitality, and Attendance Operations","Amusements, gambling, and recreation industries",1,SF-02,Cross-System Reconciliation,SF-01 | SF-03,Exception-Path Breakdown | Decision Context Escapes the Record,SF-02 | SF-01 | SF-03,Cross-System Reconciliation | Exception-Path Breakdown | Decision Context Escapes the Record,SF-02:23.5 | SF-01:16.0 | SF-03:14.0,SF-02:23.5 | SF-01:16.0 | SF-03:14.0 | SF-04:11.0 | SF-08:4.0 | SF-07:2.0,Legacy Architecture,"Unmatched items, late close, duplicate settlements, and poor exception control create hidden leakage and working-capital drag.","Analysts spend time matching records manually, collecting support, and rebuilding audit trails.","Materiality, root cause, and acceptable resolution still depend on experienced finance staff.","Exception triage almost always moves into spreadsheets, email, and bank or partner portals.",Reconciliation spans asynchronous systems and low-standardization edge cases that resist full automation. It typically spans 1 operating-system context and 4 systems-of-record categories.,knowledge/research/workflow-library/workflows/loyalty-and-settlement-management.md
Maintenance and Guest Service,Customer and Experience Operations,"Venue, Hospitality, and Attendance Operations",Accommodation,1,SF-04,Human Judgment Under Incomplete Information,SF-01 | SF-05,Exception-Path Breakdown | Handoff and Approval Latency,SF-04 | SF-01 | SF-05,Human Judgment Under Incomplete Information | Exception-Path Breakdown | Handoff and Approval Latency,SF-04:16.0 | SF-01:14.0 | SF-05:10.0,SF-04:16.0 | SF-01:14.0 | SF-05:10.0 | SF-03:8.0 | SF-08:1.0,Organizational,"Repeat contacts, credits, field callbacks, and unresolved issues raise support cost and churn risk.",Agents and operations teams waste time on status chasing and duplicate handoffs.,"Good service recovery depends on empathy, prioritization, and contextual interpretation.","The most important context often lives in conversations, notes, and side chats rather than system fields.","Support flows cross channels and teams, and the edge cases that matter most remain unstructured. It typically spans 1 operating-system context and 4 systems-of-record categories.",knowledge/research/workflow-library/workflows/maintenance-and-guest-service.md
Maintenance and Turnaround Management,Production and Asset Operations,Process Manufacturing and Throughput Control,Petroleum and coal products,1,SF-04,Human Judgment Under Incomplete Information,SF-06 | SF-03,Plan vs. Reality Divergence | Decision Context Escapes the Record,SF-04 | SF-06 | SF-03,Human Judgment Under Incomplete Information | Plan vs. Reality Divergence | Decision Context Escapes the Record,SF-04:14.0 | SF-06:13.0 | SF-03:8.0,SF-04:14.0 | SF-06:13.0 | SF-03:8.0 | SF-02:1.0,Legacy Architecture,"Leakage comes from downtime, repeat failures, poor work scope, and weak turnover discipline.","Teams chase parts, permits, technician availability, and asset-history context.","Maintenance leaders still assess condition, risk, and repair tradeoffs beyond simple rules.","Readiness and outage details are frequently tracked in calls, notes, and local sheets outside the CMMS.","Maintenance systems track work orders, but true readiness still depends on fragmented context and field judgment. It typically spans 1 operating-system context and 4 systems-of-record categories.",knowledge/research/workflow-library/workflows/maintenance-and-turnaround-management.md
Margin and Shrink Management,Finance and Revenue Operations,Retail and Service Commerce,Food and beverage stores,1,SF-01,Exception-Path Breakdown,SF-03 | SF-02,Decision Context Escapes the Record | Cross-System Reconciliation,SF-01 | SF-03 | SF-02,Exception-Path Breakdown | Decision Context Escapes the Record | Cross-System Reconciliation,SF-01:20.5 | SF-03:14.0 | SF-02:10.0,SF-01:20.5 | SF-03:14.0 | SF-02:10.0 | SF-08:9.0 | SF-04:6.0 | SF-07:5.0,Legacy Architecture,"Missed charges, denial cycles, underbilling, and slow cash application are the primary leakage points.","Teams repeatedly reconcile source evidence, payer rules, and customer-specific exceptions.","Operators interpret contract nuance, collection strategy, and what evidence is enough to close the item.","Collections context and exception history often live in email, payer portals, and spreadsheets outside the core system.","Automation handles the clean path, but exceptions are driven by messy upstream data and contract interpretation. It typically spans 1 operating-system context and 4 systems-of-record categories.",knowledge/research/workflow-library/workflows/margin-and-shrink-management.md
"Margin, Safety, and Emissions Reporting","Risk, Compliance, and Reporting",Process Manufacturing and Throughput Control,Petroleum and coal products,1,SF-07,Compliance and Evidence Burden,SF-04 | SF-03,Human Judgment Under Incomplete Information | Decision Context Escapes the Record,SF-07 | SF-04 | SF-03,Compliance and Evidence Burden | Human Judgment Under Incomplete Information | Decision Context Escapes the Record,SF-07:23.5 | SF-04:14.0 | SF-03:10.5,SF-07:23.5 | SF-04:14.0 | SF-03:10.5 | SF-01:7.0 | SF-02:1.0,Regulatory,"Failures, recalls, rework, and excess inspection labor are the major leakage points.","Teams repeat data entry, collect evidence manually, and wait on disposition decisions.","Inspectors still interpret severity, traceability gaps, and acceptable release decisions.","Evidence often sits in attachments, lab systems, spreadsheets, and manual checklists outside the main record.","Standards are formal, but real-world deviations and root-cause interpretation remain human-heavy. It typically spans 1 operating-system context and 4 systems-of-record categories.",knowledge/research/workflow-library/workflows/margin-safety-and-emissions-reporting.md
"Marketing, Hedging, and Program Reporting",Finance and Revenue Operations,Field Production and Resource Extraction,Farms,1,SF-01,Exception-Path Breakdown,SF-03 | SF-02,Decision Context Escapes the Record | Cross-System Reconciliation,SF-01 | SF-03 | SF-02,Exception-Path Breakdown | Decision Context Escapes the Record | Cross-System Reconciliation,SF-01:20.5 | SF-03:14.0 | SF-02:10.0,SF-01:20.5 | SF-03:14.0 | SF-02:10.0 | SF-08:9.0 | SF-04:6.0 | SF-07:5.0,Legacy Architecture,"Missed charges, denial cycles, underbilling, and slow cash application are the primary leakage points.","Teams repeatedly reconcile source evidence, payer rules, and customer-specific exceptions.","Operators interpret contract nuance, collection strategy, and what evidence is enough to close the item.","Collections context and exception history often live in email, payer portals, and spreadsheets outside the core system.","Automation handles the clean path, but exceptions are driven by messy upstream data and contract interpretation. It typically spans 1 operating-system context and 2 systems-of-record categories.",knowledge/research/workflow-library/workflows/marketing-hedging-and-program-reporting.md
Material Sourcing,Sourcing and Supply,Process Manufacturing and Throughput Control | Product Manufacturing and Lifecycle Operations,Food and beverage and tobacco products | Chemical products | Petroleum and coal products | Primary metals | Plastics and rubber products | Paper products,6,SF-08,Multi-Party Trust and Dependency Gaps,SF-03 | SF-01,Decision Context Escapes the Record | Exception-Path Breakdown,SF-08 | SF-03 | SF-01,Multi-Party Trust and Dependency Gaps | Decision Context Escapes the Record | Exception-Path Breakdown,SF-08:14.0 | SF-03:9.0 | SF-01:7.0,SF-08:14.0 | SF-03:9.0 | SF-01:7.0 | SF-04:2.0 | SF-05:2.0 | SF-06:1.0,Economic,"Leakage appears through rush buys, stockouts, overbuying, and weak term control.","Buyers spend time chasing confirmations, comparing suppliers, and repairing plan mismatches.",Source selection and expedites still rely on local knowledge and changing supplier behavior.,Exception discussions and commitments often move into email and supplier portals beyond the ERP trail.,"Procurement tools are strong on structured buying, but supply volatility and exception-driven replenishment remain stubborn. It typically spans 2 operating-system contexts and 7 systems-of-record categories.",knowledge/research/workflow-library/workflows/material-sourcing.md
Matter Intake and Conflict Review,"Access, Intake, and Contracting",Professional Services and Matter Management,Legal services,1,SF-01,Exception-Path Breakdown,SF-03 | SF-05,Decision Context Escapes the Record | Handoff and Approval Latency,SF-01 | SF-03 | SF-05,Exception-Path Breakdown | Decision Context Escapes the Record | Handoff and Approval Latency,SF-01:12.0 | SF-03:12.0 | SF-05:10.0,SF-01:12.0 | SF-03:12.0 | SF-05:10.0 | SF-04:7.0 | SF-08:1.5,Organizational,"Poor qualification, pricing errors, avoidable no-shows, and weak contract hygiene create leakage before execution starts.","Teams chase missing information, approvals, and schedule availability across email, phone, and shared documents.","Humans still arbitrate exceptions, fit, urgency, and risk tolerance when intake data is incomplete or context is changing.","Critical context lives in inboxes, call notes, PDFs, and spreadsheets before the final system record is updated.","Structured fields handle the routine path, but real intake varies by exception, policy nuance, and local operating context. It typically spans 1 operating-system context and 3 systems-of-record categories.",knowledge/research/workflow-library/workflows/matter-intake-and-conflict-review.md
Medication and Compliance Management,Clinical and Case Operations,Care Delivery and Reimbursement,Nursing and residential care facilities,1,SF-04,Human Judgment Under Incomplete Information,SF-07,Compliance and Evidence Burden,SF-04 | SF-07,Human Judgment Under Incomplete Information | Compliance and Evidence Burden,SF-04:10.0 | SF-07:9.0,SF-04:10.0 | SF-07:9.0 | SF-03:4.0 | SF-05:4.0 | SF-01:1.0 | SF-08:1.0,Behavioral,"Leakage appears through avoidable readmissions, failed adherence, and unbillable documentation gaps.","Teams spend time on outreach, refill coordination, and manual follow-up loops.","Medication decisions still depend on severity, tolerance, behavior, and contextual risk.","Call logs, refill messages, and compliance notes often live outside the structured medication record.","Medication management is highly regulated and behavior-heavy, so closed-loop automation remains incomplete. It typically spans 1 operating-system context and 3 systems-of-record categories.",knowledge/research/workflow-library/workflows/medication-and-compliance-management.md
Merchandising and Assortment Planning,Planning and Allocation,Retail and Service Commerce,Other retail | Food and beverage stores | General merchandise stores,3,SF-06,Plan vs. Reality Divergence,SF-04,Human Judgment Under Incomplete Information,SF-06 | SF-04,Plan vs. Reality Divergence | Human Judgment Under Incomplete Information,SF-06:10.0 | SF-04:6.0,SF-06:10.0 | SF-04:6.0 | SF-03:3.0 | SF-05:1.0,Technical,"Misallocation drives stockouts, markdowns, carrying cost, and lost working capital productivity.",Teams spend time reconciling stock truth and coordinating transfers or aged inventory action.,Operators still judge local demand and whether aged stock can truly move through the planned channel.,Inventory decisions are often managed in spreadsheets and store communications outside the planning system.,"System optimization struggles when demand is local, seasonal, and only partly observable in real time. It typically spans 1 operating-system context and 6 systems-of-record categories.",knowledge/research/workflow-library/workflows/merchandising-and-assortment-planning.md
Meter-to-Cash,Finance and Revenue Operations,Network Infrastructure Operations,Utilities,1,SF-01,Exception-Path Breakdown,SF-03 | SF-02,Decision Context Escapes the Record | Cross-System Reconciliation,SF-01 | SF-03 | SF-02,Exception-Path Breakdown | Decision Context Escapes the Record | Cross-System Reconciliation,SF-01:20.5 | SF-03:14.0 | SF-02:10.0,SF-01:20.5 | SF-03:14.0 | SF-02:10.0 | SF-08:9.0 | SF-04:6.0 | SF-07:5.0,Legacy Architecture,"Missed charges, denial cycles, underbilling, and slow cash application are the primary leakage points.","Teams repeatedly reconcile source evidence, payer rules, and customer-specific exceptions.","Operators interpret contract nuance, collection strategy, and what evidence is enough to close the item.","Collections context and exception history often live in email, payer portals, and spreadsheets outside the core system.","Automation handles the clean path, but exceptions are driven by messy upstream data and contract interpretation. It typically spans 1 operating-system context and 4 systems-of-record categories.",knowledge/research/workflow-library/workflows/meter-to-cash.md
Midstream Coordination,Network and Transportation Operations,Field Production and Resource Extraction,Oil and gas extraction,1,SF-06,Plan vs. Reality Divergence,SF-08 | SF-03,Multi-Party Trust and Dependency Gaps | Decision Context Escapes the Record,SF-06 | SF-08 | SF-03,Plan vs. Reality Divergence | Multi-Party Trust and Dependency Gaps | Decision Context Escapes the Record,SF-06:18.0 | SF-08:13.5 | SF-03:6.0,SF-06:18.0 | SF-08:13.5 | SF-03:6.0 | SF-04:5.0 | SF-01:1.0 | SF-05:1.0,Technical,"The biggest leaks are empty capacity, bad routing, detention, and poor network utilization.","Dispatchers lose time chasing status, making call-based updates, and rerouting around late disruptions.",Controllers interpret service priorities and real-world constraints faster than static optimization models.,"Carrier calls, texts, and manual route notes remain central to live execution.","Network state changes in real time and often depends on partner data that is late, partial, or nonstandard. It typically spans 1 operating-system context and 4 systems-of-record categories.",knowledge/research/workflow-library/workflows/midstream-coordination.md
Network Planning and Capital Management,Planning and Allocation,Network Infrastructure Operations,Broadcasting and telecommunications,1,SF-04,Human Judgment Under Incomplete Information,SF-06 | SF-08,Plan vs. Reality Divergence | Multi-Party Trust and Dependency Gaps,SF-04 | SF-06 | SF-08,Human Judgment Under Incomplete Information | Plan vs. Reality Divergence | Multi-Party Trust and Dependency Gaps,SF-04:21.5 | SF-06:13.0 | SF-08:8.0,SF-04:21.5 | SF-06:13.0 | SF-08:8.0 | SF-03:6.0 | SF-05:3.0 | SF-01:2.0,Technical,"Forecast error and poor allocation create excess cost, missed revenue, and avoidable firefighting.",Planning teams spend time rebuilding assumptions and chasing sign-off across functions.,Planners still decide which signals to trust and when the model output does not fit local reality.,"Scenario analysis and negotiation happen in spreadsheets, slides, and side conversations.","The hard problem is not math alone; it is aligning noisy signals, local constraints, and organizational trust. It typically spans 1 operating-system context and 3 systems-of-record categories.",knowledge/research/workflow-library/workflows/network-planning-and-capital-management.md
Network and Schedule Planning,Network and Transportation Operations,Transportation Network Operations,Air transportation,1,SF-06,Plan vs. Reality Divergence,SF-08 | SF-03,Multi-Party Trust and Dependency Gaps | Decision Context Escapes the Record,SF-06 | SF-08 | SF-03,Plan vs. Reality Divergence | Multi-Party Trust and Dependency Gaps | Decision Context Escapes the Record,SF-06:18.0 | SF-08:13.5 | SF-03:6.0,SF-06:18.0 | SF-08:13.5 | SF-03:6.0 | SF-04:5.0 | SF-01:1.0 | SF-05:1.0,Technical,"The biggest leaks are empty capacity, bad routing, detention, and poor network utilization.","Dispatchers lose time chasing status, making call-based updates, and rerouting around late disruptions.",Controllers interpret service priorities and real-world constraints faster than static optimization models.,"Carrier calls, texts, and manual route notes remain central to live execution.","Network state changes in real time and often depends on partner data that is late, partial, or nonstandard. It typically spans 1 operating-system context and 3 systems-of-record categories.",knowledge/research/workflow-library/workflows/network-and-schedule-planning.md
Night Audit and Owner Reporting,Finance and Revenue Operations,"Venue, Hospitality, and Attendance Operations",Accommodation,1,SF-02,Cross-System Reconciliation,SF-01 | SF-03,Exception-Path Breakdown | Decision Context Escapes the Record,SF-02 | SF-01 | SF-03,Cross-System Reconciliation | Exception-Path Breakdown | Decision Context Escapes the Record,SF-02:23.5 | SF-01:16.0 | SF-03:14.0,SF-02:23.5 | SF-01:16.0 | SF-03:14.0 | SF-04:11.0 | SF-08:4.0 | SF-07:2.0,Legacy Architecture,"Unmatched items, late close, duplicate settlements, and poor exception control create hidden leakage and working-capital drag.","Analysts spend time matching records manually, collecting support, and rebuilding audit trails.","Materiality, root cause, and acceptable resolution still depend on experienced finance staff.","Exception triage almost always moves into spreadsheets, email, and bank or partner portals.",Reconciliation spans asynchronous systems and low-standardization edge cases that resist full automation. It typically spans 1 operating-system context and 4 systems-of-record categories.,knowledge/research/workflow-library/workflows/night-audit-and-owner-reporting.md
Operational Recovery and Disruption Management,Network and Transportation Operations,Transportation Network Operations,Air transportation,1,SF-03,Decision Context Escapes the Record,SF-01 | SF-04,Exception-Path Breakdown | Human Judgment Under Incomplete Information,SF-03 | SF-01 | SF-04,Decision Context Escapes the Record | Exception-Path Breakdown | Human Judgment Under Incomplete Information,SF-03:12.0 | SF-01:11.0 | SF-04:9.0,SF-03:12.0 | SF-01:11.0 | SF-04:9.0 | SF-08:7.0 | SF-06:6.0 | SF-05:1.0,Technical,"Poor visibility turns small exceptions into claims, missed commitments, and expensive recoveries.",Teams spend time validating whether the exception signal is real and who is best positioned to act.,Exception severity and customer impact still require contextual interpretation.,"Teams fall back to calls, partner portals, and spreadsheets when telemetry is incomplete or late.","Visibility tools have improved, but cross-party event quality and actionability remain inconsistent. It typically spans 1 operating-system context and 3 systems-of-record categories.",knowledge/research/workflow-library/workflows/operational-recovery-and-disruption-management.md
Order Capture and Payment Processing,Customer and Experience Operations,Retail and Service Commerce,Other retail,1,SF-01,Exception-Path Breakdown,SF-04 | SF-03,Human Judgment Under Incomplete Information | Decision Context Escapes the Record,SF-01 | SF-04 | SF-03,Exception-Path Breakdown | Human Judgment Under Incomplete Information | Decision Context Escapes the Record,SF-01:15.0 | SF-04:9.0 | SF-03:6.0,SF-01:15.0 | SF-04:9.0 | SF-03:6.0 | SF-02:5.5,Legacy Architecture,"Leakage appears through shrink, tender errors, bad overrides, abandoned carts, and loyalty mistakes.","Teams spend time on line delays, exception handling, and end-of-day balancing.",Frontline staff still decide how to recover failures and apply judgment-based overrides.,"Exception handling moves into notes, supervisor conversations, and manual balancing sheets.","Core POS is mature, but live edge cases and the downstream reconciliation burden remain stubbornly human. It typically spans 1 operating-system context and 4 systems-of-record categories.",knowledge/research/workflow-library/workflows/order-capture-and-payment-processing.md
Order Management and Fulfillment,Delivery and Service Execution,Process Manufacturing and Throughput Control | Distribution and Trade Operations,Wholesale trade | Chemical products | Primary metals,3,SF-01,Exception-Path Breakdown,SF-03 | SF-06,Decision Context Escapes the Record | Plan vs. Reality Divergence,SF-01 | SF-03 | SF-06,Exception-Path Breakdown | Decision Context Escapes the Record | Plan vs. Reality Divergence,SF-01:14.0 | SF-03:11.0 | SF-06:6.0,SF-01:14.0 | SF-03:11.0 | SF-06:6.0 | SF-04:3.0 | SF-02:1.0 | SF-05:1.0,Legacy Architecture,"Leakage shows up in split orders, mispicks, returns, expedites, and fulfillment promises that outrun actual capacity.","Teams chase inventory truth, release status, and downstream transport updates across systems.","Operators still decide how to recover shortages, prioritize customers, and manage substitutions.","Exception handling often happens through email, calls, and local trackers outside the formal order flow.","Order orchestration spans inventory, warehouse, transport, and customer systems with different clocks and constraints. It typically spans 2 operating-system contexts and 8 systems-of-record categories.",knowledge/research/workflow-library/workflows/order-management-and-fulfillment.md
Order Orchestration and Fulfillment,Delivery and Service Execution,Retail and Service Commerce,General merchandise stores,1,SF-01,Exception-Path Breakdown,SF-03 | SF-06,Decision Context Escapes the Record | Plan vs. Reality Divergence,SF-01 | SF-03 | SF-06,Exception-Path Breakdown | Decision Context Escapes the Record | Plan vs. Reality Divergence,SF-01:14.0 | SF-03:11.0 | SF-06:6.0,SF-01:14.0 | SF-03:11.0 | SF-06:6.0 | SF-04:3.0 | SF-02:1.0 | SF-05:1.0,Legacy Architecture,"Leakage shows up in split orders, mispicks, returns, expedites, and fulfillment promises that outrun actual capacity.","Teams chase inventory truth, release status, and downstream transport updates across systems.","Operators still decide how to recover shortages, prioritize customers, and manage substitutions.","Exception handling often happens through email, calls, and local trackers outside the formal order flow.","Order orchestration spans inventory, warehouse, transport, and customer systems with different clocks and constraints. It typically spans 1 operating-system context and 5 systems-of-record categories.",knowledge/research/workflow-library/workflows/order-orchestration-and-fulfillment.md
Outage and Regulatory Management,"Risk, Compliance, and Reporting",Network Infrastructure Operations,Broadcasting and telecommunications,1,SF-07,Compliance and Evidence Burden,SF-03 | SF-01,Decision Context Escapes the Record | Exception-Path Breakdown,SF-07 | SF-03 | SF-01,Compliance and Evidence Burden | Decision Context Escapes the Record | Exception-Path Breakdown,SF-07:26.0 | SF-03:12.0 | SF-01:7.0,SF-07:26.0 | SF-03:12.0 | SF-01:7.0 | SF-02:6.0 | SF-04:4.0 | SF-08:1.5,Regulatory,"Late or weak reporting creates fines, reserve exposure, rework, and management blind spots.","Teams manually stitch files, request attestations, and chase evidence for every cycle.","Control owners still decide what is material, what is remediated, and what can be tolerated temporarily.","Supporting evidence sits in attachments, spreadsheets, emails, and external filing systems.","The form of the report may be standardized, but the data lineage and exception handling still are not. It typically spans 1 operating-system context and 3 systems-of-record categories.",knowledge/research/workflow-library/workflows/outage-and-regulatory-management.md
Payer Contract Management,Finance and Revenue Operations,Care Delivery and Reimbursement,Hospitals,1,SF-01,Exception-Path Breakdown,SF-03 | SF-02,Decision Context Escapes the Record | Cross-System Reconciliation,SF-01 | SF-03 | SF-02,Exception-Path Breakdown | Decision Context Escapes the Record | Cross-System Reconciliation,SF-01:20.5 | SF-03:13.0 | SF-02:9.0,SF-01:20.5 | SF-03:13.0 | SF-02:9.0 | SF-08:9.0 | SF-07:7.0 | SF-04:6.0,Regulatory,"Missed charges, denial cycles, underbilling, and slow cash application are the primary leakage points.","Teams repeatedly reconcile source evidence, payer rules, and customer-specific exceptions.","Operators interpret contract nuance, collection strategy, and what evidence is enough to close the item.","Collections context and exception history often live in email, payer portals, and spreadsheets outside the core system.","Automation handles the clean path, but exceptions are driven by messy upstream data and contract interpretation. It typically spans 1 operating-system context and 4 systems-of-record categories.",knowledge/research/workflow-library/workflows/payer-contract-management.md
"Payroll, Billing, and Reconciliation",Finance and Revenue Operations,Workforce Coordination and Service Operations,Administrative and support services,1,SF-02,Cross-System Reconciliation,SF-01 | SF-03,Exception-Path Breakdown | Decision Context Escapes the Record,SF-02 | SF-01 | SF-03,Cross-System Reconciliation | Exception-Path Breakdown | Decision Context Escapes the Record,SF-02:23.5 | SF-01:16.0 | SF-03:14.0,SF-02:23.5 | SF-01:16.0 | SF-03:14.0 | SF-04:11.0 | SF-08:4.0 | SF-07:2.0,Legacy Architecture,"Unmatched items, late close, duplicate settlements, and poor exception control create hidden leakage and working-capital drag.","Analysts spend time matching records manually, collecting support, and rebuilding audit trails.","Materiality, root cause, and acceptable resolution still depend on experienced finance staff.","Exception triage almost always moves into spreadsheets, email, and bank or partner portals.",Reconciliation spans asynchronous systems and low-standardization edge cases that resist full automation. It typically spans 1 operating-system context and 4 systems-of-record categories.,knowledge/research/workflow-library/workflows/payroll-billing-and-reconciliation.md
Performance Management,Governance and Portfolio Operations,Enterprise Governance and Shared Services,Management of companies and enterprises,1,SF-05,Handoff and Approval Latency,SF-04 | SF-03,Human Judgment Under Incomplete Information | Decision Context Escapes the Record,SF-05 | SF-04 | SF-03,Handoff and Approval Latency | Human Judgment Under Incomplete Information | Decision Context Escapes the Record,SF-05:16.0 | SF-04:9.0 | SF-03:8.0,SF-05:16.0 | SF-04:9.0 | SF-03:8.0 | SF-08:3.0 | SF-02:1.0,Organizational,Capital and support resources drift into low-return uses when performance signals are late or noisy.,Review cycles are slowed by manual aggregation and commentary collection.,"Leadership still decides tradeoffs among long-term return, local politics, and near-term operational reality.",Most decisive discussion happens in decks and meetings rather than the planning system itself.,Shared-service and capital decisions remain cross-functional and politically negotiated rather than purely model-driven. It typically spans 1 operating-system context and 4 systems-of-record categories.,knowledge/research/workflow-library/workflows/performance-management.md
Point-of-Sale and Loyalty Operations,Customer and Experience Operations,Retail and Service Commerce,Food and beverage stores,1,SF-01,Exception-Path Breakdown,SF-04 | SF-03,Human Judgment Under Incomplete Information | Decision Context Escapes the Record,SF-01 | SF-04 | SF-03,Exception-Path Breakdown | Human Judgment Under Incomplete Information | Decision Context Escapes the Record,SF-01:15.0 | SF-04:9.0 | SF-03:6.0,SF-01:15.0 | SF-04:9.0 | SF-03:6.0 | SF-02:5.5,Legacy Architecture,"Leakage appears through shrink, tender errors, bad overrides, abandoned carts, and loyalty mistakes.","Teams spend time on line delays, exception handling, and end-of-day balancing.",Frontline staff still decide how to recover failures and apply judgment-based overrides.,"Exception handling moves into notes, supervisor conversations, and manual balancing sheets.","Core POS is mature, but live edge cases and the downstream reconciliation burden remain stubbornly human. It typically spans 1 operating-system context and 4 systems-of-record categories.",knowledge/research/workflow-library/workflows/point-of-sale-and-loyalty-operations.md
Point-of-Sale and Order Flow,Customer and Experience Operations,Retail and Service Commerce,Food services and drinking places,1,SF-01,Exception-Path Breakdown,SF-04 | SF-03,Human Judgment Under Incomplete Information | Decision Context Escapes the Record,SF-01 | SF-04 | SF-03,Exception-Path Breakdown | Human Judgment Under Incomplete Information | Decision Context Escapes the Record,SF-01:15.0 | SF-04:9.0 | SF-03:6.0,SF-01:15.0 | SF-04:9.0 | SF-03:6.0 | SF-02:5.5,Legacy Architecture,"Leakage appears through shrink, tender errors, bad overrides, abandoned carts, and loyalty mistakes.","Teams spend time on line delays, exception handling, and end-of-day balancing.",Frontline staff still decide how to recover failures and apply judgment-based overrides.,"Exception handling moves into notes, supervisor conversations, and manual balancing sheets.","Core POS is mature, but live edge cases and the downstream reconciliation burden remain stubbornly human. It typically spans 1 operating-system context and 3 systems-of-record categories.",knowledge/research/workflow-library/workflows/point-of-sale-and-order-flow.md
Policy Administration,"Risk, Compliance, and Reporting",Risk Underwriting and Claims Administration,Insurance carriers and related activities,1,SF-04,Human Judgment Under Incomplete Information,SF-07 | SF-03,Compliance and Evidence Burden | Decision Context Escapes the Record,SF-04 | SF-07 | SF-03,Human Judgment Under Incomplete Information | Compliance and Evidence Burden | Decision Context Escapes the Record,SF-04:17.5 | SF-07:11.5 | SF-03:9.0,SF-04:17.5 | SF-07:11.5 | SF-03:9.0 | SF-01:6.0 | SF-08:2.0 | SF-02:1.0,Regulatory,"Leakage appears through poor risk selection, slow cycle times, mispriced endorsements, and admin rework.","Teams spend time on document collection, exception referral, and back-and-forth across policy, claims, and rating tools.",Risk appetite and exposure interpretation remain highly judgment-driven even with scoring support.,"Key rationale lives in underwriter notes, referrals, broker calls, and exception memos outside the core flow.","Insurance software is mature, but complex cases still require layered human judgment and fragmented evidence. It typically spans 1 operating-system context and 4 systems-of-record categories.",knowledge/research/workflow-library/workflows/policy-administration.md
Portfolio and Order Management,Governance and Portfolio Operations,Capital Markets and Investment Management,"Securities, commodity contracts, and investments",1,SF-02,Cross-System Reconciliation,SF-03 | SF-04,Decision Context Escapes the Record | Human Judgment Under Incomplete Information,SF-02 | SF-03 | SF-04,Cross-System Reconciliation | Decision Context Escapes the Record | Human Judgment Under Incomplete Information,SF-02:13.0 | SF-03:11.0 | SF-04:9.0,SF-02:13.0 | SF-03:11.0 | SF-04:9.0 | SF-08:8.5 | SF-01:6.0 | SF-05:4.0 | SF-06:1.0,Technical,"Leakage comes from stale positions, NAV breaks, manual reporting overhead, and slow exception closure.","Teams reconcile books and records repeatedly across portfolio, accounting, and investor-reporting systems.","Materiality, valuation challenge, and client communication still depend on experienced professionals.","Exception narratives and investor context move through emails, memos, and spreadsheet bridges.",Even sophisticated platforms still depend on cross-book reconciliation and human review to maintain trust. It typically spans 1 operating-system context and 4 systems-of-record categories.,knowledge/research/workflow-library/workflows/portfolio-and-order-management.md
Pricing and Promotion Management,Customer and Experience Operations,Retail and Service Commerce,Other retail,1,SF-04,Human Judgment Under Incomplete Information,,,SF-04,Human Judgment Under Incomplete Information,SF-04:11.0,SF-04:11.0 | SF-03:5.0 | SF-01:1.0 | SF-06:1.0,Technical,"Leakage comes from blunt discounts, poor markdown timing, and channel decisions that shift volume without improving contribution.","Analysts and operators waste time aligning price files, inventory context, and execution timing.","Merchants still interpret local demand, competitor behavior, and brand considerations.","The rationale for overrides often lives in spreadsheets, chats, and field communications.","Optimization helps, but demand signals remain noisy and commercial teams still distrust fully automated rules. It typically spans 1 operating-system context and 4 systems-of-record categories.",knowledge/research/workflow-library/workflows/pricing-and-promotion-management.md
Pricing and Quoting,"Access, Intake, and Contracting",Distribution and Trade Operations,Wholesale trade,1,SF-05,Handoff and Approval Latency,SF-04 | SF-03,Human Judgment Under Incomplete Information | Decision Context Escapes the Record,SF-05 | SF-04 | SF-03,Handoff and Approval Latency | Human Judgment Under Incomplete Information | Decision Context Escapes the Record,SF-05:13.0 | SF-04:11.0 | SF-03:6.0,SF-05:13.0 | SF-04:11.0 | SF-03:6.0 | SF-01:3.0 | SF-08:3.0 | SF-06:1.0,Technical,"Leakage comes from underpricing, scope misses, inaccurate assumptions, and change orders that were predictable at quote time.","Estimators wait on inputs, rebuild historical assumptions, and route approvals repeatedly.","Estimators must judge risk, uncertainty, and customer-specific nuance that raw historical data rarely captures cleanly.","The actual pricing narrative often sits in spreadsheets, markups, and offline review threads.","Rules can price the simple path, but profitable quoting still depends on tacit knowledge and cross-functional review. It typically spans 1 operating-system context and 4 systems-of-record categories.",knowledge/research/workflow-library/workflows/pricing-and-quoting.md
Procurement and Prep Management,Sourcing and Supply,Retail and Service Commerce,Food services and drinking places,1,SF-08,Multi-Party Trust and Dependency Gaps,SF-03 | SF-01,Decision Context Escapes the Record | Exception-Path Breakdown,SF-08 | SF-03 | SF-01,Multi-Party Trust and Dependency Gaps | Decision Context Escapes the Record | Exception-Path Breakdown,SF-08:14.0 | SF-03:9.0 | SF-01:7.0,SF-08:14.0 | SF-03:9.0 | SF-01:7.0 | SF-04:2.0 | SF-05:2.0 | SF-06:1.0,Economic,"Leakage appears through rush buys, stockouts, overbuying, and weak term control.","Buyers spend time chasing confirmations, comparing suppliers, and repairing plan mismatches.",Source selection and expedites still rely on local knowledge and changing supplier behavior.,Exception discussions and commitments often move into email and supplier portals beyond the ERP trail.,"Procurement tools are strong on structured buying, but supply volatility and exception-driven replenishment remain stubborn. It typically spans 1 operating-system context and 3 systems-of-record categories.",knowledge/research/workflow-library/workflows/procurement-and-prep-management.md
Procurement and Replenishment,Sourcing and Supply,Distribution and Trade Operations,Wholesale trade,1,SF-08,Multi-Party Trust and Dependency Gaps,SF-03 | SF-01,Decision Context Escapes the Record | Exception-Path Breakdown,SF-08 | SF-03 | SF-01,Multi-Party Trust and Dependency Gaps | Decision Context Escapes the Record | Exception-Path Breakdown,SF-08:14.0 | SF-03:9.0 | SF-01:7.0,SF-08:14.0 | SF-03:9.0 | SF-01:7.0 | SF-04:2.0 | SF-05:2.0 | SF-06:1.0,Economic,"Leakage appears through rush buys, stockouts, overbuying, and weak term control.","Buyers spend time chasing confirmations, comparing suppliers, and repairing plan mismatches.",Source selection and expedites still rely on local knowledge and changing supplier behavior.,Exception discussions and commitments often move into email and supplier portals beyond the ERP trail.,"Procurement tools are strong on structured buying, but supply volatility and exception-driven replenishment remain stubborn. It typically spans 1 operating-system context and 4 systems-of-record categories.",knowledge/research/workflow-library/workflows/procurement-and-replenishment.md
Product Lifecycle and Engineering Management,"Product, Content, and Engineering",Product Manufacturing and Lifecycle Operations,"Electrical equipment, appliances, and components",1,SF-03,Decision Context Escapes the Record,SF-02 | SF-04,Cross-System Reconciliation | Human Judgment Under Incomplete Information,SF-03 | SF-02 | SF-04,Decision Context Escapes the Record | Cross-System Reconciliation | Human Judgment Under Incomplete Information,SF-03:10.0 | SF-02:9.0 | SF-04:6.0,SF-03:10.0 | SF-02:9.0 | SF-04:6.0 | SF-05:4.0,Legacy Architecture,"Master-data mistakes and release delays create rework, scrap, missed launch windows, and downstream confusion.","Teams manually synchronize definitions across PLM, ERP, support, and commercial systems.","Tradeoffs among quality, timing, and downstream disruption remain human-led.","Critical rationale and version decisions live in reviews, comments, and docs outside the system of record.","Structured data and collaborative work still sit in separate tools, so version truth remains hard to unify. It typically spans 1 operating-system context and 4 systems-of-record categories.",knowledge/research/workflow-library/workflows/product-lifecycle-and-engineering-management.md
Product and Content Development,"Product, Content, and Engineering","IP, Subscription, and Rights Management","Publishing industries, except internet (includes software)",1,SF-03,Decision Context Escapes the Record,SF-02 | SF-04,Cross-System Reconciliation | Human Judgment Under Incomplete Information,SF-03 | SF-02 | SF-04,Decision Context Escapes the Record | Cross-System Reconciliation | Human Judgment Under Incomplete Information,SF-03:10.0 | SF-02:9.0 | SF-04:6.0,SF-03:10.0 | SF-02:9.0 | SF-04:6.0 | SF-05:4.0,Legacy Architecture,"Master-data mistakes and release delays create rework, scrap, missed launch windows, and downstream confusion.","Teams manually synchronize definitions across PLM, ERP, support, and commercial systems.","Tradeoffs among quality, timing, and downstream disruption remain human-led.","Critical rationale and version decisions live in reviews, comments, and docs outside the system of record.","Structured data and collaborative work still sit in separate tools, so version truth remains hard to unify. It typically spans 1 operating-system context and 4 systems-of-record categories.",knowledge/research/workflow-library/workflows/product-and-content-development.md
Product and Content Release Management,"Product, Content, and Engineering",Digital Platform and Subscription Operations,"Data processing, internet publishing, and other information services",1,SF-03,Decision Context Escapes the Record,SF-02 | SF-04,Cross-System Reconciliation | Human Judgment Under Incomplete Information,SF-03 | SF-02 | SF-04,Decision Context Escapes the Record | Cross-System Reconciliation | Human Judgment Under Incomplete Information,SF-03:10.0 | SF-02:9.0 | SF-04:6.0,SF-03:10.0 | SF-02:9.0 | SF-04:6.0 | SF-05:4.0,Legacy Architecture,"Master-data mistakes and release delays create rework, scrap, missed launch windows, and downstream confusion.","Teams manually synchronize definitions across PLM, ERP, support, and commercial systems.","Tradeoffs among quality, timing, and downstream disruption remain human-led.","Critical rationale and version decisions live in reviews, comments, and docs outside the system of record.","Structured data and collaborative work still sit in separate tools, so version truth remains hard to unify. It typically spans 1 operating-system context and 4 systems-of-record categories.",knowledge/research/workflow-library/workflows/product-and-content-release-management.md
Product and Engineering Configuration,"Product, Content, and Engineering",Product Manufacturing and Lifecycle Operations,Machinery,1,SF-03,Decision Context Escapes the Record,SF-02 | SF-04,Cross-System Reconciliation | Human Judgment Under Incomplete Information,SF-03 | SF-02 | SF-04,Decision Context Escapes the Record | Cross-System Reconciliation | Human Judgment Under Incomplete Information,SF-03:10.0 | SF-02:9.0 | SF-04:6.0,SF-03:10.0 | SF-02:9.0 | SF-04:6.0 | SF-05:4.0,Legacy Architecture,"Master-data mistakes and release delays create rework, scrap, missed launch windows, and downstream confusion.","Teams manually synchronize definitions across PLM, ERP, support, and commercial systems.","Tradeoffs among quality, timing, and downstream disruption remain human-led.","Critical rationale and version decisions live in reviews, comments, and docs outside the system of record.","Structured data and collaborative work still sit in separate tools, so version truth remains hard to unify. It typically spans 1 operating-system context and 4 systems-of-record categories.",knowledge/research/workflow-library/workflows/product-and-engineering-configuration.md
Production Operations,Production and Asset Operations,Field Production and Resource Extraction,Oil and gas extraction,1,SF-06,Plan vs. Reality Divergence,SF-04 | SF-03,Human Judgment Under Incomplete Information | Decision Context Escapes the Record,SF-06 | SF-04 | SF-03,Plan vs. Reality Divergence | Human Judgment Under Incomplete Information | Decision Context Escapes the Record,SF-06:16.5 | SF-04:10.0 | SF-03:8.0,SF-06:16.5 | SF-04:10.0 | SF-03:8.0 | SF-05:4.0 | SF-02:1.0 | SF-01:0.5,Legacy Architecture,"Scrap, slow cycles, poor yields, and unplanned downtime are the main leakages.","Operators lose time to waiting, restarts, manual data capture, and coordination across shifts.","Supervisors balance throughput, quality, and risk when conditions diverge from the ideal run.","Operational nuance lives in shift notes, whiteboards, and tribal knowledge outside MES and ERP fields.","Even with modern MES, the last mile of execution still depends on local conditions and human adaptation. It typically spans 1 operating-system context and 4 systems-of-record categories.",knowledge/research/workflow-library/workflows/production-operations.md
Production Planning,Planning and Allocation,Product Manufacturing and Lifecycle Operations | Field Production and Resource Extraction,Farms | Fabricated metal products | Plastics and rubber products,3,SF-04,Human Judgment Under Incomplete Information,SF-06 | SF-08,Plan vs. Reality Divergence | Multi-Party Trust and Dependency Gaps,SF-04 | SF-06 | SF-08,Human Judgment Under Incomplete Information | Plan vs. Reality Divergence | Multi-Party Trust and Dependency Gaps,SF-04:21.5 | SF-06:13.0 | SF-08:8.0,SF-04:21.5 | SF-06:13.0 | SF-08:8.0 | SF-03:6.0 | SF-05:3.0 | SF-01:2.0,Technical,"Forecast error and poor allocation create excess cost, missed revenue, and avoidable firefighting.",Planning teams spend time rebuilding assumptions and chasing sign-off across functions.,Planners still decide which signals to trust and when the model output does not fit local reality.,"Scenario analysis and negotiation happen in spreadsheets, slides, and side conversations.","The hard problem is not math alone; it is aligning noisy signals, local constraints, and organizational trust. It typically spans 2 operating-system contexts and 6 systems-of-record categories.",knowledge/research/workflow-library/workflows/production-planning.md
Production Planning and Process Control,Production and Asset Operations,Process Manufacturing and Throughput Control,Food and beverage and tobacco products | Chemical products | Petroleum and coal products | Primary metals | Paper products,5,SF-06,Plan vs. Reality Divergence,SF-04 | SF-03,Human Judgment Under Incomplete Information | Decision Context Escapes the Record,SF-06 | SF-04 | SF-03,Plan vs. Reality Divergence | Human Judgment Under Incomplete Information | Decision Context Escapes the Record,SF-06:16.5 | SF-04:10.0 | SF-03:8.0,SF-06:16.5 | SF-04:10.0 | SF-03:8.0 | SF-05:4.0 | SF-02:1.0 | SF-01:0.5,Legacy Architecture,"Scrap, slow cycles, poor yields, and unplanned downtime are the main leakages.","Operators lose time to waiting, restarts, manual data capture, and coordination across shifts.","Supervisors balance throughput, quality, and risk when conditions diverge from the ideal run.","Operational nuance lives in shift notes, whiteboards, and tribal knowledge outside MES and ERP fields.","Even with modern MES, the last mile of execution still depends on local conditions and human adaptation. It typically spans 1 operating-system context and 6 systems-of-record categories.",knowledge/research/workflow-library/workflows/production-planning-and-process-control.md
Production Scheduling,Planning and Allocation,"IP, Subscription, and Rights Management",Motion picture and sound recording industries,1,SF-04,Human Judgment Under Incomplete Information,SF-06 | SF-08,Plan vs. Reality Divergence | Multi-Party Trust and Dependency Gaps,SF-04 | SF-06 | SF-08,Human Judgment Under Incomplete Information | Plan vs. Reality Divergence | Multi-Party Trust and Dependency Gaps,SF-04:21.5 | SF-06:13.0 | SF-08:8.0,SF-04:21.5 | SF-06:13.0 | SF-08:8.0 | SF-03:6.0 | SF-05:3.0 | SF-01:2.0,Technical,"Forecast error and poor allocation create excess cost, missed revenue, and avoidable firefighting.",Planning teams spend time rebuilding assumptions and chasing sign-off across functions.,Planners still decide which signals to trust and when the model output does not fit local reality.,"Scenario analysis and negotiation happen in spreadsheets, slides, and side conversations.","The hard problem is not math alone; it is aligning noisy signals, local constraints, and organizational trust. It typically spans 1 operating-system context and 4 systems-of-record categories.",knowledge/research/workflow-library/workflows/production-scheduling.md
Program and Platform Planning,Planning and Allocation,Product Manufacturing and Lifecycle Operations,"Motor vehicles, bodies and trailers, and parts | Other transportation equipment",2,SF-04,Human Judgment Under Incomplete Information,SF-06 | SF-08,Plan vs. Reality Divergence | Multi-Party Trust and Dependency Gaps,SF-04 | SF-06 | SF-08,Human Judgment Under Incomplete Information | Plan vs. Reality Divergence | Multi-Party Trust and Dependency Gaps,SF-04:21.5 | SF-06:13.0 | SF-08:8.0,SF-04:21.5 | SF-06:13.0 | SF-08:8.0 | SF-03:6.0 | SF-05:3.0 | SF-01:2.0,Technical,"Forecast error and poor allocation create excess cost, missed revenue, and avoidable firefighting.",Planning teams spend time rebuilding assumptions and chasing sign-off across functions.,Planners still decide which signals to trust and when the model output does not fit local reality.,"Scenario analysis and negotiation happen in spreadsheets, slides, and side conversations.","The hard problem is not math alone; it is aligning noisy signals, local constraints, and organizational trust. It typically spans 1 operating-system context and 5 systems-of-record categories.",knowledge/research/workflow-library/workflows/program-and-platform-planning.md
Programming and Event Planning,Planning and Allocation,"Venue, Hospitality, and Attendance Operations","Performing arts, spectator sports, museums, and related activities",1,SF-04,Human Judgment Under Incomplete Information,SF-06 | SF-08,Plan vs. Reality Divergence | Multi-Party Trust and Dependency Gaps,SF-04 | SF-06 | SF-08,Human Judgment Under Incomplete Information | Plan vs. Reality Divergence | Multi-Party Trust and Dependency Gaps,SF-04:21.5 | SF-06:13.0 | SF-08:8.0,SF-04:21.5 | SF-06:13.0 | SF-08:8.0 | SF-03:6.0 | SF-05:3.0 | SF-01:2.0,Technical,"Forecast error and poor allocation create excess cost, missed revenue, and avoidable firefighting.",Planning teams spend time rebuilding assumptions and chasing sign-off across functions.,Planners still decide which signals to trust and when the model output does not fit local reality.,"Scenario analysis and negotiation happen in spreadsheets, slides, and side conversations.","The hard problem is not math alone; it is aligning noisy signals, local constraints, and organizational trust. It typically spans 1 operating-system context and 3 systems-of-record categories.",knowledge/research/workflow-library/workflows/programming-and-event-planning.md
Progress Billing and Compliance Administration,Finance and Revenue Operations,Project Delivery and Contracting,Construction,1,SF-01,Exception-Path Breakdown,SF-03 | SF-02,Decision Context Escapes the Record | Cross-System Reconciliation,SF-01 | SF-03 | SF-02,Exception-Path Breakdown | Decision Context Escapes the Record | Cross-System Reconciliation,SF-01:20.5 | SF-03:14.0 | SF-02:10.0,SF-01:20.5 | SF-03:14.0 | SF-02:10.0 | SF-08:9.0 | SF-04:6.0 | SF-07:5.0,Legacy Architecture,"Missed charges, denial cycles, underbilling, and slow cash application are the primary leakage points.","Teams repeatedly reconcile source evidence, payer rules, and customer-specific exceptions.","Operators interpret contract nuance, collection strategy, and what evidence is enough to close the item.","Collections context and exception history often live in email, payer portals, and spreadsheets outside the core system.","Automation handles the clean path, but exceptions are driven by messy upstream data and contract interpretation. It typically spans 1 operating-system context and 3 systems-of-record categories.",knowledge/research/workflow-library/workflows/progress-billing-and-compliance-administration.md
Project Delivery,Delivery and Service Execution,Professional Services and Matter Management,"Miscellaneous professional, scientific, and technical services | Computer systems design and related services",2,SF-03,Decision Context Escapes the Record,SF-04,Human Judgment Under Incomplete Information,SF-03 | SF-04,Decision Context Escapes the Record | Human Judgment Under Incomplete Information,SF-03:13.0 | SF-04:7.0,SF-03:13.0 | SF-04:7.0 | SF-06:4.0 | SF-01:3.0 | SF-05:3.0 | SF-08:1.0,Organizational,"Leakage comes from scope creep, underutilization, write-offs, and late recognition of delivery risk.","Project teams spend time aligning resources, updating status manually, and reconciling effort with customer expectations.","Project health still depends on leadership judgment around sequencing, risk, and stakeholder management.","The real state of the project lives in meetings, comments, decks, and side trackers beyond the PSA or project tool.","Project work is inherently exception-heavy and relationship-driven, which prevents full straight-through execution. It typically spans 1 operating-system context and 5 systems-of-record categories.",knowledge/research/workflow-library/workflows/project-delivery.md
Project Scheduling and Resource Planning,Planning and Allocation,Project Delivery and Contracting,Construction,1,SF-04,Human Judgment Under Incomplete Information,SF-06 | SF-08,Plan vs. Reality Divergence | Multi-Party Trust and Dependency Gaps,SF-04 | SF-06 | SF-08,Human Judgment Under Incomplete Information | Plan vs. Reality Divergence | Multi-Party Trust and Dependency Gaps,SF-04:21.5 | SF-06:13.0 | SF-08:8.0,SF-04:21.5 | SF-06:13.0 | SF-08:8.0 | SF-03:6.0 | SF-05:3.0 | SF-01:2.0,Technical,"Forecast error and poor allocation create excess cost, missed revenue, and avoidable firefighting.",Planning teams spend time rebuilding assumptions and chasing sign-off across functions.,Planners still decide which signals to trust and when the model output does not fit local reality.,"Scenario analysis and negotiation happen in spreadsheets, slides, and side conversations.","The hard problem is not math alone; it is aligning noisy signals, local constraints, and organizational trust. It typically spans 1 operating-system context and 3 systems-of-record categories.",knowledge/research/workflow-library/workflows/project-scheduling-and-resource-planning.md
Quality Inspection and Certification,"Risk, Compliance, and Reporting",Process Manufacturing and Throughput Control | Product Manufacturing and Lifecycle Operations,Fabricated metal products | Primary metals,2,SF-07,Compliance and Evidence Burden,SF-04 | SF-03,Human Judgment Under Incomplete Information | Decision Context Escapes the Record,SF-07 | SF-04 | SF-03,Compliance and Evidence Burden | Human Judgment Under Incomplete Information | Decision Context Escapes the Record,SF-07:23.5 | SF-04:14.0 | SF-03:10.5,SF-07:23.5 | SF-04:14.0 | SF-03:10.5 | SF-01:7.0 | SF-02:1.0,Regulatory,"Failures, recalls, rework, and excess inspection labor are the major leakage points.","Teams repeat data entry, collect evidence manually, and wait on disposition decisions.","Inspectors still interpret severity, traceability gaps, and acceptable release decisions.","Evidence often sits in attachments, lab systems, spreadsheets, and manual checklists outside the main record.","Standards are formal, but real-world deviations and root-cause interpretation remain human-heavy. It typically spans 2 operating-system contexts and 5 systems-of-record categories.",knowledge/research/workflow-library/workflows/quality-inspection-and-certification.md
Quality and Compliance Management,"Risk, Compliance, and Reporting",Product Manufacturing and Lifecycle Operations,Plastics and rubber products,1,SF-07,Compliance and Evidence Burden,SF-04 | SF-03,Human Judgment Under Incomplete Information | Decision Context Escapes the Record,SF-07 | SF-04 | SF-03,Compliance and Evidence Burden | Human Judgment Under Incomplete Information | Decision Context Escapes the Record,SF-07:23.5 | SF-04:14.0 | SF-03:10.5,SF-07:23.5 | SF-04:14.0 | SF-03:10.5 | SF-01:7.0 | SF-02:1.0,Regulatory,"Failures, recalls, rework, and excess inspection labor are the major leakage points.","Teams repeat data entry, collect evidence manually, and wait on disposition decisions.","Inspectors still interpret severity, traceability gaps, and acceptable release decisions.","Evidence often sits in attachments, lab systems, spreadsheets, and manual checklists outside the main record.","Standards are formal, but real-world deviations and root-cause interpretation remain human-heavy. It typically spans 1 operating-system context and 4 systems-of-record categories.",knowledge/research/workflow-library/workflows/quality-and-compliance-management.md
Quality and Converting Management,Production and Asset Operations,Process Manufacturing and Throughput Control,Paper products,1,SF-06,Plan vs. Reality Divergence,SF-04 | SF-03,Human Judgment Under Incomplete Information | Decision Context Escapes the Record,SF-06 | SF-04 | SF-03,Plan vs. Reality Divergence | Human Judgment Under Incomplete Information | Decision Context Escapes the Record,SF-06:16.5 | SF-04:10.0 | SF-03:8.0,SF-06:16.5 | SF-04:10.0 | SF-03:8.0 | SF-05:4.0 | SF-02:1.0 | SF-01:0.5,Legacy Architecture,"Scrap, slow cycles, poor yields, and unplanned downtime are the main leakages.","Operators lose time to waiting, restarts, manual data capture, and coordination across shifts.","Supervisors balance throughput, quality, and risk when conditions diverge from the ideal run.","Operational nuance lives in shift notes, whiteboards, and tribal knowledge outside MES and ERP fields.","Even with modern MES, the last mile of execution still depends on local conditions and human adaptation. It typically spans 1 operating-system context and 4 systems-of-record categories.",knowledge/research/workflow-library/workflows/quality-and-converting-management.md
Quality and Traceability Management,"Risk, Compliance, and Reporting",Product Manufacturing and Lifecycle Operations,Computer and electronic products,1,SF-07,Compliance and Evidence Burden,SF-04 | SF-03,Human Judgment Under Incomplete Information | Decision Context Escapes the Record,SF-07 | SF-04 | SF-03,Compliance and Evidence Burden | Human Judgment Under Incomplete Information | Decision Context Escapes the Record,SF-07:23.5 | SF-04:14.0 | SF-03:10.5,SF-07:23.5 | SF-04:14.0 | SF-03:10.5 | SF-01:7.0 | SF-02:1.0,Regulatory,"Failures, recalls, rework, and excess inspection labor are the major leakage points.","Teams repeat data entry, collect evidence manually, and wait on disposition decisions.","Inspectors still interpret severity, traceability gaps, and acceptable release decisions.","Evidence often sits in attachments, lab systems, spreadsheets, and manual checklists outside the main record.","Standards are formal, but real-world deviations and root-cause interpretation remain human-heavy. It typically spans 1 operating-system context and 4 systems-of-record categories.",knowledge/research/workflow-library/workflows/quality-and-traceability-management.md
"Quality, Safety, and Environmental Management","Risk, Compliance, and Reporting",Process Manufacturing and Throughput Control,Chemical products,1,SF-07,Compliance and Evidence Burden,SF-04 | SF-03,Human Judgment Under Incomplete Information | Decision Context Escapes the Record,SF-07 | SF-04 | SF-03,Compliance and Evidence Burden | Human Judgment Under Incomplete Information | Decision Context Escapes the Record,SF-07:23.5 | SF-04:14.0 | SF-03:10.5,SF-07:23.5 | SF-04:14.0 | SF-03:10.5 | SF-01:7.0 | SF-02:1.0,Regulatory,"Failures, recalls, rework, and excess inspection labor are the major leakage points.","Teams repeat data entry, collect evidence manually, and wait on disposition decisions.","Inspectors still interpret severity, traceability gaps, and acceptable release decisions.","Evidence often sits in attachments, lab systems, spreadsheets, and manual checklists outside the main record.","Standards are formal, but real-world deviations and root-cause interpretation remain human-heavy. It typically spans 1 operating-system context and 4 systems-of-record categories.",knowledge/research/workflow-library/workflows/quality-safety-and-environmental-management.md
Recruiting and Work Assignment,Workforce and Labor Operations,Workforce Coordination and Service Operations,Administrative and support services,1,SF-03,Decision Context Escapes the Record,SF-04,Human Judgment Under Incomplete Information,SF-03 | SF-04,Decision Context Escapes the Record | Human Judgment Under Incomplete Information,SF-03:7.0 | SF-04:7.0,SF-03:7.0 | SF-04:7.0 | SF-05:4.0 | SF-06:2.0,Behavioral,"Leakage comes from misstaffing, poor utilization, overqualified labor, and late reassignment.",Managers spend time matching people to work and rebalancing load when priorities shift.,"People assignment depends on context, trust, and tacit knowledge about who can truly handle the work.","Assignment rationale is often managed in calls, chats, and local trackers outside the HCM tool.","Skills models help, but actual staffing decisions remain social and context-sensitive. It typically spans 1 operating-system context and 4 systems-of-record categories.",knowledge/research/workflow-library/workflows/recruiting-and-work-assignment.md
Regulatory Labeling and Compliance,"Risk, Compliance, and Reporting",Process Manufacturing and Throughput Control,Food and beverage and tobacco products,1,SF-07,Compliance and Evidence Burden,SF-04 | SF-03,Human Judgment Under Incomplete Information | Decision Context Escapes the Record,SF-07 | SF-04 | SF-03,Compliance and Evidence Burden | Human Judgment Under Incomplete Information | Decision Context Escapes the Record,SF-07:23.5 | SF-04:14.0 | SF-03:10.5,SF-07:23.5 | SF-04:14.0 | SF-03:10.5 | SF-01:7.0 | SF-02:1.0,Regulatory,"Failures, recalls, rework, and excess inspection labor are the major leakage points.","Teams repeat data entry, collect evidence manually, and wait on disposition decisions.","Inspectors still interpret severity, traceability gaps, and acceptable release decisions.","Evidence often sits in attachments, lab systems, spreadsheets, and manual checklists outside the main record.","Standards are formal, but real-world deviations and root-cause interpretation remain human-heavy. It typically spans 1 operating-system context and 4 systems-of-record categories.",knowledge/research/workflow-library/workflows/regulatory-labeling-and-compliance.md
Regulatory and Reinsurance Reporting,"Risk, Compliance, and Reporting",Risk Underwriting and Claims Administration,Insurance carriers and related activities,1,SF-07,Compliance and Evidence Burden,SF-03 | SF-01,Decision Context Escapes the Record | Exception-Path Breakdown,SF-07 | SF-03 | SF-01,Compliance and Evidence Burden | Decision Context Escapes the Record | Exception-Path Breakdown,SF-07:26.0 | SF-03:12.0 | SF-01:7.0,SF-07:26.0 | SF-03:12.0 | SF-01:7.0 | SF-02:6.0 | SF-04:4.0 | SF-08:1.5,Regulatory,"Late or weak reporting creates fines, reserve exposure, rework, and management blind spots.","Teams manually stitch files, request attestations, and chase evidence for every cycle.","Control owners still decide what is material, what is remediated, and what can be tolerated temporarily.","Supporting evidence sits in attachments, spreadsheets, emails, and external filing systems.","The form of the report may be standardized, but the data lineage and exception handling still are not. It typically spans 1 operating-system context and 4 systems-of-record categories.",knowledge/research/workflow-library/workflows/regulatory-and-reinsurance-reporting.md
Reliability and Security Operations,"Risk, Compliance, and Reporting",Digital Platform and Subscription Operations,"Data processing, internet publishing, and other information services",1,SF-07,Compliance and Evidence Burden,SF-03 | SF-01,Decision Context Escapes the Record | Exception-Path Breakdown,SF-07 | SF-03 | SF-01,Compliance and Evidence Burden | Decision Context Escapes the Record | Exception-Path Breakdown,SF-07:26.0 | SF-03:12.0 | SF-01:7.0,SF-07:26.0 | SF-03:12.0 | SF-01:7.0 | SF-02:6.0 | SF-04:4.0 | SF-08:1.5,Regulatory,"Late or weak reporting creates fines, reserve exposure, rework, and management blind spots.","Teams manually stitch files, request attestations, and chase evidence for every cycle.","Control owners still decide what is material, what is remediated, and what can be tolerated temporarily.","Supporting evidence sits in attachments, spreadsheets, emails, and external filing systems.","The form of the report may be standardized, but the data lineage and exception handling still are not. It typically spans 1 operating-system context and 4 systems-of-record categories.",knowledge/research/workflow-library/workflows/reliability-and-security-operations.md
Renewal and Account Expansion,Customer and Experience Operations,Professional Services and Matter Management,Computer systems design and related services,1,SF-03,Decision Context Escapes the Record,SF-04,Human Judgment Under Incomplete Information,SF-03 | SF-04,Decision Context Escapes the Record | Human Judgment Under Incomplete Information,SF-03:16.0 | SF-04:12.5,SF-03:16.0 | SF-04:12.5 | SF-01:1.0,Behavioral,"Late risk detection, weak expansion discipline, and reactive renewal handling erode retention economics.","Teams assemble context manually across service records, invoices, and relationship notes before every renewal conversation.","Renewal strategy depends on relationship strength, future potential, and nuanced commercial tradeoffs.","The decisive conversations happen in calls, emails, and side planning decks outside the system of record.",Signals are fragmented and the most important retention decisions are strategic rather than purely operational. It typically spans 1 operating-system context and 4 systems-of-record categories.,knowledge/research/workflow-library/workflows/renewal-and-account-expansion.md
Reservation and Contract Management,"Access, Intake, and Contracting",Asset Utilization and Lease Management,Rental and leasing services and lessors of intangible assets,1,SF-01,Exception-Path Breakdown,SF-03,Decision Context Escapes the Record,SF-01 | SF-03,Exception-Path Breakdown | Decision Context Escapes the Record,SF-01:7.0 | SF-03:6.0,SF-01:7.0 | SF-03:6.0 | SF-04:4.0 | SF-05:4.0 | SF-08:3.0 | SF-06:2.0 | SF-02:1.0,Technical,"Leakage comes from spoilage, bad holds, channel mix mistakes, refunds, and poor yield control.","Teams burn time resolving inventory conflicts, special requests, and distribution-channel mismatches.","Operators still decide how to recover service, override inventory, and handle edge-case customers.","Special handling moves through calls, guest notes, and partner channels outside the clean reservation record.","Inventory can be digitized, but exception-heavy capacity control and live service recovery still depend on people. It typically spans 1 operating-system context and 3 systems-of-record categories.",knowledge/research/workflow-library/workflows/reservation-and-contract-management.md
Reservation and Distribution Management,"Access, Intake, and Contracting","Venue, Hospitality, and Attendance Operations",Accommodation,1,SF-01,Exception-Path Breakdown,SF-03,Decision Context Escapes the Record,SF-01 | SF-03,Exception-Path Breakdown | Decision Context Escapes the Record,SF-01:7.0 | SF-03:6.0,SF-01:7.0 | SF-03:6.0 | SF-04:4.0 | SF-05:4.0 | SF-08:3.0 | SF-06:2.0 | SF-02:1.0,Technical,"Leakage comes from spoilage, bad holds, channel mix mistakes, refunds, and poor yield control.","Teams burn time resolving inventory conflicts, special requests, and distribution-channel mismatches.","Operators still decide how to recover service, override inventory, and handle edge-case customers.","Special handling moves through calls, guest notes, and partner channels outside the clean reservation record.","Inventory can be digitized, but exception-heavy capacity control and live service recovery still depend on people. It typically spans 1 operating-system context and 4 systems-of-record categories.",knowledge/research/workflow-library/workflows/reservation-and-distribution-management.md
Returns and Markdown Management,Customer and Experience Operations,Retail and Service Commerce,General merchandise stores,1,SF-04,Human Judgment Under Incomplete Information,,,SF-04,Human Judgment Under Incomplete Information,SF-04:11.0,SF-04:11.0 | SF-03:5.0 | SF-01:1.0 | SF-06:1.0,Technical,"Leakage comes from blunt discounts, poor markdown timing, and channel decisions that shift volume without improving contribution.","Analysts and operators waste time aligning price files, inventory context, and execution timing.","Merchants still interpret local demand, competitor behavior, and brand considerations.","The rationale for overrides often lives in spreadsheets, chats, and field communications.","Optimization helps, but demand signals remain noisy and commercial teams still distrust fully automated rules. It typically spans 1 operating-system context and 5 systems-of-record categories.",knowledge/research/workflow-library/workflows/returns-and-markdown-management.md
Revenue Management,Planning and Allocation,"Transportation Network Operations | Venue, Hospitality, and Attendance Operations",Accommodation | Air transportation,2,SF-04,Human Judgment Under Incomplete Information,SF-06 | SF-03,Plan vs. Reality Divergence | Decision Context Escapes the Record,SF-04 | SF-06 | SF-03,Human Judgment Under Incomplete Information | Plan vs. Reality Divergence | Decision Context Escapes the Record,SF-04:8.5 | SF-06:8.5 | SF-03:6.0,SF-04:8.5 | SF-06:8.5 | SF-03:6.0 | SF-01:5.0 | SF-07:1.5 | SF-05:1.0,Technical,"Yield is lost through blunt pricing, poor segment control, and late response to demand shifts.",Teams spend time validating model output and coordinating overrides with selling channels.,"Managers still incorporate local knowledge, events, and customer behavior that are only partly visible in the data.",Override rationales and special-event plans often live in spreadsheets and meetings outside the pricing engine.,"Optimization is strong, but last-mile trust and local exception handling keep humans in the loop. It typically spans 2 operating-system contexts and 5 systems-of-record categories.",knowledge/research/workflow-library/workflows/revenue-management.md
Revenue and Regulatory Reporting,Finance and Revenue Operations,Field Production and Resource Extraction,Oil and gas extraction,1,SF-07,Compliance and Evidence Burden,SF-03 | SF-02,Decision Context Escapes the Record | Cross-System Reconciliation,SF-07 | SF-03 | SF-02,Compliance and Evidence Burden | Decision Context Escapes the Record | Cross-System Reconciliation,SF-07:21.0 | SF-03:13.0 | SF-02:10.0,SF-07:21.0 | SF-03:13.0 | SF-02:10.0 | SF-01:9.0 | SF-04:3.0 | SF-08:1.5,Regulatory,"Late or weak reporting creates fines, reserve exposure, rework, and management blind spots.","Teams manually stitch files, request attestations, and chase evidence for every cycle.","Control owners still decide what is material, what is remediated, and what can be tolerated temporarily.","Supporting evidence sits in attachments, spreadsheets, emails, and external filing systems.","The form of the report may be standardized, but the data lineage and exception handling still are not. It typically spans 1 operating-system context and 4 systems-of-record categories.",knowledge/research/workflow-library/workflows/revenue-and-regulatory-reporting.md
Rights and Contract Management,"Product, Content, and Engineering","IP, Subscription, and Rights Management",Motion picture and sound recording industries,1,SF-03,Decision Context Escapes the Record,SF-05,Handoff and Approval Latency,SF-03 | SF-05,Decision Context Escapes the Record | Handoff and Approval Latency,SF-03:11.5 | SF-05:7.0,SF-03:11.5 | SF-05:7.0 | SF-01:5.0 | SF-02:4.0 | SF-04:4.0 | SF-07:1.0,Legacy Architecture,"Leakage appears through rights misinterpretation, stale documents, missed obligations, and manual rework.",Teams search for the right version and reconcile obligations across disconnected repositories.,"People still interpret contractual nuance, usage rights, and which document version is good enough to act on.","Key commentary and approval history sit in emails, redlines, and shared folders outside the formal index.","The workflow combines unstructured content and structured obligations, which few systems model together well. It typically spans 1 operating-system context and 4 systems-of-record categories.",knowledge/research/workflow-library/workflows/rights-and-contract-management.md
Risk and Compliance Monitoring,"Risk, Compliance, and Reporting","Deposit, Credit, and Payment Intermediation","Federal Reserve banks, credit intermediation, and related activities",1,SF-07,Compliance and Evidence Burden,SF-03 | SF-01,Decision Context Escapes the Record | Exception-Path Breakdown,SF-07 | SF-03 | SF-01,Compliance and Evidence Burden | Decision Context Escapes the Record | Exception-Path Breakdown,SF-07:26.0 | SF-03:12.0 | SF-01:7.0,SF-07:26.0 | SF-03:12.0 | SF-01:7.0 | SF-02:6.0 | SF-04:4.0 | SF-08:1.5,Regulatory,"Late or weak reporting creates fines, reserve exposure, rework, and management blind spots.","Teams manually stitch files, request attestations, and chase evidence for every cycle.","Control owners still decide what is material, what is remediated, and what can be tolerated temporarily.","Supporting evidence sits in attachments, spreadsheets, emails, and external filing systems.","The form of the report may be standardized, but the data lineage and exception handling still are not. It typically spans 1 operating-system context and 5 systems-of-record categories.",knowledge/research/workflow-library/workflows/risk-and-compliance-monitoring.md
Risk and Compliance Surveillance,"Risk, Compliance, and Reporting",Capital Markets and Investment Management,"Securities, commodity contracts, and investments",1,SF-07,Compliance and Evidence Burden,SF-03 | SF-01,Decision Context Escapes the Record | Exception-Path Breakdown,SF-07 | SF-03 | SF-01,Compliance and Evidence Burden | Decision Context Escapes the Record | Exception-Path Breakdown,SF-07:26.0 | SF-03:12.0 | SF-01:7.0,SF-07:26.0 | SF-03:12.0 | SF-01:7.0 | SF-02:6.0 | SF-04:4.0 | SF-08:1.5,Regulatory,"Late or weak reporting creates fines, reserve exposure, rework, and management blind spots.","Teams manually stitch files, request attestations, and chase evidence for every cycle.","Control owners still decide what is material, what is remediated, and what can be tolerated temporarily.","Supporting evidence sits in attachments, spreadsheets, emails, and external filing systems.","The form of the report may be standardized, but the data lineage and exception handling still are not. It typically spans 1 operating-system context and 4 systems-of-record categories.",knowledge/research/workflow-library/workflows/risk-and-compliance-surveillance.md
Royalty and Participation Accounting,Finance and Revenue Operations,"IP, Subscription, and Rights Management",Motion picture and sound recording industries,1,SF-03,Decision Context Escapes the Record,SF-02 | SF-01,Cross-System Reconciliation | Exception-Path Breakdown,SF-03 | SF-02 | SF-01,Decision Context Escapes the Record | Cross-System Reconciliation | Exception-Path Breakdown,SF-03:9.5 | SF-02:8.0 | SF-01:7.0,SF-03:9.5 | SF-02:8.0 | SF-01:7.0 | SF-04:4.0 | SF-05:3.0 | SF-07:1.0,Legacy Architecture,"Leakage appears through rights misinterpretation, stale documents, missed obligations, and manual rework.",Teams search for the right version and reconcile obligations across disconnected repositories.,"People still interpret contractual nuance, usage rights, and which document version is good enough to act on.","Key commentary and approval history sit in emails, redlines, and shared folders outside the formal index.","The workflow combines unstructured content and structured obligations, which few systems model together well. It typically spans 1 operating-system context and 4 systems-of-record categories.",knowledge/research/workflow-library/workflows/royalty-and-participation-accounting.md
Safety and Compliance Management,"Risk, Compliance, and Reporting","Venue, Hospitality, and Attendance Operations","Amusements, gambling, and recreation industries",1,SF-07,Compliance and Evidence Burden,SF-04 | SF-03,Human Judgment Under Incomplete Information | Decision Context Escapes the Record,SF-07 | SF-04 | SF-03,Compliance and Evidence Burden | Human Judgment Under Incomplete Information | Decision Context Escapes the Record,SF-07:23.5 | SF-04:14.0 | SF-03:10.5,SF-07:23.5 | SF-04:14.0 | SF-03:10.5 | SF-01:7.0 | SF-02:1.0,Regulatory,"Failures, recalls, rework, and excess inspection labor are the major leakage points.","Teams repeat data entry, collect evidence manually, and wait on disposition decisions.","Inspectors still interpret severity, traceability gaps, and acceptable release decisions.","Evidence often sits in attachments, lab systems, spreadsheets, and manual checklists outside the main record.","Standards are formal, but real-world deviations and root-cause interpretation remain human-heavy. It typically spans 1 operating-system context and 4 systems-of-record categories.",knowledge/research/workflow-library/workflows/safety-and-compliance-management.md
Scheduling and Staffing,Workforce and Labor Operations,Education Delivery and Administration,Educational services,1,SF-03,Decision Context Escapes the Record,SF-04,Human Judgment Under Incomplete Information,SF-03 | SF-04,Decision Context Escapes the Record | Human Judgment Under Incomplete Information,SF-03:7.0 | SF-04:7.0,SF-03:7.0 | SF-04:7.0 | SF-05:4.0 | SF-06:2.0,Behavioral,"Leakage comes from misstaffing, poor utilization, overqualified labor, and late reassignment.",Managers spend time matching people to work and rebalancing load when priorities shift.,"People assignment depends on context, trust, and tacit knowledge about who can truly handle the work.","Assignment rationale is often managed in calls, chats, and local trackers outside the HCM tool.","Skills models help, but actual staffing decisions remain social and context-sensitive. It typically spans 1 operating-system context and 4 systems-of-record categories.",knowledge/research/workflow-library/workflows/scheduling-and-staffing.md
Service Delivery and Referral Coordination,Clinical and Case Operations,Case Management and Program Administration,Social assistance,1,SF-03,Decision Context Escapes the Record,SF-04 | SF-07,Human Judgment Under Incomplete Information | Compliance and Evidence Burden,SF-03 | SF-04 | SF-07,Decision Context Escapes the Record | Human Judgment Under Incomplete Information | Compliance and Evidence Burden,SF-03:13.0 | SF-04:7.0 | SF-07:6.5,SF-03:13.0 | SF-04:7.0 | SF-07:6.5 | SF-05:6.0 | SF-06:3.0 | SF-02:2.0 | SF-08:1.0,Regulatory,"Leakage appears as duplicated work, missed follow-up, avoidable utilization, and incomplete billable documentation.","Teams repeatedly reconcile status and chase missing clinical, referral, or plan information.","Care appropriateness, urgency, and readiness still depend on expert interpretation.","Critical case context moves through phone calls, referrals, messages, and external portals.",Even strong systems of record do not remove the need for contextual coordination across people and organizations. It typically spans 1 operating-system context and 4 systems-of-record categories.,knowledge/research/workflow-library/workflows/service-delivery-and-referral-coordination.md
Service Execution,Delivery and Service Execution,Retail and Service Commerce,Food services and drinking places,1,SF-01,Exception-Path Breakdown,SF-03 | SF-06,Decision Context Escapes the Record | Plan vs. Reality Divergence,SF-01 | SF-03 | SF-06,Exception-Path Breakdown | Decision Context Escapes the Record | Plan vs. Reality Divergence,SF-01:14.0 | SF-03:11.0 | SF-06:6.0,SF-01:14.0 | SF-03:11.0 | SF-06:6.0 | SF-04:3.0 | SF-02:1.0 | SF-05:1.0,Legacy Architecture,"Leakage shows up in split orders, mispicks, returns, expedites, and fulfillment promises that outrun actual capacity.","Teams chase inventory truth, release status, and downstream transport updates across systems.","Operators still decide how to recover shortages, prioritize customers, and manage substitutions.","Exception handling often happens through email, calls, and local trackers outside the formal order flow.","Order orchestration spans inventory, warehouse, transport, and customer systems with different clocks and constraints. It typically spans 1 operating-system context and 3 systems-of-record categories.",knowledge/research/workflow-library/workflows/service-execution.md
Service Provisioning and Activation,Network and Transportation Operations,Network Infrastructure Operations,Broadcasting and telecommunications,1,SF-03,Decision Context Escapes the Record,,,SF-03,Decision Context Escapes the Record,SF-03:7.0,SF-03:7.0 | SF-04:4.0 | SF-06:4.0 | SF-02:3.0 | SF-08:3.0 | SF-01:1.0 | SF-05:1.0,Legacy Architecture,Delayed activations and bad service-order hygiene push revenue start dates and increase fallout.,Provisioning teams reconcile commercial orders with technical reality and chase cross-system updates.,Engineers and provisioning staff still judge edge-case feasibility and recovery steps.,"Actual root-cause context often lives in tickets, chat threads, and engineering notes outside the order record.","Commercial, technical, and billing systems still do not share one reliable activation truth in many stacks. It typically spans 1 operating-system context and 3 systems-of-record categories.",knowledge/research/workflow-library/workflows/service-provisioning-and-activation.md
Service Scheduling and Parts Management,Customer and Experience Operations,Retail and Service Commerce,Motor vehicle and parts dealers,1,SF-01,Exception-Path Breakdown,SF-03 | SF-04,Decision Context Escapes the Record | Human Judgment Under Incomplete Information,SF-01 | SF-03 | SF-04,Exception-Path Breakdown | Decision Context Escapes the Record | Human Judgment Under Incomplete Information,SF-01:10.0 | SF-03:8.0 | SF-04:7.0,SF-01:10.0 | SF-03:8.0 | SF-04:7.0 | SF-06:1.0 | SF-07:1.0,Technical,"Leakage appears through low first-time fix, no-shows, deadhead travel, and rescheduling churn.","Schedulers spend time on calendar juggling, parts checks, and customer callbacks.","Experienced schedulers still know which combinations of customer, asset, and worker will actually succeed.","Real-world exceptions are coordinated through calls, texts, and side notes outside the scheduler.",The slotting problem is only half the challenge; the other half is local exception management with incomplete visibility. It typically spans 1 operating-system context and 4 systems-of-record categories.,knowledge/research/workflow-library/workflows/service-scheduling-and-parts-management.md
Service-Level Monitoring,Governance and Portfolio Operations,Workforce Coordination and Service Operations,Administrative and support services,1,SF-05,Handoff and Approval Latency,SF-04 | SF-03,Human Judgment Under Incomplete Information | Decision Context Escapes the Record,SF-05 | SF-04 | SF-03,Handoff and Approval Latency | Human Judgment Under Incomplete Information | Decision Context Escapes the Record,SF-05:16.0 | SF-04:9.0 | SF-03:8.0,SF-05:16.0 | SF-04:9.0 | SF-03:8.0 | SF-08:3.0 | SF-02:1.0,Organizational,Capital and support resources drift into low-return uses when performance signals are late or noisy.,Review cycles are slowed by manual aggregation and commentary collection.,"Leadership still decides tradeoffs among long-term return, local politics, and near-term operational reality.",Most decisive discussion happens in decks and meetings rather than the planning system itself.,Shared-service and capital decisions remain cross-functional and politically negotiated rather than purely model-driven. It typically spans 1 operating-system context and 4 systems-of-record categories.,knowledge/research/workflow-library/workflows/service-level-monitoring.md
Shared Service Operations,Governance and Portfolio Operations,Enterprise Governance and Shared Services,Management of companies and enterprises,1,SF-05,Handoff and Approval Latency,SF-04 | SF-03,Human Judgment Under Incomplete Information | Decision Context Escapes the Record,SF-05 | SF-04 | SF-03,Handoff and Approval Latency | Human Judgment Under Incomplete Information | Decision Context Escapes the Record,SF-05:16.0 | SF-04:9.0 | SF-03:8.0,SF-05:16.0 | SF-04:9.0 | SF-03:8.0 | SF-08:3.0 | SF-02:1.0,Organizational,Capital and support resources drift into low-return uses when performance signals are late or noisy.,Review cycles are slowed by manual aggregation and commentary collection.,"Leadership still decides tradeoffs among long-term return, local politics, and near-term operational reality.",Most decisive discussion happens in decks and meetings rather than the planning system itself.,Shared-service and capital decisions remain cross-functional and politically negotiated rather than purely model-driven. It typically spans 1 operating-system context and 4 systems-of-record categories.,knowledge/research/workflow-library/workflows/shared-service-operations.md
Shipping and Invoice Reconciliation,Finance and Revenue Operations,Product Manufacturing and Lifecycle Operations,Fabricated metal products,1,SF-02,Cross-System Reconciliation,SF-01 | SF-03,Exception-Path Breakdown | Decision Context Escapes the Record,SF-02 | SF-01 | SF-03,Cross-System Reconciliation | Exception-Path Breakdown | Decision Context Escapes the Record,SF-02:23.5 | SF-01:16.0 | SF-03:14.0,SF-02:23.5 | SF-01:16.0 | SF-03:14.0 | SF-04:11.0 | SF-08:4.0 | SF-07:2.0,Legacy Architecture,"Unmatched items, late close, duplicate settlements, and poor exception control create hidden leakage and working-capital drag.","Analysts spend time matching records manually, collecting support, and rebuilding audit trails.","Materiality, root cause, and acceptable resolution still depend on experienced finance staff.","Exception triage almost always moves into spreadsheets, email, and bank or partner portals.",Reconciliation spans asynchronous systems and low-standardization edge cases that resist full automation. It typically spans 1 operating-system context and 3 systems-of-record categories.,knowledge/research/workflow-library/workflows/shipping-and-invoice-reconciliation.md
Shop Floor Execution and Quality Management,Production and Asset Operations,Product Manufacturing and Lifecycle Operations,"Motor vehicles, bodies and trailers, and parts | Fabricated metal products | Computer and electronic products",3,SF-06,Plan vs. Reality Divergence,SF-04 | SF-03,Human Judgment Under Incomplete Information | Decision Context Escapes the Record,SF-06 | SF-04 | SF-03,Plan vs. Reality Divergence | Human Judgment Under Incomplete Information | Decision Context Escapes the Record,SF-06:16.5 | SF-04:10.0 | SF-03:8.0,SF-06:16.5 | SF-04:10.0 | SF-03:8.0 | SF-05:4.0 | SF-02:1.0 | SF-01:0.5,Legacy Architecture,"Scrap, slow cycles, poor yields, and unplanned downtime are the main leakages.","Operators lose time to waiting, restarts, manual data capture, and coordination across shifts.","Supervisors balance throughput, quality, and risk when conditions diverge from the ideal run.","Operational nuance lives in shift notes, whiteboards, and tribal knowledge outside MES and ERP fields.","Even with modern MES, the last mile of execution still depends on local conditions and human adaptation. It typically spans 1 operating-system context and 5 systems-of-record categories.",knowledge/research/workflow-library/workflows/shop-floor-execution-and-quality-management.md
Sponsorship and Donor Management,"Access, Intake, and Contracting","Venue, Hospitality, and Attendance Operations","Performing arts, spectator sports, museums, and related activities",1,SF-03,Decision Context Escapes the Record,SF-04,Human Judgment Under Incomplete Information,SF-03 | SF-04,Decision Context Escapes the Record | Human Judgment Under Incomplete Information,SF-03:8.0 | SF-04:6.5,SF-03:8.0 | SF-04:6.5 | SF-01:3.0 | SF-05:3.0,Behavioral,"Revenue is lost through weak follow-up, inconsistent fulfillment, and poor visibility into renewal risk.","Teams manually coordinate donor history, package details, and fulfillment status across systems and documents.","Relationship strength, timing, and ask strategy are still judged person to person.","Stewardship context lives in notes, conversations, and one-off trackers rather than a complete shared record.",The workflow depends heavily on relationship nuance and bespoke package management rather than purely transactional logic. It typically spans 1 operating-system context and 3 systems-of-record categories.,knowledge/research/workflow-library/workflows/sponsorship-and-donor-management.md
Staffing and Capacity Planning,Workforce and Labor Operations,Professional Services and Matter Management,"Miscellaneous professional, scientific, and technical services | Computer systems design and related services",2,SF-03,Decision Context Escapes the Record,SF-04,Human Judgment Under Incomplete Information,SF-03 | SF-04,Decision Context Escapes the Record | Human Judgment Under Incomplete Information,SF-03:7.0 | SF-04:7.0,SF-03:7.0 | SF-04:7.0 | SF-05:4.0 | SF-06:2.0,Behavioral,"Leakage comes from misstaffing, poor utilization, overqualified labor, and late reassignment.",Managers spend time matching people to work and rebalancing load when priorities shift.,"People assignment depends on context, trust, and tacit knowledge about who can truly handle the work.","Assignment rationale is often managed in calls, chats, and local trackers outside the HCM tool.","Skills models help, but actual staffing decisions remain social and context-sensitive. It typically spans 1 operating-system context and 5 systems-of-record categories.",knowledge/research/workflow-library/workflows/staffing-and-capacity-planning.md
Staffing and Task Management,Workforce and Labor Operations,Professional Services and Matter Management,Legal services,1,SF-03,Decision Context Escapes the Record,SF-04,Human Judgment Under Incomplete Information,SF-03 | SF-04,Decision Context Escapes the Record | Human Judgment Under Incomplete Information,SF-03:7.0 | SF-04:7.0,SF-03:7.0 | SF-04:7.0 | SF-05:4.0 | SF-06:2.0,Behavioral,"Leakage comes from misstaffing, poor utilization, overqualified labor, and late reassignment.",Managers spend time matching people to work and rebalancing load when priorities shift.,"People assignment depends on context, trust, and tacit knowledge about who can truly handle the work.","Assignment rationale is often managed in calls, chats, and local trackers outside the HCM tool.","Skills models help, but actual staffing decisions remain social and context-sensitive. It typically spans 1 operating-system context and 3 systems-of-record categories.",knowledge/research/workflow-library/workflows/staffing-and-task-management.md
Store Labor Execution,Workforce and Labor Operations,Retail and Service Commerce,General merchandise stores,1,SF-04,Human Judgment Under Incomplete Information,SF-01 | SF-03,Exception-Path Breakdown | Decision Context Escapes the Record,SF-04 | SF-01 | SF-03,Human Judgment Under Incomplete Information | Exception-Path Breakdown | Decision Context Escapes the Record,SF-04:8.0 | SF-01:7.0 | SF-03:7.0,SF-04:8.0 | SF-01:7.0 | SF-03:7.0 | SF-05:4.0 | SF-07:2.5 | SF-06:2.0,Behavioral,"Overtime, uncovered demand, idle time, and payroll corrections are the core leaks.","Schedulers constantly rework the plan around callouts, fairness concerns, and compliance rules.",Managers know who can actually handle the work and what informal tradeoffs will hold the operation together.,"The live schedule lives in texts, calls, and local shift notes once the day starts moving.",Workforce systems solve the baseline but not the velocity of same-day human exceptions. It typically spans 1 operating-system context and 5 systems-of-record categories.,knowledge/research/workflow-library/workflows/store-labor-execution.md
Student Service and Retention Management,Customer and Experience Operations,Education Delivery and Administration,Educational services,1,SF-03,Decision Context Escapes the Record,SF-04,Human Judgment Under Incomplete Information,SF-03 | SF-04,Decision Context Escapes the Record | Human Judgment Under Incomplete Information,SF-03:16.0 | SF-04:12.5,SF-03:16.0 | SF-04:12.5 | SF-01:1.0,Behavioral,"Late risk detection, weak expansion discipline, and reactive renewal handling erode retention economics.","Teams assemble context manually across service records, invoices, and relationship notes before every renewal conversation.","Renewal strategy depends on relationship strength, future potential, and nuanced commercial tradeoffs.","The decisive conversations happen in calls, emails, and side planning decks outside the system of record.",Signals are fragmented and the most important retention decisions are strategic rather than purely operational. It typically spans 1 operating-system context and 4 systems-of-record categories.,knowledge/research/workflow-library/workflows/student-service-and-retention-management.md
Subscription and License Management,Finance and Revenue Operations,"IP, Subscription, and Rights Management","Publishing industries, except internet (includes software)",1,SF-01,Exception-Path Breakdown,SF-03 | SF-02,Decision Context Escapes the Record | Cross-System Reconciliation,SF-01 | SF-03 | SF-02,Exception-Path Breakdown | Decision Context Escapes the Record | Cross-System Reconciliation,SF-01:21.0 | SF-03:8.0 | SF-02:6.0,SF-01:21.0 | SF-03:8.0 | SF-02:6.0 | SF-04:3.0,Legacy Architecture,"Leakage comes from usage mismatch, wrong entitlements, stale contract data, and manual credits.","Teams spend time reconciling subscription state across CRM, billing, and service systems.","Operators still decide how to resolve exceptions, bundle edge cases, and preserve the relationship during disputes.","Important contract and exception context lives in tickets, email, and account notes outside the billing platform.","Recurring billing is structurally automatable, but entitlement logic and exception-heavy account transitions remain messy. It typically spans 1 operating-system context and 4 systems-of-record categories.",knowledge/research/workflow-library/workflows/subscription-and-license-management.md
Supplier Coordination and Compliance,Sourcing and Supply,Product Manufacturing and Lifecycle Operations,Other transportation equipment,1,SF-08,Multi-Party Trust and Dependency Gaps,SF-03 | SF-05,Decision Context Escapes the Record | Handoff and Approval Latency,SF-08 | SF-03 | SF-05,Multi-Party Trust and Dependency Gaps | Decision Context Escapes the Record | Handoff and Approval Latency,SF-08:17.5 | SF-03:13.0 | SF-05:6.0,SF-08:17.5 | SF-03:13.0 | SF-05:6.0 | SF-06:2.5 | SF-07:2.5 | SF-02:1.0 | SF-04:1.0,Legacy Architecture,"Leakage comes from supplier misses, poor coordination, and weak compliance discipline that forces recovery work.","Teams spend time on follow-up, document checks, and schedule alignment across organizational boundaries.",Partner selection and intervention strategy remain experience-heavy and relationship-driven.,"Actual supplier coordination lives in calls, emails, and shared trackers beyond the formal procurement record.",Structured supplier master data is not the same as reliable day-to-day execution behavior. It typically spans 1 operating-system context and 3 systems-of-record categories.,knowledge/research/workflow-library/workflows/supplier-coordination-and-compliance.md
Supplier Scheduling and Procurement,Sourcing and Supply,Product Manufacturing and Lifecycle Operations,"Motor vehicles, bodies and trailers, and parts | Machinery | Electrical equipment, appliances, and components",3,SF-08,Multi-Party Trust and Dependency Gaps,SF-03 | SF-05,Decision Context Escapes the Record | Handoff and Approval Latency,SF-08 | SF-03 | SF-05,Multi-Party Trust and Dependency Gaps | Decision Context Escapes the Record | Handoff and Approval Latency,SF-08:17.5 | SF-03:13.0 | SF-05:6.0,SF-08:17.5 | SF-03:13.0 | SF-05:6.0 | SF-06:2.5 | SF-07:2.5 | SF-02:1.0 | SF-04:1.0,Legacy Architecture,"Leakage comes from supplier misses, poor coordination, and weak compliance discipline that forces recovery work.","Teams spend time on follow-up, document checks, and schedule alignment across organizational boundaries.",Partner selection and intervention strategy remain experience-heavy and relationship-driven.,"Actual supplier coordination lives in calls, emails, and shared trackers beyond the formal procurement record.",Structured supplier master data is not the same as reliable day-to-day execution behavior. It typically spans 1 operating-system context and 6 systems-of-record categories.,knowledge/research/workflow-library/workflows/supplier-scheduling-and-procurement.md
Supplier and Subcontractor Management,Sourcing and Supply,Project Delivery and Contracting,Construction,1,SF-08,Multi-Party Trust and Dependency Gaps,SF-03 | SF-05,Decision Context Escapes the Record | Handoff and Approval Latency,SF-08 | SF-03 | SF-05,Multi-Party Trust and Dependency Gaps | Decision Context Escapes the Record | Handoff and Approval Latency,SF-08:18.5 | SF-03:12.0 | SF-05:7.0,SF-08:18.5 | SF-03:12.0 | SF-05:7.0 | SF-06:2.5 | SF-07:2.5 | SF-04:1.0,Organizational,"Leakage comes from supplier misses, poor coordination, and weak compliance discipline that forces recovery work.","Teams spend time on follow-up, document checks, and schedule alignment across organizational boundaries.",Partner selection and intervention strategy remain experience-heavy and relationship-driven.,"Actual supplier coordination lives in calls, emails, and shared trackers beyond the formal procurement record.",Structured supplier master data is not the same as reliable day-to-day execution behavior. It typically spans 1 operating-system context and 3 systems-of-record categories.,knowledge/research/workflow-library/workflows/supplier-and-subcontractor-management.md
Terminal and Yard Operations,Network and Transportation Operations,Transportation Network Operations,Other transportation and support activities,1,SF-06,Plan vs. Reality Divergence,SF-08 | SF-03,Multi-Party Trust and Dependency Gaps | Decision Context Escapes the Record,SF-06 | SF-08 | SF-03,Plan vs. Reality Divergence | Multi-Party Trust and Dependency Gaps | Decision Context Escapes the Record,SF-06:18.0 | SF-08:13.5 | SF-03:6.0,SF-06:18.0 | SF-08:13.5 | SF-03:6.0 | SF-04:5.0 | SF-01:1.0 | SF-05:1.0,Technical,"The biggest leaks are empty capacity, bad routing, detention, and poor network utilization.","Dispatchers lose time chasing status, making call-based updates, and rerouting around late disruptions.",Controllers interpret service priorities and real-world constraints faster than static optimization models.,"Carrier calls, texts, and manual route notes remain central to live execution.","Network state changes in real time and often depends on partner data that is late, partial, or nonstandard. It typically spans 1 operating-system context and 3 systems-of-record categories.",knowledge/research/workflow-library/workflows/terminal-and-yard-operations.md
Ticketing and Pricing,"Access, Intake, and Contracting","Venue, Hospitality, and Attendance Operations","Performing arts, spectator sports, museums, and related activities",1,SF-01,Exception-Path Breakdown,SF-03,Decision Context Escapes the Record,SF-01 | SF-03,Exception-Path Breakdown | Decision Context Escapes the Record,SF-01:7.0 | SF-03:6.0,SF-01:7.0 | SF-03:6.0 | SF-04:4.0 | SF-05:4.0 | SF-08:3.0 | SF-06:2.0 | SF-02:1.0,Technical,"Leakage comes from spoilage, bad holds, channel mix mistakes, refunds, and poor yield control.","Teams burn time resolving inventory conflicts, special requests, and distribution-channel mismatches.","Operators still decide how to recover service, override inventory, and handle edge-case customers.","Special handling moves through calls, guest notes, and partner channels outside the clean reservation record.","Inventory can be digitized, but exception-heavy capacity control and live service recovery still depend on people. It typically spans 1 operating-system context and 3 systems-of-record categories.",knowledge/research/workflow-library/workflows/ticketing-and-pricing.md
"Ticketing, POS, and Cage Operations",Customer and Experience Operations,"Venue, Hospitality, and Attendance Operations","Amusements, gambling, and recreation industries",1,SF-01,Exception-Path Breakdown,SF-04 | SF-03,Human Judgment Under Incomplete Information | Decision Context Escapes the Record,SF-01 | SF-04 | SF-03,Exception-Path Breakdown | Human Judgment Under Incomplete Information | Decision Context Escapes the Record,SF-01:15.0 | SF-04:9.0 | SF-03:6.0,SF-01:15.0 | SF-04:9.0 | SF-03:6.0 | SF-02:5.5,Legacy Architecture,"Leakage appears through shrink, tender errors, bad overrides, abandoned carts, and loyalty mistakes.","Teams spend time on line delays, exception handling, and end-of-day balancing.",Frontline staff still decide how to recover failures and apply judgment-based overrides.,"Exception handling moves into notes, supervisor conversations, and manual balancing sheets.","Core POS is mature, but live edge cases and the downstream reconciliation burden remain stubbornly human. It typically spans 1 operating-system context and 4 systems-of-record categories.",knowledge/research/workflow-library/workflows/ticketing-pos-and-cage-operations.md
Time and Expense Capture,Finance and Revenue Operations,Professional Services and Matter Management,"Miscellaneous professional, scientific, and technical services | Computer systems design and related services | Legal services",3,SF-01,Exception-Path Breakdown,SF-03 | SF-02,Decision Context Escapes the Record | Cross-System Reconciliation,SF-01 | SF-03 | SF-02,Exception-Path Breakdown | Decision Context Escapes the Record | Cross-System Reconciliation,SF-01:20.5 | SF-03:14.0 | SF-02:10.0,SF-01:20.5 | SF-03:14.0 | SF-02:10.0 | SF-08:9.0 | SF-04:6.0 | SF-07:5.0,Legacy Architecture,"Missed charges, denial cycles, underbilling, and slow cash application are the primary leakage points.","Teams repeatedly reconcile source evidence, payer rules, and customer-specific exceptions.","Operators interpret contract nuance, collection strategy, and what evidence is enough to close the item.","Collections context and exception history often live in email, payer portals, and spreadsheets outside the core system.","Automation handles the clean path, but exceptions are driven by messy upstream data and contract interpretation. It typically spans 1 operating-system context and 7 systems-of-record categories.",knowledge/research/workflow-library/workflows/time-and-expense-capture.md
Tooling and Machine Execution,Production and Asset Operations,Product Manufacturing and Lifecycle Operations,Plastics and rubber products,1,SF-06,Plan vs. Reality Divergence,SF-04 | SF-03,Human Judgment Under Incomplete Information | Decision Context Escapes the Record,SF-06 | SF-04 | SF-03,Plan vs. Reality Divergence | Human Judgment Under Incomplete Information | Decision Context Escapes the Record,SF-06:16.5 | SF-04:10.0 | SF-03:8.0,SF-06:16.5 | SF-04:10.0 | SF-03:8.0 | SF-05:4.0 | SF-02:1.0 | SF-01:0.5,Legacy Architecture,"Scrap, slow cycles, poor yields, and unplanned downtime are the main leakages.","Operators lose time to waiting, restarts, manual data capture, and coordination across shifts.","Supervisors balance throughput, quality, and risk when conditions diverge from the ideal run.","Operational nuance lives in shift notes, whiteboards, and tribal knowledge outside MES and ERP fields.","Even with modern MES, the last mile of execution still depends on local conditions and human adaptation. It typically spans 1 operating-system context and 4 systems-of-record categories.",knowledge/research/workflow-library/workflows/tooling-and-machine-execution.md
Trade Execution and Settlement,Finance and Revenue Operations,Capital Markets and Investment Management,"Securities, commodity contracts, and investments",1,SF-02,Cross-System Reconciliation,SF-01 | SF-03,Exception-Path Breakdown | Decision Context Escapes the Record,SF-02 | SF-01 | SF-03,Cross-System Reconciliation | Exception-Path Breakdown | Decision Context Escapes the Record,SF-02:23.5 | SF-01:16.0 | SF-03:14.0,SF-02:23.5 | SF-01:16.0 | SF-03:14.0 | SF-04:11.0 | SF-08:4.0 | SF-07:2.0,Legacy Architecture,"Unmatched items, late close, duplicate settlements, and poor exception control create hidden leakage and working-capital drag.","Analysts spend time matching records manually, collecting support, and rebuilding audit trails.","Materiality, root cause, and acceptable resolution still depend on experienced finance staff.","Exception triage almost always moves into spreadsheets, email, and bank or partner portals.",Reconciliation spans asynchronous systems and low-standardization edge cases that resist full automation. It typically spans 1 operating-system context and 4 systems-of-record categories.,knowledge/research/workflow-library/workflows/trade-execution-and-settlement.md
Turnover and Readiness Management,Production and Asset Operations,Asset Utilization and Lease Management,Housing,1,SF-04,Human Judgment Under Incomplete Information,SF-06 | SF-03,Plan vs. Reality Divergence | Decision Context Escapes the Record,SF-04 | SF-06 | SF-03,Human Judgment Under Incomplete Information | Plan vs. Reality Divergence | Decision Context Escapes the Record,SF-04:14.0 | SF-06:13.0 | SF-03:8.0,SF-04:14.0 | SF-06:13.0 | SF-03:8.0 | SF-02:1.0,Legacy Architecture,"Leakage comes from downtime, repeat failures, poor work scope, and weak turnover discipline.","Teams chase parts, permits, technician availability, and asset-history context.","Maintenance leaders still assess condition, risk, and repair tradeoffs beyond simple rules.","Readiness and outage details are frequently tracked in calls, notes, and local sheets outside the CMMS.","Maintenance systems track work orders, but true readiness still depends on fragmented context and field judgment. It typically spans 1 operating-system context and 3 systems-of-record categories.",knowledge/research/workflow-library/workflows/turnover-and-readiness-management.md
Underwriting and Pricing,"Risk, Compliance, and Reporting",Risk Underwriting and Claims Administration,Insurance carriers and related activities,1,SF-04,Human Judgment Under Incomplete Information,SF-07 | SF-03,Compliance and Evidence Burden | Decision Context Escapes the Record,SF-04 | SF-07 | SF-03,Human Judgment Under Incomplete Information | Compliance and Evidence Burden | Decision Context Escapes the Record,SF-04:17.5 | SF-07:11.5 | SF-03:9.0,SF-04:17.5 | SF-07:11.5 | SF-03:9.0 | SF-01:6.0 | SF-08:2.0 | SF-02:1.0,Regulatory,"Leakage appears through poor risk selection, slow cycle times, mispriced endorsements, and admin rework.","Teams spend time on document collection, exception referral, and back-and-forth across policy, claims, and rating tools.",Risk appetite and exposure interpretation remain highly judgment-driven even with scoring support.,"Key rationale lives in underwriter notes, referrals, broker calls, and exception memos outside the core flow.","Insurance software is mature, but complex cases still require layered human judgment and fragmented evidence. It typically spans 1 operating-system context and 4 systems-of-record categories.",knowledge/research/workflow-library/workflows/underwriting-and-pricing.md
Usage Billing and Monetization,Finance and Revenue Operations,Digital Platform and Subscription Operations,"Data processing, internet publishing, and other information services",1,SF-01,Exception-Path Breakdown,SF-03 | SF-02,Decision Context Escapes the Record | Cross-System Reconciliation,SF-01 | SF-03 | SF-02,Exception-Path Breakdown | Decision Context Escapes the Record | Cross-System Reconciliation,SF-01:21.0 | SF-03:8.0 | SF-02:6.0,SF-01:21.0 | SF-03:8.0 | SF-02:6.0 | SF-04:3.0,Legacy Architecture,"Leakage comes from usage mismatch, wrong entitlements, stale contract data, and manual credits.","Teams spend time reconciling subscription state across CRM, billing, and service systems.","Operators still decide how to resolve exceptions, bundle edge cases, and preserve the relationship during disputes.","Important contract and exception context lives in tickets, email, and account notes outside the billing platform.","Recurring billing is structurally automatable, but entitlement logic and exception-heavy account transitions remain messy. It typically spans 1 operating-system context and 4 systems-of-record categories.",knowledge/research/workflow-library/workflows/usage-billing-and-monetization.md
"Valuation, NAV, and Reconciliation",Governance and Portfolio Operations,Capital Markets and Investment Management,"Funds, trusts, and other financial vehicles",1,SF-02,Cross-System Reconciliation,SF-03 | SF-04,Decision Context Escapes the Record | Human Judgment Under Incomplete Information,SF-02 | SF-03 | SF-04,Cross-System Reconciliation | Decision Context Escapes the Record | Human Judgment Under Incomplete Information,SF-02:13.0 | SF-03:11.0 | SF-04:9.0,SF-02:13.0 | SF-03:11.0 | SF-04:9.0 | SF-08:8.5 | SF-01:6.0 | SF-05:4.0 | SF-06:1.0,Technical,"Leakage comes from stale positions, NAV breaks, manual reporting overhead, and slow exception closure.","Teams reconcile books and records repeatedly across portfolio, accounting, and investor-reporting systems.","Materiality, valuation challenge, and client communication still depend on experienced professionals.","Exception narratives and investor context move through emails, memos, and spreadsheet bridges.",Even sophisticated platforms still depend on cross-book reconciliation and human review to maintain trust. It typically spans 1 operating-system context and 4 systems-of-record categories.,knowledge/research/workflow-library/workflows/valuation-nav-and-reconciliation.md
Venue and Staff Operations,Delivery and Service Execution,"Venue, Hospitality, and Attendance Operations","Performing arts, spectator sports, museums, and related activities",1,SF-04,Human Judgment Under Incomplete Information,SF-01,Exception-Path Breakdown,SF-04 | SF-01,Human Judgment Under Incomplete Information | Exception-Path Breakdown,SF-04:9.0 | SF-01:6.0,SF-04:9.0 | SF-01:6.0 | SF-05:5.0 | SF-06:5.0 | SF-03:4.0 | SF-02:3.0 | SF-08:1.0,Organizational,"Leakage comes from unready inventory, labor mismatch, service recovery costs, and poor turnover discipline.","Teams lose time on room-status reconciliation, guest issue triage, and manual cross-shift communication.","On-site teams continually arbitrate service tradeoffs, prioritization, and recovery.","The true operating picture often lives in shift notes, radios, texts, and verbal coordination.","Hospitality operations mix fixed capacity, live human service, and fast exceptions that spill beyond the PMS. It typically spans 1 operating-system context and 3 systems-of-record categories.",knowledge/research/workflow-library/workflows/venue-and-staff-operations.md
Workforce Scheduling,Workforce and Labor Operations,"Retail and Service Commerce | Care Delivery and Reimbursement | Venue, Hospitality, and Attendance Operations | Workforce Coordination and Service Operations","Food services and drinking places | Administrative and support services | Nursing and residential care facilities | Food and beverage stores | Amusements, gambling, and recreation industries",5,SF-04,Human Judgment Under Incomplete Information,SF-01 | SF-03,Exception-Path Breakdown | Decision Context Escapes the Record,SF-04 | SF-01 | SF-03,Human Judgment Under Incomplete Information | Exception-Path Breakdown | Decision Context Escapes the Record,SF-04:8.0 | SF-01:7.0 | SF-03:7.0,SF-04:8.0 | SF-01:7.0 | SF-03:7.0 | SF-05:4.0 | SF-07:2.5 | SF-06:2.0,Behavioral,"Overtime, uncovered demand, idle time, and payroll corrections are the core leaks.","Schedulers constantly rework the plan around callouts, fairness concerns, and compliance rules.",Managers know who can actually handle the work and what informal tradeoffs will hold the operation together.,"The live schedule lives in texts, calls, and local shift notes once the day starts moving.",Workforce systems solve the baseline but not the velocity of same-day human exceptions. It typically spans 4 operating-system contexts and 12 systems-of-record categories.,knowledge/research/workflow-library/workflows/workforce-scheduling.md
Workforce Scheduling and Dispatch,Workforce and Labor Operations,Workforce Coordination and Service Operations,"Other services, except government",1,SF-04,Human Judgment Under Incomplete Information,SF-01 | SF-03,Exception-Path Breakdown | Decision Context Escapes the Record,SF-04 | SF-01 | SF-03,Human Judgment Under Incomplete Information | Exception-Path Breakdown | Decision Context Escapes the Record,SF-04:8.0 | SF-01:7.0 | SF-03:7.0,SF-04:8.0 | SF-01:7.0 | SF-03:7.0 | SF-05:4.0 | SF-07:2.5 | SF-06:2.0,Behavioral,"Overtime, uncovered demand, idle time, and payroll corrections are the core leaks.","Schedulers constantly rework the plan around callouts, fairness concerns, and compliance rules.",Managers know who can actually handle the work and what informal tradeoffs will hold the operation together.,"The live schedule lives in texts, calls, and local shift notes once the day starts moving.",Workforce systems solve the baseline but not the velocity of same-day human exceptions. It typically spans 1 operating-system context and 4 systems-of-record categories.,knowledge/research/workflow-library/workflows/workforce-scheduling-and-dispatch.md
