Concept ID,Concept Title,Primitive,Canonical Job,Domain,Customer,Confidence,Evidence,Value Pattern ID,Value Pattern,Pattern Mechanism,Opportunity Family ID,Opportunity Family,Family Rule Basis,Family Value Engine,Related Value Patterns,Review Flags
C-0001,AI Operating System for Product Managers,Optimize,Improve decisions,Product,Product manager,4,Pattern Evidence,VP-002,Decision Advantage,Improves the quality of prioritization and intervention decisions where mistakes or delays are expensive.,OF-002,Decision and Foresight Infrastructure,Value Pattern VP-002 Decision Advantage -> Decision and Foresight Infrastructure,"Raise judgment quality and reduce irreversible mistakes by turning weak signals, tradeoffs, and scenario uncertainty into clearer pre-commitment choices.","VP-002 Decision Advantage, VP-008 Pre-Commitment Foresight",None
C-0002,AI Company Memory,Remember,Preserve context,Operations,Operations executive,4,Pattern Evidence,VP-003,Memory Infrastructure,"Transforms past operating knowledge into future leverage by lowering search, reconstruction, and onboarding costs.",OF-001,Operational Execution Infrastructure,Value Pattern VP-003 Memory Infrastructure -> Operational Execution Infrastructure,"Convert fragmented execution and lost context into faster cycle times, lower coordination overhead, and more repeatable operating throughput.","VP-001 Workflow Compression, VP-003 Memory Infrastructure",Broad initial wedge
C-0003,AI Workflow Discovery Platform,Discover,Find opportunities,Workflow,Operations manager,4,Pattern Evidence,VP-006,Opportunity Surface Expansion,"Creates upside by expanding the set of credible opportunities a team can see, compare, or pursue.",OF-004,Discovery and Liquidity Networks,Value Pattern VP-006 Opportunity Surface Expansion -> Discovery and Liquidity Networks,Create upside by increasing what the user can see and lowering the search friction required to turn discovery into allocation.,"VP-005 Matching Liquidity, VP-006 Opportunity Surface Expansion",None
C-0004,Enterprise AI Skills Coach,Learn,Accelerate execution,Operations,Operations executive,4,Pattern Evidence,VP-007,Compounding Loops,Creates durable value through repeated-use reinforcement rather than one-time task completion.,OF-005,Capability Capital Platforms,Value Pattern VP-007 Compounding Loops -> Capability Capital Platforms,"Build durable leverage by ensuring each cycle leaves behind skills, assets, or operating capital that makes the next cycle stronger.","VP-007 Compounding Loops, VP-010 Assetization Engines",None
C-0005,AI Decision Auditor,Optimize,Improve decisions,Operations,Operations executive,4,Pattern Evidence,VP-002,Decision Advantage,Improves the quality of prioritization and intervention decisions where mistakes or delays are expensive.,OF-002,Decision and Foresight Infrastructure,Value Pattern VP-002 Decision Advantage -> Decision and Foresight Infrastructure,"Raise judgment quality and reduce irreversible mistakes by turning weak signals, tradeoffs, and scenario uncertainty into clearer pre-commitment choices.","VP-002 Decision Advantage, VP-008 Pre-Commitment Foresight",Broad initial wedge
C-0006,AI Customer Interview Platform,Discover,Find opportunities,Research,User researcher,4,Pattern Evidence,VP-006,Opportunity Surface Expansion,"Creates upside by expanding the set of credible opportunities a team can see, compare, or pursue.",OF-004,Discovery and Liquidity Networks,Value Pattern VP-006 Opportunity Surface Expansion -> Discovery and Liquidity Networks,Create upside by increasing what the user can see and lowering the search friction required to turn discovery into allocation.,"VP-005 Matching Liquidity, VP-006 Opportunity Surface Expansion",None
C-0007,AI Business Simulation Engine,Simulate,Test scenarios,Operations,Operations executive,4,Pattern Evidence,VP-008,Pre-Commitment Foresight,Creates value by reducing the cost of uncertainty before irreversible action is taken.,OF-002,Decision and Foresight Infrastructure,Value Pattern VP-008 Pre-Commitment Foresight -> Decision and Foresight Infrastructure,"Raise judgment quality and reduce irreversible mistakes by turning weak signals, tradeoffs, and scenario uncertainty into clearer pre-commitment choices.","VP-002 Decision Advantage, VP-008 Pre-Commitment Foresight",Broad initial wedge
C-0008,AI Consultant Platform,Coordinate,Coordinate work,Operations,Operations executive,3,Pattern Evidence,VP-001,Workflow Compression,"Converts fragmented workflows into shorter cycle times, fewer stalls, and lower execution overhead.",OF-001,Operational Execution Infrastructure,Value Pattern VP-001 Workflow Compression -> Operational Execution Infrastructure,"Convert fragmented execution and lost context into faster cycle times, lower coordination overhead, and more repeatable operating throughput.","VP-001 Workflow Compression, VP-003 Memory Infrastructure",Primitive ambiguity; Broad initial wedge
C-0009,AI Procurement Negotiator,Optimize,Improve decisions,Commercial,Procurement leader,4,Pattern Evidence,VP-002,Decision Advantage,Improves the quality of prioritization and intervention decisions where mistakes or delays are expensive.,OF-002,Decision and Foresight Infrastructure,Value Pattern VP-002 Decision Advantage -> Decision and Foresight Infrastructure,"Raise judgment quality and reduce irreversible mistakes by turning weak signals, tradeoffs, and scenario uncertainty into clearer pre-commitment choices.","VP-002 Decision Advantage, VP-008 Pre-Commitment Foresight",None
C-0010,AI Operating Manual Generator,Remember,Preserve context,Operations,Operations executive,4,Pattern Evidence,VP-003,Memory Infrastructure,"Transforms past operating knowledge into future leverage by lowering search, reconstruction, and onboarding costs.",OF-001,Operational Execution Infrastructure,Value Pattern VP-003 Memory Infrastructure -> Operational Execution Infrastructure,"Convert fragmented execution and lost context into faster cycle times, lower coordination overhead, and more repeatable operating throughput.","VP-001 Workflow Compression, VP-003 Memory Infrastructure",Broad initial wedge
C-0011,AI CEO Copilot,Optimize,Improve decisions,Operations,Operations executive,2,Intuition,VP-002,Decision Advantage,Improves the quality of prioritization and intervention decisions where mistakes or delays are expensive.,OF-002,Decision and Foresight Infrastructure,Value Pattern VP-002 Decision Advantage -> Decision and Foresight Infrastructure,"Raise judgment quality and reduce irreversible mistakes by turning weak signals, tradeoffs, and scenario uncertainty into clearer pre-commitment choices.","VP-002 Decision Advantage, VP-008 Pre-Commitment Foresight",Low concept confidence; Broad initial wedge; Why-now missing
C-0012,Digital Employee Marketplace,Match,Match resources,Talent,Recruiter,2,Intuition,VP-005,Matching Liquidity,"Creates value by lowering search friction and increasing utilization, fit, or fill-rate in a constrained network.",OF-004,Discovery and Liquidity Networks,Value Pattern VP-005 Matching Liquidity -> Discovery and Liquidity Networks,Create upside by increasing what the user can see and lowering the search friction required to turn discovery into allocation.,"VP-005 Matching Liquidity, VP-006 Opportunity Surface Expansion",Low concept confidence; Primitive ambiguity; Why-now missing
C-0013,AI Acquisition Scout,Optimize,Improve decisions,Venture,Founder,2,Intuition,VP-002,Decision Advantage,Improves the quality of prioritization and intervention decisions where mistakes or delays are expensive.,OF-002,Decision and Foresight Infrastructure,Value Pattern VP-002 Decision Advantage -> Decision and Foresight Infrastructure,"Raise judgment quality and reduce irreversible mistakes by turning weak signals, tradeoffs, and scenario uncertainty into clearer pre-commitment choices.","VP-002 Decision Advantage, VP-008 Pre-Commitment Foresight",Low concept confidence; Why-now missing
C-0014,AI Venture Partner,Coordinate,Coordinate work,Venture,Founder,2,Intuition,VP-001,Workflow Compression,"Converts fragmented workflows into shorter cycle times, fewer stalls, and lower execution overhead.",OF-001,Operational Execution Infrastructure,Value Pattern VP-001 Workflow Compression -> Operational Execution Infrastructure,"Convert fragmented execution and lost context into faster cycle times, lower coordination overhead, and more repeatable operating throughput.","VP-001 Workflow Compression, VP-003 Memory Infrastructure",Low concept confidence; Primitive ambiguity; Why-now missing
C-0015,AI Board Member,Optimize,Improve decisions,Operations,Operations executive,2,Intuition,VP-002,Decision Advantage,Improves the quality of prioritization and intervention decisions where mistakes or delays are expensive.,OF-002,Decision and Foresight Infrastructure,Value Pattern VP-002 Decision Advantage -> Decision and Foresight Infrastructure,"Raise judgment quality and reduce irreversible mistakes by turning weak signals, tradeoffs, and scenario uncertainty into clearer pre-commitment choices.","VP-002 Decision Advantage, VP-008 Pre-Commitment Foresight",Low concept confidence; Primitive ambiguity; Broad initial wedge; Why-now missing
C-0016,Enterprise Twin,Simulate,Test scenarios,Operations,Operations executive,2,Intuition,VP-008,Pre-Commitment Foresight,Creates value by reducing the cost of uncertainty before irreversible action is taken.,OF-002,Decision and Foresight Infrastructure,Value Pattern VP-008 Pre-Commitment Foresight -> Decision and Foresight Infrastructure,"Raise judgment quality and reduce irreversible mistakes by turning weak signals, tradeoffs, and scenario uncertainty into clearer pre-commitment choices.","VP-002 Decision Advantage, VP-008 Pre-Commitment Foresight",Low concept confidence; Broad initial wedge; Why-now missing
C-0017,AI Negotiation Platform,Optimize,Improve decisions,Commercial,Procurement leader,2,Intuition,VP-002,Decision Advantage,Improves the quality of prioritization and intervention decisions where mistakes or delays are expensive.,OF-002,Decision and Foresight Infrastructure,Value Pattern VP-002 Decision Advantage -> Decision and Foresight Infrastructure,"Raise judgment quality and reduce irreversible mistakes by turning weak signals, tradeoffs, and scenario uncertainty into clearer pre-commitment choices.","VP-002 Decision Advantage, VP-008 Pre-Commitment Foresight",Low concept confidence; Why-now missing
C-0018,Company Health Score,Verify,Verify quality,Operations,Operations executive,2,Intuition,VP-004,Trust Infrastructure,"Unlocks action by reducing the cost of validation, compliance, and quality assurance.",OF-003,Trust and Adaptive Governance,Value Pattern VP-004 Trust Infrastructure -> Trust and Adaptive Governance,"Lower the cost of action under uncertainty by combining verification, readiness, and continuous re-alignment instead of static governance.","VP-004 Trust Infrastructure, VP-009 Adaptive Control",Low concept confidence; Broad initial wedge; Why-now missing
C-0019,AI Strategy Simulator,Optimize,Improve decisions,Operations,Operations executive,2,Intuition,VP-002,Decision Advantage,Improves the quality of prioritization and intervention decisions where mistakes or delays are expensive.,OF-002,Decision and Foresight Infrastructure,Value Pattern VP-002 Decision Advantage -> Decision and Foresight Infrastructure,"Raise judgment quality and reduce irreversible mistakes by turning weak signals, tradeoffs, and scenario uncertainty into clearer pre-commitment choices.","VP-002 Decision Advantage, VP-008 Pre-Commitment Foresight",Low concept confidence; Broad initial wedge; Why-now missing
C-0020,Operating System for Businesses,Coordinate,Coordinate work,Operations,Operations executive,2,Intuition,VP-001,Workflow Compression,"Converts fragmented workflows into shorter cycle times, fewer stalls, and lower execution overhead.",OF-001,Operational Execution Infrastructure,Value Pattern VP-001 Workflow Compression -> Operational Execution Infrastructure,"Convert fragmented execution and lost context into faster cycle times, lower coordination overhead, and more repeatable operating throughput.","VP-001 Workflow Compression, VP-003 Memory Infrastructure",Low concept confidence; Broad initial wedge; Why-now missing
C-0021,Computer-Use Automation Studio,Coordinate,Coordinate work,Workflow,Operations manager,2,Intuition,VP-001,Workflow Compression,"Converts fragmented workflows into shorter cycle times, fewer stalls, and lower execution overhead.",OF-001,Operational Execution Infrastructure,Value Pattern VP-001 Workflow Compression -> Operational Execution Infrastructure,"Convert fragmented execution and lost context into faster cycle times, lower coordination overhead, and more repeatable operating throughput.","VP-001 Workflow Compression, VP-003 Memory Infrastructure",Low concept confidence; Primitive ambiguity; Why-now missing
C-0022,AI Reverse Engineer,Remember,Preserve context,Workflow,Operations manager,2,Intuition,VP-003,Memory Infrastructure,"Transforms past operating knowledge into future leverage by lowering search, reconstruction, and onboarding costs.",OF-001,Operational Execution Infrastructure,Value Pattern VP-003 Memory Infrastructure -> Operational Execution Infrastructure,"Convert fragmented execution and lost context into faster cycle times, lower coordination overhead, and more repeatable operating throughput.","VP-001 Workflow Compression, VP-003 Memory Infrastructure",Low concept confidence; Why-now missing
C-0023,Real-Time Meeting Coach,Optimize,Improve decisions,Commercial,Revenue operations leader,2,Intuition,VP-002,Decision Advantage,Improves the quality of prioritization and intervention decisions where mistakes or delays are expensive.,OF-002,Decision and Foresight Infrastructure,Value Pattern VP-002 Decision Advantage -> Decision and Foresight Infrastructure,"Raise judgment quality and reduce irreversible mistakes by turning weak signals, tradeoffs, and scenario uncertainty into clearer pre-commitment choices.","VP-002 Decision Advantage, VP-008 Pre-Commitment Foresight",Low concept confidence; Why-now missing
C-0024,Voice Operating System,Coordinate,Coordinate work,Operations,Operations executive,2,Intuition,VP-001,Workflow Compression,"Converts fragmented workflows into shorter cycle times, fewer stalls, and lower execution overhead.",OF-001,Operational Execution Infrastructure,Value Pattern VP-001 Workflow Compression -> Operational Execution Infrastructure,"Convert fragmented execution and lost context into faster cycle times, lower coordination overhead, and more repeatable operating throughput.","VP-001 Workflow Compression, VP-003 Memory Infrastructure",Low concept confidence; Primitive ambiguity; Broad initial wedge; Why-now missing
C-0025,Universal Enterprise Memory,Remember,Preserve context,Operations,Operations executive,2,Intuition,VP-003,Memory Infrastructure,"Transforms past operating knowledge into future leverage by lowering search, reconstruction, and onboarding costs.",OF-001,Operational Execution Infrastructure,Value Pattern VP-003 Memory Infrastructure -> Operational Execution Infrastructure,"Convert fragmented execution and lost context into faster cycle times, lower coordination overhead, and more repeatable operating throughput.","VP-001 Workflow Compression, VP-003 Memory Infrastructure",Low concept confidence; Broad initial wedge; Why-now missing
C-0026,AI Software Migrator,Coordinate,Coordinate work,Operations,Operations executive,2,Intuition,VP-001,Workflow Compression,"Converts fragmented workflows into shorter cycle times, fewer stalls, and lower execution overhead.",OF-001,Operational Execution Infrastructure,Value Pattern VP-001 Workflow Compression -> Operational Execution Infrastructure,"Convert fragmented execution and lost context into faster cycle times, lower coordination overhead, and more repeatable operating throughput.","VP-001 Workflow Compression, VP-003 Memory Infrastructure",Low concept confidence; Primitive ambiguity; Broad initial wedge; Why-now missing
C-0027,Autonomous QA Engineer,Coordinate,Coordinate work,Operations,Operations executive,2,Intuition,VP-001,Workflow Compression,"Converts fragmented workflows into shorter cycle times, fewer stalls, and lower execution overhead.",OF-001,Operational Execution Infrastructure,Value Pattern VP-001 Workflow Compression -> Operational Execution Infrastructure,"Convert fragmented execution and lost context into faster cycle times, lower coordination overhead, and more repeatable operating throughput.","VP-001 Workflow Compression, VP-003 Memory Infrastructure",Low concept confidence; Primitive ambiguity; Broad initial wedge; Why-now missing
C-0028,AI Requirements Generator,Optimize,Improve decisions,Product,Product manager,2,Intuition,VP-002,Decision Advantage,Improves the quality of prioritization and intervention decisions where mistakes or delays are expensive.,OF-002,Decision and Foresight Infrastructure,Value Pattern VP-002 Decision Advantage -> Decision and Foresight Infrastructure,"Raise judgment quality and reduce irreversible mistakes by turning weak signals, tradeoffs, and scenario uncertainty into clearer pre-commitment choices.","VP-002 Decision Advantage, VP-008 Pre-Commitment Foresight",Low concept confidence; Why-now missing
C-0029,Self-Improving Support Platform,Remember,Preserve context,Workflow,Operations manager,2,Intuition,VP-003,Memory Infrastructure,"Transforms past operating knowledge into future leverage by lowering search, reconstruction, and onboarding costs.",OF-001,Operational Execution Infrastructure,Value Pattern VP-003 Memory Infrastructure -> Operational Execution Infrastructure,"Convert fragmented execution and lost context into faster cycle times, lower coordination overhead, and more repeatable operating throughput.","VP-001 Workflow Compression, VP-003 Memory Infrastructure",Low concept confidence; Why-now missing
C-0030,AI Workflow Marketplace,Coordinate,Coordinate work,Workflow,Operations manager,2,Intuition,VP-001,Workflow Compression,"Converts fragmented workflows into shorter cycle times, fewer stalls, and lower execution overhead.",OF-001,Operational Execution Infrastructure,Value Pattern VP-001 Workflow Compression -> Operational Execution Infrastructure,"Convert fragmented execution and lost context into faster cycle times, lower coordination overhead, and more repeatable operating throughput.","VP-001 Workflow Compression, VP-003 Memory Infrastructure",Low concept confidence; Primitive ambiguity; Why-now missing
C-0031,No More Dashboards,Optimize,Improve decisions,Operations,Operations executive,2,Intuition,VP-002,Decision Advantage,Improves the quality of prioritization and intervention decisions where mistakes or delays are expensive.,OF-002,Decision and Foresight Infrastructure,Value Pattern VP-002 Decision Advantage -> Decision and Foresight Infrastructure,"Raise judgment quality and reduce irreversible mistakes by turning weak signals, tradeoffs, and scenario uncertainty into clearer pre-commitment choices.","VP-002 Decision Advantage, VP-008 Pre-Commitment Foresight",Low concept confidence; Broad initial wedge; Why-now missing
C-0032,No More Documentation,Remember,Preserve context,Operations,Operations executive,2,Intuition,VP-003,Memory Infrastructure,"Transforms past operating knowledge into future leverage by lowering search, reconstruction, and onboarding costs.",OF-001,Operational Execution Infrastructure,Value Pattern VP-003 Memory Infrastructure -> Operational Execution Infrastructure,"Convert fragmented execution and lost context into faster cycle times, lower coordination overhead, and more repeatable operating throughput.","VP-001 Workflow Compression, VP-003 Memory Infrastructure",Low concept confidence; Broad initial wedge; Why-now missing
C-0033,No More Project Status Meetings,Verify,Verify quality,Healthcare,Care coordinator,2,Intuition,VP-004,Trust Infrastructure,"Unlocks action by reducing the cost of validation, compliance, and quality assurance.",OF-003,Trust and Adaptive Governance,Value Pattern VP-004 Trust Infrastructure -> Trust and Adaptive Governance,"Lower the cost of action under uncertainty by combining verification, readiness, and continuous re-alignment instead of static governance.","VP-004 Trust Infrastructure, VP-009 Adaptive Control",Low concept confidence; Primitive ambiguity; Why-now missing
C-0034,No More Business Analysts,Coordinate,Coordinate work,Operations,Operations executive,2,Intuition,VP-001,Workflow Compression,"Converts fragmented workflows into shorter cycle times, fewer stalls, and lower execution overhead.",OF-001,Operational Execution Infrastructure,Value Pattern VP-001 Workflow Compression -> Operational Execution Infrastructure,"Convert fragmented execution and lost context into faster cycle times, lower coordination overhead, and more repeatable operating throughput.","VP-001 Workflow Compression, VP-003 Memory Infrastructure",Low concept confidence; Primitive ambiguity; Broad initial wedge; Why-now missing
C-0035,No More RFP Responses,Remember,Preserve context,Operations,Operations executive,2,Intuition,VP-003,Memory Infrastructure,"Transforms past operating knowledge into future leverage by lowering search, reconstruction, and onboarding costs.",OF-001,Operational Execution Infrastructure,Value Pattern VP-003 Memory Infrastructure -> Operational Execution Infrastructure,"Convert fragmented execution and lost context into faster cycle times, lower coordination overhead, and more repeatable operating throughput.","VP-001 Workflow Compression, VP-003 Memory Infrastructure",Low concept confidence; Broad initial wedge; Why-now missing
C-0036,No More Compliance Evidence Collection,Verify,Verify quality,Legal,Legal operations leader,2,Intuition,VP-004,Trust Infrastructure,"Unlocks action by reducing the cost of validation, compliance, and quality assurance.",OF-003,Trust and Adaptive Governance,Value Pattern VP-004 Trust Infrastructure -> Trust and Adaptive Governance,"Lower the cost of action under uncertainty by combining verification, readiness, and continuous re-alignment instead of static governance.","VP-004 Trust Infrastructure, VP-009 Adaptive Control",Low concept confidence; Primitive ambiguity; Why-now missing
C-0037,No More Employee Onboarding Manuals,Learn,Accelerate learning,Talent,Learning and development leader,2,Intuition,VP-007,Compounding Loops,Creates durable value through repeated-use reinforcement rather than one-time task completion.,OF-005,Capability Capital Platforms,Value Pattern VP-007 Compounding Loops -> Capability Capital Platforms,"Build durable leverage by ensuring each cycle leaves behind skills, assets, or operating capital that makes the next cycle stronger.","VP-007 Compounding Loops, VP-010 Assetization Engines",Low concept confidence; Why-now missing
C-0038,No More BI Reports,Coordinate,Coordinate work,Operations,Operations executive,2,Intuition,VP-001,Workflow Compression,"Converts fragmented workflows into shorter cycle times, fewer stalls, and lower execution overhead.",OF-001,Operational Execution Infrastructure,Value Pattern VP-001 Workflow Compression -> Operational Execution Infrastructure,"Convert fragmented execution and lost context into faster cycle times, lower coordination overhead, and more repeatable operating throughput.","VP-001 Workflow Compression, VP-003 Memory Infrastructure",Low concept confidence; Primitive ambiguity; Broad initial wedge; Why-now missing
C-0039,No More User Research Synthesis,Discover,Find opportunities,Research,User researcher,2,Intuition,VP-006,Opportunity Surface Expansion,"Creates upside by expanding the set of credible opportunities a team can see, compare, or pursue.",OF-004,Discovery and Liquidity Networks,Value Pattern VP-006 Opportunity Surface Expansion -> Discovery and Liquidity Networks,Create upside by increasing what the user can see and lowering the search friction required to turn discovery into allocation.,"VP-005 Matching Liquidity, VP-006 Opportunity Surface Expansion",Low concept confidence; Why-now missing
C-0040,No More Internal Search,Remember,Preserve context,Operations,Operations executive,2,Intuition,VP-003,Memory Infrastructure,"Transforms past operating knowledge into future leverage by lowering search, reconstruction, and onboarding costs.",OF-001,Operational Execution Infrastructure,Value Pattern VP-003 Memory Infrastructure -> Operational Execution Infrastructure,"Convert fragmented execution and lost context into faster cycle times, lower coordination overhead, and more repeatable operating throughput.","VP-001 Workflow Compression, VP-003 Memory Infrastructure",Low concept confidence; Broad initial wedge; Why-now missing
C-0041,AI Care Navigator,Coordinate,Coordinate work,Operations,Operations executive,2,Intuition,VP-001,Workflow Compression,"Converts fragmented workflows into shorter cycle times, fewer stalls, and lower execution overhead.",OF-001,Operational Execution Infrastructure,Value Pattern VP-001 Workflow Compression -> Operational Execution Infrastructure,"Convert fragmented execution and lost context into faster cycle times, lower coordination overhead, and more repeatable operating throughput.","VP-001 Workflow Compression, VP-003 Memory Infrastructure",Low concept confidence; Why-now missing
C-0042,AI Clinical Trial Matchmaker,Match,Match resources,Operations,Operations executive,2,Intuition,VP-005,Matching Liquidity,"Creates value by lowering search friction and increasing utilization, fit, or fill-rate in a constrained network.",OF-004,Discovery and Liquidity Networks,Value Pattern VP-005 Matching Liquidity -> Discovery and Liquidity Networks,Create upside by increasing what the user can see and lowering the search friction required to turn discovery into allocation.,"VP-005 Matching Liquidity, VP-006 Opportunity Surface Expansion",Low concept confidence; Broad initial wedge; Why-now missing
C-0043,AI Physical Therapy Coach,Learn,Accelerate execution,Household,Parent,2,Intuition,VP-007,Compounding Loops,Creates durable value through repeated-use reinforcement rather than one-time task completion.,OF-005,Capability Capital Platforms,Value Pattern VP-007 Compounding Loops -> Capability Capital Platforms,"Build durable leverage by ensuring each cycle leaves behind skills, assets, or operating capital that makes the next cycle stronger.","VP-007 Compounding Loops, VP-010 Assetization Engines",Low concept confidence; Why-now missing
C-0044,AI Hospital Operations Twin,Simulate,Test scenarios,Healthcare,Patient,2,Intuition,VP-008,Pre-Commitment Foresight,Creates value by reducing the cost of uncertainty before irreversible action is taken.,OF-002,Decision and Foresight Infrastructure,Value Pattern VP-008 Pre-Commitment Foresight -> Decision and Foresight Infrastructure,"Raise judgment quality and reduce irreversible mistakes by turning weak signals, tradeoffs, and scenario uncertainty into clearer pre-commitment choices.","VP-002 Decision Advantage, VP-008 Pre-Commitment Foresight",Low concept confidence; Why-now missing
C-0045,AI Medical Scribe 2.0,Optimize,Improve execution,Healthcare,Care coordinator,2,Intuition,VP-002,Decision Advantage,Improves the quality of prioritization and intervention decisions where mistakes or delays are expensive.,OF-002,Decision and Foresight Infrastructure,Value Pattern VP-002 Decision Advantage -> Decision and Foresight Infrastructure,"Raise judgment quality and reduce irreversible mistakes by turning weak signals, tradeoffs, and scenario uncertainty into clearer pre-commitment choices.","VP-002 Decision Advantage, VP-008 Pre-Commitment Foresight",Low concept confidence; Why-now missing
C-0046,AI Family Health Manager,Verify,Verify quality,Household,Parent,2,Intuition,VP-004,Trust Infrastructure,"Unlocks action by reducing the cost of validation, compliance, and quality assurance.",OF-003,Trust and Adaptive Governance,Value Pattern VP-004 Trust Infrastructure -> Trust and Adaptive Governance,"Lower the cost of action under uncertainty by combining verification, readiness, and continuous re-alignment instead of static governance.","VP-004 Trust Infrastructure, VP-009 Adaptive Control",Low concept confidence; Primitive ambiguity; Why-now missing
C-0047,AI Insurance Appeal Generator,Coordinate,Coordinate work,Operations,Operations executive,2,Intuition,VP-001,Workflow Compression,"Converts fragmented workflows into shorter cycle times, fewer stalls, and lower execution overhead.",OF-001,Operational Execution Infrastructure,Value Pattern VP-001 Workflow Compression -> Operational Execution Infrastructure,"Convert fragmented execution and lost context into faster cycle times, lower coordination overhead, and more repeatable operating throughput.","VP-001 Workflow Compression, VP-003 Memory Infrastructure",Low concept confidence; Primitive ambiguity; Broad initial wedge; Why-now missing
C-0048,AI Elder Companion,Learn,Accelerate execution,Healthcare,Care coordinator,2,Intuition,VP-007,Compounding Loops,Creates durable value through repeated-use reinforcement rather than one-time task completion.,OF-005,Capability Capital Platforms,Value Pattern VP-007 Compounding Loops -> Capability Capital Platforms,"Build durable leverage by ensuring each cycle leaves behind skills, assets, or operating capital that makes the next cycle stronger.","VP-007 Compounding Loops, VP-010 Assetization Engines",Low concept confidence; Primitive ambiguity; Why-now missing
C-0049,AI Nutrition Scientist,Remember,Preserve context,Healthcare,Care coordinator,2,Intuition,VP-003,Memory Infrastructure,"Transforms past operating knowledge into future leverage by lowering search, reconstruction, and onboarding costs.",OF-001,Operational Execution Infrastructure,Value Pattern VP-003 Memory Infrastructure -> Operational Execution Infrastructure,"Convert fragmented execution and lost context into faster cycle times, lower coordination overhead, and more repeatable operating throughput.","VP-001 Workflow Compression, VP-003 Memory Infrastructure",Low concept confidence; Why-now missing
C-0050,AI Healthcare Workflow Miner,Coordinate,Coordinate work,Workflow,Operations manager,2,Intuition,VP-001,Workflow Compression,"Converts fragmented workflows into shorter cycle times, fewer stalls, and lower execution overhead.",OF-001,Operational Execution Infrastructure,Value Pattern VP-001 Workflow Compression -> Operational Execution Infrastructure,"Convert fragmented execution and lost context into faster cycle times, lower coordination overhead, and more repeatable operating throughput.","VP-001 Workflow Compression, VP-003 Memory Infrastructure",Low concept confidence; Primitive ambiguity; Why-now missing
C-0051,AI Site Manager,Predict,Predict outcomes,Physical Operations,Quality manager,2,Intuition,VP-008,Pre-Commitment Foresight,Creates value by reducing the cost of uncertainty before irreversible action is taken.,OF-002,Decision and Foresight Infrastructure,Value Pattern VP-008 Pre-Commitment Foresight -> Decision and Foresight Infrastructure,"Raise judgment quality and reduce irreversible mistakes by turning weak signals, tradeoffs, and scenario uncertainty into clearer pre-commitment choices.","VP-002 Decision Advantage, VP-008 Pre-Commitment Foresight",Low concept confidence; Why-now missing
C-0052,AI Permit Assistant,Coordinate,Coordinate work,Operations,Operations executive,2,Intuition,VP-001,Workflow Compression,"Converts fragmented workflows into shorter cycle times, fewer stalls, and lower execution overhead.",OF-001,Operational Execution Infrastructure,Value Pattern VP-001 Workflow Compression -> Operational Execution Infrastructure,"Convert fragmented execution and lost context into faster cycle times, lower coordination overhead, and more repeatable operating throughput.","VP-001 Workflow Compression, VP-003 Memory Infrastructure",Low concept confidence; Primitive ambiguity; Broad initial wedge; Why-now missing
C-0053,AI Factory Optimization,Coordinate,Coordinate work,Physical Operations,Plant manager,2,Intuition,VP-001,Workflow Compression,"Converts fragmented workflows into shorter cycle times, fewer stalls, and lower execution overhead.",OF-001,Operational Execution Infrastructure,Value Pattern VP-001 Workflow Compression -> Operational Execution Infrastructure,"Convert fragmented execution and lost context into faster cycle times, lower coordination overhead, and more repeatable operating throughput.","VP-001 Workflow Compression, VP-003 Memory Infrastructure",Low concept confidence; Primitive ambiguity; Why-now missing
C-0054,AI Safety Inspector,Coordinate,Coordinate work,Operations,Operations executive,2,Intuition,VP-001,Workflow Compression,"Converts fragmented workflows into shorter cycle times, fewer stalls, and lower execution overhead.",OF-001,Operational Execution Infrastructure,Value Pattern VP-001 Workflow Compression -> Operational Execution Infrastructure,"Convert fragmented execution and lost context into faster cycle times, lower coordination overhead, and more repeatable operating throughput.","VP-001 Workflow Compression, VP-003 Memory Infrastructure",Low concept confidence; Primitive ambiguity; Broad initial wedge; Why-now missing
C-0055,AI Equipment Technician,Verify,Verify quality,Operations,Operations executive,2,Intuition,VP-004,Trust Infrastructure,"Unlocks action by reducing the cost of validation, compliance, and quality assurance.",OF-003,Trust and Adaptive Governance,Value Pattern VP-004 Trust Infrastructure -> Trust and Adaptive Governance,"Lower the cost of action under uncertainty by combining verification, readiness, and continuous re-alignment instead of static governance.","VP-004 Trust Infrastructure, VP-009 Adaptive Control",Low concept confidence; Primitive ambiguity; Broad initial wedge; Why-now missing
C-0056,AI Construction Estimator,Coordinate,Coordinate work,Operations,Operations executive,2,Intuition,VP-001,Workflow Compression,"Converts fragmented workflows into shorter cycle times, fewer stalls, and lower execution overhead.",OF-001,Operational Execution Infrastructure,Value Pattern VP-001 Workflow Compression -> Operational Execution Infrastructure,"Convert fragmented execution and lost context into faster cycle times, lower coordination overhead, and more repeatable operating throughput.","VP-001 Workflow Compression, VP-003 Memory Infrastructure",Low concept confidence; Primitive ambiguity; Broad initial wedge; Why-now missing
C-0057,AI Supply Chain Risk Engine,Predict,Predict outcomes,Physical Operations,Supply chain manager,2,Intuition,VP-008,Pre-Commitment Foresight,Creates value by reducing the cost of uncertainty before irreversible action is taken.,OF-002,Decision and Foresight Infrastructure,Value Pattern VP-008 Pre-Commitment Foresight -> Decision and Foresight Infrastructure,"Raise judgment quality and reduce irreversible mistakes by turning weak signals, tradeoffs, and scenario uncertainty into clearer pre-commitment choices.","VP-002 Decision Advantage, VP-008 Pre-Commitment Foresight",Low concept confidence; Why-now missing
C-0058,AI Building Maintenance Twin,Predict,Predict outcomes,Operations,Operations executive,2,Intuition,VP-008,Pre-Commitment Foresight,Creates value by reducing the cost of uncertainty before irreversible action is taken.,OF-002,Decision and Foresight Infrastructure,Value Pattern VP-008 Pre-Commitment Foresight -> Decision and Foresight Infrastructure,"Raise judgment quality and reduce irreversible mistakes by turning weak signals, tradeoffs, and scenario uncertainty into clearer pre-commitment choices.","VP-002 Decision Advantage, VP-008 Pre-Commitment Foresight",Low concept confidence; Broad initial wedge; Why-now missing
C-0059,AI Workforce Scheduler,Coordinate,Coordinate work,Operations,Operations executive,2,Intuition,VP-001,Workflow Compression,"Converts fragmented workflows into shorter cycle times, fewer stalls, and lower execution overhead.",OF-001,Operational Execution Infrastructure,Value Pattern VP-001 Workflow Compression -> Operational Execution Infrastructure,"Convert fragmented execution and lost context into faster cycle times, lower coordination overhead, and more repeatable operating throughput.","VP-001 Workflow Compression, VP-003 Memory Infrastructure",Low concept confidence; Primitive ambiguity; Broad initial wedge; Why-now missing
C-0060,AI Quality Inspector,Verify,Verify quality,Physical Operations,Quality manager,2,Intuition,VP-004,Trust Infrastructure,"Unlocks action by reducing the cost of validation, compliance, and quality assurance.",OF-003,Trust and Adaptive Governance,Value Pattern VP-004 Trust Infrastructure -> Trust and Adaptive Governance,"Lower the cost of action under uncertainty by combining verification, readiness, and continuous re-alignment instead of static governance.","VP-004 Trust Infrastructure, VP-009 Adaptive Control",Low concept confidence; Primitive ambiguity; Why-now missing
C-0061,AI Family Chief of Staff,Coordinate,Coordinate work,Household,Parent,2,Intuition,VP-001,Workflow Compression,"Converts fragmented workflows into shorter cycle times, fewer stalls, and lower execution overhead.",OF-001,Operational Execution Infrastructure,Value Pattern VP-001 Workflow Compression -> Operational Execution Infrastructure,"Convert fragmented execution and lost context into faster cycle times, lower coordination overhead, and more repeatable operating throughput.","VP-001 Workflow Compression, VP-003 Memory Infrastructure",Low concept confidence; Primitive ambiguity; Why-now missing
C-0062,AI Financial Life Planner,Optimize,Improve decisions,Operations,Operations executive,2,Intuition,VP-002,Decision Advantage,Improves the quality of prioritization and intervention decisions where mistakes or delays are expensive.,OF-002,Decision and Foresight Infrastructure,Value Pattern VP-002 Decision Advantage -> Decision and Foresight Infrastructure,"Raise judgment quality and reduce irreversible mistakes by turning weak signals, tradeoffs, and scenario uncertainty into clearer pre-commitment choices.","VP-002 Decision Advantage, VP-008 Pre-Commitment Foresight",Low concept confidence; Primitive ambiguity; Broad initial wedge; Why-now missing
C-0063,AI Home Operating System,Coordinate,Coordinate work,Household,Parent,2,Intuition,VP-001,Workflow Compression,"Converts fragmented workflows into shorter cycle times, fewer stalls, and lower execution overhead.",OF-001,Operational Execution Infrastructure,Value Pattern VP-001 Workflow Compression -> Operational Execution Infrastructure,"Convert fragmented execution and lost context into faster cycle times, lower coordination overhead, and more repeatable operating throughput.","VP-001 Workflow Compression, VP-003 Memory Infrastructure",Low concept confidence; Why-now missing
C-0064,AI Learning Companion,Learn,Accelerate learning,Education,Educator,2,Intuition,VP-007,Compounding Loops,Creates durable value through repeated-use reinforcement rather than one-time task completion.,OF-005,Capability Capital Platforms,Value Pattern VP-007 Compounding Loops -> Capability Capital Platforms,"Build durable leverage by ensuring each cycle leaves behind skills, assets, or operating capital that makes the next cycle stronger.","VP-007 Compounding Loops, VP-010 Assetization Engines",Low concept confidence; Why-now missing
C-0065,AI Life Timeline,Remember,Preserve context,Personal Development,Individual professional,2,Intuition,VP-003,Memory Infrastructure,"Transforms past operating knowledge into future leverage by lowering search, reconstruction, and onboarding costs.",OF-001,Operational Execution Infrastructure,Value Pattern VP-003 Memory Infrastructure -> Operational Execution Infrastructure,"Convert fragmented execution and lost context into faster cycle times, lower coordination overhead, and more repeatable operating throughput.","VP-001 Workflow Compression, VP-003 Memory Infrastructure",Low concept confidence; Broad initial wedge; Why-now missing
C-0066,AI Career Agent,Match,Match resources,Operations,Operations executive,2,Intuition,VP-005,Matching Liquidity,"Creates value by lowering search friction and increasing utilization, fit, or fill-rate in a constrained network.",OF-004,Discovery and Liquidity Networks,Value Pattern VP-005 Matching Liquidity -> Discovery and Liquidity Networks,Create upside by increasing what the user can see and lowering the search friction required to turn discovery into allocation.,"VP-005 Matching Liquidity, VP-006 Opportunity Surface Expansion",Low concept confidence; Primitive ambiguity; Broad initial wedge; Why-now missing
C-0067,AI Travel Designer,Coordinate,Coordinate work,Household,Parent,2,Intuition,VP-001,Workflow Compression,"Converts fragmented workflows into shorter cycle times, fewer stalls, and lower execution overhead.",OF-001,Operational Execution Infrastructure,Value Pattern VP-001 Workflow Compression -> Operational Execution Infrastructure,"Convert fragmented execution and lost context into faster cycle times, lower coordination overhead, and more repeatable operating throughput.","VP-001 Workflow Compression, VP-003 Memory Infrastructure",Low concept confidence; Primitive ambiguity; Why-now missing
C-0068,AI Parenting Coach,Learn,Accelerate execution,Operations,Operations executive,2,Intuition,VP-007,Compounding Loops,Creates durable value through repeated-use reinforcement rather than one-time task completion.,OF-005,Capability Capital Platforms,Value Pattern VP-007 Compounding Loops -> Capability Capital Platforms,"Build durable leverage by ensuring each cycle leaves behind skills, assets, or operating capital that makes the next cycle stronger.","VP-007 Compounding Loops, VP-010 Assetization Engines",Low concept confidence; Why-now missing
C-0069,AI Personal Board of Directors,Optimize,Improve decisions,Operations,Operations executive,2,Intuition,VP-002,Decision Advantage,Improves the quality of prioritization and intervention decisions where mistakes or delays are expensive.,OF-002,Decision and Foresight Infrastructure,Value Pattern VP-002 Decision Advantage -> Decision and Foresight Infrastructure,"Raise judgment quality and reduce irreversible mistakes by turning weak signals, tradeoffs, and scenario uncertainty into clearer pre-commitment choices.","VP-002 Decision Advantage, VP-008 Pre-Commitment Foresight",Low concept confidence; Broad initial wedge; Why-now missing
C-0070,AI Wealth Concierge,Coordinate,Coordinate work,Finance,Finance manager,2,Intuition,VP-001,Workflow Compression,"Converts fragmented workflows into shorter cycle times, fewer stalls, and lower execution overhead.",OF-001,Operational Execution Infrastructure,Value Pattern VP-001 Workflow Compression -> Operational Execution Infrastructure,"Convert fragmented execution and lost context into faster cycle times, lower coordination overhead, and more repeatable operating throughput.","VP-001 Workflow Compression, VP-003 Memory Infrastructure",Low concept confidence; Why-now missing
C-0071,AI CFO for SMBs,Optimize,Improve decisions,Operations,Operations executive,2,Intuition,VP-002,Decision Advantage,Improves the quality of prioritization and intervention decisions where mistakes or delays are expensive.,OF-002,Decision and Foresight Infrastructure,Value Pattern VP-002 Decision Advantage -> Decision and Foresight Infrastructure,"Raise judgment quality and reduce irreversible mistakes by turning weak signals, tradeoffs, and scenario uncertainty into clearer pre-commitment choices.","VP-002 Decision Advantage, VP-008 Pre-Commitment Foresight",Low concept confidence; Broad initial wedge; Why-now missing
C-0072,AI FP&A Analyst,Optimize,Improve decisions,Operations,Operations executive,2,Intuition,VP-002,Decision Advantage,Improves the quality of prioritization and intervention decisions where mistakes or delays are expensive.,OF-002,Decision and Foresight Infrastructure,Value Pattern VP-002 Decision Advantage -> Decision and Foresight Infrastructure,"Raise judgment quality and reduce irreversible mistakes by turning weak signals, tradeoffs, and scenario uncertainty into clearer pre-commitment choices.","VP-002 Decision Advantage, VP-008 Pre-Commitment Foresight",Low concept confidence; Primitive ambiguity; Broad initial wedge; Why-now missing
C-0073,AI Treasury Manager,Coordinate,Coordinate work,Operations,Operations executive,2,Intuition,VP-001,Workflow Compression,"Converts fragmented workflows into shorter cycle times, fewer stalls, and lower execution overhead.",OF-001,Operational Execution Infrastructure,Value Pattern VP-001 Workflow Compression -> Operational Execution Infrastructure,"Convert fragmented execution and lost context into faster cycle times, lower coordination overhead, and more repeatable operating throughput.","VP-001 Workflow Compression, VP-003 Memory Infrastructure",Low concept confidence; Primitive ambiguity; Broad initial wedge; Why-now missing
C-0074,AI Tax Architect,Optimize,Improve decisions,Finance,Finance manager,2,Intuition,VP-002,Decision Advantage,Improves the quality of prioritization and intervention decisions where mistakes or delays are expensive.,OF-002,Decision and Foresight Infrastructure,Value Pattern VP-002 Decision Advantage -> Decision and Foresight Infrastructure,"Raise judgment quality and reduce irreversible mistakes by turning weak signals, tradeoffs, and scenario uncertainty into clearer pre-commitment choices.","VP-002 Decision Advantage, VP-008 Pre-Commitment Foresight",Low concept confidence; Why-now missing
C-0075,AI M&A Due Diligence,Coordinate,Coordinate work,Operations,Operations executive,2,Intuition,VP-001,Workflow Compression,"Converts fragmented workflows into shorter cycle times, fewer stalls, and lower execution overhead.",OF-001,Operational Execution Infrastructure,Value Pattern VP-001 Workflow Compression -> Operational Execution Infrastructure,"Convert fragmented execution and lost context into faster cycle times, lower coordination overhead, and more repeatable operating throughput.","VP-001 Workflow Compression, VP-003 Memory Infrastructure",Low concept confidence; Primitive ambiguity; Broad initial wedge; Why-now missing
C-0076,AI Procurement Optimizer,Optimize,Improve decisions,Operations,Operations executive,2,Intuition,VP-002,Decision Advantage,Improves the quality of prioritization and intervention decisions where mistakes or delays are expensive.,OF-002,Decision and Foresight Infrastructure,Value Pattern VP-002 Decision Advantage -> Decision and Foresight Infrastructure,"Raise judgment quality and reduce irreversible mistakes by turning weak signals, tradeoffs, and scenario uncertainty into clearer pre-commitment choices.","VP-002 Decision Advantage, VP-008 Pre-Commitment Foresight",Low concept confidence; Broad initial wedge; Why-now missing
C-0077,AI Invoice Auditor,Optimize,Improve decisions,Operations,Operations executive,2,Intuition,VP-002,Decision Advantage,Improves the quality of prioritization and intervention decisions where mistakes or delays are expensive.,OF-002,Decision and Foresight Infrastructure,Value Pattern VP-002 Decision Advantage -> Decision and Foresight Infrastructure,"Raise judgment quality and reduce irreversible mistakes by turning weak signals, tradeoffs, and scenario uncertainty into clearer pre-commitment choices.","VP-002 Decision Advantage, VP-008 Pre-Commitment Foresight",Low concept confidence; Primitive ambiguity; Broad initial wedge; Why-now missing
C-0078,AI Private Equity Associate,Coordinate,Coordinate work,Venture,Investor,2,Intuition,VP-001,Workflow Compression,"Converts fragmented workflows into shorter cycle times, fewer stalls, and lower execution overhead.",OF-001,Operational Execution Infrastructure,Value Pattern VP-001 Workflow Compression -> Operational Execution Infrastructure,"Convert fragmented execution and lost context into faster cycle times, lower coordination overhead, and more repeatable operating throughput.","VP-001 Workflow Compression, VP-003 Memory Infrastructure",Low concept confidence; Primitive ambiguity; Why-now missing
C-0079,AI Startup Valuation Engine,Coordinate,Coordinate work,Venture,Investor,2,Intuition,VP-001,Workflow Compression,"Converts fragmented workflows into shorter cycle times, fewer stalls, and lower execution overhead.",OF-001,Operational Execution Infrastructure,Value Pattern VP-001 Workflow Compression -> Operational Execution Infrastructure,"Convert fragmented execution and lost context into faster cycle times, lower coordination overhead, and more repeatable operating throughput.","VP-001 Workflow Compression, VP-003 Memory Infrastructure",Low concept confidence; Primitive ambiguity; Why-now missing
C-0080,AI Financial Compliance Monitor,Coordinate,Coordinate work,Operations,Operations executive,2,Intuition,VP-001,Workflow Compression,"Converts fragmented workflows into shorter cycle times, fewer stalls, and lower execution overhead.",OF-001,Operational Execution Infrastructure,Value Pattern VP-001 Workflow Compression -> Operational Execution Infrastructure,"Convert fragmented execution and lost context into faster cycle times, lower coordination overhead, and more repeatable operating throughput.","VP-001 Workflow Compression, VP-003 Memory Infrastructure",Low concept confidence; Primitive ambiguity; Broad initial wedge; Why-now missing
C-0081,AI Organizational DNA,Remember,Preserve context,Operations,Operations executive,4,Pattern Evidence,VP-003,Memory Infrastructure,"Transforms past operating knowledge into future leverage by lowering search, reconstruction, and onboarding costs.",OF-001,Operational Execution Infrastructure,Value Pattern VP-003 Memory Infrastructure -> Operational Execution Infrastructure,"Convert fragmented execution and lost context into faster cycle times, lower coordination overhead, and more repeatable operating throughput.","VP-001 Workflow Compression, VP-003 Memory Infrastructure",Broad initial wedge
C-0082,AI Reality Layer,Coordinate,Coordinate work,Physical Operations,Plant manager,3,Pattern Evidence,VP-001,Workflow Compression,"Converts fragmented workflows into shorter cycle times, fewer stalls, and lower execution overhead.",OF-001,Operational Execution Infrastructure,Value Pattern VP-001 Workflow Compression -> Operational Execution Infrastructure,"Convert fragmented execution and lost context into faster cycle times, lower coordination overhead, and more repeatable operating throughput.","VP-001 Workflow Compression, VP-003 Memory Infrastructure",Primitive ambiguity
C-0083,AI Workforce Graph,Remember,Preserve context,Operations,Operations executive,3,Pattern Evidence,VP-003,Memory Infrastructure,"Transforms past operating knowledge into future leverage by lowering search, reconstruction, and onboarding costs.",OF-001,Operational Execution Infrastructure,Value Pattern VP-003 Memory Infrastructure -> Operational Execution Infrastructure,"Convert fragmented execution and lost context into faster cycle times, lower coordination overhead, and more repeatable operating throughput.","VP-001 Workflow Compression, VP-003 Memory Infrastructure",Primitive ambiguity; Broad initial wedge
C-0084,AI Decision Graph,Optimize,Improve decisions,Operations,Operations executive,4,Pattern Evidence,VP-002,Decision Advantage,Improves the quality of prioritization and intervention decisions where mistakes or delays are expensive.,OF-002,Decision and Foresight Infrastructure,Value Pattern VP-002 Decision Advantage -> Decision and Foresight Infrastructure,"Raise judgment quality and reduce irreversible mistakes by turning weak signals, tradeoffs, and scenario uncertainty into clearer pre-commitment choices.","VP-002 Decision Advantage, VP-008 Pre-Commitment Foresight",Broad initial wedge
C-0085,AI Trust Engine,Verify,Verify quality,Personal Development,Individual professional,4,Pattern Evidence,VP-004,Trust Infrastructure,"Unlocks action by reducing the cost of validation, compliance, and quality assurance.",OF-003,Trust and Adaptive Governance,Value Pattern VP-004 Trust Infrastructure -> Trust and Adaptive Governance,"Lower the cost of action under uncertainty by combining verification, readiness, and continuous re-alignment instead of static governance.","VP-004 Trust Infrastructure, VP-009 Adaptive Control",Broad initial wedge
C-0086,Enterprise Knowledge Compiler,Remember,Preserve context,Operations,Operations executive,4,Pattern Evidence,VP-003,Memory Infrastructure,"Transforms past operating knowledge into future leverage by lowering search, reconstruction, and onboarding costs.",OF-001,Operational Execution Infrastructure,Value Pattern VP-003 Memory Infrastructure -> Operational Execution Infrastructure,"Convert fragmented execution and lost context into faster cycle times, lower coordination overhead, and more repeatable operating throughput.","VP-001 Workflow Compression, VP-003 Memory Infrastructure",Broad initial wedge
C-0087,AI Business Operating Layer,Coordinate,Coordinate work,Operations,Operations executive,3,Pattern Evidence,VP-001,Workflow Compression,"Converts fragmented workflows into shorter cycle times, fewer stalls, and lower execution overhead.",OF-001,Operational Execution Infrastructure,Value Pattern VP-001 Workflow Compression -> Operational Execution Infrastructure,"Convert fragmented execution and lost context into faster cycle times, lower coordination overhead, and more repeatable operating throughput.","VP-001 Workflow Compression, VP-003 Memory Infrastructure",Primitive ambiguity; Broad initial wedge
C-0088,AI Learning Graph,Learn,Accelerate learning,Talent,Learning and development leader,4,Pattern Evidence,VP-007,Compounding Loops,Creates durable value through repeated-use reinforcement rather than one-time task completion.,OF-005,Capability Capital Platforms,Value Pattern VP-007 Compounding Loops -> Capability Capital Platforms,"Build durable leverage by ensuring each cycle leaves behind skills, assets, or operating capital that makes the next cycle stronger.","VP-007 Compounding Loops, VP-010 Assetization Engines",None
C-0089,AI Collaboration Twin,Simulate,Test scenarios,Operations,Operations executive,4,Pattern Evidence,VP-008,Pre-Commitment Foresight,Creates value by reducing the cost of uncertainty before irreversible action is taken.,OF-002,Decision and Foresight Infrastructure,Value Pattern VP-008 Pre-Commitment Foresight -> Decision and Foresight Infrastructure,"Raise judgment quality and reduce irreversible mistakes by turning weak signals, tradeoffs, and scenario uncertainty into clearer pre-commitment choices.","VP-002 Decision Advantage, VP-008 Pre-Commitment Foresight",Broad initial wedge
C-0090,Autonomous Process Discovery,Discover,Find opportunities,Workflow,Operations manager,4,Pattern Evidence,VP-006,Opportunity Surface Expansion,"Creates upside by expanding the set of credible opportunities a team can see, compare, or pursue.",OF-004,Discovery and Liquidity Networks,Value Pattern VP-006 Opportunity Surface Expansion -> Discovery and Liquidity Networks,Create upside by increasing what the user can see and lowering the search friction required to turn discovery into allocation.,"VP-005 Matching Liquidity, VP-006 Opportunity Surface Expansion",None
C-0091,AI Workforce Insurance,Coordinate,Coordinate work,Operations,Operations executive,2,Pattern Evidence,VP-001,Workflow Compression,"Converts fragmented workflows into shorter cycle times, fewer stalls, and lower execution overhead.",OF-001,Operational Execution Infrastructure,Value Pattern VP-001 Workflow Compression -> Operational Execution Infrastructure,"Convert fragmented execution and lost context into faster cycle times, lower coordination overhead, and more repeatable operating throughput.","VP-001 Workflow Compression, VP-003 Memory Infrastructure",Low concept confidence; Primitive ambiguity; Broad initial wedge
C-0092,AI Reputation Graph,Verify,Verify quality,Operations,Operations executive,3,Pattern Evidence,VP-004,Trust Infrastructure,"Unlocks action by reducing the cost of validation, compliance, and quality assurance.",OF-003,Trust and Adaptive Governance,Value Pattern VP-004 Trust Infrastructure -> Trust and Adaptive Governance,"Lower the cost of action under uncertainty by combining verification, readiness, and continuous re-alignment instead of static governance.","VP-004 Trust Infrastructure, VP-009 Adaptive Control",Broad initial wedge
C-0093,AI Skill Marketplace,Match,Match resources,Operations,Operations executive,2,Pattern Evidence,VP-005,Matching Liquidity,"Creates value by lowering search friction and increasing utilization, fit, or fill-rate in a constrained network.",OF-004,Discovery and Liquidity Networks,Value Pattern VP-005 Matching Liquidity -> Discovery and Liquidity Networks,Create upside by increasing what the user can see and lowering the search friction required to turn discovery into allocation.,"VP-005 Matching Liquidity, VP-006 Opportunity Surface Expansion",Low concept confidence; Primitive ambiguity; Broad initial wedge
C-0094,AI Company Marketplace,Match,Match resources,Operations,Operations executive,2,Pattern Evidence,VP-005,Matching Liquidity,"Creates value by lowering search friction and increasing utilization, fit, or fill-rate in a constrained network.",OF-004,Discovery and Liquidity Networks,Value Pattern VP-005 Matching Liquidity -> Discovery and Liquidity Networks,Create upside by increasing what the user can see and lowering the search friction required to turn discovery into allocation.,"VP-005 Matching Liquidity, VP-006 Opportunity Surface Expansion",Low concept confidence; Primitive ambiguity; Broad initial wedge
C-0095,AI Memory Exchange,Remember,Preserve context,Personal Development,Individual professional,3,Pattern Evidence,VP-003,Memory Infrastructure,"Transforms past operating knowledge into future leverage by lowering search, reconstruction, and onboarding costs.",OF-001,Operational Execution Infrastructure,Value Pattern VP-003 Memory Infrastructure -> Operational Execution Infrastructure,"Convert fragmented execution and lost context into faster cycle times, lower coordination overhead, and more repeatable operating throughput.","VP-001 Workflow Compression, VP-003 Memory Infrastructure",Broad initial wedge
C-0096,AI Negotiation Exchange,Optimize,Improve decisions,Operations,Operations executive,2,Pattern Evidence,VP-002,Decision Advantage,Improves the quality of prioritization and intervention decisions where mistakes or delays are expensive.,OF-002,Decision and Foresight Infrastructure,Value Pattern VP-002 Decision Advantage -> Decision and Foresight Infrastructure,"Raise judgment quality and reduce irreversible mistakes by turning weak signals, tradeoffs, and scenario uncertainty into clearer pre-commitment choices.","VP-002 Decision Advantage, VP-008 Pre-Commitment Foresight",Low concept confidence; Primitive ambiguity; Broad initial wedge
C-0097,AI Operating License,Verify,Verify quality,Legal,Legal operations leader,2,Intuition,VP-004,Trust Infrastructure,"Unlocks action by reducing the cost of validation, compliance, and quality assurance.",OF-003,Trust and Adaptive Governance,Value Pattern VP-004 Trust Infrastructure -> Trust and Adaptive Governance,"Lower the cost of action under uncertainty by combining verification, readiness, and continuous re-alignment instead of static governance.","VP-004 Trust Infrastructure, VP-009 Adaptive Control",Low concept confidence; Why-now missing
C-0098,Synthetic Workforce Platform,Coordinate,Coordinate work,Operations,Operations executive,2,Pattern Evidence,VP-001,Workflow Compression,"Converts fragmented workflows into shorter cycle times, fewer stalls, and lower execution overhead.",OF-001,Operational Execution Infrastructure,Value Pattern VP-001 Workflow Compression -> Operational Execution Infrastructure,"Convert fragmented execution and lost context into faster cycle times, lower coordination overhead, and more repeatable operating throughput.","VP-001 Workflow Compression, VP-003 Memory Infrastructure",Low concept confidence; Primitive ambiguity; Broad initial wedge
C-0099,Autonomous Business Franchise,Coordinate,Coordinate work,Operations,Operations executive,2,Pattern Evidence,VP-001,Workflow Compression,"Converts fragmented workflows into shorter cycle times, fewer stalls, and lower execution overhead.",OF-001,Operational Execution Infrastructure,Value Pattern VP-001 Workflow Compression -> Operational Execution Infrastructure,"Convert fragmented execution and lost context into faster cycle times, lower coordination overhead, and more repeatable operating throughput.","VP-001 Workflow Compression, VP-003 Memory Infrastructure",Low concept confidence; Primitive ambiguity; Broad initial wedge
C-0100,AI Capability Exchange,Match,Match resources,Operations,Operations executive,3,Pattern Evidence,VP-005,Matching Liquidity,"Creates value by lowering search friction and increasing utilization, fit, or fill-rate in a constrained network.",OF-004,Discovery and Liquidity Networks,Value Pattern VP-005 Matching Liquidity -> Discovery and Liquidity Networks,Create upside by increasing what the user can see and lowering the search friction required to turn discovery into allocation.,"VP-005 Matching Liquidity, VP-006 Opportunity Surface Expansion",Broad initial wedge
C-0101,AI Commercial Real Estate Operating System,Coordinate,Coordinate work,Operations,Operations executive,2,Intuition,VP-001,Workflow Compression,"Converts fragmented workflows into shorter cycle times, fewer stalls, and lower execution overhead.",OF-001,Operational Execution Infrastructure,Value Pattern VP-001 Workflow Compression -> Operational Execution Infrastructure,"Convert fragmented execution and lost context into faster cycle times, lower coordination overhead, and more repeatable operating throughput.","VP-001 Workflow Compression, VP-003 Memory Infrastructure",Low concept confidence; Primitive ambiguity; Broad initial wedge; Why-now missing
C-0102,AI Family Office Analyst,Coordinate,Coordinate work,Household,Parent,2,Intuition,VP-001,Workflow Compression,"Converts fragmented workflows into shorter cycle times, fewer stalls, and lower execution overhead.",OF-001,Operational Execution Infrastructure,Value Pattern VP-001 Workflow Compression -> Operational Execution Infrastructure,"Convert fragmented execution and lost context into faster cycle times, lower coordination overhead, and more repeatable operating throughput.","VP-001 Workflow Compression, VP-003 Memory Infrastructure",Low concept confidence; Primitive ambiguity; Why-now missing
C-0103,AI Freight Negotiator,Optimize,Improve decisions,Operations,Operations executive,2,Intuition,VP-002,Decision Advantage,Improves the quality of prioritization and intervention decisions where mistakes or delays are expensive.,OF-002,Decision and Foresight Infrastructure,Value Pattern VP-002 Decision Advantage -> Decision and Foresight Infrastructure,"Raise judgment quality and reduce irreversible mistakes by turning weak signals, tradeoffs, and scenario uncertainty into clearer pre-commitment choices.","VP-002 Decision Advantage, VP-008 Pre-Commitment Foresight",Low concept confidence; Broad initial wedge; Why-now missing
C-0104,AI Government Grant Writer,Coordinate,Coordinate work,Public Sector,Public sector strategist,2,Intuition,VP-001,Workflow Compression,"Converts fragmented workflows into shorter cycle times, fewer stalls, and lower execution overhead.",OF-001,Operational Execution Infrastructure,Value Pattern VP-001 Workflow Compression -> Operational Execution Infrastructure,"Convert fragmented execution and lost context into faster cycle times, lower coordination overhead, and more repeatable operating throughput.","VP-001 Workflow Compression, VP-003 Memory Infrastructure",Low concept confidence; Primitive ambiguity; Broad initial wedge; Why-now missing
C-0105,AI HOA Manager,Coordinate,Coordinate work,Workflow,Operations manager,2,Intuition,VP-001,Workflow Compression,"Converts fragmented workflows into shorter cycle times, fewer stalls, and lower execution overhead.",OF-001,Operational Execution Infrastructure,Value Pattern VP-001 Workflow Compression -> Operational Execution Infrastructure,"Convert fragmented execution and lost context into faster cycle times, lower coordination overhead, and more repeatable operating throughput.","VP-001 Workflow Compression, VP-003 Memory Infrastructure",Low concept confidence; Primitive ambiguity; Why-now missing
C-0106,AI Commercial Insurance Broker,Coordinate,Coordinate work,Operations,Operations executive,2,Intuition,VP-001,Workflow Compression,"Converts fragmented workflows into shorter cycle times, fewer stalls, and lower execution overhead.",OF-001,Operational Execution Infrastructure,Value Pattern VP-001 Workflow Compression -> Operational Execution Infrastructure,"Convert fragmented execution and lost context into faster cycle times, lower coordination overhead, and more repeatable operating throughput.","VP-001 Workflow Compression, VP-003 Memory Infrastructure",Low concept confidence; Primitive ambiguity; Broad initial wedge; Why-now missing
C-0107,AI Utility Grid Planner,Coordinate,Coordinate work,Infrastructure,Utility planner,2,Intuition,VP-001,Workflow Compression,"Converts fragmented workflows into shorter cycle times, fewer stalls, and lower execution overhead.",OF-001,Operational Execution Infrastructure,Value Pattern VP-001 Workflow Compression -> Operational Execution Infrastructure,"Convert fragmented execution and lost context into faster cycle times, lower coordination overhead, and more repeatable operating throughput.","VP-001 Workflow Compression, VP-003 Memory Infrastructure",Low concept confidence; Primitive ambiguity; Why-now missing
C-0108,AI Pharma Regulatory Navigator,Coordinate,Coordinate work,Operations,Operations executive,2,Intuition,VP-001,Workflow Compression,"Converts fragmented workflows into shorter cycle times, fewer stalls, and lower execution overhead.",OF-001,Operational Execution Infrastructure,Value Pattern VP-001 Workflow Compression -> Operational Execution Infrastructure,"Convert fragmented execution and lost context into faster cycle times, lower coordination overhead, and more repeatable operating throughput.","VP-001 Workflow Compression, VP-003 Memory Infrastructure",Low concept confidence; Primitive ambiguity; Broad initial wedge; Why-now missing
C-0109,AI Construction Financing Platform,Coordinate,Coordinate work,Workflow,Operations manager,2,Intuition,VP-001,Workflow Compression,"Converts fragmented workflows into shorter cycle times, fewer stalls, and lower execution overhead.",OF-001,Operational Execution Infrastructure,Value Pattern VP-001 Workflow Compression -> Operational Execution Infrastructure,"Convert fragmented execution and lost context into faster cycle times, lower coordination overhead, and more repeatable operating throughput.","VP-001 Workflow Compression, VP-003 Memory Infrastructure",Low concept confidence; Primitive ambiguity; Why-now missing
C-0110,AI Import/Export Compliance Agent,Remember,Preserve context,Operations,Operations executive,2,Intuition,VP-003,Memory Infrastructure,"Transforms past operating knowledge into future leverage by lowering search, reconstruction, and onboarding costs.",OF-001,Operational Execution Infrastructure,Value Pattern VP-003 Memory Infrastructure -> Operational Execution Infrastructure,"Convert fragmented execution and lost context into faster cycle times, lower coordination overhead, and more repeatable operating throughput.","VP-001 Workflow Compression, VP-003 Memory Infrastructure",Low concept confidence; Broad initial wedge; Why-now missing
C-0111,AI Audit Platform,Verify,Verify quality,Commercial,Procurement leader,2,Intuition,VP-004,Trust Infrastructure,"Unlocks action by reducing the cost of validation, compliance, and quality assurance.",OF-003,Trust and Adaptive Governance,Value Pattern VP-004 Trust Infrastructure -> Trust and Adaptive Governance,"Lower the cost of action under uncertainty by combining verification, readiness, and continuous re-alignment instead of static governance.","VP-004 Trust Infrastructure, VP-009 Adaptive Control",Low concept confidence; Primitive ambiguity; Why-now missing
C-0112,AI RFP Platform,Coordinate,Coordinate work,Operations,Operations executive,2,Intuition,VP-001,Workflow Compression,"Converts fragmented workflows into shorter cycle times, fewer stalls, and lower execution overhead.",OF-001,Operational Execution Infrastructure,Value Pattern VP-001 Workflow Compression -> Operational Execution Infrastructure,"Convert fragmented execution and lost context into faster cycle times, lower coordination overhead, and more repeatable operating throughput.","VP-001 Workflow Compression, VP-003 Memory Infrastructure",Low concept confidence; Primitive ambiguity; Broad initial wedge; Why-now missing
C-0113,AI Contract Lifecycle Manager,Optimize,Improve decisions,Commercial,Procurement leader,2,Intuition,VP-002,Decision Advantage,Improves the quality of prioritization and intervention decisions where mistakes or delays are expensive.,OF-002,Decision and Foresight Infrastructure,Value Pattern VP-002 Decision Advantage -> Decision and Foresight Infrastructure,"Raise judgment quality and reduce irreversible mistakes by turning weak signals, tradeoffs, and scenario uncertainty into clearer pre-commitment choices.","VP-002 Decision Advantage, VP-008 Pre-Commitment Foresight",Low concept confidence; Why-now missing
C-0114,AI Procurement Platform,Optimize,Improve execution,Workflow,Operations manager,2,Intuition,VP-002,Decision Advantage,Improves the quality of prioritization and intervention decisions where mistakes or delays are expensive.,OF-002,Decision and Foresight Infrastructure,Value Pattern VP-002 Decision Advantage -> Decision and Foresight Infrastructure,"Raise judgment quality and reduce irreversible mistakes by turning weak signals, tradeoffs, and scenario uncertainty into clearer pre-commitment choices.","VP-002 Decision Advantage, VP-008 Pre-Commitment Foresight",Low concept confidence; Why-now missing
C-0115,AI Vendor Risk Manager,Coordinate,Coordinate work,Commercial,Procurement leader,2,Intuition,VP-001,Workflow Compression,"Converts fragmented workflows into shorter cycle times, fewer stalls, and lower execution overhead.",OF-001,Operational Execution Infrastructure,Value Pattern VP-001 Workflow Compression -> Operational Execution Infrastructure,"Convert fragmented execution and lost context into faster cycle times, lower coordination overhead, and more repeatable operating throughput.","VP-001 Workflow Compression, VP-003 Memory Infrastructure",Low concept confidence; Primitive ambiguity; Why-now missing
C-0116,AI Due Diligence Platform,Coordinate,Coordinate work,Operations,Operations executive,2,Intuition,VP-001,Workflow Compression,"Converts fragmented workflows into shorter cycle times, fewer stalls, and lower execution overhead.",OF-001,Operational Execution Infrastructure,Value Pattern VP-001 Workflow Compression -> Operational Execution Infrastructure,"Convert fragmented execution and lost context into faster cycle times, lower coordination overhead, and more repeatable operating throughput.","VP-001 Workflow Compression, VP-003 Memory Infrastructure",Low concept confidence; Primitive ambiguity; Broad initial wedge; Why-now missing
C-0117,AI Compliance Evidence Collector,Coordinate,Coordinate work,Operations,Operations executive,2,Intuition,VP-001,Workflow Compression,"Converts fragmented workflows into shorter cycle times, fewer stalls, and lower execution overhead.",OF-001,Operational Execution Infrastructure,Value Pattern VP-001 Workflow Compression -> Operational Execution Infrastructure,"Convert fragmented execution and lost context into faster cycle times, lower coordination overhead, and more repeatable operating throughput.","VP-001 Workflow Compression, VP-003 Memory Infrastructure",Low concept confidence; Primitive ambiguity; Broad initial wedge; Why-now missing
C-0118,AI Board Reporting,Optimize,Improve decisions,Operations,Operations executive,2,Intuition,VP-002,Decision Advantage,Improves the quality of prioritization and intervention decisions where mistakes or delays are expensive.,OF-002,Decision and Foresight Infrastructure,Value Pattern VP-002 Decision Advantage -> Decision and Foresight Infrastructure,"Raise judgment quality and reduce irreversible mistakes by turning weak signals, tradeoffs, and scenario uncertainty into clearer pre-commitment choices.","VP-002 Decision Advantage, VP-008 Pre-Commitment Foresight",Low concept confidence; Primitive ambiguity; Broad initial wedge; Why-now missing
C-0119,AI Policy Generator,Coordinate,Coordinate work,Public Sector,Operations executive,2,Intuition,VP-001,Workflow Compression,"Converts fragmented workflows into shorter cycle times, fewer stalls, and lower execution overhead.",OF-001,Operational Execution Infrastructure,Value Pattern VP-001 Workflow Compression -> Operational Execution Infrastructure,"Convert fragmented execution and lost context into faster cycle times, lower coordination overhead, and more repeatable operating throughput.","VP-001 Workflow Compression, VP-003 Memory Infrastructure",Low concept confidence; Primitive ambiguity; Why-now missing
C-0120,AI Business Continuity Planner,Coordinate,Coordinate work,Operations,Operations executive,2,Intuition,VP-001,Workflow Compression,"Converts fragmented workflows into shorter cycle times, fewer stalls, and lower execution overhead.",OF-001,Operational Execution Infrastructure,Value Pattern VP-001 Workflow Compression -> Operational Execution Infrastructure,"Convert fragmented execution and lost context into faster cycle times, lower coordination overhead, and more repeatable operating throughput.","VP-001 Workflow Compression, VP-003 Memory Infrastructure",Low concept confidence; Primitive ambiguity; Broad initial wedge; Why-now missing
C-0121,AI Aging-at-Home Platform,Coordinate,Coordinate work,Household,Parent,2,Intuition,VP-001,Workflow Compression,"Converts fragmented workflows into shorter cycle times, fewer stalls, and lower execution overhead.",OF-001,Operational Execution Infrastructure,Value Pattern VP-001 Workflow Compression -> Operational Execution Infrastructure,"Convert fragmented execution and lost context into faster cycle times, lower coordination overhead, and more repeatable operating throughput.","VP-001 Workflow Compression, VP-003 Memory Infrastructure",Low concept confidence; Primitive ambiguity; Why-now missing
C-0122,AI Estate Transition Manager,Coordinate,Coordinate work,Operations,Operations executive,2,Intuition,VP-001,Workflow Compression,"Converts fragmented workflows into shorter cycle times, fewer stalls, and lower execution overhead.",OF-001,Operational Execution Infrastructure,Value Pattern VP-001 Workflow Compression -> Operational Execution Infrastructure,"Convert fragmented execution and lost context into faster cycle times, lower coordination overhead, and more repeatable operating throughput.","VP-001 Workflow Compression, VP-003 Memory Infrastructure",Low concept confidence; Primitive ambiguity; Broad initial wedge; Why-now missing
C-0123,AI Retirement Navigator,Verify,Verify quality,Operations,Operations executive,2,Intuition,VP-004,Trust Infrastructure,"Unlocks action by reducing the cost of validation, compliance, and quality assurance.",OF-003,Trust and Adaptive Governance,Value Pattern VP-004 Trust Infrastructure -> Trust and Adaptive Governance,"Lower the cost of action under uncertainty by combining verification, readiness, and continuous re-alignment instead of static governance.","VP-004 Trust Infrastructure, VP-009 Adaptive Control",Low concept confidence; Primitive ambiguity; Broad initial wedge; Why-now missing
C-0124,AI Caregiver Copilot,Optimize,Improve execution,Household,Parent,2,Intuition,VP-002,Decision Advantage,Improves the quality of prioritization and intervention decisions where mistakes or delays are expensive.,OF-002,Decision and Foresight Infrastructure,Value Pattern VP-002 Decision Advantage -> Decision and Foresight Infrastructure,"Raise judgment quality and reduce irreversible mistakes by turning weak signals, tradeoffs, and scenario uncertainty into clearer pre-commitment choices.","VP-002 Decision Advantage, VP-008 Pre-Commitment Foresight",Low concept confidence; Why-now missing
C-0125,AI Dementia Companion,Learn,Accelerate learning,Personal Development,Individual professional,2,Intuition,VP-007,Compounding Loops,Creates durable value through repeated-use reinforcement rather than one-time task completion.,OF-005,Capability Capital Platforms,Value Pattern VP-007 Compounding Loops -> Capability Capital Platforms,"Build durable leverage by ensuring each cycle leaves behind skills, assets, or operating capital that makes the next cycle stronger.","VP-007 Compounding Loops, VP-010 Assetization Engines",Low concept confidence; Primitive ambiguity; Broad initial wedge; Why-now missing
C-0126,AI Legal & Financial Organizer,Coordinate,Coordinate work,Operations,Operations executive,2,Intuition,VP-001,Workflow Compression,"Converts fragmented workflows into shorter cycle times, fewer stalls, and lower execution overhead.",OF-001,Operational Execution Infrastructure,Value Pattern VP-001 Workflow Compression -> Operational Execution Infrastructure,"Convert fragmented execution and lost context into faster cycle times, lower coordination overhead, and more repeatable operating throughput.","VP-001 Workflow Compression, VP-003 Memory Infrastructure",Low concept confidence; Primitive ambiguity; Broad initial wedge; Why-now missing
C-0127,AI Home Modification Advisor,Coordinate,Coordinate work,Household,Parent,2,Intuition,VP-001,Workflow Compression,"Converts fragmented workflows into shorter cycle times, fewer stalls, and lower execution overhead.",OF-001,Operational Execution Infrastructure,Value Pattern VP-001 Workflow Compression -> Operational Execution Infrastructure,"Convert fragmented execution and lost context into faster cycle times, lower coordination overhead, and more repeatable operating throughput.","VP-001 Workflow Compression, VP-003 Memory Infrastructure",Low concept confidence; Primitive ambiguity; Why-now missing
C-0128,AI Longevity Coach,Learn,Accelerate execution,Healthcare,Care coordinator,2,Intuition,VP-007,Compounding Loops,Creates durable value through repeated-use reinforcement rather than one-time task completion.,OF-005,Capability Capital Platforms,Value Pattern VP-007 Compounding Loops -> Capability Capital Platforms,"Build durable leverage by ensuring each cycle leaves behind skills, assets, or operating capital that makes the next cycle stronger.","VP-007 Compounding Loops, VP-010 Assetization Engines",Low concept confidence; Why-now missing
C-0129,AI Senior Transportation Network,Match,Match resources,Household,Parent,2,Intuition,VP-005,Matching Liquidity,"Creates value by lowering search friction and increasing utilization, fit, or fill-rate in a constrained network.",OF-004,Discovery and Liquidity Networks,Value Pattern VP-005 Matching Liquidity -> Discovery and Liquidity Networks,Create upside by increasing what the user can see and lowering the search friction required to turn discovery into allocation.,"VP-005 Matching Liquidity, VP-006 Opportunity Surface Expansion",Low concept confidence; Primitive ambiguity; Why-now missing
C-0130,AI End-of-Life Planning Assistant,Coordinate,Coordinate work,Legal,Legal operations leader,2,Intuition,VP-001,Workflow Compression,"Converts fragmented workflows into shorter cycle times, fewer stalls, and lower execution overhead.",OF-001,Operational Execution Infrastructure,Value Pattern VP-001 Workflow Compression -> Operational Execution Infrastructure,"Convert fragmented execution and lost context into faster cycle times, lower coordination overhead, and more repeatable operating throughput.","VP-001 Workflow Compression, VP-003 Memory Infrastructure",Low concept confidence; Primitive ambiguity; Why-now missing
C-0131,AI Mining Operations Platform,Coordinate,Coordinate work,Workflow,Operations manager,2,Intuition,VP-001,Workflow Compression,"Converts fragmented workflows into shorter cycle times, fewer stalls, and lower execution overhead.",OF-001,Operational Execution Infrastructure,Value Pattern VP-001 Workflow Compression -> Operational Execution Infrastructure,"Convert fragmented execution and lost context into faster cycle times, lower coordination overhead, and more repeatable operating throughput.","VP-001 Workflow Compression, VP-003 Memory Infrastructure",Low concept confidence; Primitive ambiguity; Why-now missing
C-0132,AI Water Infrastructure Manager,Predict,Predict outcomes,Physical Operations,Infrastructure operator,2,Intuition,VP-008,Pre-Commitment Foresight,Creates value by reducing the cost of uncertainty before irreversible action is taken.,OF-002,Decision and Foresight Infrastructure,Value Pattern VP-008 Pre-Commitment Foresight -> Decision and Foresight Infrastructure,"Raise judgment quality and reduce irreversible mistakes by turning weak signals, tradeoffs, and scenario uncertainty into clearer pre-commitment choices.","VP-002 Decision Advantage, VP-008 Pre-Commitment Foresight",Low concept confidence; Why-now missing
C-0133,AI Waste Management Optimizer,Optimize,Improve decisions,Operations,Operations executive,2,Intuition,VP-002,Decision Advantage,Improves the quality of prioritization and intervention decisions where mistakes or delays are expensive.,OF-002,Decision and Foresight Infrastructure,Value Pattern VP-002 Decision Advantage -> Decision and Foresight Infrastructure,"Raise judgment quality and reduce irreversible mistakes by turning weak signals, tradeoffs, and scenario uncertainty into clearer pre-commitment choices.","VP-002 Decision Advantage, VP-008 Pre-Commitment Foresight",Low concept confidence; Primitive ambiguity; Broad initial wedge; Why-now missing
C-0134,AI Fisheries Intelligence Platform,Coordinate,Coordinate work,Operations,Operations executive,2,Intuition,VP-001,Workflow Compression,"Converts fragmented workflows into shorter cycle times, fewer stalls, and lower execution overhead.",OF-001,Operational Execution Infrastructure,Value Pattern VP-001 Workflow Compression -> Operational Execution Infrastructure,"Convert fragmented execution and lost context into faster cycle times, lower coordination overhead, and more repeatable operating throughput.","VP-001 Workflow Compression, VP-003 Memory Infrastructure",Low concept confidence; Primitive ambiguity; Broad initial wedge; Why-now missing
C-0135,AI Forestry Manager,Verify,Verify quality,Healthcare,Care coordinator,2,Intuition,VP-004,Trust Infrastructure,"Unlocks action by reducing the cost of validation, compliance, and quality assurance.",OF-003,Trust and Adaptive Governance,Value Pattern VP-004 Trust Infrastructure -> Trust and Adaptive Governance,"Lower the cost of action under uncertainty by combining verification, readiness, and continuous re-alignment instead of static governance.","VP-004 Trust Infrastructure, VP-009 Adaptive Control",Low concept confidence; Primitive ambiguity; Why-now missing
C-0136,AI Port Operations Platform,Coordinate,Coordinate work,Physical Operations,Supply chain manager,2,Intuition,VP-001,Workflow Compression,"Converts fragmented workflows into shorter cycle times, fewer stalls, and lower execution overhead.",OF-001,Operational Execution Infrastructure,Value Pattern VP-001 Workflow Compression -> Operational Execution Infrastructure,"Convert fragmented execution and lost context into faster cycle times, lower coordination overhead, and more repeatable operating throughput.","VP-001 Workflow Compression, VP-003 Memory Infrastructure",Low concept confidence; Primitive ambiguity; Why-now missing
C-0137,AI Cemetery Operations Platform,Coordinate,Coordinate work,Workflow,Operations manager,2,Intuition,VP-001,Workflow Compression,"Converts fragmented workflows into shorter cycle times, fewer stalls, and lower execution overhead.",OF-001,Operational Execution Infrastructure,Value Pattern VP-001 Workflow Compression -> Operational Execution Infrastructure,"Convert fragmented execution and lost context into faster cycle times, lower coordination overhead, and more repeatable operating throughput.","VP-001 Workflow Compression, VP-003 Memory Infrastructure",Low concept confidence; Primitive ambiguity; Why-now missing
C-0138,AI Food Safety Compliance,Coordinate,Coordinate work,Operations,Operations executive,2,Intuition,VP-001,Workflow Compression,"Converts fragmented workflows into shorter cycle times, fewer stalls, and lower execution overhead.",OF-001,Operational Execution Infrastructure,Value Pattern VP-001 Workflow Compression -> Operational Execution Infrastructure,"Convert fragmented execution and lost context into faster cycle times, lower coordination overhead, and more repeatable operating throughput.","VP-001 Workflow Compression, VP-003 Memory Infrastructure",Low concept confidence; Primitive ambiguity; Broad initial wedge; Why-now missing
C-0139,AI Airport Operations Brain,Remember,Preserve context,Workflow,Operations manager,2,Intuition,VP-003,Memory Infrastructure,"Transforms past operating knowledge into future leverage by lowering search, reconstruction, and onboarding costs.",OF-001,Operational Execution Infrastructure,Value Pattern VP-003 Memory Infrastructure -> Operational Execution Infrastructure,"Convert fragmented execution and lost context into faster cycle times, lower coordination overhead, and more repeatable operating throughput.","VP-001 Workflow Compression, VP-003 Memory Infrastructure",Low concept confidence; Why-now missing
C-0140,AI Rail Infrastructure Platform,Predict,Predict outcomes,Physical Operations,Infrastructure operator,2,Intuition,VP-008,Pre-Commitment Foresight,Creates value by reducing the cost of uncertainty before irreversible action is taken.,OF-002,Decision and Foresight Infrastructure,Value Pattern VP-008 Pre-Commitment Foresight -> Decision and Foresight Infrastructure,"Raise judgment quality and reduce irreversible mistakes by turning weak signals, tradeoffs, and scenario uncertainty into clearer pre-commitment choices.","VP-002 Decision Advantage, VP-008 Pre-Commitment Foresight",Low concept confidence; Why-now missing
C-0141,Company Genome,Predict,Predict outcomes,Operations,Operations executive,2,Intuition,VP-008,Pre-Commitment Foresight,Creates value by reducing the cost of uncertainty before irreversible action is taken.,OF-002,Decision and Foresight Infrastructure,Value Pattern VP-008 Pre-Commitment Foresight -> Decision and Foresight Infrastructure,"Raise judgment quality and reduce irreversible mistakes by turning weak signals, tradeoffs, and scenario uncertainty into clearer pre-commitment choices.","VP-002 Decision Advantage, VP-008 Pre-Commitment Foresight",Low concept confidence; Broad initial wedge; Why-now missing
C-0142,Digital Clone Marketplace,Match,Match resources,Operations,Operations executive,2,Intuition,VP-005,Matching Liquidity,"Creates value by lowering search friction and increasing utilization, fit, or fill-rate in a constrained network.",OF-004,Discovery and Liquidity Networks,Value Pattern VP-005 Matching Liquidity -> Discovery and Liquidity Networks,Create upside by increasing what the user can see and lowering the search friction required to turn discovery into allocation.,"VP-005 Matching Liquidity, VP-006 Opportunity Surface Expansion",Low concept confidence; Primitive ambiguity; Broad initial wedge; Why-now missing
C-0143,Synthetic Customer Platform,Coordinate,Coordinate work,Commercial,Revenue operations leader,2,Intuition,VP-001,Workflow Compression,"Converts fragmented workflows into shorter cycle times, fewer stalls, and lower execution overhead.",OF-001,Operational Execution Infrastructure,Value Pattern VP-001 Workflow Compression -> Operational Execution Infrastructure,"Convert fragmented execution and lost context into faster cycle times, lower coordination overhead, and more repeatable operating throughput.","VP-001 Workflow Compression, VP-003 Memory Infrastructure",Low concept confidence; Primitive ambiguity; Why-now missing
C-0144,AI Civilization Simulator,Optimize,Improve decisions,Institutions,Operations executive,2,Intuition,VP-002,Decision Advantage,Improves the quality of prioritization and intervention decisions where mistakes or delays are expensive.,OF-002,Decision and Foresight Infrastructure,Value Pattern VP-002 Decision Advantage -> Decision and Foresight Infrastructure,"Raise judgment quality and reduce irreversible mistakes by turning weak signals, tradeoffs, and scenario uncertainty into clearer pre-commitment choices.","VP-002 Decision Advantage, VP-008 Pre-Commitment Foresight",Low concept confidence; Why-now missing
C-0145,AI Operating Partner,Optimize,Improve decisions,Operations,Operations executive,2,Intuition,VP-002,Decision Advantage,Improves the quality of prioritization and intervention decisions where mistakes or delays are expensive.,OF-002,Decision and Foresight Infrastructure,Value Pattern VP-002 Decision Advantage -> Decision and Foresight Infrastructure,"Raise judgment quality and reduce irreversible mistakes by turning weak signals, tradeoffs, and scenario uncertainty into clearer pre-commitment choices.","VP-002 Decision Advantage, VP-008 Pre-Commitment Foresight",Low concept confidence; Broad initial wedge; Why-now missing
C-0146,AI Acquisition Builder,Coordinate,Coordinate work,Venture,Founder,2,Intuition,VP-001,Workflow Compression,"Converts fragmented workflows into shorter cycle times, fewer stalls, and lower execution overhead.",OF-001,Operational Execution Infrastructure,Value Pattern VP-001 Workflow Compression -> Operational Execution Infrastructure,"Convert fragmented execution and lost context into faster cycle times, lower coordination overhead, and more repeatable operating throughput.","VP-001 Workflow Compression, VP-003 Memory Infrastructure",Low concept confidence; Primitive ambiguity; Why-now missing
C-0147,AI Workforce Composer,Create,Create reusable outputs,Talent,Recruiter,2,Intuition,VP-010,Assetization Engines,Creates leverage by converting transient effort into reusable intellectual or operating capital.,OF-005,Capability Capital Platforms,Value Pattern VP-010 Assetization Engines -> Capability Capital Platforms,"Build durable leverage by ensuring each cycle leaves behind skills, assets, or operating capital that makes the next cycle stronger.","VP-007 Compounding Loops, VP-010 Assetization Engines",Low concept confidence; Primitive ambiguity; Why-now missing
C-0148,Autonomous Venture Studio,Discover,Find opportunities,Venture,Founder,2,Intuition,VP-006,Opportunity Surface Expansion,"Creates upside by expanding the set of credible opportunities a team can see, compare, or pursue.",OF-004,Discovery and Liquidity Networks,Value Pattern VP-006 Opportunity Surface Expansion -> Discovery and Liquidity Networks,Create upside by increasing what the user can see and lowering the search friction required to turn discovery into allocation.,"VP-005 Matching Liquidity, VP-006 Opportunity Surface Expansion",Low concept confidence; Why-now missing
C-0149,Enterprise Reality Replay,Optimize,Improve decisions,Operations,Operations executive,2,Intuition,VP-002,Decision Advantage,Improves the quality of prioritization and intervention decisions where mistakes or delays are expensive.,OF-002,Decision and Foresight Infrastructure,Value Pattern VP-002 Decision Advantage -> Decision and Foresight Infrastructure,"Raise judgment quality and reduce irreversible mistakes by turning weak signals, tradeoffs, and scenario uncertainty into clearer pre-commitment choices.","VP-002 Decision Advantage, VP-008 Pre-Commitment Foresight",Low concept confidence; Broad initial wedge; Why-now missing
C-0150,Business Time Machine,Coordinate,Coordinate work,Public Sector,Public sector strategist,2,Intuition,VP-001,Workflow Compression,"Converts fragmented workflows into shorter cycle times, fewer stalls, and lower execution overhead.",OF-001,Operational Execution Infrastructure,Value Pattern VP-001 Workflow Compression -> Operational Execution Infrastructure,"Convert fragmented execution and lost context into faster cycle times, lower coordination overhead, and more repeatable operating throughput.","VP-001 Workflow Compression, VP-003 Memory Infrastructure",Low concept confidence; Primitive ambiguity; Broad initial wedge; Why-now missing
C-0151,GitHub for Business Processes,Coordinate,Coordinate work,Operations,Operations executive,2,Intuition,VP-001,Workflow Compression,"Converts fragmented workflows into shorter cycle times, fewer stalls, and lower execution overhead.",OF-001,Operational Execution Infrastructure,Value Pattern VP-001 Workflow Compression -> Operational Execution Infrastructure,"Convert fragmented execution and lost context into faster cycle times, lower coordination overhead, and more repeatable operating throughput.","VP-001 Workflow Compression, VP-003 Memory Infrastructure",Low concept confidence; Primitive ambiguity; Broad initial wedge; Why-now missing
C-0152,Spotify for AI Workers,Coordinate,Coordinate work,Operations,Operations executive,2,Intuition,VP-001,Workflow Compression,"Converts fragmented workflows into shorter cycle times, fewer stalls, and lower execution overhead.",OF-001,Operational Execution Infrastructure,Value Pattern VP-001 Workflow Compression -> Operational Execution Infrastructure,"Convert fragmented execution and lost context into faster cycle times, lower coordination overhead, and more repeatable operating throughput.","VP-001 Workflow Compression, VP-003 Memory Infrastructure",Low concept confidence; Primitive ambiguity; Broad initial wedge; Why-now missing
C-0153,Steam for Enterprise Automation,Coordinate,Coordinate work,Operations,Automation operations leader,2,Intuition,VP-001,Workflow Compression,"Converts fragmented workflows into shorter cycle times, fewer stalls, and lower execution overhead.",OF-001,Operational Execution Infrastructure,Value Pattern VP-001 Workflow Compression -> Operational Execution Infrastructure,"Convert fragmented execution and lost context into faster cycle times, lower coordination overhead, and more repeatable operating throughput.","VP-001 Workflow Compression, VP-003 Memory Infrastructure",Low concept confidence; Primitive ambiguity; Why-now missing
C-0154,Bloomberg for Companies,Coordinate,Coordinate work,Operations,Operations executive,2,Intuition,VP-001,Workflow Compression,"Converts fragmented workflows into shorter cycle times, fewer stalls, and lower execution overhead.",OF-001,Operational Execution Infrastructure,Value Pattern VP-001 Workflow Compression -> Operational Execution Infrastructure,"Convert fragmented execution and lost context into faster cycle times, lower coordination overhead, and more repeatable operating throughput.","VP-001 Workflow Compression, VP-003 Memory Infrastructure",Low concept confidence; Primitive ambiguity; Broad initial wedge; Why-now missing
C-0155,Stripe for AI,Coordinate,Coordinate work,Infrastructure,Infrastructure planner,2,Intuition,VP-001,Workflow Compression,"Converts fragmented workflows into shorter cycle times, fewer stalls, and lower execution overhead.",OF-001,Operational Execution Infrastructure,Value Pattern VP-001 Workflow Compression -> Operational Execution Infrastructure,"Convert fragmented execution and lost context into faster cycle times, lower coordination overhead, and more repeatable operating throughput.","VP-001 Workflow Compression, VP-003 Memory Infrastructure",Low concept confidence; Primitive ambiguity; Why-now missing
C-0156,Figma for Operations,Coordinate,Coordinate work,Workflow,Operations manager,2,Intuition,VP-001,Workflow Compression,"Converts fragmented workflows into shorter cycle times, fewer stalls, and lower execution overhead.",OF-001,Operational Execution Infrastructure,Value Pattern VP-001 Workflow Compression -> Operational Execution Infrastructure,"Convert fragmented execution and lost context into faster cycle times, lower coordination overhead, and more repeatable operating throughput.","VP-001 Workflow Compression, VP-003 Memory Infrastructure",Low concept confidence; Primitive ambiguity; Why-now missing
C-0157,Salesforce for AI Employees,Coordinate,Coordinate work,Operations,Operations executive,2,Intuition,VP-001,Workflow Compression,"Converts fragmented workflows into shorter cycle times, fewer stalls, and lower execution overhead.",OF-001,Operational Execution Infrastructure,Value Pattern VP-001 Workflow Compression -> Operational Execution Infrastructure,"Convert fragmented execution and lost context into faster cycle times, lower coordination overhead, and more repeatable operating throughput.","VP-001 Workflow Compression, VP-003 Memory Infrastructure",Low concept confidence; Primitive ambiguity; Broad initial wedge; Why-now missing
C-0158,Git for Decisions,Optimize,Improve decisions,Operations,Operations executive,2,Intuition,VP-002,Decision Advantage,Improves the quality of prioritization and intervention decisions where mistakes or delays are expensive.,OF-002,Decision and Foresight Infrastructure,Value Pattern VP-002 Decision Advantage -> Decision and Foresight Infrastructure,"Raise judgment quality and reduce irreversible mistakes by turning weak signals, tradeoffs, and scenario uncertainty into clearer pre-commitment choices.","VP-002 Decision Advantage, VP-008 Pre-Commitment Foresight",Low concept confidence; Broad initial wedge; Why-now missing
C-0159,AWS for Autonomous Businesses,Coordinate,Coordinate work,Infrastructure,Infrastructure planner,2,Intuition,VP-001,Workflow Compression,"Converts fragmented workflows into shorter cycle times, fewer stalls, and lower execution overhead.",OF-001,Operational Execution Infrastructure,Value Pattern VP-001 Workflow Compression -> Operational Execution Infrastructure,"Convert fragmented execution and lost context into faster cycle times, lower coordination overhead, and more repeatable operating throughput.","VP-001 Workflow Compression, VP-003 Memory Infrastructure",Low concept confidence; Primitive ambiguity; Why-now missing
C-0160,Snowflake for Organizational Memory,Remember,Preserve context,Operations,Operations executive,2,Intuition,VP-003,Memory Infrastructure,"Transforms past operating knowledge into future leverage by lowering search, reconstruction, and onboarding costs.",OF-001,Operational Execution Infrastructure,Value Pattern VP-003 Memory Infrastructure -> Operational Execution Infrastructure,"Convert fragmented execution and lost context into faster cycle times, lower coordination overhead, and more repeatable operating throughput.","VP-001 Workflow Compression, VP-003 Memory Infrastructure",Low concept confidence; Broad initial wedge; Why-now missing
C-0161,AI Governance Layer for AI Employees,Coordinate,Coordinate work,Operations,Operations executive,1,None,VP-001,Workflow Compression,"Converts fragmented workflows into shorter cycle times, fewer stalls, and lower execution overhead.",OF-001,Operational Execution Infrastructure,Value Pattern VP-001 Workflow Compression -> Operational Execution Infrastructure,"Convert fragmented execution and lost context into faster cycle times, lower coordination overhead, and more repeatable operating throughput.","VP-001 Workflow Compression, VP-003 Memory Infrastructure",Low concept confidence; Primitive ambiguity; Broad initial wedge; Why-now missing
C-0162,AI Insurance for Autonomous Decisions,Optimize,Improve decisions,Operations,Operations executive,2,None,VP-002,Decision Advantage,Improves the quality of prioritization and intervention decisions where mistakes or delays are expensive.,OF-002,Decision and Foresight Infrastructure,Value Pattern VP-002 Decision Advantage -> Decision and Foresight Infrastructure,"Raise judgment quality and reduce irreversible mistakes by turning weak signals, tradeoffs, and scenario uncertainty into clearer pre-commitment choices.","VP-002 Decision Advantage, VP-008 Pre-Commitment Foresight",Low concept confidence; Broad initial wedge; Why-now missing
C-0163,AI Legal System for Agent-to-Agent Contracts,Coordinate,Coordinate work,Legal,Legal operations leader,1,None,VP-001,Workflow Compression,"Converts fragmented workflows into shorter cycle times, fewer stalls, and lower execution overhead.",OF-001,Operational Execution Infrastructure,Value Pattern VP-001 Workflow Compression -> Operational Execution Infrastructure,"Convert fragmented execution and lost context into faster cycle times, lower coordination overhead, and more repeatable operating throughput.","VP-001 Workflow Compression, VP-003 Memory Infrastructure",Low concept confidence; Primitive ambiguity; Why-now missing
C-0164,AI Reputation Network for Autonomous Workers,Match,Match resources,Community,Community manager,1,None,VP-005,Matching Liquidity,"Creates value by lowering search friction and increasing utilization, fit, or fill-rate in a constrained network.",OF-004,Discovery and Liquidity Networks,Value Pattern VP-005 Matching Liquidity -> Discovery and Liquidity Networks,Create upside by increasing what the user can see and lowering the search friction required to turn discovery into allocation.,"VP-005 Matching Liquidity, VP-006 Opportunity Surface Expansion",Low concept confidence; Primitive ambiguity; Why-now missing
C-0165,AI Hiring Marketplace for Human-AI Teams,Match,Match resources,Talent,Recruiter,1,None,VP-005,Matching Liquidity,"Creates value by lowering search friction and increasing utilization, fit, or fill-rate in a constrained network.",OF-004,Discovery and Liquidity Networks,Value Pattern VP-005 Matching Liquidity -> Discovery and Liquidity Networks,Create upside by increasing what the user can see and lowering the search friction required to turn discovery into allocation.,"VP-005 Matching Liquidity, VP-006 Opportunity Surface Expansion",Low concept confidence; Primitive ambiguity; Why-now missing
C-0166,AI Productivity Tax Platform (measuring AI contribution),Coordinate,Coordinate work,Finance,Finance manager,1,None,VP-001,Workflow Compression,"Converts fragmented workflows into shorter cycle times, fewer stalls, and lower execution overhead.",OF-001,Operational Execution Infrastructure,Value Pattern VP-001 Workflow Compression -> Operational Execution Infrastructure,"Convert fragmented execution and lost context into faster cycle times, lower coordination overhead, and more repeatable operating throughput.","VP-001 Workflow Compression, VP-003 Memory Infrastructure",Low concept confidence; Primitive ambiguity; Why-now missing
C-0167,AI Workforce Analytics Platform,Coordinate,Coordinate work,Operations,Operations executive,1,None,VP-001,Workflow Compression,"Converts fragmented workflows into shorter cycle times, fewer stalls, and lower execution overhead.",OF-001,Operational Execution Infrastructure,Value Pattern VP-001 Workflow Compression -> Operational Execution Infrastructure,"Convert fragmented execution and lost context into faster cycle times, lower coordination overhead, and more repeatable operating throughput.","VP-001 Workflow Compression, VP-003 Memory Infrastructure",Low concept confidence; Primitive ambiguity; Broad initial wedge; Why-now missing
C-0168,AI Manager Certification Platform,Coordinate,Coordinate work,Operations,Operations executive,1,None,VP-001,Workflow Compression,"Converts fragmented workflows into shorter cycle times, fewer stalls, and lower execution overhead.",OF-001,Operational Execution Infrastructure,Value Pattern VP-001 Workflow Compression -> Operational Execution Infrastructure,"Convert fragmented execution and lost context into faster cycle times, lower coordination overhead, and more repeatable operating throughput.","VP-001 Workflow Compression, VP-003 Memory Infrastructure",Low concept confidence; Primitive ambiguity; Broad initial wedge; Why-now missing
C-0169,AI Agent Accounting Platform,Coordinate,Coordinate work,Finance,Finance manager,1,None,VP-001,Workflow Compression,"Converts fragmented workflows into shorter cycle times, fewer stalls, and lower execution overhead.",OF-001,Operational Execution Infrastructure,Value Pattern VP-001 Workflow Compression -> Operational Execution Infrastructure,"Convert fragmented execution and lost context into faster cycle times, lower coordination overhead, and more repeatable operating throughput.","VP-001 Workflow Compression, VP-003 Memory Infrastructure",Low concept confidence; Primitive ambiguity; Why-now missing
C-0170,AI Compliance Cloud for Autonomous Organizations,Verify,Verify quality,Operations,Operations executive,1,None,VP-004,Trust Infrastructure,"Unlocks action by reducing the cost of validation, compliance, and quality assurance.",OF-003,Trust and Adaptive Governance,Value Pattern VP-004 Trust Infrastructure -> Trust and Adaptive Governance,"Lower the cost of action under uncertainty by combining verification, readiness, and continuous re-alignment instead of static governance.","VP-004 Trust Infrastructure, VP-009 Adaptive Control",Low concept confidence; Primitive ambiguity; Broad initial wedge; Why-now missing
C-0171,Organizational Intelligence Index,Verify,Verify quality,Operations,Operations executive,1,None,VP-004,Trust Infrastructure,"Unlocks action by reducing the cost of validation, compliance, and quality assurance.",OF-003,Trust and Adaptive Governance,Value Pattern VP-004 Trust Infrastructure -> Trust and Adaptive Governance,"Lower the cost of action under uncertainty by combining verification, readiness, and continuous re-alignment instead of static governance.","VP-004 Trust Infrastructure, VP-009 Adaptive Control",Low concept confidence; Primitive ambiguity; Broad initial wedge; Why-now missing
C-0172,Decision Quality Score,Optimize,Improve decisions,Operations,Operations executive,2,None,VP-002,Decision Advantage,Improves the quality of prioritization and intervention decisions where mistakes or delays are expensive.,OF-002,Decision and Foresight Infrastructure,Value Pattern VP-002 Decision Advantage -> Decision and Foresight Infrastructure,"Raise judgment quality and reduce irreversible mistakes by turning weak signals, tradeoffs, and scenario uncertainty into clearer pre-commitment choices.","VP-002 Decision Advantage, VP-008 Pre-Commitment Foresight",Low concept confidence; Broad initial wedge; Why-now missing
C-0173,Knowledge Velocity Platform,Remember,Preserve context,Operations,Operations executive,2,None,VP-003,Memory Infrastructure,"Transforms past operating knowledge into future leverage by lowering search, reconstruction, and onboarding costs.",OF-001,Operational Execution Infrastructure,Value Pattern VP-003 Memory Infrastructure -> Operational Execution Infrastructure,"Convert fragmented execution and lost context into faster cycle times, lower coordination overhead, and more repeatable operating throughput.","VP-001 Workflow Compression, VP-003 Memory Infrastructure",Low concept confidence; Broad initial wedge; Why-now missing
C-0174,AI Adoption Score,Verify,Verify quality,Operations,Operations executive,1,None,VP-004,Trust Infrastructure,"Unlocks action by reducing the cost of validation, compliance, and quality assurance.",OF-003,Trust and Adaptive Governance,Value Pattern VP-004 Trust Infrastructure -> Trust and Adaptive Governance,"Lower the cost of action under uncertainty by combining verification, readiness, and continuous re-alignment instead of static governance.","VP-004 Trust Infrastructure, VP-009 Adaptive Control",Low concept confidence; Primitive ambiguity; Broad initial wedge; Why-now missing
C-0175,Workflow Friction Index,Coordinate,Coordinate work,Workflow,Operations manager,2,None,VP-001,Workflow Compression,"Converts fragmented workflows into shorter cycle times, fewer stalls, and lower execution overhead.",OF-001,Operational Execution Infrastructure,Value Pattern VP-001 Workflow Compression -> Operational Execution Infrastructure,"Convert fragmented execution and lost context into faster cycle times, lower coordination overhead, and more repeatable operating throughput.","VP-001 Workflow Compression, VP-003 Memory Infrastructure",Low concept confidence; Why-now missing
C-0176,Human-AI Collaboration Score,Verify,Verify quality,Operations,Operations executive,1,None,VP-004,Trust Infrastructure,"Unlocks action by reducing the cost of validation, compliance, and quality assurance.",OF-003,Trust and Adaptive Governance,Value Pattern VP-004 Trust Infrastructure -> Trust and Adaptive Governance,"Lower the cost of action under uncertainty by combining verification, readiness, and continuous re-alignment instead of static governance.","VP-004 Trust Infrastructure, VP-009 Adaptive Control",Low concept confidence; Primitive ambiguity; Broad initial wedge; Why-now missing
C-0177,Enterprise Learning Velocity,Learn,Accelerate execution,Operations,Operations executive,2,None,VP-007,Compounding Loops,Creates durable value through repeated-use reinforcement rather than one-time task completion.,OF-005,Capability Capital Platforms,Value Pattern VP-007 Compounding Loops -> Capability Capital Platforms,"Build durable leverage by ensuring each cycle leaves behind skills, assets, or operating capital that makes the next cycle stronger.","VP-007 Compounding Loops, VP-010 Assetization Engines",Low concept confidence; Broad initial wedge; Why-now missing
C-0178,Innovation Velocity Platform,Coordinate,Coordinate work,Operations,Operations executive,1,None,VP-001,Workflow Compression,"Converts fragmented workflows into shorter cycle times, fewer stalls, and lower execution overhead.",OF-001,Operational Execution Infrastructure,Value Pattern VP-001 Workflow Compression -> Operational Execution Infrastructure,"Convert fragmented execution and lost context into faster cycle times, lower coordination overhead, and more repeatable operating throughput.","VP-001 Workflow Compression, VP-003 Memory Infrastructure",Low concept confidence; Primitive ambiguity; Broad initial wedge; Why-now missing
C-0179,Organizational Trust Index,Verify,Verify quality,Operations,Operations executive,2,None,VP-004,Trust Infrastructure,"Unlocks action by reducing the cost of validation, compliance, and quality assurance.",OF-003,Trust and Adaptive Governance,Value Pattern VP-004 Trust Infrastructure -> Trust and Adaptive Governance,"Lower the cost of action under uncertainty by combining verification, readiness, and continuous re-alignment instead of static governance.","VP-004 Trust Infrastructure, VP-009 Adaptive Control",Low concept confidence; Broad initial wedge; Why-now missing
C-0180,AI Return-on-Knowledge Platform,Remember,Preserve context,Operations,Operations executive,2,None,VP-003,Memory Infrastructure,"Transforms past operating knowledge into future leverage by lowering search, reconstruction, and onboarding costs.",OF-001,Operational Execution Infrastructure,Value Pattern VP-003 Memory Infrastructure -> Operational Execution Infrastructure,"Convert fragmented execution and lost context into faster cycle times, lower coordination overhead, and more repeatable operating throughput.","VP-001 Workflow Compression, VP-003 Memory Infrastructure",Low concept confidence; Broad initial wedge; Why-now missing
C-0181,Company MRI,Optimize,Improve decisions,Operations,Operations executive,3,Pattern Evidence,VP-002,Decision Advantage,Improves the quality of prioritization and intervention decisions where mistakes or delays are expensive.,OF-002,Decision and Foresight Infrastructure,Value Pattern VP-002 Decision Advantage -> Decision and Foresight Infrastructure,"Raise judgment quality and reduce irreversible mistakes by turning weak signals, tradeoffs, and scenario uncertainty into clearer pre-commitment choices.","VP-002 Decision Advantage, VP-008 Pre-Commitment Foresight",Broad initial wedge; Why-now missing
C-0182,AI Business Builder,Coordinate,Coordinate work,Commercial,Revenue operations leader,2,Pattern Evidence,VP-001,Workflow Compression,"Converts fragmented workflows into shorter cycle times, fewer stalls, and lower execution overhead.",OF-001,Operational Execution Infrastructure,Value Pattern VP-001 Workflow Compression -> Operational Execution Infrastructure,"Convert fragmented execution and lost context into faster cycle times, lower coordination overhead, and more repeatable operating throughput.","VP-001 Workflow Compression, VP-003 Memory Infrastructure",Low concept confidence; Primitive ambiguity; Why-now missing
C-0183,Human Expertise Compiler,Optimize,Improve decisions,Commercial,Revenue operations leader,2,Pattern Evidence,VP-002,Decision Advantage,Improves the quality of prioritization and intervention decisions where mistakes or delays are expensive.,OF-002,Decision and Foresight Infrastructure,Value Pattern VP-002 Decision Advantage -> Decision and Foresight Infrastructure,"Raise judgment quality and reduce irreversible mistakes by turning weak signals, tradeoffs, and scenario uncertainty into clearer pre-commitment choices.","VP-002 Decision Advantage, VP-008 Pre-Commitment Foresight",Low concept confidence; Primitive ambiguity; Why-now missing
C-0184,Workflow Genome,Coordinate,Coordinate work,Operations,Operations executive,4,Secondary Research,VP-001,Workflow Compression,"Converts fragmented workflows into shorter cycle times, fewer stalls, and lower execution overhead.",OF-001,Operational Execution Infrastructure,Value Pattern VP-001 Workflow Compression -> Operational Execution Infrastructure,"Convert fragmented execution and lost context into faster cycle times, lower coordination overhead, and more repeatable operating throughput.","VP-001 Workflow Compression, VP-003 Memory Infrastructure",Broad initial wedge; Why-now missing
C-0185,AI Market Discovery Engine,Discover,Find opportunities,Venture,Founder,3,Pattern Evidence,VP-006,Opportunity Surface Expansion,"Creates upside by expanding the set of credible opportunities a team can see, compare, or pursue.",OF-004,Discovery and Liquidity Networks,Value Pattern VP-006 Opportunity Surface Expansion -> Discovery and Liquidity Networks,Create upside by increasing what the user can see and lowering the search friction required to turn discovery into allocation.,"VP-005 Matching Liquidity, VP-006 Opportunity Surface Expansion",Why-now missing
C-0186,Enterprise Simulation Platform,Optimize,Improve decisions,Operations,Operations executive,3,Pattern Evidence,VP-002,Decision Advantage,Improves the quality of prioritization and intervention decisions where mistakes or delays are expensive.,OF-002,Decision and Foresight Infrastructure,Value Pattern VP-002 Decision Advantage -> Decision and Foresight Infrastructure,"Raise judgment quality and reduce irreversible mistakes by turning weak signals, tradeoffs, and scenario uncertainty into clearer pre-commitment choices.","VP-002 Decision Advantage, VP-008 Pre-Commitment Foresight",Broad initial wedge; Why-now missing
C-0187,Personal Knowledge Cloud,Remember,Preserve context,Personal Development,Individual professional,3,Pattern Evidence,VP-003,Memory Infrastructure,"Transforms past operating knowledge into future leverage by lowering search, reconstruction, and onboarding costs.",OF-001,Operational Execution Infrastructure,Value Pattern VP-003 Memory Infrastructure -> Operational Execution Infrastructure,"Convert fragmented execution and lost context into faster cycle times, lower coordination overhead, and more repeatable operating throughput.","VP-001 Workflow Compression, VP-003 Memory Infrastructure",Broad initial wedge; Why-now missing
C-0188,AI Reputation Infrastructure,Verify,Verify quality,Infrastructure,Infrastructure planner,3,Pattern Evidence,VP-004,Trust Infrastructure,"Unlocks action by reducing the cost of validation, compliance, and quality assurance.",OF-003,Trust and Adaptive Governance,Value Pattern VP-004 Trust Infrastructure -> Trust and Adaptive Governance,"Lower the cost of action under uncertainty by combining verification, readiness, and continuous re-alignment instead of static governance.","VP-004 Trust Infrastructure, VP-009 Adaptive Control",Why-now missing
C-0189,Autonomous Consulting Firm,Coordinate,Coordinate work,Operations,Operations executive,2,Pattern Evidence,VP-001,Workflow Compression,"Converts fragmented workflows into shorter cycle times, fewer stalls, and lower execution overhead.",OF-001,Operational Execution Infrastructure,Value Pattern VP-001 Workflow Compression -> Operational Execution Infrastructure,"Convert fragmented execution and lost context into faster cycle times, lower coordination overhead, and more repeatable operating throughput.","VP-001 Workflow Compression, VP-003 Memory Infrastructure",Low concept confidence; Primitive ambiguity; Broad initial wedge; Why-now missing
C-0190,AI Operating License,Verify,Verify quality,Legal,Legal operations leader,2,Intuition,VP-004,Trust Infrastructure,"Unlocks action by reducing the cost of validation, compliance, and quality assurance.",OF-003,Trust and Adaptive Governance,Value Pattern VP-004 Trust Infrastructure -> Trust and Adaptive Governance,"Lower the cost of action under uncertainty by combining verification, readiness, and continuous re-alignment instead of static governance.","VP-004 Trust Infrastructure, VP-009 Adaptive Control",Low concept confidence; Why-now missing
C-0191,Organizational Memory API,Remember,Preserve context,Operations,Operations executive,2,Intuition,VP-003,Memory Infrastructure,"Transforms past operating knowledge into future leverage by lowering search, reconstruction, and onboarding costs.",OF-001,Operational Execution Infrastructure,Value Pattern VP-003 Memory Infrastructure -> Operational Execution Infrastructure,"Convert fragmented execution and lost context into faster cycle times, lower coordination overhead, and more repeatable operating throughput.","VP-001 Workflow Compression, VP-003 Memory Infrastructure",Low concept confidence; Broad initial wedge; Why-now missing
C-0192,Workflow Identity Platform,Coordinate,Coordinate work,Workflow,Operations manager,2,Intuition,VP-001,Workflow Compression,"Converts fragmented workflows into shorter cycle times, fewer stalls, and lower execution overhead.",OF-001,Operational Execution Infrastructure,Value Pattern VP-001 Workflow Compression -> Operational Execution Infrastructure,"Convert fragmented execution and lost context into faster cycle times, lower coordination overhead, and more repeatable operating throughput.","VP-001 Workflow Compression, VP-003 Memory Infrastructure",Low concept confidence; Primitive ambiguity; Why-now missing
C-0193,AI Decision Ledger,Optimize,Improve decisions,Operations,Operations executive,3,Pattern Evidence,VP-002,Decision Advantage,Improves the quality of prioritization and intervention decisions where mistakes or delays are expensive.,OF-002,Decision and Foresight Infrastructure,Value Pattern VP-002 Decision Advantage -> Decision and Foresight Infrastructure,"Raise judgment quality and reduce irreversible mistakes by turning weak signals, tradeoffs, and scenario uncertainty into clearer pre-commitment choices.","VP-002 Decision Advantage, VP-008 Pre-Commitment Foresight",Broad initial wedge; Why-now missing
C-0194,AI Experiment Platform,Coordinate,Coordinate work,Operations,Operations executive,2,Intuition,VP-001,Workflow Compression,"Converts fragmented workflows into shorter cycle times, fewer stalls, and lower execution overhead.",OF-001,Operational Execution Infrastructure,Value Pattern VP-001 Workflow Compression -> Operational Execution Infrastructure,"Convert fragmented execution and lost context into faster cycle times, lower coordination overhead, and more repeatable operating throughput.","VP-001 Workflow Compression, VP-003 Memory Infrastructure",Low concept confidence; Primitive ambiguity; Broad initial wedge; Why-now missing
C-0195,AI Evaluation Cloud,Coordinate,Coordinate work,Operations,Operations executive,2,Intuition,VP-001,Workflow Compression,"Converts fragmented workflows into shorter cycle times, fewer stalls, and lower execution overhead.",OF-001,Operational Execution Infrastructure,Value Pattern VP-001 Workflow Compression -> Operational Execution Infrastructure,"Convert fragmented execution and lost context into faster cycle times, lower coordination overhead, and more repeatable operating throughput.","VP-001 Workflow Compression, VP-003 Memory Infrastructure",Low concept confidence; Primitive ambiguity; Broad initial wedge; Why-now missing
C-0196,AI Permit Intelligence Network,Match,Match resources,Community,Community manager,2,Intuition,VP-005,Matching Liquidity,"Creates value by lowering search friction and increasing utilization, fit, or fill-rate in a constrained network.",OF-004,Discovery and Liquidity Networks,Value Pattern VP-005 Matching Liquidity -> Discovery and Liquidity Networks,Create upside by increasing what the user can see and lowering the search friction required to turn discovery into allocation.,"VP-005 Matching Liquidity, VP-006 Opportunity Surface Expansion",Low concept confidence; Primitive ambiguity; Why-now missing
C-0197,AI Utility Planning Platform,Simulate,Test scenarios,Physical Operations,Infrastructure operator,2,Intuition,VP-008,Pre-Commitment Foresight,Creates value by reducing the cost of uncertainty before irreversible action is taken.,OF-002,Decision and Foresight Infrastructure,Value Pattern VP-008 Pre-Commitment Foresight -> Decision and Foresight Infrastructure,"Raise judgment quality and reduce irreversible mistakes by turning weak signals, tradeoffs, and scenario uncertainty into clearer pre-commitment choices.","VP-002 Decision Advantage, VP-008 Pre-Commitment Foresight",Low concept confidence; Why-now missing
C-0198,AI Corporate Knowledge Marketplace,Remember,Preserve context,Operations,Operations executive,2,Intuition,VP-003,Memory Infrastructure,"Transforms past operating knowledge into future leverage by lowering search, reconstruction, and onboarding costs.",OF-001,Operational Execution Infrastructure,Value Pattern VP-003 Memory Infrastructure -> Operational Execution Infrastructure,"Convert fragmented execution and lost context into faster cycle times, lower coordination overhead, and more repeatable operating throughput.","VP-001 Workflow Compression, VP-003 Memory Infrastructure",Low concept confidence; Primitive ambiguity; Broad initial wedge; Why-now missing
C-0199,AI Business Benchmark Network,Verify,Verify quality,Workflow,Operations manager,2,Intuition,VP-004,Trust Infrastructure,"Unlocks action by reducing the cost of validation, compliance, and quality assurance.",OF-003,Trust and Adaptive Governance,Value Pattern VP-004 Trust Infrastructure -> Trust and Adaptive Governance,"Lower the cost of action under uncertainty by combining verification, readiness, and continuous re-alignment instead of static governance.","VP-004 Trust Infrastructure, VP-009 Adaptive Control",Low concept confidence; Primitive ambiguity; Why-now missing
C-0200,AI Franchise Brain,Remember,Preserve context,Workflow,Operations manager,2,Intuition,VP-003,Memory Infrastructure,"Transforms past operating knowledge into future leverage by lowering search, reconstruction, and onboarding costs.",OF-001,Operational Execution Infrastructure,Value Pattern VP-003 Memory Infrastructure -> Operational Execution Infrastructure,"Convert fragmented execution and lost context into faster cycle times, lower coordination overhead, and more repeatable operating throughput.","VP-001 Workflow Compression, VP-003 Memory Infrastructure",Low concept confidence; Primitive ambiguity; Why-now missing
C-0201,Workflow Benchmark Exchange,Verify,Verify quality,Workflow,Operations manager,2,Intuition,VP-004,Trust Infrastructure,"Unlocks action by reducing the cost of validation, compliance, and quality assurance.",OF-003,Trust and Adaptive Governance,Value Pattern VP-004 Trust Infrastructure -> Trust and Adaptive Governance,"Lower the cost of action under uncertainty by combining verification, readiness, and continuous re-alignment instead of static governance.","VP-004 Trust Infrastructure, VP-009 Adaptive Control",Low concept confidence; Primitive ambiguity; Why-now missing
C-0202,Enterprise Decision Network,Optimize,Improve decisions,Operations,Operations executive,2,Intuition,VP-002,Decision Advantage,Improves the quality of prioritization and intervention decisions where mistakes or delays are expensive.,OF-002,Decision and Foresight Infrastructure,Value Pattern VP-002 Decision Advantage -> Decision and Foresight Infrastructure,"Raise judgment quality and reduce irreversible mistakes by turning weak signals, tradeoffs, and scenario uncertainty into clearer pre-commitment choices.","VP-002 Decision Advantage, VP-008 Pre-Commitment Foresight",Low concept confidence; Broad initial wedge; Why-now missing
C-0203,AI Negotiation Network,Optimize,Improve execution,Community,Community manager,2,Intuition,VP-002,Decision Advantage,Improves the quality of prioritization and intervention decisions where mistakes or delays are expensive.,OF-002,Decision and Foresight Infrastructure,Value Pattern VP-002 Decision Advantage -> Decision and Foresight Infrastructure,"Raise judgment quality and reduce irreversible mistakes by turning weak signals, tradeoffs, and scenario uncertainty into clearer pre-commitment choices.","VP-002 Decision Advantage, VP-008 Pre-Commitment Foresight",Low concept confidence; Primitive ambiguity; Why-now missing
C-0204,AI Incident Library,Coordinate,Coordinate work,Operations,Operations executive,2,Intuition,VP-001,Workflow Compression,"Converts fragmented workflows into shorter cycle times, fewer stalls, and lower execution overhead.",OF-001,Operational Execution Infrastructure,Value Pattern VP-001 Workflow Compression -> Operational Execution Infrastructure,"Convert fragmented execution and lost context into faster cycle times, lower coordination overhead, and more repeatable operating throughput.","VP-001 Workflow Compression, VP-003 Memory Infrastructure",Low concept confidence; Primitive ambiguity; Broad initial wedge; Why-now missing
C-0205,Operational Pattern Exchange,Discover,Find opportunities,Operations,Operations executive,2,Intuition,VP-006,Opportunity Surface Expansion,"Creates upside by expanding the set of credible opportunities a team can see, compare, or pursue.",OF-004,Discovery and Liquidity Networks,Value Pattern VP-006 Opportunity Surface Expansion -> Discovery and Liquidity Networks,Create upside by increasing what the user can see and lowering the search friction required to turn discovery into allocation.,"VP-005 Matching Liquidity, VP-006 Opportunity Surface Expansion",Low concept confidence; Broad initial wedge; Why-now missing
C-0206,AI Church Operations Platform,Coordinate,Coordinate work,Workflow,Operations manager,1,None,VP-001,Workflow Compression,"Converts fragmented workflows into shorter cycle times, fewer stalls, and lower execution overhead.",OF-001,Operational Execution Infrastructure,Value Pattern VP-001 Workflow Compression -> Operational Execution Infrastructure,"Convert fragmented execution and lost context into faster cycle times, lower coordination overhead, and more repeatable operating throughput.","VP-001 Workflow Compression, VP-003 Memory Infrastructure",Low concept confidence; Primitive ambiguity; Why-now missing
C-0207,AI Cemetery & Memorial Platform,Coordinate,Coordinate work,Operations,Operations executive,1,None,VP-001,Workflow Compression,"Converts fragmented workflows into shorter cycle times, fewer stalls, and lower execution overhead.",OF-001,Operational Execution Infrastructure,Value Pattern VP-001 Workflow Compression -> Operational Execution Infrastructure,"Convert fragmented execution and lost context into faster cycle times, lower coordination overhead, and more repeatable operating throughput.","VP-001 Workflow Compression, VP-003 Memory Infrastructure",Low concept confidence; Primitive ambiguity; Broad initial wedge; Why-now missing
C-0208,AI Sports League Commissioner,Match,Match resources,Operations,Operations executive,1,None,VP-005,Matching Liquidity,"Creates value by lowering search friction and increasing utilization, fit, or fill-rate in a constrained network.",OF-004,Discovery and Liquidity Networks,Value Pattern VP-005 Matching Liquidity -> Discovery and Liquidity Networks,Create upside by increasing what the user can see and lowering the search friction required to turn discovery into allocation.,"VP-005 Matching Liquidity, VP-006 Opportunity Surface Expansion",Low concept confidence; Primitive ambiguity; Broad initial wedge; Why-now missing
C-0209,AI School District Operations Brain,Remember,Preserve context,Workflow,Operations manager,2,None,VP-003,Memory Infrastructure,"Transforms past operating knowledge into future leverage by lowering search, reconstruction, and onboarding costs.",OF-001,Operational Execution Infrastructure,Value Pattern VP-003 Memory Infrastructure -> Operational Execution Infrastructure,"Convert fragmented execution and lost context into faster cycle times, lower coordination overhead, and more repeatable operating throughput.","VP-001 Workflow Compression, VP-003 Memory Infrastructure",Low concept confidence; Why-now missing
C-0210,AI Nonprofit Operating System,Coordinate,Coordinate work,Operations,Operations executive,1,None,VP-001,Workflow Compression,"Converts fragmented workflows into shorter cycle times, fewer stalls, and lower execution overhead.",OF-001,Operational Execution Infrastructure,Value Pattern VP-001 Workflow Compression -> Operational Execution Infrastructure,"Convert fragmented execution and lost context into faster cycle times, lower coordination overhead, and more repeatable operating throughput.","VP-001 Workflow Compression, VP-003 Memory Infrastructure",Low concept confidence; Primitive ambiguity; Broad initial wedge; Why-now missing
C-0211,AI Commitment Coach,Learn,Accelerate execution,Operations,Operations executive,2,Intuition,VP-007,Compounding Loops,Creates durable value through repeated-use reinforcement rather than one-time task completion.,OF-005,Capability Capital Platforms,Value Pattern VP-007 Compounding Loops -> Capability Capital Platforms,"Build durable leverage by ensuring each cycle leaves behind skills, assets, or operating capital that makes the next cycle stronger.","VP-007 Compounding Loops, VP-010 Assetization Engines",Low concept confidence; Why-now missing
C-0212,Decision Bias Detector,Optimize,Improve decisions,Operations,Operations executive,2,Intuition,VP-002,Decision Advantage,Improves the quality of prioritization and intervention decisions where mistakes or delays are expensive.,OF-002,Decision and Foresight Infrastructure,Value Pattern VP-002 Decision Advantage -> Decision and Foresight Infrastructure,"Raise judgment quality and reduce irreversible mistakes by turning weak signals, tradeoffs, and scenario uncertainty into clearer pre-commitment choices.","VP-002 Decision Advantage, VP-008 Pre-Commitment Foresight",Low concept confidence; Broad initial wedge; Why-now missing
C-0213,Meeting Dynamics Analyzer,Coordinate,Coordinate work,Operations,Operations executive,2,Intuition,VP-001,Workflow Compression,"Converts fragmented workflows into shorter cycle times, fewer stalls, and lower execution overhead.",OF-001,Operational Execution Infrastructure,Value Pattern VP-001 Workflow Compression -> Operational Execution Infrastructure,"Convert fragmented execution and lost context into faster cycle times, lower coordination overhead, and more repeatable operating throughput.","VP-001 Workflow Compression, VP-003 Memory Infrastructure",Low concept confidence; Primitive ambiguity; Broad initial wedge; Why-now missing
C-0214,Trust Graph,Verify,Verify quality,Operations,Operations executive,2,Intuition,VP-004,Trust Infrastructure,"Unlocks action by reducing the cost of validation, compliance, and quality assurance.",OF-003,Trust and Adaptive Governance,Value Pattern VP-004 Trust Infrastructure -> Trust and Adaptive Governance,"Lower the cost of action under uncertainty by combining verification, readiness, and continuous re-alignment instead of static governance.","VP-004 Trust Infrastructure, VP-009 Adaptive Control",Low concept confidence; Primitive ambiguity; Broad initial wedge; Why-now missing
C-0215,Executive Thinking Coach,Optimize,Improve decisions,Operations,Operations executive,2,Intuition,VP-002,Decision Advantage,Improves the quality of prioritization and intervention decisions where mistakes or delays are expensive.,OF-002,Decision and Foresight Infrastructure,Value Pattern VP-002 Decision Advantage -> Decision and Foresight Infrastructure,"Raise judgment quality and reduce irreversible mistakes by turning weak signals, tradeoffs, and scenario uncertainty into clearer pre-commitment choices.","VP-002 Decision Advantage, VP-008 Pre-Commitment Foresight",Low concept confidence; Why-now missing
C-0216,Enterprise Immune System,Verify,Verify quality,Operations,Operations executive,2,Intuition,VP-004,Trust Infrastructure,"Unlocks action by reducing the cost of validation, compliance, and quality assurance.",OF-003,Trust and Adaptive Governance,Value Pattern VP-004 Trust Infrastructure -> Trust and Adaptive Governance,"Lower the cost of action under uncertainty by combining verification, readiness, and continuous re-alignment instead of static governance.","VP-004 Trust Infrastructure, VP-009 Adaptive Control",Low concept confidence; Primitive ambiguity; Broad initial wedge; Why-now missing
C-0217,Corporate DNA Sequencer,Coordinate,Coordinate work,Operations,Operations executive,2,Intuition,VP-001,Workflow Compression,"Converts fragmented workflows into shorter cycle times, fewer stalls, and lower execution overhead.",OF-001,Operational Execution Infrastructure,Value Pattern VP-001 Workflow Compression -> Operational Execution Infrastructure,"Convert fragmented execution and lost context into faster cycle times, lower coordination overhead, and more repeatable operating throughput.","VP-001 Workflow Compression, VP-003 Memory Infrastructure",Low concept confidence; Primitive ambiguity; Broad initial wedge; Why-now missing
C-0218,Business Evolution Engine,Coordinate,Coordinate work,Operations,Operations executive,2,Intuition,VP-001,Workflow Compression,"Converts fragmented workflows into shorter cycle times, fewer stalls, and lower execution overhead.",OF-001,Operational Execution Infrastructure,Value Pattern VP-001 Workflow Compression -> Operational Execution Infrastructure,"Convert fragmented execution and lost context into faster cycle times, lower coordination overhead, and more repeatable operating throughput.","VP-001 Workflow Compression, VP-003 Memory Infrastructure",Low concept confidence; Primitive ambiguity; Broad initial wedge; Why-now missing
C-0219,AI Market Maker for Knowledge,Remember,Preserve context,Operations,Operations executive,2,Intuition,VP-003,Memory Infrastructure,"Transforms past operating knowledge into future leverage by lowering search, reconstruction, and onboarding costs.",OF-001,Operational Execution Infrastructure,Value Pattern VP-003 Memory Infrastructure -> Operational Execution Infrastructure,"Convert fragmented execution and lost context into faster cycle times, lower coordination overhead, and more repeatable operating throughput.","VP-001 Workflow Compression, VP-003 Memory Infrastructure",Low concept confidence; Broad initial wedge; Why-now missing
C-0220,Economic Weather Forecast,Predict,Predict outcomes,Operations,Operations executive,2,Intuition,VP-008,Pre-Commitment Foresight,Creates value by reducing the cost of uncertainty before irreversible action is taken.,OF-002,Decision and Foresight Infrastructure,Value Pattern VP-008 Pre-Commitment Foresight -> Decision and Foresight Infrastructure,"Raise judgment quality and reduce irreversible mistakes by turning weak signals, tradeoffs, and scenario uncertainty into clearer pre-commitment choices.","VP-002 Decision Advantage, VP-008 Pre-Commitment Foresight",Low concept confidence; Broad initial wedge; Why-now missing
C-0221,AI Practice Builder,Learn,Accelerate execution,Commercial,Revenue operations leader,3,Pattern Evidence,VP-007,Compounding Loops,Creates durable value through repeated-use reinforcement rather than one-time task completion.,OF-005,Capability Capital Platforms,Value Pattern VP-007 Compounding Loops -> Capability Capital Platforms,"Build durable leverage by ensuring each cycle leaves behind skills, assets, or operating capital that makes the next cycle stronger.","VP-007 Compounding Loops, VP-010 Assetization Engines",Why-now missing
C-0222,Expertise-to-Business Platform,Learn,Accelerate execution,Operations,Operations executive,4,Revenue Evidence,VP-007,Compounding Loops,Creates durable value through repeated-use reinforcement rather than one-time task completion.,OF-005,Capability Capital Platforms,Value Pattern VP-007 Compounding Loops -> Capability Capital Platforms,"Build durable leverage by ensuring each cycle leaves behind skills, assets, or operating capital that makes the next cycle stronger.","VP-007 Compounding Loops, VP-010 Assetization Engines",Why-now missing
C-0223,AI Boutique Consulting Firm,Discover,Find opportunities,Research,R&D leader,3,Pattern Evidence,VP-006,Opportunity Surface Expansion,"Creates upside by expanding the set of credible opportunities a team can see, compare, or pursue.",OF-004,Discovery and Liquidity Networks,Value Pattern VP-006 Opportunity Surface Expansion -> Discovery and Liquidity Networks,Create upside by increasing what the user can see and lowering the search friction required to turn discovery into allocation.,"VP-005 Matching Liquidity, VP-006 Opportunity Surface Expansion",Why-now missing
C-0224,AI Reputation Engine,Verify,Verify quality,Community,Community manager,3,Pattern Evidence,VP-004,Trust Infrastructure,"Unlocks action by reducing the cost of validation, compliance, and quality assurance.",OF-003,Trust and Adaptive Governance,Value Pattern VP-004 Trust Infrastructure -> Trust and Adaptive Governance,"Lower the cost of action under uncertainty by combining verification, readiness, and continuous re-alignment instead of static governance.","VP-004 Trust Infrastructure, VP-009 Adaptive Control",Why-now missing
C-0225,Personal Operating Company,Optimize,Improve decisions,Operations,Operations executive,2,Pattern Evidence,VP-002,Decision Advantage,Improves the quality of prioritization and intervention decisions where mistakes or delays are expensive.,OF-002,Decision and Foresight Infrastructure,Value Pattern VP-002 Decision Advantage -> Decision and Foresight Infrastructure,"Raise judgment quality and reduce irreversible mistakes by turning weak signals, tradeoffs, and scenario uncertainty into clearer pre-commitment choices.","VP-002 Decision Advantage, VP-008 Pre-Commitment Foresight",Low concept confidence; Primitive ambiguity; Broad initial wedge; Why-now missing
C-0226,AI Research Partner,Discover,Find opportunities,Research,R&D leader,3,Pattern Evidence,VP-006,Opportunity Surface Expansion,"Creates upside by expanding the set of credible opportunities a team can see, compare, or pursue.",OF-004,Discovery and Liquidity Networks,Value Pattern VP-006 Opportunity Surface Expansion -> Discovery and Liquidity Networks,Create upside by increasing what the user can see and lowering the search friction required to turn discovery into allocation.,"VP-005 Matching Liquidity, VP-006 Opportunity Surface Expansion",Why-now missing
C-0227,AI Expert Network,Match,Match resources,Community,Community manager,2,Pattern Evidence,VP-005,Matching Liquidity,"Creates value by lowering search friction and increasing utilization, fit, or fill-rate in a constrained network.",OF-004,Discovery and Liquidity Networks,Value Pattern VP-005 Matching Liquidity -> Discovery and Liquidity Networks,Create upside by increasing what the user can see and lowering the search friction required to turn discovery into allocation.,"VP-005 Matching Liquidity, VP-006 Opportunity Surface Expansion",Low concept confidence; Primitive ambiguity; Why-now missing
C-0228,AI Career Compounder,Compound,Compound gains,Operations,Operations executive,2,Pattern Evidence,VP-007,Compounding Loops,Creates durable value through repeated-use reinforcement rather than one-time task completion.,OF-005,Capability Capital Platforms,Value Pattern VP-007 Compounding Loops -> Capability Capital Platforms,"Build durable leverage by ensuring each cycle leaves behind skills, assets, or operating capital that makes the next cycle stronger.","VP-007 Compounding Loops, VP-010 Assetization Engines",Low concept confidence; Primitive ambiguity; Broad initial wedge; Why-now missing
C-0229,AI Proposal Engine,Optimize,Improve decisions,Operations,Operations executive,3,Pattern Evidence,VP-002,Decision Advantage,Improves the quality of prioritization and intervention decisions where mistakes or delays are expensive.,OF-002,Decision and Foresight Infrastructure,Value Pattern VP-002 Decision Advantage -> Decision and Foresight Infrastructure,"Raise judgment quality and reduce irreversible mistakes by turning weak signals, tradeoffs, and scenario uncertainty into clearer pre-commitment choices.","VP-002 Decision Advantage, VP-008 Pre-Commitment Foresight",Broad initial wedge; Why-now missing
C-0230,AI Domain Expert Compiler,Remember,Preserve context,Operations,Operations executive,4,Revenue Evidence,VP-003,Memory Infrastructure,"Transforms past operating knowledge into future leverage by lowering search, reconstruction, and onboarding costs.",OF-001,Operational Execution Infrastructure,Value Pattern VP-003 Memory Infrastructure -> Operational Execution Infrastructure,"Convert fragmented execution and lost context into faster cycle times, lower coordination overhead, and more repeatable operating throughput.","VP-001 Workflow Compression, VP-003 Memory Infrastructure",Primitive ambiguity; Broad initial wedge; Why-now missing
C-0231,Knowledge Business OS,Remember,Preserve context,Commercial,Revenue operations leader,2,Pattern Evidence,VP-003,Memory Infrastructure,"Transforms past operating knowledge into future leverage by lowering search, reconstruction, and onboarding costs.",OF-001,Operational Execution Infrastructure,Value Pattern VP-003 Memory Infrastructure -> Operational Execution Infrastructure,"Convert fragmented execution and lost context into faster cycle times, lower coordination overhead, and more repeatable operating throughput.","VP-001 Workflow Compression, VP-003 Memory Infrastructure",Low concept confidence; Primitive ambiguity; Why-now missing
C-0232,AI Research Studio,Discover,Find opportunities,Research,Research scientist,3,Pattern Evidence,VP-006,Opportunity Surface Expansion,"Creates upside by expanding the set of credible opportunities a team can see, compare, or pursue.",OF-004,Discovery and Liquidity Networks,Value Pattern VP-006 Opportunity Surface Expansion -> Discovery and Liquidity Networks,Create upside by increasing what the user can see and lowering the search friction required to turn discovery into allocation.,"VP-005 Matching Liquidity, VP-006 Opportunity Surface Expansion",Why-now missing
C-0233,AI Community Architect,Verify,Verify quality,Community,Community manager,2,Pattern Evidence,VP-004,Trust Infrastructure,"Unlocks action by reducing the cost of validation, compliance, and quality assurance.",OF-003,Trust and Adaptive Governance,Value Pattern VP-004 Trust Infrastructure -> Trust and Adaptive Governance,"Lower the cost of action under uncertainty by combining verification, readiness, and continuous re-alignment instead of static governance.","VP-004 Trust Infrastructure, VP-009 Adaptive Control",Low concept confidence; Primitive ambiguity; Why-now missing
C-0234,AI Expert Marketplace,Learn,Accelerate execution,Commercial,Revenue operations leader,4,Revenue Evidence,VP-007,Compounding Loops,Creates durable value through repeated-use reinforcement rather than one-time task completion.,OF-005,Capability Capital Platforms,Value Pattern VP-007 Compounding Loops -> Capability Capital Platforms,"Build durable leverage by ensuring each cycle leaves behind skills, assets, or operating capital that makes the next cycle stronger.","VP-007 Compounding Loops, VP-010 Assetization Engines",Why-now missing
C-0235,AI Curriculum Builder,Learn,Accelerate execution,Operations,Operations executive,3,Pattern Evidence,VP-007,Compounding Loops,Creates durable value through repeated-use reinforcement rather than one-time task completion.,OF-005,Capability Capital Platforms,Value Pattern VP-007 Compounding Loops -> Capability Capital Platforms,"Build durable leverage by ensuring each cycle leaves behind skills, assets, or operating capital that makes the next cycle stronger.","VP-007 Compounding Loops, VP-010 Assetization Engines",Broad initial wedge; Why-now missing
C-0236,AI Creator Intelligence,Create,Create reusable outputs,Content & IP,Creator,3,Revenue Evidence,VP-010,Assetization Engines,Creates leverage by converting transient effort into reusable intellectual or operating capital.,OF-005,Capability Capital Platforms,Value Pattern VP-010 Assetization Engines -> Capability Capital Platforms,"Build durable leverage by ensuring each cycle leaves behind skills, assets, or operating capital that makes the next cycle stronger.","VP-007 Compounding Loops, VP-010 Assetization Engines",Primitive ambiguity; Why-now missing
C-0237,AI Licensing Network,Optimize,Improve decisions,Operations,Operations executive,2,Pattern Evidence,VP-002,Decision Advantage,Improves the quality of prioritization and intervention decisions where mistakes or delays are expensive.,OF-002,Decision and Foresight Infrastructure,Value Pattern VP-002 Decision Advantage -> Decision and Foresight Infrastructure,"Raise judgment quality and reduce irreversible mistakes by turning weak signals, tradeoffs, and scenario uncertainty into clearer pre-commitment choices.","VP-002 Decision Advantage, VP-008 Pre-Commitment Foresight",Low concept confidence; Primitive ambiguity; Broad initial wedge; Why-now missing
C-0238,AI Expert Simulator,Learn,Accelerate execution,Operations,Operations executive,3,Pattern Evidence,VP-007,Compounding Loops,Creates durable value through repeated-use reinforcement rather than one-time task completion.,OF-005,Capability Capital Platforms,Value Pattern VP-007 Compounding Loops -> Capability Capital Platforms,"Build durable leverage by ensuring each cycle leaves behind skills, assets, or operating capital that makes the next cycle stronger.","VP-007 Compounding Loops, VP-010 Assetization Engines",Why-now missing
C-0239,Creator Operating Company,Create,Create reusable outputs,Operations,Operations executive,3,Pattern Evidence,VP-010,Assetization Engines,Creates leverage by converting transient effort into reusable intellectual or operating capital.,OF-005,Capability Capital Platforms,Value Pattern VP-010 Assetization Engines -> Capability Capital Platforms,"Build durable leverage by ensuring each cycle leaves behind skills, assets, or operating capital that makes the next cycle stronger.","VP-007 Compounding Loops, VP-010 Assetization Engines",Broad initial wedge; Why-now missing
C-0240,AI Intellectual Property Factory,Optimize,Improve creation,Content & IP,Creator,3,Pattern Evidence,VP-002,Decision Advantage,Improves the quality of prioritization and intervention decisions where mistakes or delays are expensive.,OF-002,Decision and Foresight Infrastructure,Value Pattern VP-002 Decision Advantage -> Decision and Foresight Infrastructure,"Raise judgment quality and reduce irreversible mistakes by turning weak signals, tradeoffs, and scenario uncertainty into clearer pre-commitment choices.","VP-002 Decision Advantage, VP-008 Pre-Commitment Foresight",Primitive ambiguity; Why-now missing
C-0241,Judgment Engine,Optimize,Improve decisions,Legal,Legal operations leader,3,Pattern Evidence,VP-002,Decision Advantage,Improves the quality of prioritization and intervention decisions where mistakes or delays are expensive.,OF-002,Decision and Foresight Infrastructure,Value Pattern VP-002 Decision Advantage -> Decision and Foresight Infrastructure,"Raise judgment quality and reduce irreversible mistakes by turning weak signals, tradeoffs, and scenario uncertainty into clearer pre-commitment choices.","VP-002 Decision Advantage, VP-008 Pre-Commitment Foresight",Why-now missing
C-0242,AI Case Strategy Simulator,Optimize,Improve decisions,Legal,Legal operations leader,2,Pattern Evidence,VP-002,Decision Advantage,Improves the quality of prioritization and intervention decisions where mistakes or delays are expensive.,OF-002,Decision and Foresight Infrastructure,Value Pattern VP-002 Decision Advantage -> Decision and Foresight Infrastructure,"Raise judgment quality and reduce irreversible mistakes by turning weak signals, tradeoffs, and scenario uncertainty into clearer pre-commitment choices.","VP-002 Decision Advantage, VP-008 Pre-Commitment Foresight",Low concept confidence; Primitive ambiguity; Why-now missing
C-0243,Client Lifetime Platform,Predict,Predict outcomes,Legal,Legal operations leader,3,Pattern Evidence,VP-008,Pre-Commitment Foresight,Creates value by reducing the cost of uncertainty before irreversible action is taken.,OF-002,Decision and Foresight Infrastructure,Value Pattern VP-008 Pre-Commitment Foresight -> Decision and Foresight Infrastructure,"Raise judgment quality and reduce irreversible mistakes by turning weak signals, tradeoffs, and scenario uncertainty into clearer pre-commitment choices.","VP-002 Decision Advantage, VP-008 Pre-Commitment Foresight",Why-now missing
C-0244,Professional Knowledge Exchange,Optimize,Improve decisions,Operations,Operations executive,3,Pattern Evidence,VP-002,Decision Advantage,Improves the quality of prioritization and intervention decisions where mistakes or delays are expensive.,OF-002,Decision and Foresight Infrastructure,Value Pattern VP-002 Decision Advantage -> Decision and Foresight Infrastructure,"Raise judgment quality and reduce irreversible mistakes by turning weak signals, tradeoffs, and scenario uncertainty into clearer pre-commitment choices.","VP-002 Decision Advantage, VP-008 Pre-Commitment Foresight",Broad initial wedge; Why-now missing
C-0245,AI Trust Graph,Verify,Verify quality,Community,Community manager,3,Pattern Evidence,VP-004,Trust Infrastructure,"Unlocks action by reducing the cost of validation, compliance, and quality assurance.",OF-003,Trust and Adaptive Governance,Value Pattern VP-004 Trust Infrastructure -> Trust and Adaptive Governance,"Lower the cost of action under uncertainty by combining verification, readiness, and continuous re-alignment instead of static governance.","VP-004 Trust Infrastructure, VP-009 Adaptive Control",Why-now missing
C-0246,AI Succession Platform,Remember,Preserve context,Personal Development,Individual professional,3,Pattern Evidence,VP-003,Memory Infrastructure,"Transforms past operating knowledge into future leverage by lowering search, reconstruction, and onboarding costs.",OF-001,Operational Execution Infrastructure,Value Pattern VP-003 Memory Infrastructure -> Operational Execution Infrastructure,"Convert fragmented execution and lost context into faster cycle times, lower coordination overhead, and more repeatable operating throughput.","VP-001 Workflow Compression, VP-003 Memory Infrastructure",Broad initial wedge; Why-now missing
C-0247,AI Decision Evidence Platform,Optimize,Improve decisions,Operations,Operations executive,3,Pattern Evidence,VP-002,Decision Advantage,Improves the quality of prioritization and intervention decisions where mistakes or delays are expensive.,OF-002,Decision and Foresight Infrastructure,Value Pattern VP-002 Decision Advantage -> Decision and Foresight Infrastructure,"Raise judgment quality and reduce irreversible mistakes by turning weak signals, tradeoffs, and scenario uncertainty into clearer pre-commitment choices.","VP-002 Decision Advantage, VP-008 Pre-Commitment Foresight",Broad initial wedge; Why-now missing
C-0248,AI Reputation Marketplace,Match,Match resources,Physical Operations,Quality manager,2,Pattern Evidence,VP-005,Matching Liquidity,"Creates value by lowering search friction and increasing utilization, fit, or fill-rate in a constrained network.",OF-004,Discovery and Liquidity Networks,Value Pattern VP-005 Matching Liquidity -> Discovery and Liquidity Networks,Create upside by increasing what the user can see and lowering the search friction required to turn discovery into allocation.,"VP-005 Matching Liquidity, VP-006 Opportunity Surface Expansion",Low concept confidence; Primitive ambiguity; Why-now missing
C-0249,Multi-Generational Advisor,Verify,Verify quality,Community,Community manager,3,Pattern Evidence,VP-004,Trust Infrastructure,"Unlocks action by reducing the cost of validation, compliance, and quality assurance.",OF-003,Trust and Adaptive Governance,Value Pattern VP-004 Trust Infrastructure -> Trust and Adaptive Governance,"Lower the cost of action under uncertainty by combining verification, readiness, and continuous re-alignment instead of static governance.","VP-004 Trust Infrastructure, VP-009 Adaptive Control",Why-now missing
C-0250,Decision Capital Platform,Optimize,Improve decisions,Operations,Operations executive,3,Pattern Evidence,VP-002,Decision Advantage,Improves the quality of prioritization and intervention decisions where mistakes or delays are expensive.,OF-002,Decision and Foresight Infrastructure,Value Pattern VP-002 Decision Advantage -> Decision and Foresight Infrastructure,"Raise judgment quality and reduce irreversible mistakes by turning weak signals, tradeoffs, and scenario uncertainty into clearer pre-commitment choices.","VP-002 Decision Advantage, VP-008 Pre-Commitment Foresight",Broad initial wedge; Why-now missing
C-0251,Life Event Intelligence,Predict,Predict outcomes,Commercial,Revenue operations leader,3,Pattern Evidence,VP-008,Pre-Commitment Foresight,Creates value by reducing the cost of uncertainty before irreversible action is taken.,OF-002,Decision and Foresight Infrastructure,Value Pattern VP-008 Pre-Commitment Foresight -> Decision and Foresight Infrastructure,"Raise judgment quality and reduce irreversible mistakes by turning weak signals, tradeoffs, and scenario uncertainty into clearer pre-commitment choices.","VP-002 Decision Advantage, VP-008 Pre-Commitment Foresight",Why-now missing
C-0252,AI Local Business Network,Match,Match resources,Community,Community manager,2,Pattern Evidence,VP-005,Matching Liquidity,"Creates value by lowering search friction and increasing utilization, fit, or fill-rate in a constrained network.",OF-004,Discovery and Liquidity Networks,Value Pattern VP-005 Matching Liquidity -> Discovery and Liquidity Networks,Create upside by increasing what the user can see and lowering the search friction required to turn discovery into allocation.,"VP-005 Matching Liquidity, VP-006 Opportunity Surface Expansion",Low concept confidence; Primitive ambiguity; Why-now missing
C-0253,Property Digital Twin,Remember,Preserve context,Infrastructure,Utility planner,3,Pattern Evidence,VP-003,Memory Infrastructure,"Transforms past operating knowledge into future leverage by lowering search, reconstruction, and onboarding costs.",OF-001,Operational Execution Infrastructure,Value Pattern VP-003 Memory Infrastructure -> Operational Execution Infrastructure,"Convert fragmented execution and lost context into faster cycle times, lower coordination overhead, and more repeatable operating throughput.","VP-001 Workflow Compression, VP-003 Memory Infrastructure",Why-now missing
C-0254,AI Trust Passport,Verify,Verify quality,Commercial,Revenue operations leader,3,Pattern Evidence,VP-004,Trust Infrastructure,"Unlocks action by reducing the cost of validation, compliance, and quality assurance.",OF-003,Trust and Adaptive Governance,Value Pattern VP-004 Trust Infrastructure -> Trust and Adaptive Governance,"Lower the cost of action under uncertainty by combining verification, readiness, and continuous re-alignment instead of static governance.","VP-004 Trust Infrastructure, VP-009 Adaptive Control",Why-now missing
C-0255,Opportunity Radar,Coordinate,Coordinate work,Commercial,Customer success manager,2,Pattern Evidence,VP-001,Workflow Compression,"Converts fragmented workflows into shorter cycle times, fewer stalls, and lower execution overhead.",OF-001,Operational Execution Infrastructure,Value Pattern VP-001 Workflow Compression -> Operational Execution Infrastructure,"Convert fragmented execution and lost context into faster cycle times, lower coordination overhead, and more repeatable operating throughput.","VP-001 Workflow Compression, VP-003 Memory Infrastructure",Low concept confidence; Primitive ambiguity; Why-now missing
C-0256,Local Intelligence Exchange,Discover,Find opportunities,Infrastructure,Infrastructure planner,3,Pattern Evidence,VP-006,Opportunity Surface Expansion,"Creates upside by expanding the set of credible opportunities a team can see, compare, or pursue.",OF-004,Discovery and Liquidity Networks,Value Pattern VP-006 Opportunity Surface Expansion -> Discovery and Liquidity Networks,Create upside by increasing what the user can see and lowering the search friction required to turn discovery into allocation.,"VP-005 Matching Liquidity, VP-006 Opportunity Surface Expansion",Why-now missing
C-0257,Relationship Graph,Optimize,Improve execution,Physical Operations,Quality manager,3,Pattern Evidence,VP-002,Decision Advantage,Improves the quality of prioritization and intervention decisions where mistakes or delays are expensive.,OF-002,Decision and Foresight Infrastructure,Value Pattern VP-002 Decision Advantage -> Decision and Foresight Infrastructure,"Raise judgment quality and reduce irreversible mistakes by turning weak signals, tradeoffs, and scenario uncertainty into clearer pre-commitment choices.","VP-002 Decision Advantage, VP-008 Pre-Commitment Foresight",Why-now missing
C-0258,AI Small Business Holding Company,Coordinate,Coordinate work,Operations,Operations executive,2,Pattern Evidence,VP-001,Workflow Compression,"Converts fragmented workflows into shorter cycle times, fewer stalls, and lower execution overhead.",OF-001,Operational Execution Infrastructure,Value Pattern VP-001 Workflow Compression -> Operational Execution Infrastructure,"Convert fragmented execution and lost context into faster cycle times, lower coordination overhead, and more repeatable operating throughput.","VP-001 Workflow Compression, VP-003 Memory Infrastructure",Low concept confidence; Primitive ambiguity; Broad initial wedge; Why-now missing
C-0259,AI Customer Lifetime Architect,Optimize,Improve decisions,Commercial,Revenue operations leader,2,Pattern Evidence,VP-002,Decision Advantage,Improves the quality of prioritization and intervention decisions where mistakes or delays are expensive.,OF-002,Decision and Foresight Infrastructure,Value Pattern VP-002 Decision Advantage -> Decision and Foresight Infrastructure,"Raise judgment quality and reduce irreversible mistakes by turning weak signals, tradeoffs, and scenario uncertainty into clearer pre-commitment choices.","VP-002 Decision Advantage, VP-008 Pre-Commitment Foresight",Low concept confidence; Primitive ambiguity; Why-now missing
C-0260,AI Neighborhood Brain,Remember,Preserve context,Physical Operations,Supply chain manager,3,Pattern Evidence,VP-003,Memory Infrastructure,"Transforms past operating knowledge into future leverage by lowering search, reconstruction, and onboarding costs.",OF-001,Operational Execution Infrastructure,Value Pattern VP-003 Memory Infrastructure -> Operational Execution Infrastructure,"Convert fragmented execution and lost context into faster cycle times, lower coordination overhead, and more repeatable operating throughput.","VP-001 Workflow Compression, VP-003 Memory Infrastructure",Why-now missing
C-0261,AI Product Studio,Discover,Find opportunities,Product,Product manager,3,Pattern Evidence,VP-006,Opportunity Surface Expansion,"Creates upside by expanding the set of credible opportunities a team can see, compare, or pursue.",OF-004,Discovery and Liquidity Networks,Value Pattern VP-006 Opportunity Surface Expansion -> Discovery and Liquidity Networks,Create upside by increasing what the user can see and lowering the search friction required to turn discovery into allocation.,"VP-005 Matching Liquidity, VP-006 Opportunity Surface Expansion",Why-now missing
C-0262,Decision Replay Engine,Optimize,Improve decisions,Operations,Operations executive,3,Pattern Evidence,VP-002,Decision Advantage,Improves the quality of prioritization and intervention decisions where mistakes or delays are expensive.,OF-002,Decision and Foresight Infrastructure,Value Pattern VP-002 Decision Advantage -> Decision and Foresight Infrastructure,"Raise judgment quality and reduce irreversible mistakes by turning weak signals, tradeoffs, and scenario uncertainty into clearer pre-commitment choices.","VP-002 Decision Advantage, VP-008 Pre-Commitment Foresight",Broad initial wedge; Why-now missing
C-0263,Design Intelligence Platform,Create,Create reusable outputs,Personal Development,Individual professional,3,Revenue Evidence,VP-010,Assetization Engines,Creates leverage by converting transient effort into reusable intellectual or operating capital.,OF-005,Capability Capital Platforms,Value Pattern VP-010 Assetization Engines -> Capability Capital Platforms,"Build durable leverage by ensuring each cycle leaves behind skills, assets, or operating capital that makes the next cycle stronger.","VP-007 Compounding Loops, VP-010 Assetization Engines",Primitive ambiguity; Broad initial wedge; Why-now missing
C-0264,AI Architecture Reviewer,Remember,Preserve context,Operations,Operations executive,3,Pattern Evidence,VP-003,Memory Infrastructure,"Transforms past operating knowledge into future leverage by lowering search, reconstruction, and onboarding costs.",OF-001,Operational Execution Infrastructure,Value Pattern VP-003 Memory Infrastructure -> Operational Execution Infrastructure,"Convert fragmented execution and lost context into faster cycle times, lower coordination overhead, and more repeatable operating throughput.","VP-001 Workflow Compression, VP-003 Memory Infrastructure",Broad initial wedge; Why-now missing
C-0265,AI Technical Due Diligence,Verify,Verify quality,Operations,Operations executive,2,Pattern Evidence,VP-004,Trust Infrastructure,"Unlocks action by reducing the cost of validation, compliance, and quality assurance.",OF-003,Trust and Adaptive Governance,Value Pattern VP-004 Trust Infrastructure -> Trust and Adaptive Governance,"Lower the cost of action under uncertainty by combining verification, readiness, and continuous re-alignment instead of static governance.","VP-004 Trust Infrastructure, VP-009 Adaptive Control",Low concept confidence; Primitive ambiguity; Broad initial wedge; Why-now missing
C-0266,Product Knowledge Graph,Optimize,Improve decisions,Product,Product manager,3,Pattern Evidence,VP-002,Decision Advantage,Improves the quality of prioritization and intervention decisions where mistakes or delays are expensive.,OF-002,Decision and Foresight Infrastructure,Value Pattern VP-002 Decision Advantage -> Decision and Foresight Infrastructure,"Raise judgment quality and reduce irreversible mistakes by turning weak signals, tradeoffs, and scenario uncertainty into clearer pre-commitment choices.","VP-002 Decision Advantage, VP-008 Pre-Commitment Foresight",Why-now missing
C-0267,AI Innovation Portfolio,Coordinate,Coordinate work,Operations,Operations executive,2,Pattern Evidence,VP-001,Workflow Compression,"Converts fragmented workflows into shorter cycle times, fewer stalls, and lower execution overhead.",OF-001,Operational Execution Infrastructure,Value Pattern VP-001 Workflow Compression -> Operational Execution Infrastructure,"Convert fragmented execution and lost context into faster cycle times, lower coordination overhead, and more repeatable operating throughput.","VP-001 Workflow Compression, VP-003 Memory Infrastructure",Low concept confidence; Primitive ambiguity; Broad initial wedge; Why-now missing
C-0268,AI Build vs Buy Advisor,Optimize,Improve decisions,Operations,Operations executive,3,Pattern Evidence,VP-002,Decision Advantage,Improves the quality of prioritization and intervention decisions where mistakes or delays are expensive.,OF-002,Decision and Foresight Infrastructure,Value Pattern VP-002 Decision Advantage -> Decision and Foresight Infrastructure,"Raise judgment quality and reduce irreversible mistakes by turning weak signals, tradeoffs, and scenario uncertainty into clearer pre-commitment choices.","VP-002 Decision Advantage, VP-008 Pre-Commitment Foresight",Broad initial wedge; Why-now missing
C-0269,Software Evolution Platform,Optimize,Improve decisions,Commercial,Support leader,4,Revenue Evidence,VP-002,Decision Advantage,Improves the quality of prioritization and intervention decisions where mistakes or delays are expensive.,OF-002,Decision and Foresight Infrastructure,Value Pattern VP-002 Decision Advantage -> Decision and Foresight Infrastructure,"Raise judgment quality and reduce irreversible mistakes by turning weak signals, tradeoffs, and scenario uncertainty into clearer pre-commitment choices.","VP-002 Decision Advantage, VP-008 Pre-Commitment Foresight",Why-now missing
C-0270,Engineering Capital Platform,Optimize,Improve execution,Public Sector,Public sector strategist,3,Pattern Evidence,VP-002,Decision Advantage,Improves the quality of prioritization and intervention decisions where mistakes or delays are expensive.,OF-002,Decision and Foresight Infrastructure,Value Pattern VP-002 Decision Advantage -> Decision and Foresight Infrastructure,"Raise judgment quality and reduce irreversible mistakes by turning weak signals, tradeoffs, and scenario uncertainty into clearer pre-commitment choices.","VP-002 Decision Advantage, VP-008 Pre-Commitment Foresight",Primitive ambiguity; Broad initial wedge; Why-now missing
C-0271,Expertise Exchange,Optimize,Improve decisions,Operations,Operations executive,3,Pattern Evidence,VP-002,Decision Advantage,Improves the quality of prioritization and intervention decisions where mistakes or delays are expensive.,OF-002,Decision and Foresight Infrastructure,Value Pattern VP-002 Decision Advantage -> Decision and Foresight Infrastructure,"Raise judgment quality and reduce irreversible mistakes by turning weak signals, tradeoffs, and scenario uncertainty into clearer pre-commitment choices.","VP-002 Decision Advantage, VP-008 Pre-Commitment Foresight",Broad initial wedge; Why-now missing
C-0272,AI Transformation Partner,Coordinate,Coordinate work,Workflow,Operations manager,2,Pattern Evidence,VP-001,Workflow Compression,"Converts fragmented workflows into shorter cycle times, fewer stalls, and lower execution overhead.",OF-001,Operational Execution Infrastructure,Value Pattern VP-001 Workflow Compression -> Operational Execution Infrastructure,"Convert fragmented execution and lost context into faster cycle times, lower coordination overhead, and more repeatable operating throughput.","VP-001 Workflow Compression, VP-003 Memory Infrastructure",Low concept confidence; Primitive ambiguity; Why-now missing
C-0273,Executive Shadow,Optimize,Improve decisions,Operations,Operations executive,3,Pattern Evidence,VP-002,Decision Advantage,Improves the quality of prioritization and intervention decisions where mistakes or delays are expensive.,OF-002,Decision and Foresight Infrastructure,Value Pattern VP-002 Decision Advantage -> Decision and Foresight Infrastructure,"Raise judgment quality and reduce irreversible mistakes by turning weak signals, tradeoffs, and scenario uncertainty into clearer pre-commitment choices.","VP-002 Decision Advantage, VP-008 Pre-Commitment Foresight",Broad initial wedge; Why-now missing
C-0274,AI Board of Advisors,Optimize,Improve decisions,Operations,Operations executive,2,Pattern Evidence,VP-002,Decision Advantage,Improves the quality of prioritization and intervention decisions where mistakes or delays are expensive.,OF-002,Decision and Foresight Infrastructure,Value Pattern VP-002 Decision Advantage -> Decision and Foresight Infrastructure,"Raise judgment quality and reduce irreversible mistakes by turning weak signals, tradeoffs, and scenario uncertainty into clearer pre-commitment choices.","VP-002 Decision Advantage, VP-008 Pre-Commitment Foresight",Low concept confidence; Primitive ambiguity; Broad initial wedge; Why-now missing
C-0275,AI Negotiation Lab,Optimize,Improve decisions,Commercial,Procurement leader,3,Pattern Evidence,VP-002,Decision Advantage,Improves the quality of prioritization and intervention decisions where mistakes or delays are expensive.,OF-002,Decision and Foresight Infrastructure,Value Pattern VP-002 Decision Advantage -> Decision and Foresight Infrastructure,"Raise judgment quality and reduce irreversible mistakes by turning weak signals, tradeoffs, and scenario uncertainty into clearer pre-commitment choices.","VP-002 Decision Advantage, VP-008 Pre-Commitment Foresight",Why-now missing
C-0276,Decision Pattern Marketplace,Optimize,Improve decisions,Operations,Operations executive,3,Pattern Evidence,VP-002,Decision Advantage,Improves the quality of prioritization and intervention decisions where mistakes or delays are expensive.,OF-002,Decision and Foresight Infrastructure,Value Pattern VP-002 Decision Advantage -> Decision and Foresight Infrastructure,"Raise judgment quality and reduce irreversible mistakes by turning weak signals, tradeoffs, and scenario uncertainty into clearer pre-commitment choices.","VP-002 Decision Advantage, VP-008 Pre-Commitment Foresight",Broad initial wedge; Why-now missing
C-0277,AI Transformation Marketplace,Match,Match resources,Operations,Operations executive,2,Pattern Evidence,VP-005,Matching Liquidity,"Creates value by lowering search friction and increasing utilization, fit, or fill-rate in a constrained network.",OF-004,Discovery and Liquidity Networks,Value Pattern VP-005 Matching Liquidity -> Discovery and Liquidity Networks,Create upside by increasing what the user can see and lowering the search friction required to turn discovery into allocation.,"VP-005 Matching Liquidity, VP-006 Opportunity Surface Expansion",Low concept confidence; Primitive ambiguity; Broad initial wedge; Why-now missing
C-0278,Outcome Network,Match,Match resources,Community,Community manager,2,Pattern Evidence,VP-005,Matching Liquidity,"Creates value by lowering search friction and increasing utilization, fit, or fill-rate in a constrained network.",OF-004,Discovery and Liquidity Networks,Value Pattern VP-005 Matching Liquidity -> Discovery and Liquidity Networks,Create upside by increasing what the user can see and lowering the search friction required to turn discovery into allocation.,"VP-005 Matching Liquidity, VP-006 Opportunity Surface Expansion",Low concept confidence; Primitive ambiguity; Why-now missing
C-0279,AI Expertise Index,Learn,Accelerate learning,Talent,Recruiter,3,Pattern Evidence,VP-007,Compounding Loops,Creates durable value through repeated-use reinforcement rather than one-time task completion.,OF-005,Capability Capital Platforms,Value Pattern VP-007 Compounding Loops -> Capability Capital Platforms,"Build durable leverage by ensuring each cycle leaves behind skills, assets, or operating capital that makes the next cycle stronger.","VP-007 Compounding Loops, VP-010 Assetization Engines",Why-now missing
C-0280,Human Capital Exchange,Optimize,Improve capability,Talent,Recruiter,5,Revenue Evidence,VP-002,Decision Advantage,Improves the quality of prioritization and intervention decisions where mistakes or delays are expensive.,OF-002,Decision and Foresight Infrastructure,Value Pattern VP-002 Decision Advantage -> Decision and Foresight Infrastructure,"Raise judgment quality and reduce irreversible mistakes by turning weak signals, tradeoffs, and scenario uncertainty into clearer pre-commitment choices.","VP-002 Decision Advantage, VP-008 Pre-Commitment Foresight",Why-now missing
C-0281,AI Thesis Builder,Optimize,Improve decisions,Commercial,Revenue operations leader,3,Secondary Research,VP-002,Decision Advantage,Improves the quality of prioritization and intervention decisions where mistakes or delays are expensive.,OF-002,Decision and Foresight Infrastructure,Value Pattern VP-002 Decision Advantage -> Decision and Foresight Infrastructure,"Raise judgment quality and reduce irreversible mistakes by turning weak signals, tradeoffs, and scenario uncertainty into clearer pre-commitment choices.","VP-002 Decision Advantage, VP-008 Pre-Commitment Foresight",Primitive ambiguity; Why-now missing
C-0282,AI Conviction Engine,Predict,Predict outcomes,Operations,Operations executive,3,Pattern Evidence,VP-008,Pre-Commitment Foresight,Creates value by reducing the cost of uncertainty before irreversible action is taken.,OF-002,Decision and Foresight Infrastructure,Value Pattern VP-008 Pre-Commitment Foresight -> Decision and Foresight Infrastructure,"Raise judgment quality and reduce irreversible mistakes by turning weak signals, tradeoffs, and scenario uncertainty into clearer pre-commitment choices.","VP-002 Decision Advantage, VP-008 Pre-Commitment Foresight",Broad initial wedge; Why-now missing
C-0283,Pattern Discovery Network,Discover,Find opportunities,Research,R&D leader,4,Pattern Evidence,VP-006,Opportunity Surface Expansion,"Creates upside by expanding the set of credible opportunities a team can see, compare, or pursue.",OF-004,Discovery and Liquidity Networks,Value Pattern VP-006 Opportunity Surface Expansion -> Discovery and Liquidity Networks,Create upside by increasing what the user can see and lowering the search friction required to turn discovery into allocation.,"VP-005 Matching Liquidity, VP-006 Opportunity Surface Expansion",Why-now missing
C-0284,AI Due Diligence Network,Match,Match resources,Venture,Investor,2,Pattern Evidence,VP-005,Matching Liquidity,"Creates value by lowering search friction and increasing utilization, fit, or fill-rate in a constrained network.",OF-004,Discovery and Liquidity Networks,Value Pattern VP-005 Matching Liquidity -> Discovery and Liquidity Networks,Create upside by increasing what the user can see and lowering the search friction required to turn discovery into allocation.,"VP-005 Matching Liquidity, VP-006 Opportunity Surface Expansion",Low concept confidence; Primitive ambiguity; Why-now missing
C-0285,Research Memory,Discover,Find opportunities,Research,R&D leader,3,Pattern Evidence,VP-006,Opportunity Surface Expansion,"Creates upside by expanding the set of credible opportunities a team can see, compare, or pursue.",OF-004,Discovery and Liquidity Networks,Value Pattern VP-006 Opportunity Surface Expansion -> Discovery and Liquidity Networks,Create upside by increasing what the user can see and lowering the search friction required to turn discovery into allocation.,"VP-005 Matching Liquidity, VP-006 Opportunity Surface Expansion",Why-now missing
C-0286,AI Opportunity Exchange,Match,Match resources,Operations,Operations executive,2,Pattern Evidence,VP-005,Matching Liquidity,"Creates value by lowering search friction and increasing utilization, fit, or fill-rate in a constrained network.",OF-004,Discovery and Liquidity Networks,Value Pattern VP-005 Matching Liquidity -> Discovery and Liquidity Networks,Create upside by increasing what the user can see and lowering the search friction required to turn discovery into allocation.,"VP-005 Matching Liquidity, VP-006 Opportunity Surface Expansion",Low concept confidence; Primitive ambiguity; Broad initial wedge; Why-now missing
C-0287,Contradiction Finder,Coordinate,Coordinate work,Operations,Operations executive,2,Pattern Evidence,VP-001,Workflow Compression,"Converts fragmented workflows into shorter cycle times, fewer stalls, and lower execution overhead.",OF-001,Operational Execution Infrastructure,Value Pattern VP-001 Workflow Compression -> Operational Execution Infrastructure,"Convert fragmented execution and lost context into faster cycle times, lower coordination overhead, and more repeatable operating throughput.","VP-001 Workflow Compression, VP-003 Memory Infrastructure",Low concept confidence; Primitive ambiguity; Broad initial wedge; Why-now missing
C-0288,AI Strategic War Room,Coordinate,Coordinate work,Operations,Operations executive,2,Pattern Evidence,VP-001,Workflow Compression,"Converts fragmented workflows into shorter cycle times, fewer stalls, and lower execution overhead.",OF-001,Operational Execution Infrastructure,Value Pattern VP-001 Workflow Compression -> Operational Execution Infrastructure,"Convert fragmented execution and lost context into faster cycle times, lower coordination overhead, and more repeatable operating throughput.","VP-001 Workflow Compression, VP-003 Memory Infrastructure",Low concept confidence; Primitive ambiguity; Broad initial wedge; Why-now missing
C-0289,Prediction Portfolio,Predict,Predict outcomes,Operations,Operations executive,3,Pattern Evidence,VP-008,Pre-Commitment Foresight,Creates value by reducing the cost of uncertainty before irreversible action is taken.,OF-002,Decision and Foresight Infrastructure,Value Pattern VP-008 Pre-Commitment Foresight -> Decision and Foresight Infrastructure,"Raise judgment quality and reduce irreversible mistakes by turning weak signals, tradeoffs, and scenario uncertainty into clearer pre-commitment choices.","VP-002 Decision Advantage, VP-008 Pre-Commitment Foresight",Broad initial wedge; Why-now missing
C-0290,Discovery Engine,Discover,Find opportunities,Venture,Founder,4,Pattern Evidence,VP-006,Opportunity Surface Expansion,"Creates upside by expanding the set of credible opportunities a team can see, compare, or pursue.",OF-004,Discovery and Liquidity Networks,Value Pattern VP-006 Opportunity Surface Expansion -> Discovery and Liquidity Networks,Create upside by increasing what the user can see and lowering the search friction required to turn discovery into allocation.,"VP-005 Matching Liquidity, VP-006 Opportunity Surface Expansion",Why-now missing
C-0291,AI Holding Company,Coordinate,Coordinate work,Venture,Founder,2,Pattern Evidence,VP-001,Workflow Compression,"Converts fragmented workflows into shorter cycle times, fewer stalls, and lower execution overhead.",OF-001,Operational Execution Infrastructure,Value Pattern VP-001 Workflow Compression -> Operational Execution Infrastructure,"Convert fragmented execution and lost context into faster cycle times, lower coordination overhead, and more repeatable operating throughput.","VP-001 Workflow Compression, VP-003 Memory Infrastructure",Low concept confidence; Primitive ambiguity; Why-now missing
C-0292,Business Evolution Engine,Optimize,Improve decisions,Operations,Operations executive,3,Pattern Evidence,VP-002,Decision Advantage,Improves the quality of prioritization and intervention decisions where mistakes or delays are expensive.,OF-002,Decision and Foresight Infrastructure,Value Pattern VP-002 Decision Advantage -> Decision and Foresight Infrastructure,"Raise judgment quality and reduce irreversible mistakes by turning weak signals, tradeoffs, and scenario uncertainty into clearer pre-commitment choices.","VP-002 Decision Advantage, VP-008 Pre-Commitment Foresight",Broad initial wedge; Why-now missing
C-0293,Acquisition Radar,Discover,Find opportunities,Workflow,Operations manager,3,Pattern Evidence,VP-006,Opportunity Surface Expansion,"Creates upside by expanding the set of credible opportunities a team can see, compare, or pursue.",OF-004,Discovery and Liquidity Networks,Value Pattern VP-006 Opportunity Surface Expansion -> Discovery and Liquidity Networks,Create upside by increasing what the user can see and lowering the search friction required to turn discovery into allocation.,"VP-005 Matching Liquidity, VP-006 Opportunity Surface Expansion",Why-now missing
C-0294,Business Memory Platform,Remember,Preserve context,Operations,Operations executive,4,Customer Voice,VP-003,Memory Infrastructure,"Transforms past operating knowledge into future leverage by lowering search, reconstruction, and onboarding costs.",OF-001,Operational Execution Infrastructure,Value Pattern VP-003 Memory Infrastructure -> Operational Execution Infrastructure,"Convert fragmented execution and lost context into faster cycle times, lower coordination overhead, and more repeatable operating throughput.","VP-001 Workflow Compression, VP-003 Memory Infrastructure",Broad initial wedge; Why-now missing
C-0295,AI Business Composer,Create,Create reusable outputs,Operations,Operations executive,2,Pattern Evidence,VP-010,Assetization Engines,Creates leverage by converting transient effort into reusable intellectual or operating capital.,OF-005,Capability Capital Platforms,Value Pattern VP-010 Assetization Engines -> Capability Capital Platforms,"Build durable leverage by ensuring each cycle leaves behind skills, assets, or operating capital that makes the next cycle stronger.","VP-007 Compounding Loops, VP-010 Assetization Engines",Low concept confidence; Primitive ambiguity; Broad initial wedge; Why-now missing
C-0296,Business Portfolio Optimizer,Optimize,Improve execution,Workflow,Operations manager,2,Pattern Evidence,VP-002,Decision Advantage,Improves the quality of prioritization and intervention decisions where mistakes or delays are expensive.,OF-002,Decision and Foresight Infrastructure,Value Pattern VP-002 Decision Advantage -> Decision and Foresight Infrastructure,"Raise judgment quality and reduce irreversible mistakes by turning weak signals, tradeoffs, and scenario uncertainty into clearer pre-commitment choices.","VP-002 Decision Advantage, VP-008 Pre-Commitment Foresight",Low concept confidence; Primitive ambiguity; Why-now missing
C-0297,Customer Intelligence Network,Match,Match resources,Commercial,Revenue operations leader,2,Pattern Evidence,VP-005,Matching Liquidity,"Creates value by lowering search friction and increasing utilization, fit, or fill-rate in a constrained network.",OF-004,Discovery and Liquidity Networks,Value Pattern VP-005 Matching Liquidity -> Discovery and Liquidity Networks,Create upside by increasing what the user can see and lowering the search friction required to turn discovery into allocation.,"VP-005 Matching Liquidity, VP-006 Opportunity Surface Expansion",Low concept confidence; Primitive ambiguity; Why-now missing
C-0298,Business Operating Graph,Optimize,Improve decisions,Operations,Operations executive,3,Pattern Evidence,VP-002,Decision Advantage,Improves the quality of prioritization and intervention decisions where mistakes or delays are expensive.,OF-002,Decision and Foresight Infrastructure,Value Pattern VP-002 Decision Advantage -> Decision and Foresight Infrastructure,"Raise judgment quality and reduce irreversible mistakes by turning weak signals, tradeoffs, and scenario uncertainty into clearer pre-commitment choices.","VP-002 Decision Advantage, VP-008 Pre-Commitment Foresight",Broad initial wedge; Why-now missing
C-0299,AI Business Incubator,Coordinate,Coordinate work,Operations,Operations executive,2,Pattern Evidence,VP-001,Workflow Compression,"Converts fragmented workflows into shorter cycle times, fewer stalls, and lower execution overhead.",OF-001,Operational Execution Infrastructure,Value Pattern VP-001 Workflow Compression -> Operational Execution Infrastructure,"Convert fragmented execution and lost context into faster cycle times, lower coordination overhead, and more repeatable operating throughput.","VP-001 Workflow Compression, VP-003 Memory Infrastructure",Low concept confidence; Primitive ambiguity; Broad initial wedge; Why-now missing
C-0300,Entrepreneur Intelligence Network,Optimize,Improve capability,Talent,Recruiter,3,Pattern Evidence,VP-002,Decision Advantage,Improves the quality of prioritization and intervention decisions where mistakes or delays are expensive.,OF-002,Decision and Foresight Infrastructure,Value Pattern VP-002 Decision Advantage -> Decision and Foresight Infrastructure,"Raise judgment quality and reduce irreversible mistakes by turning weak signals, tradeoffs, and scenario uncertainty into clearer pre-commitment choices.","VP-002 Decision Advantage, VP-008 Pre-Commitment Foresight",Primitive ambiguity; Why-now missing
C-0301,Family Operating System,Coordinate,Coordinate work,Household,Parent,2,Intuition,VP-001,Workflow Compression,"Converts fragmented workflows into shorter cycle times, fewer stalls, and lower execution overhead.",OF-001,Operational Execution Infrastructure,Value Pattern VP-001 Workflow Compression -> Operational Execution Infrastructure,"Convert fragmented execution and lost context into faster cycle times, lower coordination overhead, and more repeatable operating throughput.","VP-001 Workflow Compression, VP-003 Memory Infrastructure",Low concept confidence; Why-now missing
C-0302,Household Memory,Remember,Preserve context,Household,Parent,2,Intuition,VP-003,Memory Infrastructure,"Transforms past operating knowledge into future leverage by lowering search, reconstruction, and onboarding costs.",OF-001,Operational Execution Infrastructure,Value Pattern VP-003 Memory Infrastructure -> Operational Execution Infrastructure,"Convert fragmented execution and lost context into faster cycle times, lower coordination overhead, and more repeatable operating throughput.","VP-001 Workflow Compression, VP-003 Memory Infrastructure",Low concept confidence; Why-now missing
C-0303,Invisible Labor Manager,Coordinate,Coordinate work,Household,Parent,2,Intuition,VP-001,Workflow Compression,"Converts fragmented workflows into shorter cycle times, fewer stalls, and lower execution overhead.",OF-001,Operational Execution Infrastructure,Value Pattern VP-001 Workflow Compression -> Operational Execution Infrastructure,"Convert fragmented execution and lost context into faster cycle times, lower coordination overhead, and more repeatable operating throughput.","VP-001 Workflow Compression, VP-003 Memory Infrastructure",Low concept confidence; Primitive ambiguity; Why-now missing
C-0304,Family Decision Simulator,Optimize,Improve decisions,Operations,Operations executive,2,Intuition,VP-002,Decision Advantage,Improves the quality of prioritization and intervention decisions where mistakes or delays are expensive.,OF-002,Decision and Foresight Infrastructure,Value Pattern VP-002 Decision Advantage -> Decision and Foresight Infrastructure,"Raise judgment quality and reduce irreversible mistakes by turning weak signals, tradeoffs, and scenario uncertainty into clearer pre-commitment choices.","VP-002 Decision Advantage, VP-008 Pre-Commitment Foresight",Low concept confidence; Broad initial wedge; Why-now missing
C-0305,Life Administration Agent,Coordinate,Coordinate work,Operations,Operations executive,2,Intuition,VP-001,Workflow Compression,"Converts fragmented workflows into shorter cycle times, fewer stalls, and lower execution overhead.",OF-001,Operational Execution Infrastructure,Value Pattern VP-001 Workflow Compression -> Operational Execution Infrastructure,"Convert fragmented execution and lost context into faster cycle times, lower coordination overhead, and more repeatable operating throughput.","VP-001 Workflow Compression, VP-003 Memory Infrastructure",Low concept confidence; Primitive ambiguity; Broad initial wedge; Why-now missing
C-0306,Family Continuity Vault,Remember,Preserve context,Household,Parent,2,Intuition,VP-003,Memory Infrastructure,"Transforms past operating knowledge into future leverage by lowering search, reconstruction, and onboarding costs.",OF-001,Operational Execution Infrastructure,Value Pattern VP-003 Memory Infrastructure -> Operational Execution Infrastructure,"Convert fragmented execution and lost context into faster cycle times, lower coordination overhead, and more repeatable operating throughput.","VP-001 Workflow Compression, VP-003 Memory Infrastructure",Low concept confidence; Why-now missing
C-0307,Household Resource Optimizer,Optimize,Improve execution,Household,Parent,2,Intuition,VP-002,Decision Advantage,Improves the quality of prioritization and intervention decisions where mistakes or delays are expensive.,OF-002,Decision and Foresight Infrastructure,Value Pattern VP-002 Decision Advantage -> Decision and Foresight Infrastructure,"Raise judgment quality and reduce irreversible mistakes by turning weak signals, tradeoffs, and scenario uncertainty into clearer pre-commitment choices.","VP-002 Decision Advantage, VP-008 Pre-Commitment Foresight",Low concept confidence; Primitive ambiguity; Why-now missing
C-0308,Family Learning Graph,Learn,Accelerate learning,Education,Educator,2,Intuition,VP-007,Compounding Loops,Creates durable value through repeated-use reinforcement rather than one-time task completion.,OF-005,Capability Capital Platforms,Value Pattern VP-007 Compounding Loops -> Capability Capital Platforms,"Build durable leverage by ensuring each cycle leaves behind skills, assets, or operating capital that makes the next cycle stronger.","VP-007 Compounding Loops, VP-010 Assetization Engines",Low concept confidence; Why-now missing
C-0309,Trusted Family Network,Match,Match resources,Household,Parent,2,Intuition,VP-005,Matching Liquidity,"Creates value by lowering search friction and increasing utilization, fit, or fill-rate in a constrained network.",OF-004,Discovery and Liquidity Networks,Value Pattern VP-005 Matching Liquidity -> Discovery and Liquidity Networks,Create upside by increasing what the user can see and lowering the search friction required to turn discovery into allocation.,"VP-005 Matching Liquidity, VP-006 Opportunity Surface Expansion",Low concept confidence; Primitive ambiguity; Why-now missing
C-0310,Home Digital Twin,Simulate,Test scenarios,Household,Parent,2,Intuition,VP-008,Pre-Commitment Foresight,Creates value by reducing the cost of uncertainty before irreversible action is taken.,OF-002,Decision and Foresight Infrastructure,Value Pattern VP-008 Pre-Commitment Foresight -> Decision and Foresight Infrastructure,"Raise judgment quality and reduce irreversible mistakes by turning weak signals, tradeoffs, and scenario uncertainty into clearer pre-commitment choices.","VP-002 Decision Advantage, VP-008 Pre-Commitment Foresight",Low concept confidence; Why-now missing
C-0311,Personal Digital Twin,Optimize,Improve capability,Personal Development,Individual professional,3,Pattern Evidence,VP-002,Decision Advantage,Improves the quality of prioritization and intervention decisions where mistakes or delays are expensive.,OF-002,Decision and Foresight Infrastructure,Value Pattern VP-002 Decision Advantage -> Decision and Foresight Infrastructure,"Raise judgment quality and reduce irreversible mistakes by turning weak signals, tradeoffs, and scenario uncertainty into clearer pre-commitment choices.","VP-002 Decision Advantage, VP-008 Pre-Commitment Foresight",Broad initial wedge; Why-now missing
C-0312,Regret Minimizer,Predict,Predict outcomes,Public Sector,Public sector strategist,3,Pattern Evidence,VP-008,Pre-Commitment Foresight,Creates value by reducing the cost of uncertainty before irreversible action is taken.,OF-002,Decision and Foresight Infrastructure,Value Pattern VP-008 Pre-Commitment Foresight -> Decision and Foresight Infrastructure,"Raise judgment quality and reduce irreversible mistakes by turning weak signals, tradeoffs, and scenario uncertainty into clearer pre-commitment choices.","VP-002 Decision Advantage, VP-008 Pre-Commitment Foresight",Broad initial wedge; Why-now missing
C-0313,Life Experiment Engine,Match,Match resources,Talent,Learning and development leader,2,Pattern Evidence,VP-005,Matching Liquidity,"Creates value by lowering search friction and increasing utilization, fit, or fill-rate in a constrained network.",OF-004,Discovery and Liquidity Networks,Value Pattern VP-005 Matching Liquidity -> Discovery and Liquidity Networks,Create upside by increasing what the user can see and lowering the search friction required to turn discovery into allocation.,"VP-005 Matching Liquidity, VP-006 Opportunity Surface Expansion",Low concept confidence; Primitive ambiguity; Why-now missing
C-0314,Future Self Network,Match,Match resources,Personal Development,Individual professional,2,Pattern Evidence,VP-005,Matching Liquidity,"Creates value by lowering search friction and increasing utilization, fit, or fill-rate in a constrained network.",OF-004,Discovery and Liquidity Networks,Value Pattern VP-005 Matching Liquidity -> Discovery and Liquidity Networks,Create upside by increasing what the user can see and lowering the search friction required to turn discovery into allocation.,"VP-005 Matching Liquidity, VP-006 Opportunity Surface Expansion",Low concept confidence; Primitive ambiguity; Broad initial wedge; Why-now missing
C-0315,Opportunity Radar,Discover,Find opportunities,Household,Parent,3,Pattern Evidence,VP-006,Opportunity Surface Expansion,"Creates upside by expanding the set of credible opportunities a team can see, compare, or pursue.",OF-004,Discovery and Liquidity Networks,Value Pattern VP-006 Opportunity Surface Expansion -> Discovery and Liquidity Networks,Create upside by increasing what the user can see and lowering the search friction required to turn discovery into allocation.,"VP-005 Matching Liquidity, VP-006 Opportunity Surface Expansion",Why-now missing
C-0316,Memory Amplifier,Remember,Preserve context,Personal Development,Individual professional,3,Pattern Evidence,VP-003,Memory Infrastructure,"Transforms past operating knowledge into future leverage by lowering search, reconstruction, and onboarding costs.",OF-001,Operational Execution Infrastructure,Value Pattern VP-003 Memory Infrastructure -> Operational Execution Infrastructure,"Convert fragmented execution and lost context into faster cycle times, lower coordination overhead, and more repeatable operating throughput.","VP-001 Workflow Compression, VP-003 Memory Infrastructure",Broad initial wedge; Why-now missing
C-0317,Decision Journal OS,Optimize,Improve decisions,Operations,Operations executive,3,Pattern Evidence,VP-002,Decision Advantage,Improves the quality of prioritization and intervention decisions where mistakes or delays are expensive.,OF-002,Decision and Foresight Infrastructure,Value Pattern VP-002 Decision Advantage -> Decision and Foresight Infrastructure,"Raise judgment quality and reduce irreversible mistakes by turning weak signals, tradeoffs, and scenario uncertainty into clearer pre-commitment choices.","VP-002 Decision Advantage, VP-008 Pre-Commitment Foresight",Why-now missing
C-0318,AI Life Coach That Fires You,Learn,Accelerate execution,Operations,Operations executive,3,Pattern Evidence,VP-007,Compounding Loops,Creates durable value through repeated-use reinforcement rather than one-time task completion.,OF-005,Capability Capital Platforms,Value Pattern VP-007 Compounding Loops -> Capability Capital Platforms,"Build durable leverage by ensuring each cycle leaves behind skills, assets, or operating capital that makes the next cycle stronger.","VP-007 Compounding Loops, VP-010 Assetization Engines",Why-now missing
C-0319,Identity Evolution Platform,Coordinate,Coordinate work,Personal Development,Learner,2,Pattern Evidence,VP-001,Workflow Compression,"Converts fragmented workflows into shorter cycle times, fewer stalls, and lower execution overhead.",OF-001,Operational Execution Infrastructure,Value Pattern VP-001 Workflow Compression -> Operational Execution Infrastructure,"Convert fragmented execution and lost context into faster cycle times, lower coordination overhead, and more repeatable operating throughput.","VP-001 Workflow Compression, VP-003 Memory Infrastructure",Low concept confidence; Primitive ambiguity; Why-now missing
C-0320,Personal Operating Graph,Learn,Accelerate learning,Talent,Learning and development leader,4,Pattern Evidence,VP-007,Compounding Loops,Creates durable value through repeated-use reinforcement rather than one-time task completion.,OF-005,Capability Capital Platforms,Value Pattern VP-007 Compounding Loops -> Capability Capital Platforms,"Build durable leverage by ensuring each cycle leaves behind skills, assets, or operating capital that makes the next cycle stronger.","VP-007 Compounding Loops, VP-010 Assetization Engines",Why-now missing
C-0321,Financial Digital Twin,Optimize,Improve decisions,Operations,Operations executive,3,Pattern Evidence,VP-002,Decision Advantage,Improves the quality of prioritization and intervention decisions where mistakes or delays are expensive.,OF-002,Decision and Foresight Infrastructure,Value Pattern VP-002 Decision Advantage -> Decision and Foresight Infrastructure,"Raise judgment quality and reduce irreversible mistakes by turning weak signals, tradeoffs, and scenario uncertainty into clearer pre-commitment choices.","VP-002 Decision Advantage, VP-008 Pre-Commitment Foresight",Broad initial wedge; Why-now missing
C-0322,Purchase Intelligence Network,Match,Match resources,Community,Community manager,2,Pattern Evidence,VP-005,Matching Liquidity,"Creates value by lowering search friction and increasing utilization, fit, or fill-rate in a constrained network.",OF-004,Discovery and Liquidity Networks,Value Pattern VP-005 Matching Liquidity -> Discovery and Liquidity Networks,Create upside by increasing what the user can see and lowering the search friction required to turn discovery into allocation.,"VP-005 Matching Liquidity, VP-006 Opportunity Surface Expansion",Low concept confidence; Primitive ambiguity; Why-now missing
C-0323,Life Pricing Engine,Optimize,Improve execution,Healthcare,Care coordinator,3,Pattern Evidence,VP-002,Decision Advantage,Improves the quality of prioritization and intervention decisions where mistakes or delays are expensive.,OF-002,Decision and Foresight Infrastructure,Value Pattern VP-002 Decision Advantage -> Decision and Foresight Infrastructure,"Raise judgment quality and reduce irreversible mistakes by turning weak signals, tradeoffs, and scenario uncertainty into clearer pre-commitment choices.","VP-002 Decision Advantage, VP-008 Pre-Commitment Foresight",Why-now missing
C-0324,Consumer Due Diligence Platform,Coordinate,Coordinate work,Healthcare,Care coordinator,2,Pattern Evidence,VP-001,Workflow Compression,"Converts fragmented workflows into shorter cycle times, fewer stalls, and lower execution overhead.",OF-001,Operational Execution Infrastructure,Value Pattern VP-001 Workflow Compression -> Operational Execution Infrastructure,"Convert fragmented execution and lost context into faster cycle times, lower coordination overhead, and more repeatable operating throughput.","VP-001 Workflow Compression, VP-003 Memory Infrastructure",Low concept confidence; Primitive ambiguity; Why-now missing
C-0325,AI Wealth Architect,Coordinate,Coordinate work,Finance,Finance manager,2,Pattern Evidence,VP-001,Workflow Compression,"Converts fragmented workflows into shorter cycle times, fewer stalls, and lower execution overhead.",OF-001,Operational Execution Infrastructure,Value Pattern VP-001 Workflow Compression -> Operational Execution Infrastructure,"Convert fragmented execution and lost context into faster cycle times, lower coordination overhead, and more repeatable operating throughput.","VP-001 Workflow Compression, VP-003 Memory Infrastructure",Low concept confidence; Primitive ambiguity; Why-now missing
C-0326,Financial Reputation Graph,Verify,Verify quality,Infrastructure,Infrastructure planner,2,Pattern Evidence,VP-004,Trust Infrastructure,"Unlocks action by reducing the cost of validation, compliance, and quality assurance.",OF-003,Trust and Adaptive Governance,Value Pattern VP-004 Trust Infrastructure -> Trust and Adaptive Governance,"Lower the cost of action under uncertainty by combining verification, readiness, and continuous re-alignment instead of static governance.","VP-004 Trust Infrastructure, VP-009 Adaptive Control",Low concept confidence; Primitive ambiguity; Why-now missing
C-0327,Opportunity Marketplace,Match,Match resources,Finance,Finance manager,2,Pattern Evidence,VP-005,Matching Liquidity,"Creates value by lowering search friction and increasing utilization, fit, or fill-rate in a constrained network.",OF-004,Discovery and Liquidity Networks,Value Pattern VP-005 Matching Liquidity -> Discovery and Liquidity Networks,Create upside by increasing what the user can see and lowering the search friction required to turn discovery into allocation.,"VP-005 Matching Liquidity, VP-006 Opportunity Surface Expansion",Low concept confidence; Primitive ambiguity; Why-now missing
C-0328,Household Investment Engine,Coordinate,Coordinate work,Household,Parent,2,Pattern Evidence,VP-001,Workflow Compression,"Converts fragmented workflows into shorter cycle times, fewer stalls, and lower execution overhead.",OF-001,Operational Execution Infrastructure,Value Pattern VP-001 Workflow Compression -> Operational Execution Infrastructure,"Convert fragmented execution and lost context into faster cycle times, lower coordination overhead, and more repeatable operating throughput.","VP-001 Workflow Compression, VP-003 Memory Infrastructure",Low concept confidence; Primitive ambiguity; Why-now missing
C-0329,Life Cost Simulator,Simulate,Test scenarios,Education,Educator,3,Pattern Evidence,VP-008,Pre-Commitment Foresight,Creates value by reducing the cost of uncertainty before irreversible action is taken.,OF-002,Decision and Foresight Infrastructure,Value Pattern VP-008 Pre-Commitment Foresight -> Decision and Foresight Infrastructure,"Raise judgment quality and reduce irreversible mistakes by turning weak signals, tradeoffs, and scenario uncertainty into clearer pre-commitment choices.","VP-002 Decision Advantage, VP-008 Pre-Commitment Foresight",Why-now missing
C-0330,Consumer Intelligence Exchange,Match,Match resources,Household,Parent,3,Pattern Evidence,VP-005,Matching Liquidity,"Creates value by lowering search friction and increasing utilization, fit, or fill-rate in a constrained network.",OF-004,Discovery and Liquidity Networks,Value Pattern VP-005 Matching Liquidity -> Discovery and Liquidity Networks,Create upside by increasing what the user can see and lowering the search friction required to turn discovery into allocation.,"VP-005 Matching Liquidity, VP-006 Opportunity Surface Expansion",Primitive ambiguity; Why-now missing
C-0331,Life Transition OS,Coordinate,Coordinate work,Operations,Operations executive,3,Pattern Evidence,VP-001,Workflow Compression,"Converts fragmented workflows into shorter cycle times, fewer stalls, and lower execution overhead.",OF-001,Operational Execution Infrastructure,Value Pattern VP-001 Workflow Compression -> Operational Execution Infrastructure,"Convert fragmented execution and lost context into faster cycle times, lower coordination overhead, and more repeatable operating throughput.","VP-001 Workflow Compression, VP-003 Memory Infrastructure",Broad initial wedge; Why-now missing
C-0332,Relocation Intelligence,Optimize,Improve execution,Household,Parent,3,Pattern Evidence,VP-002,Decision Advantage,Improves the quality of prioritization and intervention decisions where mistakes or delays are expensive.,OF-002,Decision and Foresight Infrastructure,Value Pattern VP-002 Decision Advantage -> Decision and Foresight Infrastructure,"Raise judgment quality and reduce irreversible mistakes by turning weak signals, tradeoffs, and scenario uncertainty into clearer pre-commitment choices.","VP-002 Decision Advantage, VP-008 Pre-Commitment Foresight",Why-now missing
C-0333,Eldercare Coordinator,Coordinate,Coordinate work,Legal,Legal operations leader,3,Pattern Evidence,VP-001,Workflow Compression,"Converts fragmented workflows into shorter cycle times, fewer stalls, and lower execution overhead.",OF-001,Operational Execution Infrastructure,Value Pattern VP-001 Workflow Compression -> Operational Execution Infrastructure,"Convert fragmented execution and lost context into faster cycle times, lower coordination overhead, and more repeatable operating throughput.","VP-001 Workflow Compression, VP-003 Memory Infrastructure",Why-now missing
C-0334,New Parent Intelligence,Coordinate,Coordinate work,Household,Parent,2,Pattern Evidence,VP-001,Workflow Compression,"Converts fragmented workflows into shorter cycle times, fewer stalls, and lower execution overhead.",OF-001,Operational Execution Infrastructure,Value Pattern VP-001 Workflow Compression -> Operational Execution Infrastructure,"Convert fragmented execution and lost context into faster cycle times, lower coordination overhead, and more repeatable operating throughput.","VP-001 Workflow Compression, VP-003 Memory Infrastructure",Low concept confidence; Primitive ambiguity; Why-now missing
C-0335,Career Pivot Engine,Learn,Accelerate execution,Public Sector,Public sector strategist,2,Pattern Evidence,VP-007,Compounding Loops,Creates durable value through repeated-use reinforcement rather than one-time task completion.,OF-005,Capability Capital Platforms,Value Pattern VP-007 Compounding Loops -> Capability Capital Platforms,"Build durable leverage by ensuring each cycle leaves behind skills, assets, or operating capital that makes the next cycle stronger.","VP-007 Compounding Loops, VP-010 Assetization Engines",Low concept confidence; Primitive ambiguity; Broad initial wedge; Why-now missing
C-0336,Family Estate Navigator,Verify,Verify quality,Household,Parent,3,Pattern Evidence,VP-004,Trust Infrastructure,"Unlocks action by reducing the cost of validation, compliance, and quality assurance.",OF-003,Trust and Adaptive Governance,Value Pattern VP-004 Trust Infrastructure -> Trust and Adaptive Governance,"Lower the cost of action under uncertainty by combining verification, readiness, and continuous re-alignment instead of static governance.","VP-004 Trust Infrastructure, VP-009 Adaptive Control",Why-now missing
C-0337,Divorce Intelligence Platform,Coordinate,Coordinate work,Legal,Legal operations leader,2,Pattern Evidence,VP-001,Workflow Compression,"Converts fragmented workflows into shorter cycle times, fewer stalls, and lower execution overhead.",OF-001,Operational Execution Infrastructure,Value Pattern VP-001 Workflow Compression -> Operational Execution Infrastructure,"Convert fragmented execution and lost context into faster cycle times, lower coordination overhead, and more repeatable operating throughput.","VP-001 Workflow Compression, VP-003 Memory Infrastructure",Low concept confidence; Primitive ambiguity; Why-now missing
C-0338,Health Journey Navigator,Verify,Verify quality,Healthcare,Patient,2,Pattern Evidence,VP-004,Trust Infrastructure,"Unlocks action by reducing the cost of validation, compliance, and quality assurance.",OF-003,Trust and Adaptive Governance,Value Pattern VP-004 Trust Infrastructure -> Trust and Adaptive Governance,"Lower the cost of action under uncertainty by combining verification, readiness, and continuous re-alignment instead of static governance.","VP-004 Trust Infrastructure, VP-009 Adaptive Control",Low concept confidence; Primitive ambiguity; Why-now missing
C-0339,Inheritance Intelligence,Optimize,Improve decisions,Operations,Operations executive,3,Pattern Evidence,VP-002,Decision Advantage,Improves the quality of prioritization and intervention decisions where mistakes or delays are expensive.,OF-002,Decision and Foresight Infrastructure,Value Pattern VP-002 Decision Advantage -> Decision and Foresight Infrastructure,"Raise judgment quality and reduce irreversible mistakes by turning weak signals, tradeoffs, and scenario uncertainty into clearer pre-commitment choices.","VP-002 Decision Advantage, VP-008 Pre-Commitment Foresight",Broad initial wedge; Why-now missing
C-0340,Life Event Marketplace,Match,Match resources,Household,Parent,3,Pattern Evidence,VP-005,Matching Liquidity,"Creates value by lowering search friction and increasing utilization, fit, or fill-rate in a constrained network.",OF-004,Discovery and Liquidity Networks,Value Pattern VP-005 Matching Liquidity -> Discovery and Liquidity Networks,Create upside by increasing what the user can see and lowering the search friction required to turn discovery into allocation.,"VP-005 Matching Liquidity, VP-006 Opportunity Surface Expansion",Primitive ambiguity; Why-now missing
C-0341,Personal Trust Graph,Verify,Verify quality,Physical Operations,Quality manager,3,Pattern Evidence,VP-004,Trust Infrastructure,"Unlocks action by reducing the cost of validation, compliance, and quality assurance.",OF-003,Trust and Adaptive Governance,Value Pattern VP-004 Trust Infrastructure -> Trust and Adaptive Governance,"Lower the cost of action under uncertainty by combining verification, readiness, and continuous re-alignment instead of static governance.","VP-004 Trust Infrastructure, VP-009 Adaptive Control",Why-now missing
C-0342,Consumer Advocate AI,Optimize,Improve decisions,Operations,Operations executive,3,Pattern Evidence,VP-002,Decision Advantage,Improves the quality of prioritization and intervention decisions where mistakes or delays are expensive.,OF-002,Decision and Foresight Infrastructure,Value Pattern VP-002 Decision Advantage -> Decision and Foresight Infrastructure,"Raise judgment quality and reduce irreversible mistakes by turning weak signals, tradeoffs, and scenario uncertainty into clearer pre-commitment choices.","VP-002 Decision Advantage, VP-008 Pre-Commitment Foresight",Broad initial wedge; Why-now missing
C-0343,Scam Immunity Network,Match,Match resources,Content & IP,Creator,2,Pattern Evidence,VP-005,Matching Liquidity,"Creates value by lowering search friction and increasing utilization, fit, or fill-rate in a constrained network.",OF-004,Discovery and Liquidity Networks,Value Pattern VP-005 Matching Liquidity -> Discovery and Liquidity Networks,Create upside by increasing what the user can see and lowering the search friction required to turn discovery into allocation.,"VP-005 Matching Liquidity, VP-006 Opportunity Surface Expansion",Low concept confidence; Primitive ambiguity; Why-now missing
C-0344,Reputation Passport,Verify,Verify quality,Content & IP,Creator,3,Pattern Evidence,VP-004,Trust Infrastructure,"Unlocks action by reducing the cost of validation, compliance, and quality assurance.",OF-003,Trust and Adaptive Governance,Value Pattern VP-004 Trust Infrastructure -> Trust and Adaptive Governance,"Lower the cost of action under uncertainty by combining verification, readiness, and continuous re-alignment instead of static governance.","VP-004 Trust Infrastructure, VP-009 Adaptive Control",Why-now missing
C-0345,Consumer Negotiation Engine,Optimize,Improve planning,Infrastructure,Infrastructure planner,3,Pattern Evidence,VP-002,Decision Advantage,Improves the quality of prioritization and intervention decisions where mistakes or delays are expensive.,OF-002,Decision and Foresight Infrastructure,Value Pattern VP-002 Decision Advantage -> Decision and Foresight Infrastructure,"Raise judgment quality and reduce irreversible mistakes by turning weak signals, tradeoffs, and scenario uncertainty into clearer pre-commitment choices.","VP-002 Decision Advantage, VP-008 Pre-Commitment Foresight",Why-now missing
C-0346,AI Contract Guardian,Coordinate,Coordinate work,Commercial,Customer success manager,2,Pattern Evidence,VP-001,Workflow Compression,"Converts fragmented workflows into shorter cycle times, fewer stalls, and lower execution overhead.",OF-001,Operational Execution Infrastructure,Value Pattern VP-001 Workflow Compression -> Operational Execution Infrastructure,"Convert fragmented execution and lost context into faster cycle times, lower coordination overhead, and more repeatable operating throughput.","VP-001 Workflow Compression, VP-003 Memory Infrastructure",Low concept confidence; Primitive ambiguity; Why-now missing
C-0347,Household Risk Intelligence,Verify,Verify quality,Household,Parent,2,Pattern Evidence,VP-004,Trust Infrastructure,"Unlocks action by reducing the cost of validation, compliance, and quality assurance.",OF-003,Trust and Adaptive Governance,Value Pattern VP-004 Trust Infrastructure -> Trust and Adaptive Governance,"Lower the cost of action under uncertainty by combining verification, readiness, and continuous re-alignment instead of static governance.","VP-004 Trust Infrastructure, VP-009 Adaptive Control",Low concept confidence; Primitive ambiguity; Why-now missing
C-0348,Consumer Evidence Vault,Coordinate,Coordinate work,Operations,Operations executive,2,Pattern Evidence,VP-001,Workflow Compression,"Converts fragmented workflows into shorter cycle times, fewer stalls, and lower execution overhead.",OF-001,Operational Execution Infrastructure,Value Pattern VP-001 Workflow Compression -> Operational Execution Infrastructure,"Convert fragmented execution and lost context into faster cycle times, lower coordination overhead, and more repeatable operating throughput.","VP-001 Workflow Compression, VP-003 Memory Infrastructure",Low concept confidence; Primitive ambiguity; Broad initial wedge; Why-now missing
C-0349,Decision Confidence Score,Optimize,Improve decisions,Operations,Operations executive,3,Pattern Evidence,VP-002,Decision Advantage,Improves the quality of prioritization and intervention decisions where mistakes or delays are expensive.,OF-002,Decision and Foresight Infrastructure,Value Pattern VP-002 Decision Advantage -> Decision and Foresight Infrastructure,"Raise judgment quality and reduce irreversible mistakes by turning weak signals, tradeoffs, and scenario uncertainty into clearer pre-commitment choices.","VP-002 Decision Advantage, VP-008 Pre-Commitment Foresight",Broad initial wedge; Why-now missing
C-0350,Consumer Protection Network,Match,Match resources,Community,Community manager,3,Pattern Evidence,VP-005,Matching Liquidity,"Creates value by lowering search friction and increasing utilization, fit, or fill-rate in a constrained network.",OF-004,Discovery and Liquidity Networks,Value Pattern VP-005 Matching Liquidity -> Discovery and Liquidity Networks,Create upside by increasing what the user can see and lowering the search friction required to turn discovery into allocation.,"VP-005 Matching Liquidity, VP-006 Opportunity Surface Expansion",Primitive ambiguity; Why-now missing
C-0351,Learning Genome,Learn,Accelerate learning,Education,Educator,4,Revenue Evidence,VP-007,Compounding Loops,Creates durable value through repeated-use reinforcement rather than one-time task completion.,OF-005,Capability Capital Platforms,Value Pattern VP-007 Compounding Loops -> Capability Capital Platforms,"Build durable leverage by ensuring each cycle leaves behind skills, assets, or operating capital that makes the next cycle stronger.","VP-007 Compounding Loops, VP-010 Assetization Engines",Why-now missing
C-0352,Skill Compounder,Compound,Compound gains,Operations,Operations executive,3,Pattern Evidence,VP-007,Compounding Loops,Creates durable value through repeated-use reinforcement rather than one-time task completion.,OF-005,Capability Capital Platforms,Value Pattern VP-007 Compounding Loops -> Capability Capital Platforms,"Build durable leverage by ensuring each cycle leaves behind skills, assets, or operating capital that makes the next cycle stronger.","VP-007 Compounding Loops, VP-010 Assetization Engines",Broad initial wedge; Why-now missing
C-0353,Curiosity Engine,Learn,Accelerate learning,Talent,Learning and development leader,3,Pattern Evidence,VP-007,Compounding Loops,Creates durable value through repeated-use reinforcement rather than one-time task completion.,OF-005,Capability Capital Platforms,Value Pattern VP-007 Compounding Loops -> Capability Capital Platforms,"Build durable leverage by ensuring each cycle leaves behind skills, assets, or operating capital that makes the next cycle stronger.","VP-007 Compounding Loops, VP-010 Assetization Engines",Why-now missing
C-0354,Reality Simulator,Simulate,Test scenarios,Education,Educator,3,Pattern Evidence,VP-008,Pre-Commitment Foresight,Creates value by reducing the cost of uncertainty before irreversible action is taken.,OF-002,Decision and Foresight Infrastructure,Value Pattern VP-008 Pre-Commitment Foresight -> Decision and Foresight Infrastructure,"Raise judgment quality and reduce irreversible mistakes by turning weak signals, tradeoffs, and scenario uncertainty into clearer pre-commitment choices.","VP-002 Decision Advantage, VP-008 Pre-Commitment Foresight",Why-now missing
C-0355,Knowledge Network,Match,Match resources,Community,Community manager,2,Pattern Evidence,VP-005,Matching Liquidity,"Creates value by lowering search friction and increasing utilization, fit, or fill-rate in a constrained network.",OF-004,Discovery and Liquidity Networks,Value Pattern VP-005 Matching Liquidity -> Discovery and Liquidity Networks,Create upside by increasing what the user can see and lowering the search friction required to turn discovery into allocation.,"VP-005 Matching Liquidity, VP-006 Opportunity Surface Expansion",Low concept confidence; Primitive ambiguity; Why-now missing
C-0356,AI Apprenticeship Platform,Learn,Accelerate learning,Talent,Learning and development leader,3,Pattern Evidence,VP-007,Compounding Loops,Creates durable value through repeated-use reinforcement rather than one-time task completion.,OF-005,Capability Capital Platforms,Value Pattern VP-007 Compounding Loops -> Capability Capital Platforms,"Build durable leverage by ensuring each cycle leaves behind skills, assets, or operating capital that makes the next cycle stronger.","VP-007 Compounding Loops, VP-010 Assetization Engines",Why-now missing
C-0357,Personal University,Coordinate,Coordinate work,Operations,Operations executive,2,Pattern Evidence,VP-001,Workflow Compression,"Converts fragmented workflows into shorter cycle times, fewer stalls, and lower execution overhead.",OF-001,Operational Execution Infrastructure,Value Pattern VP-001 Workflow Compression -> Operational Execution Infrastructure,"Convert fragmented execution and lost context into faster cycle times, lower coordination overhead, and more repeatable operating throughput.","VP-001 Workflow Compression, VP-003 Memory Infrastructure",Low concept confidence; Primitive ambiguity; Broad initial wedge; Why-now missing
C-0358,Wisdom Exchange,Optimize,Improve decisions,Operations,Operations executive,3,Pattern Evidence,VP-002,Decision Advantage,Improves the quality of prioritization and intervention decisions where mistakes or delays are expensive.,OF-002,Decision and Foresight Infrastructure,Value Pattern VP-002 Decision Advantage -> Decision and Foresight Infrastructure,"Raise judgment quality and reduce irreversible mistakes by turning weak signals, tradeoffs, and scenario uncertainty into clearer pre-commitment choices.","VP-002 Decision Advantage, VP-008 Pre-Commitment Foresight",Broad initial wedge; Why-now missing
C-0359,Failure Library,Coordinate,Coordinate work,Operations,Operations executive,2,Pattern Evidence,VP-001,Workflow Compression,"Converts fragmented workflows into shorter cycle times, fewer stalls, and lower execution overhead.",OF-001,Operational Execution Infrastructure,Value Pattern VP-001 Workflow Compression -> Operational Execution Infrastructure,"Convert fragmented execution and lost context into faster cycle times, lower coordination overhead, and more repeatable operating throughput.","VP-001 Workflow Compression, VP-003 Memory Infrastructure",Low concept confidence; Primitive ambiguity; Broad initial wedge; Why-now missing
C-0360,Human Potential Graph,Verify,Verify quality,Infrastructure,Infrastructure planner,2,Pattern Evidence,VP-004,Trust Infrastructure,"Unlocks action by reducing the cost of validation, compliance, and quality assurance.",OF-003,Trust and Adaptive Governance,Value Pattern VP-004 Trust Infrastructure -> Trust and Adaptive Governance,"Lower the cost of action under uncertainty by combining verification, readiness, and continuous re-alignment instead of static governance.","VP-004 Trust Infrastructure, VP-009 Adaptive Control",Low concept confidence; Primitive ambiguity; Why-now missing
C-0361,Thinking Partner,Remember,Preserve context,Operations,Operations executive,3,Pattern Evidence,VP-003,Memory Infrastructure,"Transforms past operating knowledge into future leverage by lowering search, reconstruction, and onboarding costs.",OF-001,Operational Execution Infrastructure,Value Pattern VP-003 Memory Infrastructure -> Operational Execution Infrastructure,"Convert fragmented execution and lost context into faster cycle times, lower coordination overhead, and more repeatable operating throughput.","VP-001 Workflow Compression, VP-003 Memory Infrastructure",Broad initial wedge; Why-now missing
C-0362,Memory Marketplace,Match,Match resources,Household,Parent,2,Pattern Evidence,VP-005,Matching Liquidity,"Creates value by lowering search friction and increasing utilization, fit, or fill-rate in a constrained network.",OF-004,Discovery and Liquidity Networks,Value Pattern VP-005 Matching Liquidity -> Discovery and Liquidity Networks,Create upside by increasing what the user can see and lowering the search friction required to turn discovery into allocation.,"VP-005 Matching Liquidity, VP-006 Opportunity Surface Expansion",Low concept confidence; Primitive ambiguity; Why-now missing
C-0363,Human Simulation Platform,Optimize,Improve capability,Personal Development,Individual professional,4,Behavioral Data,VP-002,Decision Advantage,Improves the quality of prioritization and intervention decisions where mistakes or delays are expensive.,OF-002,Decision and Foresight Infrastructure,Value Pattern VP-002 Decision Advantage -> Decision and Foresight Infrastructure,"Raise judgment quality and reduce irreversible mistakes by turning weak signals, tradeoffs, and scenario uncertainty into clearer pre-commitment choices.","VP-002 Decision Advantage, VP-008 Pre-Commitment Foresight",Broad initial wedge; Why-now missing
C-0364,AI Companion Network,Optimize,Improve decisions,Venture,Founder,3,Pattern Evidence,VP-002,Decision Advantage,Improves the quality of prioritization and intervention decisions where mistakes or delays are expensive.,OF-002,Decision and Foresight Infrastructure,Value Pattern VP-002 Decision Advantage -> Decision and Foresight Infrastructure,"Raise judgment quality and reduce irreversible mistakes by turning weak signals, tradeoffs, and scenario uncertainty into clearer pre-commitment choices.","VP-002 Decision Advantage, VP-008 Pre-Commitment Foresight",Why-now missing
C-0365,Life Story Graph,Coordinate,Coordinate work,Operations,Operations executive,2,Pattern Evidence,VP-001,Workflow Compression,"Converts fragmented workflows into shorter cycle times, fewer stalls, and lower execution overhead.",OF-001,Operational Execution Infrastructure,Value Pattern VP-001 Workflow Compression -> Operational Execution Infrastructure,"Convert fragmented execution and lost context into faster cycle times, lower coordination overhead, and more repeatable operating throughput.","VP-001 Workflow Compression, VP-003 Memory Infrastructure",Low concept confidence; Primitive ambiguity; Why-now missing
C-0366,Human Challenge Network,Match,Match resources,Community,Community manager,2,Pattern Evidence,VP-005,Matching Liquidity,"Creates value by lowering search friction and increasing utilization, fit, or fill-rate in a constrained network.",OF-004,Discovery and Liquidity Networks,Value Pattern VP-005 Matching Liquidity -> Discovery and Liquidity Networks,Create upside by increasing what the user can see and lowering the search friction required to turn discovery into allocation.,"VP-005 Matching Liquidity, VP-006 Opportunity Surface Expansion",Low concept confidence; Primitive ambiguity; Why-now missing
C-0367,Personal Reality Lens,Coordinate,Coordinate work,Operations,Operations executive,2,Pattern Evidence,VP-001,Workflow Compression,"Converts fragmented workflows into shorter cycle times, fewer stalls, and lower execution overhead.",OF-001,Operational Execution Infrastructure,Value Pattern VP-001 Workflow Compression -> Operational Execution Infrastructure,"Convert fragmented execution and lost context into faster cycle times, lower coordination overhead, and more repeatable operating throughput.","VP-001 Workflow Compression, VP-003 Memory Infrastructure",Low concept confidence; Primitive ambiguity; Broad initial wedge; Why-now missing
C-0368,Future Memory,Remember,Preserve context,Personal Development,Individual professional,3,Pattern Evidence,VP-003,Memory Infrastructure,"Transforms past operating knowledge into future leverage by lowering search, reconstruction, and onboarding costs.",OF-001,Operational Execution Infrastructure,Value Pattern VP-003 Memory Infrastructure -> Operational Execution Infrastructure,"Convert fragmented execution and lost context into faster cycle times, lower coordination overhead, and more repeatable operating throughput.","VP-001 Workflow Compression, VP-003 Memory Infrastructure",Why-now missing
C-0369,Legacy Builder,Optimize,Improve decisions,Operations,Operations executive,3,Pattern Evidence,VP-002,Decision Advantage,Improves the quality of prioritization and intervention decisions where mistakes or delays are expensive.,OF-002,Decision and Foresight Infrastructure,Value Pattern VP-002 Decision Advantage -> Decision and Foresight Infrastructure,"Raise judgment quality and reduce irreversible mistakes by turning weak signals, tradeoffs, and scenario uncertainty into clearer pre-commitment choices.","VP-002 Decision Advantage, VP-008 Pre-Commitment Foresight",Broad initial wedge; Why-now missing
C-0370,Personal Philosophy Engine,Optimize,Improve decisions,Operations,Operations executive,4,Pattern Evidence,VP-002,Decision Advantage,Improves the quality of prioritization and intervention decisions where mistakes or delays are expensive.,OF-002,Decision and Foresight Infrastructure,Value Pattern VP-002 Decision Advantage -> Decision and Foresight Infrastructure,"Raise judgment quality and reduce irreversible mistakes by turning weak signals, tradeoffs, and scenario uncertainty into clearer pre-commitment choices.","VP-002 Decision Advantage, VP-008 Pre-Commitment Foresight",Broad initial wedge; Why-now missing
C-0371,Relationship Operating System,Match,Match resources,Community,Community manager,2,Pattern Evidence,VP-005,Matching Liquidity,"Creates value by lowering search friction and increasing utilization, fit, or fill-rate in a constrained network.",OF-004,Discovery and Liquidity Networks,Value Pattern VP-005 Matching Liquidity -> Discovery and Liquidity Networks,Create upside by increasing what the user can see and lowering the search friction required to turn discovery into allocation.,"VP-005 Matching Liquidity, VP-006 Opportunity Surface Expansion",Low concept confidence; Primitive ambiguity; Why-now missing
C-0372,AI Introduction Network,Match,Match resources,Community,Community manager,2,Pattern Evidence,VP-005,Matching Liquidity,"Creates value by lowering search friction and increasing utilization, fit, or fill-rate in a constrained network.",OF-004,Discovery and Liquidity Networks,Value Pattern VP-005 Matching Liquidity -> Discovery and Liquidity Networks,Create upside by increasing what the user can see and lowering the search friction required to turn discovery into allocation.,"VP-005 Matching Liquidity, VP-006 Opportunity Surface Expansion",Low concept confidence; Primitive ambiguity; Why-now missing
C-0373,Family Governance Platform,Optimize,Improve execution,Household,Parent,3,Pattern Evidence,VP-002,Decision Advantage,Improves the quality of prioritization and intervention decisions where mistakes or delays are expensive.,OF-002,Decision and Foresight Infrastructure,Value Pattern VP-002 Decision Advantage -> Decision and Foresight Infrastructure,"Raise judgment quality and reduce irreversible mistakes by turning weak signals, tradeoffs, and scenario uncertainty into clearer pre-commitment choices.","VP-002 Decision Advantage, VP-008 Pre-Commitment Foresight",Why-now missing
C-0374,Shared Decision Platform,Optimize,Improve decisions,Operations,Operations executive,3,Pattern Evidence,VP-002,Decision Advantage,Improves the quality of prioritization and intervention decisions where mistakes or delays are expensive.,OF-002,Decision and Foresight Infrastructure,Value Pattern VP-002 Decision Advantage -> Decision and Foresight Infrastructure,"Raise judgment quality and reduce irreversible mistakes by turning weak signals, tradeoffs, and scenario uncertainty into clearer pre-commitment choices.","VP-002 Decision Advantage, VP-008 Pre-Commitment Foresight",Broad initial wedge; Why-now missing
C-0375,Community Intelligence Layer,Remember,Preserve context,Community,Community manager,3,Pattern Evidence,VP-003,Memory Infrastructure,"Transforms past operating knowledge into future leverage by lowering search, reconstruction, and onboarding costs.",OF-001,Operational Execution Infrastructure,Value Pattern VP-003 Memory Infrastructure -> Operational Execution Infrastructure,"Convert fragmented execution and lost context into faster cycle times, lower coordination overhead, and more repeatable operating throughput.","VP-001 Workflow Compression, VP-003 Memory Infrastructure",Why-now missing
C-0376,Trust Transfer Network,Verify,Verify quality,Infrastructure,Infrastructure planner,2,Pattern Evidence,VP-004,Trust Infrastructure,"Unlocks action by reducing the cost of validation, compliance, and quality assurance.",OF-003,Trust and Adaptive Governance,Value Pattern VP-004 Trust Infrastructure -> Trust and Adaptive Governance,"Lower the cost of action under uncertainty by combining verification, readiness, and continuous re-alignment instead of static governance.","VP-004 Trust Infrastructure, VP-009 Adaptive Control",Low concept confidence; Primitive ambiguity; Why-now missing
C-0377,Personal Advisory Board,Optimize,Improve decisions,Operations,Operations executive,3,Pattern Evidence,VP-002,Decision Advantage,Improves the quality of prioritization and intervention decisions where mistakes or delays are expensive.,OF-002,Decision and Foresight Infrastructure,Value Pattern VP-002 Decision Advantage -> Decision and Foresight Infrastructure,"Raise judgment quality and reduce irreversible mistakes by turning weak signals, tradeoffs, and scenario uncertainty into clearer pre-commitment choices.","VP-002 Decision Advantage, VP-008 Pre-Commitment Foresight",Why-now missing
C-0378,Household Negotiation Engine,Optimize,Improve execution,Household,Parent,3,Pattern Evidence,VP-002,Decision Advantage,Improves the quality of prioritization and intervention decisions where mistakes or delays are expensive.,OF-002,Decision and Foresight Infrastructure,Value Pattern VP-002 Decision Advantage -> Decision and Foresight Infrastructure,"Raise judgment quality and reduce irreversible mistakes by turning weak signals, tradeoffs, and scenario uncertainty into clearer pre-commitment choices.","VP-002 Decision Advantage, VP-008 Pre-Commitment Foresight",Why-now missing
C-0379,Community Marketplace,Match,Match resources,Community,Community manager,3,Pattern Evidence,VP-005,Matching Liquidity,"Creates value by lowering search friction and increasing utilization, fit, or fill-rate in a constrained network.",OF-004,Discovery and Liquidity Networks,Value Pattern VP-005 Matching Liquidity -> Discovery and Liquidity Networks,Create upside by increasing what the user can see and lowering the search friction required to turn discovery into allocation.,"VP-005 Matching Liquidity, VP-006 Opportunity Surface Expansion",Why-now missing
C-0380,Human Coordination Graph,Verify,Verify quality,Operations,Operations executive,4,Pattern Evidence,VP-004,Trust Infrastructure,"Unlocks action by reducing the cost of validation, compliance, and quality assurance.",OF-003,Trust and Adaptive Governance,Value Pattern VP-004 Trust Infrastructure -> Trust and Adaptive Governance,"Lower the cost of action under uncertainty by combining verification, readiness, and continuous re-alignment instead of static governance.","VP-004 Trust Infrastructure, VP-009 Adaptive Control",Broad initial wedge; Why-now missing
C-0381,Life Search,Verify,Verify quality,Household,Parent,2,Pattern Evidence,VP-004,Trust Infrastructure,"Unlocks action by reducing the cost of validation, compliance, and quality assurance.",OF-003,Trust and Adaptive Governance,Value Pattern VP-004 Trust Infrastructure -> Trust and Adaptive Governance,"Lower the cost of action under uncertainty by combining verification, readiness, and continuous re-alignment instead of static governance.","VP-004 Trust Infrastructure, VP-009 Adaptive Control",Low concept confidence; Primitive ambiguity; Why-now missing
C-0382,Experience Exchange,Match,Match resources,Personal Development,Individual professional,2,Pattern Evidence,VP-005,Matching Liquidity,"Creates value by lowering search friction and increasing utilization, fit, or fill-rate in a constrained network.",OF-004,Discovery and Liquidity Networks,Value Pattern VP-005 Matching Liquidity -> Discovery and Liquidity Networks,Create upside by increasing what the user can see and lowering the search friction required to turn discovery into allocation.,"VP-005 Matching Liquidity, VP-006 Opportunity Surface Expansion",Low concept confidence; Primitive ambiguity; Broad initial wedge; Why-now missing
C-0383,Personal Market Intelligence,Optimize,Improve execution,Household,Parent,3,Pattern Evidence,VP-002,Decision Advantage,Improves the quality of prioritization and intervention decisions where mistakes or delays are expensive.,OF-002,Decision and Foresight Infrastructure,Value Pattern VP-002 Decision Advantage -> Decision and Foresight Infrastructure,"Raise judgment quality and reduce irreversible mistakes by turning weak signals, tradeoffs, and scenario uncertainty into clearer pre-commitment choices.","VP-002 Decision Advantage, VP-008 Pre-Commitment Foresight",Why-now missing
C-0384,AI Taste Graph,Optimize,Improve execution,Household,Parent,3,Pattern Evidence,VP-002,Decision Advantage,Improves the quality of prioritization and intervention decisions where mistakes or delays are expensive.,OF-002,Decision and Foresight Infrastructure,Value Pattern VP-002 Decision Advantage -> Decision and Foresight Infrastructure,"Raise judgment quality and reduce irreversible mistakes by turning weak signals, tradeoffs, and scenario uncertainty into clearer pre-commitment choices.","VP-002 Decision Advantage, VP-008 Pre-Commitment Foresight",Why-now missing
C-0385,Reality Archive,Remember,Preserve context,Household,Parent,3,Pattern Evidence,VP-003,Memory Infrastructure,"Transforms past operating knowledge into future leverage by lowering search, reconstruction, and onboarding costs.",OF-001,Operational Execution Infrastructure,Value Pattern VP-003 Memory Infrastructure -> Operational Execution Infrastructure,"Convert fragmented execution and lost context into faster cycle times, lower coordination overhead, and more repeatable operating throughput.","VP-001 Workflow Compression, VP-003 Memory Infrastructure",Why-now missing
C-0386,AI Opportunity Calendar,Match,Match resources,Household,Parent,2,Pattern Evidence,VP-005,Matching Liquidity,"Creates value by lowering search friction and increasing utilization, fit, or fill-rate in a constrained network.",OF-004,Discovery and Liquidity Networks,Value Pattern VP-005 Matching Liquidity -> Discovery and Liquidity Networks,Create upside by increasing what the user can see and lowering the search friction required to turn discovery into allocation.,"VP-005 Matching Liquidity, VP-006 Opportunity Surface Expansion",Low concept confidence; Primitive ambiguity; Why-now missing
C-0387,Personal Economy Dashboard,Verify,Verify quality,Talent,Learning and development leader,3,Pattern Evidence,VP-004,Trust Infrastructure,"Unlocks action by reducing the cost of validation, compliance, and quality assurance.",OF-003,Trust and Adaptive Governance,Value Pattern VP-004 Trust Infrastructure -> Trust and Adaptive Governance,"Lower the cost of action under uncertainty by combining verification, readiness, and continuous re-alignment instead of static governance.","VP-004 Trust Infrastructure, VP-009 Adaptive Control",Why-now missing
C-0388,Human Experience Index,Optimize,Improve decisions,Operations,Operations executive,3,Pattern Evidence,VP-002,Decision Advantage,Improves the quality of prioritization and intervention decisions where mistakes or delays are expensive.,OF-002,Decision and Foresight Infrastructure,Value Pattern VP-002 Decision Advantage -> Decision and Foresight Infrastructure,"Raise judgment quality and reduce irreversible mistakes by turning weak signals, tradeoffs, and scenario uncertainty into clearer pre-commitment choices.","VP-002 Decision Advantage, VP-008 Pre-Commitment Foresight",Broad initial wedge; Why-now missing
C-0389,Digital Life Executor,Remember,Preserve context,Operations,Operations executive,3,Pattern Evidence,VP-003,Memory Infrastructure,"Transforms past operating knowledge into future leverage by lowering search, reconstruction, and onboarding costs.",OF-001,Operational Execution Infrastructure,Value Pattern VP-003 Memory Infrastructure -> Operational Execution Infrastructure,"Convert fragmented execution and lost context into faster cycle times, lower coordination overhead, and more repeatable operating throughput.","VP-001 Workflow Compression, VP-003 Memory Infrastructure",Broad initial wedge; Why-now missing
C-0390,Personal Leverage Engine,Compound,Compound capability,Talent,Learning and development leader,4,Pattern Evidence,VP-007,Compounding Loops,Creates durable value through repeated-use reinforcement rather than one-time task completion.,OF-005,Capability Capital Platforms,Value Pattern VP-007 Compounding Loops -> Capability Capital Platforms,"Build durable leverage by ensuring each cycle leaves behind skills, assets, or operating capital that makes the next cycle stronger.","VP-007 Compounding Loops, VP-010 Assetization Engines",Why-now missing
C-0391,Digital Self Corporation,Remember,Preserve context,Operations,Operations executive,3,Pattern Evidence,VP-003,Memory Infrastructure,"Transforms past operating knowledge into future leverage by lowering search, reconstruction, and onboarding costs.",OF-001,Operational Execution Infrastructure,Value Pattern VP-003 Memory Infrastructure -> Operational Execution Infrastructure,"Convert fragmented execution and lost context into faster cycle times, lower coordination overhead, and more repeatable operating throughput.","VP-001 Workflow Compression, VP-003 Memory Infrastructure",Broad initial wedge; Why-now missing
C-0392,Human Operating License,Optimize,Improve planning,Infrastructure,Infrastructure planner,3,Pattern Evidence,VP-002,Decision Advantage,Improves the quality of prioritization and intervention decisions where mistakes or delays are expensive.,OF-002,Decision and Foresight Infrastructure,Value Pattern VP-002 Decision Advantage -> Decision and Foresight Infrastructure,"Raise judgment quality and reduce irreversible mistakes by turning weak signals, tradeoffs, and scenario uncertainty into clearer pre-commitment choices.","VP-002 Decision Advantage, VP-008 Pre-Commitment Foresight",Why-now missing
C-0393,Future Experience Marketplace,Match,Match resources,Public Sector,Public sector strategist,2,Pattern Evidence,VP-005,Matching Liquidity,"Creates value by lowering search friction and increasing utilization, fit, or fill-rate in a constrained network.",OF-004,Discovery and Liquidity Networks,Value Pattern VP-005 Matching Liquidity -> Discovery and Liquidity Networks,Create upside by increasing what the user can see and lowering the search friction required to turn discovery into allocation.,"VP-005 Matching Liquidity, VP-006 Opportunity Surface Expansion",Low concept confidence; Primitive ambiguity; Broad initial wedge; Why-now missing
C-0394,Personal Prediction Market,Predict,Predict outcomes,Operations,Operations executive,3,Pattern Evidence,VP-008,Pre-Commitment Foresight,Creates value by reducing the cost of uncertainty before irreversible action is taken.,OF-002,Decision and Foresight Infrastructure,Value Pattern VP-008 Pre-Commitment Foresight -> Decision and Foresight Infrastructure,"Raise judgment quality and reduce irreversible mistakes by turning weak signals, tradeoffs, and scenario uncertainty into clearer pre-commitment choices.","VP-002 Decision Advantage, VP-008 Pre-Commitment Foresight",Broad initial wedge; Why-now missing
C-0395,Human Capital Portfolio,Match,Match resources,Talent,Learning and development leader,2,Pattern Evidence,VP-005,Matching Liquidity,"Creates value by lowering search friction and increasing utilization, fit, or fill-rate in a constrained network.",OF-004,Discovery and Liquidity Networks,Value Pattern VP-005 Matching Liquidity -> Discovery and Liquidity Networks,Create upside by increasing what the user can see and lowering the search friction required to turn discovery into allocation.,"VP-005 Matching Liquidity, VP-006 Opportunity Surface Expansion",Low concept confidence; Primitive ambiguity; Why-now missing
C-0396,Digital Legacy Network,Optimize,Improve decisions,Operations,Operations executive,3,Pattern Evidence,VP-002,Decision Advantage,Improves the quality of prioritization and intervention decisions where mistakes or delays are expensive.,OF-002,Decision and Foresight Infrastructure,Value Pattern VP-002 Decision Advantage -> Decision and Foresight Infrastructure,"Raise judgment quality and reduce irreversible mistakes by turning weak signals, tradeoffs, and scenario uncertainty into clearer pre-commitment choices.","VP-002 Decision Advantage, VP-008 Pre-Commitment Foresight",Broad initial wedge; Why-now missing
C-0397,Human Experience Exchange,Match,Match resources,Operations,Operations executive,2,Pattern Evidence,VP-005,Matching Liquidity,"Creates value by lowering search friction and increasing utilization, fit, or fill-rate in a constrained network.",OF-004,Discovery and Liquidity Networks,Value Pattern VP-005 Matching Liquidity -> Discovery and Liquidity Networks,Create upside by increasing what the user can see and lowering the search friction required to turn discovery into allocation.,"VP-005 Matching Liquidity, VP-006 Opportunity Surface Expansion",Low concept confidence; Primitive ambiguity; Broad initial wedge; Why-now missing
C-0398,AI Society Layer,Coordinate,Coordinate work,Institutions,Public sector strategist,2,Pattern Evidence,VP-001,Workflow Compression,"Converts fragmented workflows into shorter cycle times, fewer stalls, and lower execution overhead.",OF-001,Operational Execution Infrastructure,Value Pattern VP-001 Workflow Compression -> Operational Execution Infrastructure,"Convert fragmented execution and lost context into faster cycle times, lower coordination overhead, and more repeatable operating throughput.","VP-001 Workflow Compression, VP-003 Memory Infrastructure",Low concept confidence; Primitive ambiguity; Broad initial wedge; Why-now missing
C-0399,Personal Evolution Graph,Learn,Accelerate learning,Personal Development,Individual professional,3,Pattern Evidence,VP-007,Compounding Loops,Creates durable value through repeated-use reinforcement rather than one-time task completion.,OF-005,Capability Capital Platforms,Value Pattern VP-007 Compounding Loops -> Capability Capital Platforms,"Build durable leverage by ensuring each cycle leaves behind skills, assets, or operating capital that makes the next cycle stronger.","VP-007 Compounding Loops, VP-010 Assetization Engines",Why-now missing
C-0400,Human Possibility Engine,Discover,Find opportunities,Personal Development,Individual professional,4,Pattern Evidence,VP-006,Opportunity Surface Expansion,"Creates upside by expanding the set of credible opportunities a team can see, compare, or pursue.",OF-004,Discovery and Liquidity Networks,Value Pattern VP-006 Opportunity Surface Expansion -> Discovery and Liquidity Networks,Create upside by increasing what the user can see and lowering the search friction required to turn discovery into allocation.,"VP-005 Matching Liquidity, VP-006 Opportunity Surface Expansion",Broad initial wedge; Why-now missing
C-0401,Second Brain Network,Match,Match resources,Personal Development,Individual professional,2,Pattern Evidence,VP-005,Matching Liquidity,"Creates value by lowering search friction and increasing utilization, fit, or fill-rate in a constrained network.",OF-004,Discovery and Liquidity Networks,Value Pattern VP-005 Matching Liquidity -> Discovery and Liquidity Networks,Create upside by increasing what the user can see and lowering the search friction required to turn discovery into allocation.,"VP-005 Matching Liquidity, VP-006 Opportunity Surface Expansion",Low concept confidence; Primitive ambiguity; Broad initial wedge; Why-now missing
C-0402,Belief Map,Remember,Preserve context,Personal Development,Individual professional,3,Pattern Evidence,VP-003,Memory Infrastructure,"Transforms past operating knowledge into future leverage by lowering search, reconstruction, and onboarding costs.",OF-001,Operational Execution Infrastructure,Value Pattern VP-003 Memory Infrastructure -> Operational Execution Infrastructure,"Convert fragmented execution and lost context into faster cycle times, lower coordination overhead, and more repeatable operating throughput.","VP-001 Workflow Compression, VP-003 Memory Infrastructure",Broad initial wedge; Why-now missing
C-0403,Curiosity Feed,Discover,Find opportunities,Personal Development,Individual professional,2,Pattern Evidence,VP-006,Opportunity Surface Expansion,"Creates upside by expanding the set of credible opportunities a team can see, compare, or pursue.",OF-004,Discovery and Liquidity Networks,Value Pattern VP-006 Opportunity Surface Expansion -> Discovery and Liquidity Networks,Create upside by increasing what the user can see and lowering the search friction required to turn discovery into allocation.,"VP-005 Matching Liquidity, VP-006 Opportunity Surface Expansion",Low concept confidence; Primitive ambiguity; Broad initial wedge; Why-now missing
C-0404,Thought Marketplace,Match,Match resources,Personal Development,Individual professional,2,Pattern Evidence,VP-005,Matching Liquidity,"Creates value by lowering search friction and increasing utilization, fit, or fill-rate in a constrained network.",OF-004,Discovery and Liquidity Networks,Value Pattern VP-005 Matching Liquidity -> Discovery and Liquidity Networks,Create upside by increasing what the user can see and lowering the search friction required to turn discovery into allocation.,"VP-005 Matching Liquidity, VP-006 Opportunity Surface Expansion",Low concept confidence; Primitive ambiguity; Broad initial wedge; Why-now missing
C-0405,Thinking Replay,Compound,Compound capability,Personal Development,Individual professional,2,Pattern Evidence,VP-007,Compounding Loops,Creates durable value through repeated-use reinforcement rather than one-time task completion.,OF-005,Capability Capital Platforms,Value Pattern VP-007 Compounding Loops -> Capability Capital Platforms,"Build durable leverage by ensuring each cycle leaves behind skills, assets, or operating capital that makes the next cycle stronger.","VP-007 Compounding Loops, VP-010 Assetization Engines",Low concept confidence; Primitive ambiguity; Why-now missing
C-0406,Intellectual Fitness,Verify,Verify quality,Personal Development,Individual professional,3,Pattern Evidence,VP-004,Trust Infrastructure,"Unlocks action by reducing the cost of validation, compliance, and quality assurance.",OF-003,Trust and Adaptive Governance,Value Pattern VP-004 Trust Infrastructure -> Trust and Adaptive Governance,"Lower the cost of action under uncertainty by combining verification, readiness, and continuous re-alignment instead of static governance.","VP-004 Trust Infrastructure, VP-009 Adaptive Control",Broad initial wedge; Why-now missing
C-0407,Contradiction Collector,Learn,Accelerate learning,Talent,Learning and development leader,3,Pattern Evidence,VP-007,Compounding Loops,Creates durable value through repeated-use reinforcement rather than one-time task completion.,OF-005,Capability Capital Platforms,Value Pattern VP-007 Compounding Loops -> Capability Capital Platforms,"Build durable leverage by ensuring each cycle leaves behind skills, assets, or operating capital that makes the next cycle stronger.","VP-007 Compounding Loops, VP-010 Assetization Engines",Why-now missing
C-0408,Decision Time Machine,Optimize,Improve decisions,Operations,Operations executive,3,Pattern Evidence,VP-002,Decision Advantage,Improves the quality of prioritization and intervention decisions where mistakes or delays are expensive.,OF-002,Decision and Foresight Infrastructure,Value Pattern VP-002 Decision Advantage -> Decision and Foresight Infrastructure,"Raise judgment quality and reduce irreversible mistakes by turning weak signals, tradeoffs, and scenario uncertainty into clearer pre-commitment choices.","VP-002 Decision Advantage, VP-008 Pre-Commitment Foresight",Broad initial wedge; Why-now missing
C-0409,Perspective Switch,Compound,Compound gains,Venture,Investor,2,Pattern Evidence,VP-007,Compounding Loops,Creates durable value through repeated-use reinforcement rather than one-time task completion.,OF-005,Capability Capital Platforms,Value Pattern VP-007 Compounding Loops -> Capability Capital Platforms,"Build durable leverage by ensuring each cycle leaves behind skills, assets, or operating capital that makes the next cycle stronger.","VP-007 Compounding Loops, VP-010 Assetization Engines",Low concept confidence; Primitive ambiguity; Why-now missing
C-0410,Cognitive Compounder,Compound,Compound capability,Personal Development,Individual professional,4,Pattern Evidence,VP-007,Compounding Loops,Creates durable value through repeated-use reinforcement rather than one-time task completion.,OF-005,Capability Capital Platforms,Value Pattern VP-007 Compounding Loops -> Capability Capital Platforms,"Build durable leverage by ensuring each cycle leaves behind skills, assets, or operating capital that makes the next cycle stronger.","VP-007 Compounding Loops, VP-010 Assetization Engines",Broad initial wedge; Why-now missing
C-0411,Memory Dividend,Compound,Compound capability,Talent,Learning and development leader,2,Pattern Evidence,VP-007,Compounding Loops,Creates durable value through repeated-use reinforcement rather than one-time task completion.,OF-005,Capability Capital Platforms,Value Pattern VP-007 Compounding Loops -> Capability Capital Platforms,"Build durable leverage by ensuring each cycle leaves behind skills, assets, or operating capital that makes the next cycle stronger.","VP-007 Compounding Loops, VP-010 Assetization Engines",Low concept confidence; Primitive ambiguity; Why-now missing
C-0412,Forgotten Ideas Market,Compound,Compound gains,Venture,Founder,2,Pattern Evidence,VP-007,Compounding Loops,Creates durable value through repeated-use reinforcement rather than one-time task completion.,OF-005,Capability Capital Platforms,Value Pattern VP-007 Compounding Loops -> Capability Capital Platforms,"Build durable leverage by ensuring each cycle leaves behind skills, assets, or operating capital that makes the next cycle stronger.","VP-007 Compounding Loops, VP-010 Assetization Engines",Low concept confidence; Primitive ambiguity; Why-now missing
C-0413,Memory Chain,Remember,Preserve context,Personal Development,Individual professional,3,Pattern Evidence,VP-003,Memory Infrastructure,"Transforms past operating knowledge into future leverage by lowering search, reconstruction, and onboarding costs.",OF-001,Operational Execution Infrastructure,Value Pattern VP-003 Memory Infrastructure -> Operational Execution Infrastructure,"Convert fragmented execution and lost context into faster cycle times, lower coordination overhead, and more repeatable operating throughput.","VP-001 Workflow Compression, VP-003 Memory Infrastructure",Broad initial wedge; Why-now missing
C-0414,Human Pattern Archive,Compound,Compound capability,Talent,Recruiter,2,Pattern Evidence,VP-007,Compounding Loops,Creates durable value through repeated-use reinforcement rather than one-time task completion.,OF-005,Capability Capital Platforms,Value Pattern VP-007 Compounding Loops -> Capability Capital Platforms,"Build durable leverage by ensuring each cycle leaves behind skills, assets, or operating capital that makes the next cycle stronger.","VP-007 Compounding Loops, VP-010 Assetization Engines",Low concept confidence; Primitive ambiguity; Why-now missing
C-0415,Future Context,Compound,Compound capability,Personal Development,Individual professional,2,Pattern Evidence,VP-007,Compounding Loops,Creates durable value through repeated-use reinforcement rather than one-time task completion.,OF-005,Capability Capital Platforms,Value Pattern VP-007 Compounding Loops -> Capability Capital Platforms,"Build durable leverage by ensuring each cycle leaves behind skills, assets, or operating capital that makes the next cycle stronger.","VP-007 Compounding Loops, VP-010 Assetization Engines",Low concept confidence; Primitive ambiguity; Broad initial wedge; Why-now missing
C-0416,Memory Compass,Remember,Preserve context,Personal Development,Individual professional,3,Pattern Evidence,VP-003,Memory Infrastructure,"Transforms past operating knowledge into future leverage by lowering search, reconstruction, and onboarding costs.",OF-001,Operational Execution Infrastructure,Value Pattern VP-003 Memory Infrastructure -> Operational Execution Infrastructure,"Convert fragmented execution and lost context into faster cycle times, lower coordination overhead, and more repeatable operating throughput.","VP-001 Workflow Compression, VP-003 Memory Infrastructure",Broad initial wedge; Why-now missing
C-0417,Forgotten Conversations,Compound,Compound capability,Personal Development,Individual professional,2,Pattern Evidence,VP-007,Compounding Loops,Creates durable value through repeated-use reinforcement rather than one-time task completion.,OF-005,Capability Capital Platforms,Value Pattern VP-007 Compounding Loops -> Capability Capital Platforms,"Build durable leverage by ensuring each cycle leaves behind skills, assets, or operating capital that makes the next cycle stronger.","VP-007 Compounding Loops, VP-010 Assetization Engines",Low concept confidence; Primitive ambiguity; Broad initial wedge; Why-now missing
C-0418,Intergenerational Memory,Remember,Preserve context,Infrastructure,Infrastructure planner,3,Pattern Evidence,VP-003,Memory Infrastructure,"Transforms past operating knowledge into future leverage by lowering search, reconstruction, and onboarding costs.",OF-001,Operational Execution Infrastructure,Value Pattern VP-003 Memory Infrastructure -> Operational Execution Infrastructure,"Convert fragmented execution and lost context into faster cycle times, lower coordination overhead, and more repeatable operating throughput.","VP-001 Workflow Compression, VP-003 Memory Infrastructure",Why-now missing
C-0419,Decision Memory Graph,Optimize,Improve decisions,Operations,Operations executive,3,Pattern Evidence,VP-002,Decision Advantage,Improves the quality of prioritization and intervention decisions where mistakes or delays are expensive.,OF-002,Decision and Foresight Infrastructure,Value Pattern VP-002 Decision Advantage -> Decision and Foresight Infrastructure,"Raise judgment quality and reduce irreversible mistakes by turning weak signals, tradeoffs, and scenario uncertainty into clearer pre-commitment choices.","VP-002 Decision Advantage, VP-008 Pre-Commitment Foresight",Broad initial wedge; Why-now missing
C-0420,Memory Economy,Remember,Preserve context,Personal Development,Individual professional,4,Pattern Evidence,VP-003,Memory Infrastructure,"Transforms past operating knowledge into future leverage by lowering search, reconstruction, and onboarding costs.",OF-001,Operational Execution Infrastructure,Value Pattern VP-003 Memory Infrastructure -> Operational Execution Infrastructure,"Convert fragmented execution and lost context into faster cycle times, lower coordination overhead, and more repeatable operating throughput.","VP-001 Workflow Compression, VP-003 Memory Infrastructure",Broad initial wedge; Why-now missing
C-0421,Decision Drafts,Optimize,Improve decisions,Operations,Operations executive,3,Pattern Evidence,VP-002,Decision Advantage,Improves the quality of prioritization and intervention decisions where mistakes or delays are expensive.,OF-002,Decision and Foresight Infrastructure,Value Pattern VP-002 Decision Advantage -> Decision and Foresight Infrastructure,"Raise judgment quality and reduce irreversible mistakes by turning weak signals, tradeoffs, and scenario uncertainty into clearer pre-commitment choices.","VP-002 Decision Advantage, VP-008 Pre-Commitment Foresight",Broad initial wedge; Why-now missing
C-0422,Confidence Ledger,Optimize,Improve decisions,Operations,Operations executive,3,Pattern Evidence,VP-002,Decision Advantage,Improves the quality of prioritization and intervention decisions where mistakes or delays are expensive.,OF-002,Decision and Foresight Infrastructure,Value Pattern VP-002 Decision Advantage -> Decision and Foresight Infrastructure,"Raise judgment quality and reduce irreversible mistakes by turning weak signals, tradeoffs, and scenario uncertainty into clearer pre-commitment choices.","VP-002 Decision Advantage, VP-008 Pre-Commitment Foresight",Broad initial wedge; Why-now missing
C-0423,Decision Market,Predict,Predict outcomes,Operations,Operations executive,3,Pattern Evidence,VP-008,Pre-Commitment Foresight,Creates value by reducing the cost of uncertainty before irreversible action is taken.,OF-002,Decision and Foresight Infrastructure,Value Pattern VP-008 Pre-Commitment Foresight -> Decision and Foresight Infrastructure,"Raise judgment quality and reduce irreversible mistakes by turning weak signals, tradeoffs, and scenario uncertainty into clearer pre-commitment choices.","VP-002 Decision Advantage, VP-008 Pre-Commitment Foresight",Broad initial wedge; Why-now missing
C-0424,Reversible Living,Optimize,Improve capability,Personal Development,Individual professional,3,Pattern Evidence,VP-002,Decision Advantage,Improves the quality of prioritization and intervention decisions where mistakes or delays are expensive.,OF-002,Decision and Foresight Infrastructure,Value Pattern VP-002 Decision Advantage -> Decision and Foresight Infrastructure,"Raise judgment quality and reduce irreversible mistakes by turning weak signals, tradeoffs, and scenario uncertainty into clearer pre-commitment choices.","VP-002 Decision Advantage, VP-008 Pre-Commitment Foresight",Broad initial wedge; Why-now missing
C-0425,Opportunity Queue,Discover,Find opportunities,Personal Development,Individual professional,3,Pattern Evidence,VP-006,Opportunity Surface Expansion,"Creates upside by expanding the set of credible opportunities a team can see, compare, or pursue.",OF-004,Discovery and Liquidity Networks,Value Pattern VP-006 Opportunity Surface Expansion -> Discovery and Liquidity Networks,Create upside by increasing what the user can see and lowering the search friction required to turn discovery into allocation.,"VP-005 Matching Liquidity, VP-006 Opportunity Surface Expansion",Broad initial wedge; Why-now missing
C-0426,Assumption Tracker,Optimize,Improve decisions,Operations,Operations executive,3,Pattern Evidence,VP-002,Decision Advantage,Improves the quality of prioritization and intervention decisions where mistakes or delays are expensive.,OF-002,Decision and Foresight Infrastructure,Value Pattern VP-002 Decision Advantage -> Decision and Foresight Infrastructure,"Raise judgment quality and reduce irreversible mistakes by turning weak signals, tradeoffs, and scenario uncertainty into clearer pre-commitment choices.","VP-002 Decision Advantage, VP-008 Pre-Commitment Foresight",Broad initial wedge; Why-now missing
C-0427,Decision Portfolio,Optimize,Improve decisions,Operations,Operations executive,3,Pattern Evidence,VP-002,Decision Advantage,Improves the quality of prioritization and intervention decisions where mistakes or delays are expensive.,OF-002,Decision and Foresight Infrastructure,Value Pattern VP-002 Decision Advantage -> Decision and Foresight Infrastructure,"Raise judgment quality and reduce irreversible mistakes by turning weak signals, tradeoffs, and scenario uncertainty into clearer pre-commitment choices.","VP-002 Decision Advantage, VP-008 Pre-Commitment Foresight",Broad initial wedge; Why-now missing
C-0428,Decision Apprenticeship,Optimize,Improve decisions,Operations,Operations executive,4,Secondary Research,VP-002,Decision Advantage,Improves the quality of prioritization and intervention decisions where mistakes or delays are expensive.,OF-002,Decision and Foresight Infrastructure,Value Pattern VP-002 Decision Advantage -> Decision and Foresight Infrastructure,"Raise judgment quality and reduce irreversible mistakes by turning weak signals, tradeoffs, and scenario uncertainty into clearer pre-commitment choices.","VP-002 Decision Advantage, VP-008 Pre-Commitment Foresight",Broad initial wedge; Why-now missing
C-0429,Regret Exchange,Match,Match resources,Personal Development,Individual professional,2,Pattern Evidence,VP-005,Matching Liquidity,"Creates value by lowering search friction and increasing utilization, fit, or fill-rate in a constrained network.",OF-004,Discovery and Liquidity Networks,Value Pattern VP-005 Matching Liquidity -> Discovery and Liquidity Networks,Create upside by increasing what the user can see and lowering the search friction required to turn discovery into allocation.,"VP-005 Matching Liquidity, VP-006 Opportunity Surface Expansion",Low concept confidence; Primitive ambiguity; Broad initial wedge; Why-now missing
C-0430,Decision Compounder,Optimize,Improve decisions,Operations,Operations executive,4,Pattern Evidence,VP-002,Decision Advantage,Improves the quality of prioritization and intervention decisions where mistakes or delays are expensive.,OF-002,Decision and Foresight Infrastructure,Value Pattern VP-002 Decision Advantage -> Decision and Foresight Infrastructure,"Raise judgment quality and reduce irreversible mistakes by turning weak signals, tradeoffs, and scenario uncertainty into clearer pre-commitment choices.","VP-002 Decision Advantage, VP-008 Pre-Commitment Foresight",Broad initial wedge; Why-now missing
C-0431,Learning Loops,Learn,Accelerate learning,Talent,Learning and development leader,3,Pattern Evidence,VP-007,Compounding Loops,Creates durable value through repeated-use reinforcement rather than one-time task completion.,OF-005,Capability Capital Platforms,Value Pattern VP-007 Compounding Loops -> Capability Capital Platforms,"Build durable leverage by ensuring each cycle leaves behind skills, assets, or operating capital that makes the next cycle stronger.","VP-007 Compounding Loops, VP-010 Assetization Engines",Why-now missing
C-0432,Curiosity Trails,Compound,Compound gains,Infrastructure,Infrastructure planner,2,Pattern Evidence,VP-007,Compounding Loops,Creates durable value through repeated-use reinforcement rather than one-time task completion.,OF-005,Capability Capital Platforms,Value Pattern VP-007 Compounding Loops -> Capability Capital Platforms,"Build durable leverage by ensuring each cycle leaves behind skills, assets, or operating capital that makes the next cycle stronger.","VP-007 Compounding Loops, VP-010 Assetization Engines",Low concept confidence; Primitive ambiguity; Why-now missing
C-0433,Failure Apprenticeships,Learn,Accelerate learning,Talent,Learning and development leader,4,Secondary Research,VP-007,Compounding Loops,Creates durable value through repeated-use reinforcement rather than one-time task completion.,OF-005,Capability Capital Platforms,Value Pattern VP-007 Compounding Loops -> Capability Capital Platforms,"Build durable leverage by ensuring each cycle leaves behind skills, assets, or operating capital that makes the next cycle stronger.","VP-007 Compounding Loops, VP-010 Assetization Engines",Why-now missing
C-0434,Living Textbooks,Discover,Find opportunities,Research,R&D leader,3,Pattern Evidence,VP-006,Opportunity Surface Expansion,"Creates upside by expanding the set of credible opportunities a team can see, compare, or pursue.",OF-004,Discovery and Liquidity Networks,Value Pattern VP-006 Opportunity Surface Expansion -> Discovery and Liquidity Networks,Create upside by increasing what the user can see and lowering the search friction required to turn discovery into allocation.,"VP-005 Matching Liquidity, VP-006 Opportunity Surface Expansion",Why-now missing
C-0435,Skill Trading Network,Match,Match resources,Talent,Learning and development leader,3,Pattern Evidence,VP-005,Matching Liquidity,"Creates value by lowering search friction and increasing utilization, fit, or fill-rate in a constrained network.",OF-004,Discovery and Liquidity Networks,Value Pattern VP-005 Matching Liquidity -> Discovery and Liquidity Networks,Create upside by increasing what the user can see and lowering the search friction required to turn discovery into allocation.,"VP-005 Matching Liquidity, VP-006 Opportunity Surface Expansion",Why-now missing
C-0436,Question Economy,Verify,Verify quality,Personal Development,Individual professional,2,Pattern Evidence,VP-004,Trust Infrastructure,"Unlocks action by reducing the cost of validation, compliance, and quality assurance.",OF-003,Trust and Adaptive Governance,Value Pattern VP-004 Trust Infrastructure -> Trust and Adaptive Governance,"Lower the cost of action under uncertainty by combining verification, readiness, and continuous re-alignment instead of static governance.","VP-004 Trust Infrastructure, VP-009 Adaptive Control",Low concept confidence; Primitive ambiguity; Broad initial wedge; Why-now missing
C-0437,Real-Time Learning,Learn,Accelerate learning,Talent,Learning and development leader,3,Pattern Evidence,VP-007,Compounding Loops,Creates durable value through repeated-use reinforcement rather than one-time task completion.,OF-005,Capability Capital Platforms,Value Pattern VP-007 Compounding Loops -> Capability Capital Platforms,"Build durable leverage by ensuring each cycle leaves behind skills, assets, or operating capital that makes the next cycle stronger.","VP-007 Compounding Loops, VP-010 Assetization Engines",Why-now missing
C-0438,Knowledge Evolution Graph,Remember,Preserve context,Content & IP,Creator,3,Pattern Evidence,VP-003,Memory Infrastructure,"Transforms past operating knowledge into future leverage by lowering search, reconstruction, and onboarding costs.",OF-001,Operational Execution Infrastructure,Value Pattern VP-003 Memory Infrastructure -> Operational Execution Infrastructure,"Convert fragmented execution and lost context into faster cycle times, lower coordination overhead, and more repeatable operating throughput.","VP-001 Workflow Compression, VP-003 Memory Infrastructure",Why-now missing
C-0439,Wisdom Apprenticeship,Optimize,Improve capability,Personal Development,Individual professional,3,Pattern Evidence,VP-002,Decision Advantage,Improves the quality of prioritization and intervention decisions where mistakes or delays are expensive.,OF-002,Decision and Foresight Infrastructure,Value Pattern VP-002 Decision Advantage -> Decision and Foresight Infrastructure,"Raise judgment quality and reduce irreversible mistakes by turning weak signals, tradeoffs, and scenario uncertainty into clearer pre-commitment choices.","VP-002 Decision Advantage, VP-008 Pre-Commitment Foresight",Broad initial wedge; Why-now missing
C-0440,Learning Identity,Learn,Accelerate learning,Talent,Learning and development leader,4,Pattern Evidence,VP-007,Compounding Loops,Creates durable value through repeated-use reinforcement rather than one-time task completion.,OF-005,Capability Capital Platforms,Value Pattern VP-007 Compounding Loops -> Capability Capital Platforms,"Build durable leverage by ensuring each cycle leaves behind skills, assets, or operating capital that makes the next cycle stronger.","VP-007 Compounding Loops, VP-010 Assetization Engines",Why-now missing
C-0441,Relationship Compounding,Compound,Compound gains,Community,Community manager,3,Pattern Evidence,VP-007,Compounding Loops,Creates durable value through repeated-use reinforcement rather than one-time task completion.,OF-005,Capability Capital Platforms,Value Pattern VP-007 Compounding Loops -> Capability Capital Platforms,"Build durable leverage by ensuring each cycle leaves behind skills, assets, or operating capital that makes the next cycle stronger.","VP-007 Compounding Loops, VP-010 Assetization Engines",Why-now missing
C-0442,Micro-Mentorship Network,Match,Match resources,Community,Community manager,2,Pattern Evidence,VP-005,Matching Liquidity,"Creates value by lowering search friction and increasing utilization, fit, or fill-rate in a constrained network.",OF-004,Discovery and Liquidity Networks,Value Pattern VP-005 Matching Liquidity -> Discovery and Liquidity Networks,Create upside by increasing what the user can see and lowering the search friction required to turn discovery into allocation.,"VP-005 Matching Liquidity, VP-006 Opportunity Surface Expansion",Low concept confidence; Primitive ambiguity; Why-now missing
C-0443,Future Introductions,Predict,Predict outcomes,Public Sector,Public sector strategist,3,Pattern Evidence,VP-008,Pre-Commitment Foresight,Creates value by reducing the cost of uncertainty before irreversible action is taken.,OF-002,Decision and Foresight Infrastructure,Value Pattern VP-008 Pre-Commitment Foresight -> Decision and Foresight Infrastructure,"Raise judgment quality and reduce irreversible mistakes by turning weak signals, tradeoffs, and scenario uncertainty into clearer pre-commitment choices.","VP-002 Decision Advantage, VP-008 Pre-Commitment Foresight",Broad initial wedge; Why-now missing
C-0444,Trust Ledger,Verify,Verify quality,Physical Operations,Quality manager,3,Pattern Evidence,VP-004,Trust Infrastructure,"Unlocks action by reducing the cost of validation, compliance, and quality assurance.",OF-003,Trust and Adaptive Governance,Value Pattern VP-004 Trust Infrastructure -> Trust and Adaptive Governance,"Lower the cost of action under uncertainty by combining verification, readiness, and continuous re-alignment instead of static governance.","VP-004 Trust Infrastructure, VP-009 Adaptive Control",Why-now missing
C-0445,Social Compound Interest,Compound,Compound gains,Community,Community manager,3,Pattern Evidence,VP-007,Compounding Loops,Creates durable value through repeated-use reinforcement rather than one-time task completion.,OF-005,Capability Capital Platforms,Value Pattern VP-007 Compounding Loops -> Capability Capital Platforms,"Build durable leverage by ensuring each cycle leaves behind skills, assets, or operating capital that makes the next cycle stronger.","VP-007 Compounding Loops, VP-010 Assetization Engines",Why-now missing
C-0446,Relationship Apprenticeship,Optimize,Improve capability,Talent,Learning and development leader,4,Secondary Research,VP-002,Decision Advantage,Improves the quality of prioritization and intervention decisions where mistakes or delays are expensive.,OF-002,Decision and Foresight Infrastructure,Value Pattern VP-002 Decision Advantage -> Decision and Foresight Infrastructure,"Raise judgment quality and reduce irreversible mistakes by turning weak signals, tradeoffs, and scenario uncertainty into clearer pre-commitment choices.","VP-002 Decision Advantage, VP-008 Pre-Commitment Foresight",Why-now missing
C-0447,Shared Memory Network,Remember,Preserve context,Community,Community manager,2,Pattern Evidence,VP-003,Memory Infrastructure,"Transforms past operating knowledge into future leverage by lowering search, reconstruction, and onboarding costs.",OF-001,Operational Execution Infrastructure,Value Pattern VP-003 Memory Infrastructure -> Operational Execution Infrastructure,"Convert fragmented execution and lost context into faster cycle times, lower coordination overhead, and more repeatable operating throughput.","VP-001 Workflow Compression, VP-003 Memory Infrastructure",Low concept confidence; Primitive ambiguity; Why-now missing
C-0448,Human Synchronization,Learn,Accelerate learning,Talent,Learning and development leader,3,Pattern Evidence,VP-007,Compounding Loops,Creates durable value through repeated-use reinforcement rather than one-time task completion.,OF-005,Capability Capital Platforms,Value Pattern VP-007 Compounding Loops -> Capability Capital Platforms,"Build durable leverage by ensuring each cycle leaves behind skills, assets, or operating capital that makes the next cycle stronger.","VP-007 Compounding Loops, VP-010 Assetization Engines",Why-now missing
C-0449,Relationship Portfolio,Match,Match resources,Community,Community manager,2,Pattern Evidence,VP-005,Matching Liquidity,"Creates value by lowering search friction and increasing utilization, fit, or fill-rate in a constrained network.",OF-004,Discovery and Liquidity Networks,Value Pattern VP-005 Matching Liquidity -> Discovery and Liquidity Networks,Create upside by increasing what the user can see and lowering the search friction required to turn discovery into allocation.,"VP-005 Matching Liquidity, VP-006 Opportunity Surface Expansion",Low concept confidence; Primitive ambiguity; Why-now missing
C-0450,Relationship Flywheel,Compound,Compound gains,Infrastructure,Utility planner,4,Pattern Evidence,VP-007,Compounding Loops,Creates durable value through repeated-use reinforcement rather than one-time task completion.,OF-005,Capability Capital Platforms,Value Pattern VP-007 Compounding Loops -> Capability Capital Platforms,"Build durable leverage by ensuring each cycle leaves behind skills, assets, or operating capital that makes the next cycle stronger.","VP-007 Compounding Loops, VP-010 Assetization Engines",Why-now missing
C-0451,Public Iteration,Learn,Accelerate execution,Public Sector,Public sector strategist,3,Pattern Evidence,VP-007,Compounding Loops,Creates durable value through repeated-use reinforcement rather than one-time task completion.,OF-005,Capability Capital Platforms,Value Pattern VP-007 Compounding Loops -> Capability Capital Platforms,"Build durable leverage by ensuring each cycle leaves behind skills, assets, or operating capital that makes the next cycle stronger.","VP-007 Compounding Loops, VP-010 Assetization Engines",Broad initial wedge; Why-now missing
C-0452,Creative Mutation,Compound,Compound capability,Personal Development,Individual professional,2,Pattern Evidence,VP-007,Compounding Loops,Creates durable value through repeated-use reinforcement rather than one-time task completion.,OF-005,Capability Capital Platforms,Value Pattern VP-007 Compounding Loops -> Capability Capital Platforms,"Build durable leverage by ensuring each cycle leaves behind skills, assets, or operating capital that makes the next cycle stronger.","VP-007 Compounding Loops, VP-010 Assetization Engines",Low concept confidence; Primitive ambiguity; Broad initial wedge; Why-now missing
C-0453,Daily Creation Contract,Compound,Compound gains,Commercial,Procurement leader,2,Pattern Evidence,VP-007,Compounding Loops,Creates durable value through repeated-use reinforcement rather than one-time task completion.,OF-005,Capability Capital Platforms,Value Pattern VP-007 Compounding Loops -> Capability Capital Platforms,"Build durable leverage by ensuring each cycle leaves behind skills, assets, or operating capital that makes the next cycle stronger.","VP-007 Compounding Loops, VP-010 Assetization Engines",Low concept confidence; Primitive ambiguity; Why-now missing
C-0454,Remix Reputation,Verify,Verify quality,Personal Development,Individual professional,3,Pattern Evidence,VP-004,Trust Infrastructure,"Unlocks action by reducing the cost of validation, compliance, and quality assurance.",OF-003,Trust and Adaptive Governance,Value Pattern VP-004 Trust Infrastructure -> Trust and Adaptive Governance,"Lower the cost of action under uncertainty by combining verification, readiness, and continuous re-alignment instead of static governance.","VP-004 Trust Infrastructure, VP-009 Adaptive Control",Broad initial wedge; Why-now missing
C-0455,Living Projects,Remember,Preserve context,Personal Development,Individual professional,3,Pattern Evidence,VP-003,Memory Infrastructure,"Transforms past operating knowledge into future leverage by lowering search, reconstruction, and onboarding costs.",OF-001,Operational Execution Infrastructure,Value Pattern VP-003 Memory Infrastructure -> Operational Execution Infrastructure,"Convert fragmented execution and lost context into faster cycle times, lower coordination overhead, and more repeatable operating throughput.","VP-001 Workflow Compression, VP-003 Memory Infrastructure",Broad initial wedge; Why-now missing
C-0456,Constraint Generator,Compound,Compound capability,Personal Development,Individual professional,2,Pattern Evidence,VP-007,Compounding Loops,Creates durable value through repeated-use reinforcement rather than one-time task completion.,OF-005,Capability Capital Platforms,Value Pattern VP-007 Compounding Loops -> Capability Capital Platforms,"Build durable leverage by ensuring each cycle leaves behind skills, assets, or operating capital that makes the next cycle stronger.","VP-007 Compounding Loops, VP-010 Assetization Engines",Low concept confidence; Primitive ambiguity; Broad initial wedge; Why-now missing
C-0457,Creation Lineage,Compound,Compound capability,Personal Development,Individual professional,2,Pattern Evidence,VP-007,Compounding Loops,Creates durable value through repeated-use reinforcement rather than one-time task completion.,OF-005,Capability Capital Platforms,Value Pattern VP-007 Compounding Loops -> Capability Capital Platforms,"Build durable leverage by ensuring each cycle leaves behind skills, assets, or operating capital that makes the next cycle stronger.","VP-007 Compounding Loops, VP-010 Assetization Engines",Low concept confidence; Primitive ambiguity; Broad initial wedge; Why-now missing
C-0458,Idea Composting,Compound,Compound capability,Personal Development,Individual professional,2,Pattern Evidence,VP-007,Compounding Loops,Creates durable value through repeated-use reinforcement rather than one-time task completion.,OF-005,Capability Capital Platforms,Value Pattern VP-007 Compounding Loops -> Capability Capital Platforms,"Build durable leverage by ensuring each cycle leaves behind skills, assets, or operating capital that makes the next cycle stronger.","VP-007 Compounding Loops, VP-010 Assetization Engines",Low concept confidence; Primitive ambiguity; Broad initial wedge; Why-now missing
C-0459,Creative Fitness,Verify,Verify quality,Personal Development,Individual professional,3,Pattern Evidence,VP-004,Trust Infrastructure,"Unlocks action by reducing the cost of validation, compliance, and quality assurance.",OF-003,Trust and Adaptive Governance,Value Pattern VP-004 Trust Infrastructure -> Trust and Adaptive Governance,"Lower the cost of action under uncertainty by combining verification, readiness, and continuous re-alignment instead of static governance.","VP-004 Trust Infrastructure, VP-009 Adaptive Control",Broad initial wedge; Why-now missing
C-0460,Make Before You Judge,Compound,Compound capability,Personal Development,Individual professional,3,Pattern Evidence,VP-007,Compounding Loops,Creates durable value through repeated-use reinforcement rather than one-time task completion.,OF-005,Capability Capital Platforms,Value Pattern VP-007 Compounding Loops -> Capability Capital Platforms,"Build durable leverage by ensuring each cycle leaves behind skills, assets, or operating capital that makes the next cycle stronger.","VP-007 Compounding Loops, VP-010 Assetization Engines",Primitive ambiguity; Broad initial wedge; Why-now missing
C-0461,Borrowed Confidence,Optimize,Improve capability,Personal Development,Individual professional,3,Pattern Evidence,VP-002,Decision Advantage,Improves the quality of prioritization and intervention decisions where mistakes or delays are expensive.,OF-002,Decision and Foresight Infrastructure,Value Pattern VP-002 Decision Advantage -> Decision and Foresight Infrastructure,"Raise judgment quality and reduce irreversible mistakes by turning weak signals, tradeoffs, and scenario uncertainty into clearer pre-commitment choices.","VP-002 Decision Advantage, VP-008 Pre-Commitment Foresight",Broad initial wedge; Why-now missing
C-0462,Proof Before Promise,Predict,Predict outcomes,Personal Development,Individual professional,2,Pattern Evidence,VP-008,Pre-Commitment Foresight,Creates value by reducing the cost of uncertainty before irreversible action is taken.,OF-002,Decision and Foresight Infrastructure,Value Pattern VP-008 Pre-Commitment Foresight -> Decision and Foresight Infrastructure,"Raise judgment quality and reduce irreversible mistakes by turning weak signals, tradeoffs, and scenario uncertainty into clearer pre-commitment choices.","VP-002 Decision Advantage, VP-008 Pre-Commitment Foresight",Low concept confidence; Primitive ambiguity; Broad initial wedge; Why-now missing
C-0463,Trust Trials,Verify,Verify quality,Talent,Learning and development leader,3,Pattern Evidence,VP-004,Trust Infrastructure,"Unlocks action by reducing the cost of validation, compliance, and quality assurance.",OF-003,Trust and Adaptive Governance,Value Pattern VP-004 Trust Infrastructure -> Trust and Adaptive Governance,"Lower the cost of action under uncertainty by combining verification, readiness, and continuous re-alignment instead of static governance.","VP-004 Trust Infrastructure, VP-009 Adaptive Control",Why-now missing
C-0464,Reality Checks,Compound,Compound capability,Personal Development,Individual professional,2,Pattern Evidence,VP-007,Compounding Loops,Creates durable value through repeated-use reinforcement rather than one-time task completion.,OF-005,Capability Capital Platforms,Value Pattern VP-007 Compounding Loops -> Capability Capital Platforms,"Build durable leverage by ensuring each cycle leaves behind skills, assets, or operating capital that makes the next cycle stronger.","VP-007 Compounding Loops, VP-010 Assetization Engines",Low concept confidence; Primitive ambiguity; Broad initial wedge; Why-now missing
C-0465,Reliability Passport,Remember,Preserve context,Public Sector,Public sector strategist,3,Pattern Evidence,VP-003,Memory Infrastructure,"Transforms past operating knowledge into future leverage by lowering search, reconstruction, and onboarding costs.",OF-001,Operational Execution Infrastructure,Value Pattern VP-003 Memory Infrastructure -> Operational Execution Infrastructure,"Convert fragmented execution and lost context into faster cycle times, lower coordination overhead, and more repeatable operating throughput.","VP-001 Workflow Compression, VP-003 Memory Infrastructure",Broad initial wedge; Why-now missing
C-0466,Assumption Bets,Predict,Predict outcomes,Personal Development,Individual professional,3,Pattern Evidence,VP-008,Pre-Commitment Foresight,Creates value by reducing the cost of uncertainty before irreversible action is taken.,OF-002,Decision and Foresight Infrastructure,Value Pattern VP-008 Pre-Commitment Foresight -> Decision and Foresight Infrastructure,"Raise judgment quality and reduce irreversible mistakes by turning weak signals, tradeoffs, and scenario uncertainty into clearer pre-commitment choices.","VP-002 Decision Advantage, VP-008 Pre-Commitment Foresight",Broad initial wedge; Why-now missing
C-0467,Trust Calibration,Verify,Verify quality,Personal Development,Individual professional,3,Pattern Evidence,VP-004,Trust Infrastructure,"Unlocks action by reducing the cost of validation, compliance, and quality assurance.",OF-003,Trust and Adaptive Governance,Value Pattern VP-004 Trust Infrastructure -> Trust and Adaptive Governance,"Lower the cost of action under uncertainty by combining verification, readiness, and continuous re-alignment instead of static governance.","VP-004 Trust Infrastructure, VP-009 Adaptive Control",Broad initial wedge; Why-now missing
C-0468,Evidence Receipts,Optimize,Improve capability,Personal Development,Individual professional,3,Pattern Evidence,VP-002,Decision Advantage,Improves the quality of prioritization and intervention decisions where mistakes or delays are expensive.,OF-002,Decision and Foresight Infrastructure,Value Pattern VP-002 Decision Advantage -> Decision and Foresight Infrastructure,"Raise judgment quality and reduce irreversible mistakes by turning weak signals, tradeoffs, and scenario uncertainty into clearer pre-commitment choices.","VP-002 Decision Advantage, VP-008 Pre-Commitment Foresight",Broad initial wedge; Why-now missing
C-0469,Reputation Through Repair,Verify,Verify quality,Talent,Learning and development leader,2,Pattern Evidence,VP-004,Trust Infrastructure,"Unlocks action by reducing the cost of validation, compliance, and quality assurance.",OF-003,Trust and Adaptive Governance,Value Pattern VP-004 Trust Infrastructure -> Trust and Adaptive Governance,"Lower the cost of action under uncertainty by combining verification, readiness, and continuous re-alignment instead of static governance.","VP-004 Trust Infrastructure, VP-009 Adaptive Control",Low concept confidence; Primitive ambiguity; Why-now missing
C-0470,Skepticism Ritual,Optimize,Improve decisions,Operations,Operations executive,4,Pattern Evidence,VP-002,Decision Advantage,Improves the quality of prioritization and intervention decisions where mistakes or delays are expensive.,OF-002,Decision and Foresight Infrastructure,Value Pattern VP-002 Decision Advantage -> Decision and Foresight Infrastructure,"Raise judgment quality and reduce irreversible mistakes by turning weak signals, tradeoffs, and scenario uncertainty into clearer pre-commitment choices.","VP-002 Decision Advantage, VP-008 Pre-Commitment Foresight",Broad initial wedge; Why-now missing
C-0471,Micro Ownership,Optimize,Improve decisions,Operations,Operations executive,3,Pattern Evidence,VP-002,Decision Advantage,Improves the quality of prioritization and intervention decisions where mistakes or delays are expensive.,OF-002,Decision and Foresight Infrastructure,Value Pattern VP-002 Decision Advantage -> Decision and Foresight Infrastructure,"Raise judgment quality and reduce irreversible mistakes by turning weak signals, tradeoffs, and scenario uncertainty into clearer pre-commitment choices.","VP-002 Decision Advantage, VP-008 Pre-Commitment Foresight",Broad initial wedge; Why-now missing
C-0472,Living Assets,Optimize,Improve capability,Personal Development,Individual professional,3,Pattern Evidence,VP-002,Decision Advantage,Improves the quality of prioritization and intervention decisions where mistakes or delays are expensive.,OF-002,Decision and Foresight Infrastructure,Value Pattern VP-002 Decision Advantage -> Decision and Foresight Infrastructure,"Raise judgment quality and reduce irreversible mistakes by turning weak signals, tradeoffs, and scenario uncertainty into clearer pre-commitment choices.","VP-002 Decision Advantage, VP-008 Pre-Commitment Foresight",Broad initial wedge; Why-now missing
C-0473,Ownership Before Employment,Compound,Compound capability,Personal Development,Individual professional,3,Pattern Evidence,VP-007,Compounding Loops,Creates durable value through repeated-use reinforcement rather than one-time task completion.,OF-005,Capability Capital Platforms,Value Pattern VP-007 Compounding Loops -> Capability Capital Platforms,"Build durable leverage by ensuring each cycle leaves behind skills, assets, or operating capital that makes the next cycle stronger.","VP-007 Compounding Loops, VP-010 Assetization Engines",Broad initial wedge; Why-now missing
C-0474,Shared Stewardship,Optimize,Improve capability,Personal Development,Individual professional,3,Pattern Evidence,VP-002,Decision Advantage,Improves the quality of prioritization and intervention decisions where mistakes or delays are expensive.,OF-002,Decision and Foresight Infrastructure,Value Pattern VP-002 Decision Advantage -> Decision and Foresight Infrastructure,"Raise judgment quality and reduce irreversible mistakes by turning weak signals, tradeoffs, and scenario uncertainty into clearer pre-commitment choices.","VP-002 Decision Advantage, VP-008 Pre-Commitment Foresight",Broad initial wedge; Why-now missing
C-0475,Idea Equity,Compound,Compound gains,Commercial,Revenue operations leader,2,Pattern Evidence,VP-007,Compounding Loops,Creates durable value through repeated-use reinforcement rather than one-time task completion.,OF-005,Capability Capital Platforms,Value Pattern VP-007 Compounding Loops -> Capability Capital Platforms,"Build durable leverage by ensuring each cycle leaves behind skills, assets, or operating capital that makes the next cycle stronger.","VP-007 Compounding Loops, VP-010 Assetization Engines",Low concept confidence; Primitive ambiguity; Why-now missing
C-0476,Asset Graduation,Compound,Compound capability,Personal Development,Individual professional,2,Pattern Evidence,VP-007,Compounding Loops,Creates durable value through repeated-use reinforcement rather than one-time task completion.,OF-005,Capability Capital Platforms,Value Pattern VP-007 Compounding Loops -> Capability Capital Platforms,"Build durable leverage by ensuring each cycle leaves behind skills, assets, or operating capital that makes the next cycle stronger.","VP-007 Compounding Loops, VP-010 Assetization Engines",Low concept confidence; Primitive ambiguity; Broad initial wedge; Why-now missing
C-0477,Portfolio Living,Compound,Compound capability,Personal Development,Individual professional,2,Pattern Evidence,VP-007,Compounding Loops,Creates durable value through repeated-use reinforcement rather than one-time task completion.,OF-005,Capability Capital Platforms,Value Pattern VP-007 Compounding Loops -> Capability Capital Platforms,"Build durable leverage by ensuring each cycle leaves behind skills, assets, or operating capital that makes the next cycle stronger.","VP-007 Compounding Loops, VP-010 Assetization Engines",Low concept confidence; Primitive ambiguity; Broad initial wedge; Why-now missing
C-0478,Ownership Apprenticeship,Compound,Compound gains,Commercial,Revenue operations leader,3,Revenue Evidence,VP-007,Compounding Loops,Creates durable value through repeated-use reinforcement rather than one-time task completion.,OF-005,Capability Capital Platforms,Value Pattern VP-007 Compounding Loops -> Capability Capital Platforms,"Build durable leverage by ensuring each cycle leaves behind skills, assets, or operating capital that makes the next cycle stronger.","VP-007 Compounding Loops, VP-010 Assetization Engines",Primitive ambiguity; Why-now missing
C-0479,Compound Creation,Compound,Compound capability,Personal Development,Individual professional,2,Pattern Evidence,VP-007,Compounding Loops,Creates durable value through repeated-use reinforcement rather than one-time task completion.,OF-005,Capability Capital Platforms,Value Pattern VP-007 Compounding Loops -> Capability Capital Platforms,"Build durable leverage by ensuring each cycle leaves behind skills, assets, or operating capital that makes the next cycle stronger.","VP-007 Compounding Loops, VP-010 Assetization Engines",Low concept confidence; Primitive ambiguity; Broad initial wedge; Why-now missing
C-0480,Asset Reflex,Compound,Compound capability,Personal Development,Individual professional,3,Pattern Evidence,VP-007,Compounding Loops,Creates durable value through repeated-use reinforcement rather than one-time task completion.,OF-005,Capability Capital Platforms,Value Pattern VP-007 Compounding Loops -> Capability Capital Platforms,"Build durable leverage by ensuring each cycle leaves behind skills, assets, or operating capital that makes the next cycle stronger.","VP-007 Compounding Loops, VP-010 Assetization Engines",Primitive ambiguity; Broad initial wedge; Why-now missing
C-0481,Identity Experiments,Compound,Compound capability,Personal Development,Individual professional,2,Pattern Evidence,VP-007,Compounding Loops,Creates durable value through repeated-use reinforcement rather than one-time task completion.,OF-005,Capability Capital Platforms,Value Pattern VP-007 Compounding Loops -> Capability Capital Platforms,"Build durable leverage by ensuring each cycle leaves behind skills, assets, or operating capital that makes the next cycle stronger.","VP-007 Compounding Loops, VP-010 Assetization Engines",Low concept confidence; Primitive ambiguity; Broad initial wedge; Why-now missing
C-0482,Reputation by Evidence,Verify,Verify quality,Personal Development,Individual professional,2,Pattern Evidence,VP-004,Trust Infrastructure,"Unlocks action by reducing the cost of validation, compliance, and quality assurance.",OF-003,Trust and Adaptive Governance,Value Pattern VP-004 Trust Infrastructure -> Trust and Adaptive Governance,"Lower the cost of action under uncertainty by combining verification, readiness, and continuous re-alignment instead of static governance.","VP-004 Trust Infrastructure, VP-009 Adaptive Control",Low concept confidence; Primitive ambiguity; Broad initial wedge; Why-now missing
C-0483,Temporary Selves,Compound,Compound gains,Venture,Investor,2,Pattern Evidence,VP-007,Compounding Loops,Creates durable value through repeated-use reinforcement rather than one-time task completion.,OF-005,Capability Capital Platforms,Value Pattern VP-007 Compounding Loops -> Capability Capital Platforms,"Build durable leverage by ensuring each cycle leaves behind skills, assets, or operating capital that makes the next cycle stronger.","VP-007 Compounding Loops, VP-010 Assetization Engines",Low concept confidence; Primitive ambiguity; Why-now missing
C-0484,Identity Reflection,Compound,Compound capability,Personal Development,Individual professional,2,Pattern Evidence,VP-007,Compounding Loops,Creates durable value through repeated-use reinforcement rather than one-time task completion.,OF-005,Capability Capital Platforms,Value Pattern VP-007 Compounding Loops -> Capability Capital Platforms,"Build durable leverage by ensuring each cycle leaves behind skills, assets, or operating capital that makes the next cycle stronger.","VP-007 Compounding Loops, VP-010 Assetization Engines",Low concept confidence; Primitive ambiguity; Broad initial wedge; Why-now missing
C-0485,Identity Apprenticeship,Compound,Compound capability,Personal Development,Individual professional,2,Intuition,VP-007,Compounding Loops,Creates durable value through repeated-use reinforcement rather than one-time task completion.,OF-005,Capability Capital Platforms,Value Pattern VP-007 Compounding Loops -> Capability Capital Platforms,"Build durable leverage by ensuring each cycle leaves behind skills, assets, or operating capital that makes the next cycle stronger.","VP-007 Compounding Loops, VP-010 Assetization Engines",Low concept confidence; Primitive ambiguity; Broad initial wedge; Why-now missing
C-0486,Future Identity,Compound,Compound gains,Venture,Founder,2,Pattern Evidence,VP-007,Compounding Loops,Creates durable value through repeated-use reinforcement rather than one-time task completion.,OF-005,Capability Capital Platforms,Value Pattern VP-007 Compounding Loops -> Capability Capital Platforms,"Build durable leverage by ensuring each cycle leaves behind skills, assets, or operating capital that makes the next cycle stronger.","VP-007 Compounding Loops, VP-010 Assetization Engines",Low concept confidence; Primitive ambiguity; Why-now missing
C-0487,Identity Debt,Compound,Compound capability,Personal Development,Individual professional,2,Intuition,VP-007,Compounding Loops,Creates durable value through repeated-use reinforcement rather than one-time task completion.,OF-005,Capability Capital Platforms,Value Pattern VP-007 Compounding Loops -> Capability Capital Platforms,"Build durable leverage by ensuring each cycle leaves behind skills, assets, or operating capital that makes the next cycle stronger.","VP-007 Compounding Loops, VP-010 Assetization Engines",Low concept confidence; Primitive ambiguity; Broad initial wedge; Why-now missing
C-0488,Identity Library,Compound,Compound capability,Personal Development,Individual professional,2,Pattern Evidence,VP-007,Compounding Loops,Creates durable value through repeated-use reinforcement rather than one-time task completion.,OF-005,Capability Capital Platforms,Value Pattern VP-007 Compounding Loops -> Capability Capital Platforms,"Build durable leverage by ensuring each cycle leaves behind skills, assets, or operating capital that makes the next cycle stronger.","VP-007 Compounding Loops, VP-010 Assetization Engines",Low concept confidence; Primitive ambiguity; Broad initial wedge; Why-now missing
C-0489,Identity Merge,Compound,Compound capability,Education,Educator,2,Pattern Evidence,VP-007,Compounding Loops,Creates durable value through repeated-use reinforcement rather than one-time task completion.,OF-005,Capability Capital Platforms,Value Pattern VP-007 Compounding Loops -> Capability Capital Platforms,"Build durable leverage by ensuring each cycle leaves behind skills, assets, or operating capital that makes the next cycle stronger.","VP-007 Compounding Loops, VP-010 Assetization Engines",Low concept confidence; Primitive ambiguity; Why-now missing
C-0490,Identity Compounder,Compound,Compound capability,Personal Development,Individual professional,4,Pattern Evidence,VP-007,Compounding Loops,Creates durable value through repeated-use reinforcement rather than one-time task completion.,OF-005,Capability Capital Platforms,Value Pattern VP-007 Compounding Loops -> Capability Capital Platforms,"Build durable leverage by ensuring each cycle leaves behind skills, assets, or operating capital that makes the next cycle stronger.","VP-007 Compounding Loops, VP-010 Assetization Engines",Broad initial wedge; Why-now missing
C-0491,Intent Before Words,Compound,Compound capability,Personal Development,Individual professional,2,Pattern Evidence,VP-007,Compounding Loops,Creates durable value through repeated-use reinforcement rather than one-time task completion.,OF-005,Capability Capital Platforms,Value Pattern VP-007 Compounding Loops -> Capability Capital Platforms,"Build durable leverage by ensuring each cycle leaves behind skills, assets, or operating capital that makes the next cycle stronger.","VP-007 Compounding Loops, VP-010 Assetization Engines",Low concept confidence; Primitive ambiguity; Broad initial wedge; Why-now missing
C-0492,Conversation Replay,Remember,Preserve context,Community,Community manager,3,Pattern Evidence,VP-003,Memory Infrastructure,"Transforms past operating knowledge into future leverage by lowering search, reconstruction, and onboarding costs.",OF-001,Operational Execution Infrastructure,Value Pattern VP-003 Memory Infrastructure -> Operational Execution Infrastructure,"Convert fragmented execution and lost context into faster cycle times, lower coordination overhead, and more repeatable operating throughput.","VP-001 Workflow Compression, VP-003 Memory Infrastructure",Why-now missing
C-0493,Communication Contracts,Compound,Compound capability,Personal Development,Individual professional,2,Pattern Evidence,VP-007,Compounding Loops,Creates durable value through repeated-use reinforcement rather than one-time task completion.,OF-005,Capability Capital Platforms,Value Pattern VP-007 Compounding Loops -> Capability Capital Platforms,"Build durable leverage by ensuring each cycle leaves behind skills, assets, or operating capital that makes the next cycle stronger.","VP-007 Compounding Loops, VP-010 Assetization Engines",Low concept confidence; Primitive ambiguity; Broad initial wedge; Why-now missing
C-0494,Pause Ritual,Compound,Compound capability,Personal Development,Individual professional,2,Pattern Evidence,VP-007,Compounding Loops,Creates durable value through repeated-use reinforcement rather than one-time task completion.,OF-005,Capability Capital Platforms,Value Pattern VP-007 Compounding Loops -> Capability Capital Platforms,"Build durable leverage by ensuring each cycle leaves behind skills, assets, or operating capital that makes the next cycle stronger.","VP-007 Compounding Loops, VP-010 Assetization Engines",Low concept confidence; Primitive ambiguity; Broad initial wedge; Why-now missing
C-0495,Shared Understanding Score,Verify,Verify quality,Personal Development,Individual professional,2,Pattern Evidence,VP-004,Trust Infrastructure,"Unlocks action by reducing the cost of validation, compliance, and quality assurance.",OF-003,Trust and Adaptive Governance,Value Pattern VP-004 Trust Infrastructure -> Trust and Adaptive Governance,"Lower the cost of action under uncertainty by combining verification, readiness, and continuous re-alignment instead of static governance.","VP-004 Trust Infrastructure, VP-009 Adaptive Control",Low concept confidence; Primitive ambiguity; Broad initial wedge; Why-now missing
C-0496,Conversation Goals,Compound,Compound gains,Community,Community manager,2,Pattern Evidence,VP-007,Compounding Loops,Creates durable value through repeated-use reinforcement rather than one-time task completion.,OF-005,Capability Capital Platforms,Value Pattern VP-007 Compounding Loops -> Capability Capital Platforms,"Build durable leverage by ensuring each cycle leaves behind skills, assets, or operating capital that makes the next cycle stronger.","VP-007 Compounding Loops, VP-010 Assetization Engines",Low concept confidence; Primitive ambiguity; Why-now missing
C-0497,Misunderstanding Detector,Compound,Compound capability,Personal Development,Individual professional,2,Pattern Evidence,VP-007,Compounding Loops,Creates durable value through repeated-use reinforcement rather than one-time task completion.,OF-005,Capability Capital Platforms,Value Pattern VP-007 Compounding Loops -> Capability Capital Platforms,"Build durable leverage by ensuring each cycle leaves behind skills, assets, or operating capital that makes the next cycle stronger.","VP-007 Compounding Loops, VP-010 Assetization Engines",Low concept confidence; Primitive ambiguity; Broad initial wedge; Why-now missing
C-0498,Communication Playback,Compound,Compound gains,Community,Community manager,2,Pattern Evidence,VP-007,Compounding Loops,Creates durable value through repeated-use reinforcement rather than one-time task completion.,OF-005,Capability Capital Platforms,Value Pattern VP-007 Compounding Loops -> Capability Capital Platforms,"Build durable leverage by ensuring each cycle leaves behind skills, assets, or operating capital that makes the next cycle stronger.","VP-007 Compounding Loops, VP-010 Assetization Engines",Low concept confidence; Primitive ambiguity; Why-now missing
C-0499,Agreement Ledger,Compound,Compound capability,Personal Development,Individual professional,2,Pattern Evidence,VP-007,Compounding Loops,Creates durable value through repeated-use reinforcement rather than one-time task completion.,OF-005,Capability Capital Platforms,Value Pattern VP-007 Compounding Loops -> Capability Capital Platforms,"Build durable leverage by ensuring each cycle leaves behind skills, assets, or operating capital that makes the next cycle stronger.","VP-007 Compounding Loops, VP-010 Assetization Engines",Low concept confidence; Primitive ambiguity; Broad initial wedge; Why-now missing
C-0500,Listening First,Verify,Verify quality,Personal Development,Individual professional,4,Pattern Evidence,VP-004,Trust Infrastructure,"Unlocks action by reducing the cost of validation, compliance, and quality assurance.",OF-003,Trust and Adaptive Governance,Value Pattern VP-004 Trust Infrastructure -> Trust and Adaptive Governance,"Lower the cost of action under uncertainty by combining verification, readiness, and continuous re-alignment instead of static governance.","VP-004 Trust Infrastructure, VP-009 Adaptive Control",Broad initial wedge; Why-now missing
C-0501,Contribution First,Compound,Compound gains,Community,Community manager,2,Pattern Evidence,VP-007,Compounding Loops,Creates durable value through repeated-use reinforcement rather than one-time task completion.,OF-005,Capability Capital Platforms,Value Pattern VP-007 Compounding Loops -> Capability Capital Platforms,"Build durable leverage by ensuring each cycle leaves behind skills, assets, or operating capital that makes the next cycle stronger.","VP-007 Compounding Loops, VP-010 Assetization Engines",Low concept confidence; Primitive ambiguity; Why-now missing
C-0502,Temporary Communities,Compound,Compound capability,Personal Development,Individual professional,2,Pattern Evidence,VP-007,Compounding Loops,Creates durable value through repeated-use reinforcement rather than one-time task completion.,OF-005,Capability Capital Platforms,Value Pattern VP-007 Compounding Loops -> Capability Capital Platforms,"Build durable leverage by ensuring each cycle leaves behind skills, assets, or operating capital that makes the next cycle stronger.","VP-007 Compounding Loops, VP-010 Assetization Engines",Low concept confidence; Primitive ambiguity; Broad initial wedge; Why-now missing
C-0503,Community Memory,Remember,Preserve context,Community,Community manager,3,Intuition,VP-003,Memory Infrastructure,"Transforms past operating knowledge into future leverage by lowering search, reconstruction, and onboarding costs.",OF-001,Operational Execution Infrastructure,Value Pattern VP-003 Memory Infrastructure -> Operational Execution Infrastructure,"Convert fragmented execution and lost context into faster cycle times, lower coordination overhead, and more repeatable operating throughput.","VP-001 Workflow Compression, VP-003 Memory Infrastructure",Why-now missing
C-0504,Belonging Passport,Remember,Preserve context,Community,Community manager,3,Pattern Evidence,VP-003,Memory Infrastructure,"Transforms past operating knowledge into future leverage by lowering search, reconstruction, and onboarding costs.",OF-001,Operational Execution Infrastructure,Value Pattern VP-003 Memory Infrastructure -> Operational Execution Infrastructure,"Convert fragmented execution and lost context into faster cycle times, lower coordination overhead, and more repeatable operating throughput.","VP-001 Workflow Compression, VP-003 Memory Infrastructure",Why-now missing
C-0505,Serendipity Hours,Compound,Compound capability,Personal Development,Individual professional,2,Intuition,VP-007,Compounding Loops,Creates durable value through repeated-use reinforcement rather than one-time task completion.,OF-005,Capability Capital Platforms,Value Pattern VP-007 Compounding Loops -> Capability Capital Platforms,"Build durable leverage by ensuring each cycle leaves behind skills, assets, or operating capital that makes the next cycle stronger.","VP-007 Compounding Loops, VP-010 Assetization Engines",Low concept confidence; Primitive ambiguity; Broad initial wedge; Why-now missing
C-0506,Collective Decisions,Optimize,Improve capability,Personal Development,Individual professional,3,Pattern Evidence,VP-002,Decision Advantage,Improves the quality of prioritization and intervention decisions where mistakes or delays are expensive.,OF-002,Decision and Foresight Infrastructure,Value Pattern VP-002 Decision Advantage -> Decision and Foresight Infrastructure,"Raise judgment quality and reduce irreversible mistakes by turning weak signals, tradeoffs, and scenario uncertainty into clearer pre-commitment choices.","VP-002 Decision Advantage, VP-008 Pre-Commitment Foresight",Broad initial wedge; Why-now missing
C-0507,Contribution Lineage,Remember,Preserve context,Community,Community manager,3,Intuition,VP-003,Memory Infrastructure,"Transforms past operating knowledge into future leverage by lowering search, reconstruction, and onboarding costs.",OF-001,Operational Execution Infrastructure,Value Pattern VP-003 Memory Infrastructure -> Operational Execution Infrastructure,"Convert fragmented execution and lost context into faster cycle times, lower coordination overhead, and more repeatable operating throughput.","VP-001 Workflow Compression, VP-003 Memory Infrastructure",Why-now missing
C-0508,Community Apprenticeship,Learn,Accelerate execution,Community,Community manager,3,Pattern Evidence,VP-007,Compounding Loops,Creates durable value through repeated-use reinforcement rather than one-time task completion.,OF-005,Capability Capital Platforms,Value Pattern VP-007 Compounding Loops -> Capability Capital Platforms,"Build durable leverage by ensuring each cycle leaves behind skills, assets, or operating capital that makes the next cycle stronger.","VP-007 Compounding Loops, VP-010 Assetization Engines",Why-now missing
C-0509,Silent Signals,Compound,Compound capability,Personal Development,Individual professional,2,Pattern Evidence,VP-007,Compounding Loops,Creates durable value through repeated-use reinforcement rather than one-time task completion.,OF-005,Capability Capital Platforms,Value Pattern VP-007 Compounding Loops -> Capability Capital Platforms,"Build durable leverage by ensuring each cycle leaves behind skills, assets, or operating capital that makes the next cycle stronger.","VP-007 Compounding Loops, VP-010 Assetization Engines",Low concept confidence; Primitive ambiguity; Broad initial wedge; Why-now missing
C-0510,Community Compounding,Compound,Compound gains,Community,Community manager,4,Pattern Evidence,VP-007,Compounding Loops,Creates durable value through repeated-use reinforcement rather than one-time task completion.,OF-005,Capability Capital Platforms,Value Pattern VP-007 Compounding Loops -> Capability Capital Platforms,"Build durable leverage by ensuring each cycle leaves behind skills, assets, or operating capital that makes the next cycle stronger.","VP-007 Compounding Loops, VP-010 Assetization Engines",Why-now missing
C-0511,Recovery Days,Compound,Compound capability,Personal Development,Individual professional,2,Pattern Evidence,VP-007,Compounding Loops,Creates durable value through repeated-use reinforcement rather than one-time task completion.,OF-005,Capability Capital Platforms,Value Pattern VP-007 Compounding Loops -> Capability Capital Platforms,"Build durable leverage by ensuring each cycle leaves behind skills, assets, or operating capital that makes the next cycle stronger.","VP-007 Compounding Loops, VP-010 Assetization Engines",Low concept confidence; Primitive ambiguity; Broad initial wedge; Why-now missing
C-0512,Tiny Corrections,Optimize,Improve execution,Healthcare,Care coordinator,3,Pattern Evidence,VP-002,Decision Advantage,Improves the quality of prioritization and intervention decisions where mistakes or delays are expensive.,OF-002,Decision and Foresight Infrastructure,Value Pattern VP-002 Decision Advantage -> Decision and Foresight Infrastructure,"Raise judgment quality and reduce irreversible mistakes by turning weak signals, tradeoffs, and scenario uncertainty into clearer pre-commitment choices.","VP-002 Decision Advantage, VP-008 Pre-Commitment Foresight",Why-now missing
C-0513,Energy Planning,Learn,Accelerate learning,Talent,Learning and development leader,3,Pattern Evidence,VP-007,Compounding Loops,Creates durable value through repeated-use reinforcement rather than one-time task completion.,OF-005,Capability Capital Platforms,Value Pattern VP-007 Compounding Loops -> Capability Capital Platforms,"Build durable leverage by ensuring each cycle leaves behind skills, assets, or operating capital that makes the next cycle stronger.","VP-007 Compounding Loops, VP-010 Assetization Engines",Why-now missing
C-0514,Prevention Rituals,Compound,Compound capability,Personal Development,Individual professional,2,Pattern Evidence,VP-007,Compounding Loops,Creates durable value through repeated-use reinforcement rather than one-time task completion.,OF-005,Capability Capital Platforms,Value Pattern VP-007 Compounding Loops -> Capability Capital Platforms,"Build durable leverage by ensuring each cycle leaves behind skills, assets, or operating capital that makes the next cycle stronger.","VP-007 Compounding Loops, VP-010 Assetization Engines",Low concept confidence; Primitive ambiguity; Broad initial wedge; Why-now missing
C-0515,Stress Debriefs,Compound,Compound capability,Personal Development,Individual professional,2,Pattern Evidence,VP-007,Compounding Loops,Creates durable value through repeated-use reinforcement rather than one-time task completion.,OF-005,Capability Capital Platforms,Value Pattern VP-007 Compounding Loops -> Capability Capital Platforms,"Build durable leverage by ensuring each cycle leaves behind skills, assets, or operating capital that makes the next cycle stronger.","VP-007 Compounding Loops, VP-010 Assetization Engines",Low concept confidence; Primitive ambiguity; Broad initial wedge; Why-now missing
C-0516,Health Experiments,Verify,Verify quality,Healthcare,Care coordinator,2,Pattern Evidence,VP-004,Trust Infrastructure,"Unlocks action by reducing the cost of validation, compliance, and quality assurance.",OF-003,Trust and Adaptive Governance,Value Pattern VP-004 Trust Infrastructure -> Trust and Adaptive Governance,"Lower the cost of action under uncertainty by combining verification, readiness, and continuous re-alignment instead of static governance.","VP-004 Trust Infrastructure, VP-009 Adaptive Control",Low concept confidence; Primitive ambiguity; Why-now missing
C-0517,Biological Awareness,Compound,Compound capability,Personal Development,Individual professional,2,Pattern Evidence,VP-007,Compounding Loops,Creates durable value through repeated-use reinforcement rather than one-time task completion.,OF-005,Capability Capital Platforms,Value Pattern VP-007 Compounding Loops -> Capability Capital Platforms,"Build durable leverage by ensuring each cycle leaves behind skills, assets, or operating capital that makes the next cycle stronger.","VP-007 Compounding Loops, VP-010 Assetization Engines",Low concept confidence; Primitive ambiguity; Broad initial wedge; Why-now missing
C-0518,Friction Removal,Verify,Verify quality,Healthcare,Care coordinator,2,Pattern Evidence,VP-004,Trust Infrastructure,"Unlocks action by reducing the cost of validation, compliance, and quality assurance.",OF-003,Trust and Adaptive Governance,Value Pattern VP-004 Trust Infrastructure -> Trust and Adaptive Governance,"Lower the cost of action under uncertainty by combining verification, readiness, and continuous re-alignment instead of static governance.","VP-004 Trust Infrastructure, VP-009 Adaptive Control",Low concept confidence; Primitive ambiguity; Why-now missing
C-0519,Longevity Thinking,Compound,Compound gains,Healthcare,Care coordinator,3,Pattern Evidence,VP-007,Compounding Loops,Creates durable value through repeated-use reinforcement rather than one-time task completion.,OF-005,Capability Capital Platforms,Value Pattern VP-007 Compounding Loops -> Capability Capital Platforms,"Build durable leverage by ensuring each cycle leaves behind skills, assets, or operating capital that makes the next cycle stronger.","VP-007 Compounding Loops, VP-010 Assetization Engines",Why-now missing
C-0520,Health Compounder,Compound,Compound gains,Operations,Operations executive,4,Pattern Evidence,VP-007,Compounding Loops,Creates durable value through repeated-use reinforcement rather than one-time task completion.,OF-005,Capability Capital Platforms,Value Pattern VP-007 Compounding Loops -> Capability Capital Platforms,"Build durable leverage by ensuring each cycle leaves behind skills, assets, or operating capital that makes the next cycle stronger.","VP-007 Compounding Loops, VP-010 Assetization Engines",Broad initial wedge; Why-now missing
C-0521,Future Fridays,Compound,Compound gains,Public Sector,Public sector strategist,2,Pattern Evidence,VP-007,Compounding Loops,Creates durable value through repeated-use reinforcement rather than one-time task completion.,OF-005,Capability Capital Platforms,Value Pattern VP-007 Compounding Loops -> Capability Capital Platforms,"Build durable leverage by ensuring each cycle leaves behind skills, assets, or operating capital that makes the next cycle stronger.","VP-007 Compounding Loops, VP-010 Assetization Engines",Low concept confidence; Primitive ambiguity; Broad initial wedge; Why-now missing
C-0522,Time Portfolio,Discover,Find opportunities,Personal Development,Individual professional,3,Pattern Evidence,VP-006,Opportunity Surface Expansion,"Creates upside by expanding the set of credible opportunities a team can see, compare, or pursue.",OF-004,Discovery and Liquidity Networks,Value Pattern VP-006 Opportunity Surface Expansion -> Discovery and Liquidity Networks,Create upside by increasing what the user can see and lowering the search friction required to turn discovery into allocation.,"VP-005 Matching Liquidity, VP-006 Opportunity Surface Expansion",Broad initial wedge; Why-now missing
C-0523,Slow Decisions,Optimize,Improve capability,Personal Development,Individual professional,3,Pattern Evidence,VP-002,Decision Advantage,Improves the quality of prioritization and intervention decisions where mistakes or delays are expensive.,OF-002,Decision and Foresight Infrastructure,Value Pattern VP-002 Decision Advantage -> Decision and Foresight Infrastructure,"Raise judgment quality and reduce irreversible mistakes by turning weak signals, tradeoffs, and scenario uncertainty into clearer pre-commitment choices.","VP-002 Decision Advantage, VP-008 Pre-Commitment Foresight",Broad initial wedge; Why-now missing
C-0524,Time Debt,Compound,Compound capability,Personal Development,Individual professional,2,Pattern Evidence,VP-007,Compounding Loops,Creates durable value through repeated-use reinforcement rather than one-time task completion.,OF-005,Capability Capital Platforms,Value Pattern VP-007 Compounding Loops -> Capability Capital Platforms,"Build durable leverage by ensuring each cycle leaves behind skills, assets, or operating capital that makes the next cycle stronger.","VP-007 Compounding Loops, VP-010 Assetization Engines",Low concept confidence; Primitive ambiguity; Broad initial wedge; Why-now missing
C-0525,Future Conversations,Compound,Compound gains,Public Sector,Public sector strategist,2,Pattern Evidence,VP-007,Compounding Loops,Creates durable value through repeated-use reinforcement rather than one-time task completion.,OF-005,Capability Capital Platforms,Value Pattern VP-007 Compounding Loops -> Capability Capital Platforms,"Build durable leverage by ensuring each cycle leaves behind skills, assets, or operating capital that makes the next cycle stronger.","VP-007 Compounding Loops, VP-010 Assetization Engines",Low concept confidence; Primitive ambiguity; Broad initial wedge; Why-now missing
C-0526,Long Bets,Predict,Predict outcomes,Personal Development,Individual professional,3,Pattern Evidence,VP-008,Pre-Commitment Foresight,Creates value by reducing the cost of uncertainty before irreversible action is taken.,OF-002,Decision and Foresight Infrastructure,Value Pattern VP-008 Pre-Commitment Foresight -> Decision and Foresight Infrastructure,"Raise judgment quality and reduce irreversible mistakes by turning weak signals, tradeoffs, and scenario uncertainty into clearer pre-commitment choices.","VP-002 Decision Advantage, VP-008 Pre-Commitment Foresight",Broad initial wedge; Why-now missing
C-0527,Seasonality Living,Learn,Accelerate learning,Talent,Learning and development leader,3,Pattern Evidence,VP-007,Compounding Loops,Creates durable value through repeated-use reinforcement rather than one-time task completion.,OF-005,Capability Capital Platforms,Value Pattern VP-007 Compounding Loops -> Capability Capital Platforms,"Build durable leverage by ensuring each cycle leaves behind skills, assets, or operating capital that makes the next cycle stronger.","VP-007 Compounding Loops, VP-010 Assetization Engines",Why-now missing
C-0528,Time Reflection,Compound,Compound capability,Personal Development,Individual professional,2,Pattern Evidence,VP-007,Compounding Loops,Creates durable value through repeated-use reinforcement rather than one-time task completion.,OF-005,Capability Capital Platforms,Value Pattern VP-007 Compounding Loops -> Capability Capital Platforms,"Build durable leverage by ensuring each cycle leaves behind skills, assets, or operating capital that makes the next cycle stronger.","VP-007 Compounding Loops, VP-010 Assetization Engines",Low concept confidence; Primitive ambiguity; Broad initial wedge; Why-now missing
C-0529,Deferred Rewards,Compound,Compound gains,Public Sector,Public sector strategist,2,Pattern Evidence,VP-007,Compounding Loops,Creates durable value through repeated-use reinforcement rather than one-time task completion.,OF-005,Capability Capital Platforms,Value Pattern VP-007 Compounding Loops -> Capability Capital Platforms,"Build durable leverage by ensuring each cycle leaves behind skills, assets, or operating capital that makes the next cycle stronger.","VP-007 Compounding Loops, VP-010 Assetization Engines",Low concept confidence; Primitive ambiguity; Broad initial wedge; Why-now missing
C-0530,Compound Time,Compound,Compound gains,Public Sector,Public sector strategist,4,Pattern Evidence,VP-007,Compounding Loops,Creates durable value through repeated-use reinforcement rather than one-time task completion.,OF-005,Capability Capital Platforms,Value Pattern VP-007 Compounding Loops -> Capability Capital Platforms,"Build durable leverage by ensuring each cycle leaves behind skills, assets, or operating capital that makes the next cycle stronger.","VP-007 Compounding Loops, VP-010 Assetization Engines",Broad initial wedge; Why-now missing
C-0531,Curiosity Challenges,Discover,Find opportunities,Commercial,Revenue operations leader,2,Pattern Evidence,VP-006,Opportunity Surface Expansion,"Creates upside by expanding the set of credible opportunities a team can see, compare, or pursue.",OF-004,Discovery and Liquidity Networks,Value Pattern VP-006 Opportunity Surface Expansion -> Discovery and Liquidity Networks,Create upside by increasing what the user can see and lowering the search friction required to turn discovery into allocation.,"VP-005 Matching Liquidity, VP-006 Opportunity Surface Expansion",Low concept confidence; Primitive ambiguity; Why-now missing
C-0532,Safe Failure,Compound,Compound capability,Personal Development,Individual professional,2,Pattern Evidence,VP-007,Compounding Loops,Creates durable value through repeated-use reinforcement rather than one-time task completion.,OF-005,Capability Capital Platforms,Value Pattern VP-007 Compounding Loops -> Capability Capital Platforms,"Build durable leverage by ensuring each cycle leaves behind skills, assets, or operating capital that makes the next cycle stronger.","VP-007 Compounding Loops, VP-010 Assetization Engines",Low concept confidence; Primitive ambiguity; Broad initial wedge; Why-now missing
C-0533,Random Skill Days,Compound,Compound capability,Personal Development,Individual professional,2,Pattern Evidence,VP-007,Compounding Loops,Creates durable value through repeated-use reinforcement rather than one-time task completion.,OF-005,Capability Capital Platforms,Value Pattern VP-007 Compounding Loops -> Capability Capital Platforms,"Build durable leverage by ensuring each cycle leaves behind skills, assets, or operating capital that makes the next cycle stronger.","VP-007 Compounding Loops, VP-010 Assetization Engines",Low concept confidence; Primitive ambiguity; Broad initial wedge; Why-now missing
C-0534,Imagination Sessions,Compound,Compound gains,Community,Community manager,2,Pattern Evidence,VP-007,Compounding Loops,Creates durable value through repeated-use reinforcement rather than one-time task completion.,OF-005,Capability Capital Platforms,Value Pattern VP-007 Compounding Loops -> Capability Capital Platforms,"Build durable leverage by ensuring each cycle leaves behind skills, assets, or operating capital that makes the next cycle stronger.","VP-007 Compounding Loops, VP-010 Assetization Engines",Low concept confidence; Primitive ambiguity; Why-now missing
C-0535,Reverse Expertise,Compound,Compound capability,Personal Development,Individual professional,2,Pattern Evidence,VP-007,Compounding Loops,Creates durable value through repeated-use reinforcement rather than one-time task completion.,OF-005,Capability Capital Platforms,Value Pattern VP-007 Compounding Loops -> Capability Capital Platforms,"Build durable leverage by ensuring each cycle leaves behind skills, assets, or operating capital that makes the next cycle stronger.","VP-007 Compounding Loops, VP-010 Assetization Engines",Low concept confidence; Primitive ambiguity; Broad initial wedge; Why-now missing
C-0536,Wonder Walks,Discover,Find opportunities,Personal Development,Individual professional,3,Pattern Evidence,VP-006,Opportunity Surface Expansion,"Creates upside by expanding the set of credible opportunities a team can see, compare, or pursue.",OF-004,Discovery and Liquidity Networks,Value Pattern VP-006 Opportunity Surface Expansion -> Discovery and Liquidity Networks,Create upside by increasing what the user can see and lowering the search friction required to turn discovery into allocation.,"VP-005 Matching Liquidity, VP-006 Opportunity Surface Expansion",Broad initial wedge; Why-now missing
C-0537,Constraint Games,Compound,Compound gains,Household,Parent,2,Pattern Evidence,VP-007,Compounding Loops,Creates durable value through repeated-use reinforcement rather than one-time task completion.,OF-005,Capability Capital Platforms,Value Pattern VP-007 Compounding Loops -> Capability Capital Platforms,"Build durable leverage by ensuring each cycle leaves behind skills, assets, or operating capital that makes the next cycle stronger.","VP-007 Compounding Loops, VP-010 Assetization Engines",Low concept confidence; Primitive ambiguity; Why-now missing
C-0538,Play Apprenticeship,Learn,Accelerate learning,Personal Development,Individual professional,2,Pattern Evidence,VP-007,Compounding Loops,Creates durable value through repeated-use reinforcement rather than one-time task completion.,OF-005,Capability Capital Platforms,Value Pattern VP-007 Compounding Loops -> Capability Capital Platforms,"Build durable leverage by ensuring each cycle leaves behind skills, assets, or operating capital that makes the next cycle stronger.","VP-007 Compounding Loops, VP-010 Assetization Engines",Low concept confidence; Primitive ambiguity; Broad initial wedge; Why-now missing
C-0539,Novelty Ritual,Optimize,Improve capability,Personal Development,Individual professional,3,Pattern Evidence,VP-002,Decision Advantage,Improves the quality of prioritization and intervention decisions where mistakes or delays are expensive.,OF-002,Decision and Foresight Infrastructure,Value Pattern VP-002 Decision Advantage -> Decision and Foresight Infrastructure,"Raise judgment quality and reduce irreversible mistakes by turning weak signals, tradeoffs, and scenario uncertainty into clearer pre-commitment choices.","VP-002 Decision Advantage, VP-008 Pre-Commitment Foresight",Broad initial wedge; Why-now missing
C-0540,Play Compounder,Compound,Compound capability,Personal Development,Learning and development leader,4,Pattern Evidence,VP-007,Compounding Loops,Creates durable value through repeated-use reinforcement rather than one-time task completion.,OF-005,Capability Capital Platforms,Value Pattern VP-007 Compounding Loops -> Capability Capital Platforms,"Build durable leverage by ensuring each cycle leaves behind skills, assets, or operating capital that makes the next cycle stronger.","VP-007 Compounding Loops, VP-010 Assetization Engines",Why-now missing
C-0541,Contribution Ledger,Compound,Compound gains,Community,Community manager,2,Pattern Evidence,VP-007,Compounding Loops,Creates durable value through repeated-use reinforcement rather than one-time task completion.,OF-005,Capability Capital Platforms,Value Pattern VP-007 Compounding Loops -> Capability Capital Platforms,"Build durable leverage by ensuring each cycle leaves behind skills, assets, or operating capital that makes the next cycle stronger.","VP-007 Compounding Loops, VP-010 Assetization Engines",Low concept confidence; Primitive ambiguity; Why-now missing
C-0542,Life Themes,Compound,Compound capability,Personal Development,Individual professional,2,Pattern Evidence,VP-007,Compounding Loops,Creates durable value through repeated-use reinforcement rather than one-time task completion.,OF-005,Capability Capital Platforms,Value Pattern VP-007 Compounding Loops -> Capability Capital Platforms,"Build durable leverage by ensuring each cycle leaves behind skills, assets, or operating capital that makes the next cycle stronger.","VP-007 Compounding Loops, VP-010 Assetization Engines",Low concept confidence; Primitive ambiguity; Broad initial wedge; Why-now missing
C-0543,Legacy in Motion,Learn,Accelerate learning,Personal Development,Individual professional,3,Pattern Evidence,VP-007,Compounding Loops,Creates durable value through repeated-use reinforcement rather than one-time task completion.,OF-005,Capability Capital Platforms,Value Pattern VP-007 Compounding Loops -> Capability Capital Platforms,"Build durable leverage by ensuring each cycle leaves behind skills, assets, or operating capital that makes the next cycle stronger.","VP-007 Compounding Loops, VP-010 Assetization Engines",Broad initial wedge; Why-now missing
C-0544,Meaning Interviews,Compound,Compound capability,Personal Development,Individual professional,2,Pattern Evidence,VP-007,Compounding Loops,Creates durable value through repeated-use reinforcement rather than one-time task completion.,OF-005,Capability Capital Platforms,Value Pattern VP-007 Compounding Loops -> Capability Capital Platforms,"Build durable leverage by ensuring each cycle leaves behind skills, assets, or operating capital that makes the next cycle stronger.","VP-007 Compounding Loops, VP-010 Assetization Engines",Low concept confidence; Primitive ambiguity; Broad initial wedge; Why-now missing
C-0545,Awe Rituals,Remember,Preserve context,Research,R&D leader,3,Pattern Evidence,VP-003,Memory Infrastructure,"Transforms past operating knowledge into future leverage by lowering search, reconstruction, and onboarding costs.",OF-001,Operational Execution Infrastructure,Value Pattern VP-003 Memory Infrastructure -> Operational Execution Infrastructure,"Convert fragmented execution and lost context into faster cycle times, lower coordination overhead, and more repeatable operating throughput.","VP-001 Workflow Compression, VP-003 Memory Infrastructure",Why-now missing
C-0546,Purpose Experiments,Discover,Find opportunities,Personal Development,Individual professional,3,Pattern Evidence,VP-006,Opportunity Surface Expansion,"Creates upside by expanding the set of credible opportunities a team can see, compare, or pursue.",OF-004,Discovery and Liquidity Networks,Value Pattern VP-006 Opportunity Surface Expansion -> Discovery and Liquidity Networks,Create upside by increasing what the user can see and lowering the search friction required to turn discovery into allocation.,"VP-005 Matching Liquidity, VP-006 Opportunity Surface Expansion",Broad initial wedge; Why-now missing
C-0547,Value Alignment,Compound,Compound gains,Content & IP,Creator,2,Pattern Evidence,VP-007,Compounding Loops,Creates durable value through repeated-use reinforcement rather than one-time task completion.,OF-005,Capability Capital Platforms,Value Pattern VP-007 Compounding Loops -> Capability Capital Platforms,"Build durable leverage by ensuring each cycle leaves behind skills, assets, or operating capital that makes the next cycle stronger.","VP-007 Compounding Loops, VP-010 Assetization Engines",Low concept confidence; Primitive ambiguity; Why-now missing
C-0548,Meaning Circles,Compound,Compound capability,Personal Development,Individual professional,2,Pattern Evidence,VP-007,Compounding Loops,Creates durable value through repeated-use reinforcement rather than one-time task completion.,OF-005,Capability Capital Platforms,Value Pattern VP-007 Compounding Loops -> Capability Capital Platforms,"Build durable leverage by ensuring each cycle leaves behind skills, assets, or operating capital that makes the next cycle stronger.","VP-007 Compounding Loops, VP-010 Assetization Engines",Low concept confidence; Primitive ambiguity; Broad initial wedge; Why-now missing
C-0549,Life Thesis,Compound,Compound capability,Personal Development,Individual professional,2,Pattern Evidence,VP-007,Compounding Loops,Creates durable value through repeated-use reinforcement rather than one-time task completion.,OF-005,Capability Capital Platforms,Value Pattern VP-007 Compounding Loops -> Capability Capital Platforms,"Build durable leverage by ensuring each cycle leaves behind skills, assets, or operating capital that makes the next cycle stronger.","VP-007 Compounding Loops, VP-010 Assetization Engines",Low concept confidence; Primitive ambiguity; Broad initial wedge; Why-now missing
C-0550,Meaning Compounder,Compound,Compound gains,Community,Community manager,4,Pattern Evidence,VP-007,Compounding Loops,Creates durable value through repeated-use reinforcement rather than one-time task completion.,OF-005,Capability Capital Platforms,Value Pattern VP-007 Compounding Loops -> Capability Capital Platforms,"Build durable leverage by ensuring each cycle leaves behind skills, assets, or operating capital that makes the next cycle stronger.","VP-007 Compounding Loops, VP-010 Assetization Engines",Why-now missing
C-0551,Adjacent Possible,Compound,Compound capability,Personal Development,Individual professional,2,Pattern Evidence,VP-007,Compounding Loops,Creates durable value through repeated-use reinforcement rather than one-time task completion.,OF-005,Capability Capital Platforms,Value Pattern VP-007 Compounding Loops -> Capability Capital Platforms,"Build durable leverage by ensuring each cycle leaves behind skills, assets, or operating capital that makes the next cycle stronger.","VP-007 Compounding Loops, VP-010 Assetization Engines",Low concept confidence; Primitive ambiguity; Broad initial wedge; Why-now missing
C-0552,Serendipity Windows,Compound,Compound capability,Personal Development,Individual professional,2,Pattern Evidence,VP-007,Compounding Loops,Creates durable value through repeated-use reinforcement rather than one-time task completion.,OF-005,Capability Capital Platforms,Value Pattern VP-007 Compounding Loops -> Capability Capital Platforms,"Build durable leverage by ensuring each cycle leaves behind skills, assets, or operating capital that makes the next cycle stronger.","VP-007 Compounding Loops, VP-010 Assetization Engines",Low concept confidence; Primitive ambiguity; Broad initial wedge; Why-now missing
C-0553,Unknown Quota,Compound,Compound capability,Personal Development,Individual professional,2,Pattern Evidence,VP-007,Compounding Loops,Creates durable value through repeated-use reinforcement rather than one-time task completion.,OF-005,Capability Capital Platforms,Value Pattern VP-007 Compounding Loops -> Capability Capital Platforms,"Build durable leverage by ensuring each cycle leaves behind skills, assets, or operating capital that makes the next cycle stronger.","VP-007 Compounding Loops, VP-010 Assetization Engines",Low concept confidence; Primitive ambiguity; Broad initial wedge; Why-now missing
C-0554,Curated Uncertainty,Compound,Compound capability,Personal Development,Individual professional,2,Pattern Evidence,VP-007,Compounding Loops,Creates durable value through repeated-use reinforcement rather than one-time task completion.,OF-005,Capability Capital Platforms,Value Pattern VP-007 Compounding Loops -> Capability Capital Platforms,"Build durable leverage by ensuring each cycle leaves behind skills, assets, or operating capital that makes the next cycle stronger.","VP-007 Compounding Loops, VP-010 Assetization Engines",Low concept confidence; Primitive ambiguity; Broad initial wedge; Why-now missing
C-0555,Exploration Seasons,Discover,Find opportunities,Personal Development,Individual professional,3,Pattern Evidence,VP-006,Opportunity Surface Expansion,"Creates upside by expanding the set of credible opportunities a team can see, compare, or pursue.",OF-004,Discovery and Liquidity Networks,Value Pattern VP-006 Opportunity Surface Expansion -> Discovery and Liquidity Networks,Create upside by increasing what the user can see and lowering the search friction required to turn discovery into allocation.,"VP-005 Matching Liquidity, VP-006 Opportunity Surface Expansion",Broad initial wedge; Why-now missing
C-0556,Curiosity Compass,Compound,Compound capability,Personal Development,Individual professional,2,Pattern Evidence,VP-007,Compounding Loops,Creates durable value through repeated-use reinforcement rather than one-time task completion.,OF-005,Capability Capital Platforms,Value Pattern VP-007 Compounding Loops -> Capability Capital Platforms,"Build durable leverage by ensuring each cycle leaves behind skills, assets, or operating capital that makes the next cycle stronger.","VP-007 Compounding Loops, VP-010 Assetization Engines",Low concept confidence; Primitive ambiguity; Broad initial wedge; Why-now missing
C-0557,Possibility Reviews,Discover,Find opportunities,Personal Development,Individual professional,3,Pattern Evidence,VP-006,Opportunity Surface Expansion,"Creates upside by expanding the set of credible opportunities a team can see, compare, or pursue.",OF-004,Discovery and Liquidity Networks,Value Pattern VP-006 Opportunity Surface Expansion -> Discovery and Liquidity Networks,Create upside by increasing what the user can see and lowering the search friction required to turn discovery into allocation.,"VP-005 Matching Liquidity, VP-006 Opportunity Surface Expansion",Broad initial wedge; Why-now missing
C-0558,Exploration Budget,Discover,Find opportunities,Personal Development,Individual professional,3,Pattern Evidence,VP-006,Opportunity Surface Expansion,"Creates upside by expanding the set of credible opportunities a team can see, compare, or pursue.",OF-004,Discovery and Liquidity Networks,Value Pattern VP-006 Opportunity Surface Expansion -> Discovery and Liquidity Networks,Create upside by increasing what the user can see and lowering the search friction required to turn discovery into allocation.,"VP-005 Matching Liquidity, VP-006 Opportunity Surface Expansion",Broad initial wedge; Why-now missing
C-0559,Exploration Apprenticeship,Discover,Find opportunities,Personal Development,Individual professional,3,Pattern Evidence,VP-006,Opportunity Surface Expansion,"Creates upside by expanding the set of credible opportunities a team can see, compare, or pursue.",OF-004,Discovery and Liquidity Networks,Value Pattern VP-006 Opportunity Surface Expansion -> Discovery and Liquidity Networks,Create upside by increasing what the user can see and lowering the search friction required to turn discovery into allocation.,"VP-005 Matching Liquidity, VP-006 Opportunity Surface Expansion",Broad initial wedge; Why-now missing
C-0560,Exploration Compounder,Discover,Find opportunities,Public Sector,Public sector strategist,4,Pattern Evidence,VP-006,Opportunity Surface Expansion,"Creates upside by expanding the set of credible opportunities a team can see, compare, or pursue.",OF-004,Discovery and Liquidity Networks,Value Pattern VP-006 Opportunity Surface Expansion -> Discovery and Liquidity Networks,Create upside by increasing what the user can see and lowering the search friction required to turn discovery into allocation.,"VP-005 Matching Liquidity, VP-006 Opportunity Surface Expansion",Broad initial wedge; Why-now missing
C-0561,Workforce Memory,Remember,Preserve context,Personal Development,Individual professional,3,Pattern Evidence,VP-003,Memory Infrastructure,"Transforms past operating knowledge into future leverage by lowering search, reconstruction, and onboarding costs.",OF-001,Operational Execution Infrastructure,Value Pattern VP-003 Memory Infrastructure -> Operational Execution Infrastructure,"Convert fragmented execution and lost context into faster cycle times, lower coordination overhead, and more repeatable operating throughput.","VP-001 Workflow Compression, VP-003 Memory Infrastructure",Broad initial wedge; Why-now missing
C-0562,Retirement Economy Builder,Coordinate,Coordinate work,Operations,Operations executive,2,Intuition,VP-001,Workflow Compression,"Converts fragmented workflows into shorter cycle times, fewer stalls, and lower execution overhead.",OF-001,Operational Execution Infrastructure,Value Pattern VP-001 Workflow Compression -> Operational Execution Infrastructure,"Convert fragmented execution and lost context into faster cycle times, lower coordination overhead, and more repeatable operating throughput.","VP-001 Workflow Compression, VP-003 Memory Infrastructure",Low concept confidence; Primitive ambiguity; Broad initial wedge; Why-now missing
C-0563,Family Workforce,Coordinate,Coordinate work,Household,Parent,2,Pattern Evidence,VP-001,Workflow Compression,"Converts fragmented workflows into shorter cycle times, fewer stalls, and lower execution overhead.",OF-001,Operational Execution Infrastructure,Value Pattern VP-001 Workflow Compression -> Operational Execution Infrastructure,"Convert fragmented execution and lost context into faster cycle times, lower coordination overhead, and more repeatable operating throughput.","VP-001 Workflow Compression, VP-003 Memory Infrastructure",Low concept confidence; Primitive ambiguity; Why-now missing
C-0564,Longevity Careers,Coordinate,Coordinate work,Operations,Operations executive,2,Pattern Evidence,VP-001,Workflow Compression,"Converts fragmented workflows into shorter cycle times, fewer stalls, and lower execution overhead.",OF-001,Operational Execution Infrastructure,Value Pattern VP-001 Workflow Compression -> Operational Execution Infrastructure,"Convert fragmented execution and lost context into faster cycle times, lower coordination overhead, and more repeatable operating throughput.","VP-001 Workflow Compression, VP-003 Memory Infrastructure",Low concept confidence; Primitive ambiguity; Broad initial wedge; Why-now missing
C-0565,Experience Licensing,Coordinate,Coordinate work,Operations,Operations executive,2,Intuition,VP-001,Workflow Compression,"Converts fragmented workflows into shorter cycle times, fewer stalls, and lower execution overhead.",OF-001,Operational Execution Infrastructure,Value Pattern VP-001 Workflow Compression -> Operational Execution Infrastructure,"Convert fragmented execution and lost context into faster cycle times, lower coordination overhead, and more repeatable operating throughput.","VP-001 Workflow Compression, VP-003 Memory Infrastructure",Low concept confidence; Primitive ambiguity; Broad initial wedge; Why-now missing
C-0566,Population Shift Intelligence,Coordinate,Coordinate work,Operations,Operations executive,2,Intuition,VP-001,Workflow Compression,"Converts fragmented workflows into shorter cycle times, fewer stalls, and lower execution overhead.",OF-001,Operational Execution Infrastructure,Value Pattern VP-001 Workflow Compression -> Operational Execution Infrastructure,"Convert fragmented execution and lost context into faster cycle times, lower coordination overhead, and more repeatable operating throughput.","VP-001 Workflow Compression, VP-003 Memory Infrastructure",Low concept confidence; Primitive ambiguity; Broad initial wedge; Why-now missing
C-0567,Care Capacity Exchange,Match,Match resources,Healthcare,Family caregiver,2,Intuition,VP-005,Matching Liquidity,"Creates value by lowering search friction and increasing utilization, fit, or fill-rate in a constrained network.",OF-004,Discovery and Liquidity Networks,Value Pattern VP-005 Matching Liquidity -> Discovery and Liquidity Networks,Create upside by increasing what the user can see and lowering the search friction required to turn discovery into allocation.,"VP-005 Matching Liquidity, VP-006 Opportunity Surface Expansion",Low concept confidence; Primitive ambiguity; Why-now missing
C-0568,Generational Knowledge Transfer,Remember,Preserve context,Operations,Operations executive,2,Intuition,VP-003,Memory Infrastructure,"Transforms past operating knowledge into future leverage by lowering search, reconstruction, and onboarding costs.",OF-001,Operational Execution Infrastructure,Value Pattern VP-003 Memory Infrastructure -> Operational Execution Infrastructure,"Convert fragmented execution and lost context into faster cycle times, lower coordination overhead, and more repeatable operating throughput.","VP-001 Workflow Compression, VP-003 Memory Infrastructure",Low concept confidence; Broad initial wedge; Why-now missing
C-0569,Age-Blind Teams,Coordinate,Coordinate work,Operations,Operations executive,2,Intuition,VP-001,Workflow Compression,"Converts fragmented workflows into shorter cycle times, fewer stalls, and lower execution overhead.",OF-001,Operational Execution Infrastructure,Value Pattern VP-001 Workflow Compression -> Operational Execution Infrastructure,"Convert fragmented execution and lost context into faster cycle times, lower coordination overhead, and more repeatable operating throughput.","VP-001 Workflow Compression, VP-003 Memory Infrastructure",Low concept confidence; Primitive ambiguity; Broad initial wedge; Why-now missing
C-0570,Second-Life Economy,Remember,Preserve context,Personal Development,Individual professional,4,Pattern Evidence,VP-003,Memory Infrastructure,"Transforms past operating knowledge into future leverage by lowering search, reconstruction, and onboarding costs.",OF-001,Operational Execution Infrastructure,Value Pattern VP-003 Memory Infrastructure -> Operational Execution Infrastructure,"Convert fragmented execution and lost context into faster cycle times, lower coordination overhead, and more repeatable operating throughput.","VP-001 Workflow Compression, VP-003 Memory Infrastructure",Broad initial wedge; Why-now missing
C-0571,Regulation Simulator,Simulate,Test scenarios,Public Sector,Operations executive,2,Intuition,VP-008,Pre-Commitment Foresight,Creates value by reducing the cost of uncertainty before irreversible action is taken.,OF-002,Decision and Foresight Infrastructure,Value Pattern VP-008 Pre-Commitment Foresight -> Decision and Foresight Infrastructure,"Raise judgment quality and reduce irreversible mistakes by turning weak signals, tradeoffs, and scenario uncertainty into clearer pre-commitment choices.","VP-002 Decision Advantage, VP-008 Pre-Commitment Foresight",Low concept confidence; Broad initial wedge; Why-now missing
C-0572,Compliance by Design,Verify,Verify quality,Operations,Operations executive,2,Intuition,VP-004,Trust Infrastructure,"Unlocks action by reducing the cost of validation, compliance, and quality assurance.",OF-003,Trust and Adaptive Governance,Value Pattern VP-004 Trust Infrastructure -> Trust and Adaptive Governance,"Lower the cost of action under uncertainty by combining verification, readiness, and continuous re-alignment instead of static governance.","VP-004 Trust Infrastructure, VP-009 Adaptive Control",Low concept confidence; Primitive ambiguity; Broad initial wedge; Why-now missing
C-0573,Policy Compiler,Coordinate,Coordinate work,Public Sector,Operations executive,2,Intuition,VP-001,Workflow Compression,"Converts fragmented workflows into shorter cycle times, fewer stalls, and lower execution overhead.",OF-001,Operational Execution Infrastructure,Value Pattern VP-001 Workflow Compression -> Operational Execution Infrastructure,"Convert fragmented execution and lost context into faster cycle times, lower coordination overhead, and more repeatable operating throughput.","VP-001 Workflow Compression, VP-003 Memory Infrastructure",Low concept confidence; Primitive ambiguity; Why-now missing
C-0574,Regulatory Early Warning,Coordinate,Coordinate work,Operations,Operations executive,2,Intuition,VP-001,Workflow Compression,"Converts fragmented workflows into shorter cycle times, fewer stalls, and lower execution overhead.",OF-001,Operational Execution Infrastructure,Value Pattern VP-001 Workflow Compression -> Operational Execution Infrastructure,"Convert fragmented execution and lost context into faster cycle times, lower coordination overhead, and more repeatable operating throughput.","VP-001 Workflow Compression, VP-003 Memory Infrastructure",Low concept confidence; Primitive ambiguity; Broad initial wedge; Why-now missing
C-0575,Public Comment Intelligence,Discover,Find opportunities,Public Sector,Public sector strategist,2,Intuition,VP-006,Opportunity Surface Expansion,"Creates upside by expanding the set of credible opportunities a team can see, compare, or pursue.",OF-004,Discovery and Liquidity Networks,Value Pattern VP-006 Opportunity Surface Expansion -> Discovery and Liquidity Networks,Create upside by increasing what the user can see and lowering the search friction required to turn discovery into allocation.,"VP-005 Matching Liquidity, VP-006 Opportunity Surface Expansion",Low concept confidence; Primitive ambiguity; Why-now missing
C-0576,Adaptive Contracts,Adapt,Adapt continuously,Operations,Operations executive,2,Intuition,VP-009,Adaptive Control,Preserves performance by continuously re-tuning decisions and structures instead of letting them drift out of date.,OF-003,Trust and Adaptive Governance,Value Pattern VP-009 Adaptive Control -> Trust and Adaptive Governance,"Lower the cost of action under uncertainty by combining verification, readiness, and continuous re-alignment instead of static governance.","VP-004 Trust Infrastructure, VP-009 Adaptive Control",Low concept confidence; Primitive ambiguity; Broad initial wedge; Why-now missing
C-0577,Regulatory Sandbox Marketplace,Match,Match resources,Operations,Operations executive,2,Intuition,VP-005,Matching Liquidity,"Creates value by lowering search friction and increasing utilization, fit, or fill-rate in a constrained network.",OF-004,Discovery and Liquidity Networks,Value Pattern VP-005 Matching Liquidity -> Discovery and Liquidity Networks,Create upside by increasing what the user can see and lowering the search friction required to turn discovery into allocation.,"VP-005 Matching Liquidity, VP-006 Opportunity Surface Expansion",Low concept confidence; Primitive ambiguity; Broad initial wedge; Why-now missing
C-0578,Cross-Border Rule Engine,Coordinate,Coordinate work,Operations,Operations executive,2,Intuition,VP-001,Workflow Compression,"Converts fragmented workflows into shorter cycle times, fewer stalls, and lower execution overhead.",OF-001,Operational Execution Infrastructure,Value Pattern VP-001 Workflow Compression -> Operational Execution Infrastructure,"Convert fragmented execution and lost context into faster cycle times, lower coordination overhead, and more repeatable operating throughput.","VP-001 Workflow Compression, VP-003 Memory Infrastructure",Low concept confidence; Primitive ambiguity; Broad initial wedge; Why-now missing
C-0579,Regulatory Debt,Verify,Verify quality,Operations,Operations executive,2,Intuition,VP-004,Trust Infrastructure,"Unlocks action by reducing the cost of validation, compliance, and quality assurance.",OF-003,Trust and Adaptive Governance,Value Pattern VP-004 Trust Infrastructure -> Trust and Adaptive Governance,"Lower the cost of action under uncertainty by combining verification, readiness, and continuous re-alignment instead of static governance.","VP-004 Trust Infrastructure, VP-009 Adaptive Control",Low concept confidence; Broad initial wedge; Why-now missing
C-0580,Policy Operating Layer,Optimize,Improve execution,Public Sector,Public sector strategist,4,Secondary Research,VP-002,Decision Advantage,Improves the quality of prioritization and intervention decisions where mistakes or delays are expensive.,OF-002,Decision and Foresight Infrastructure,Value Pattern VP-002 Decision Advantage -> Decision and Foresight Infrastructure,"Raise judgment quality and reduce irreversible mistakes by turning weak signals, tradeoffs, and scenario uncertainty into clearer pre-commitment choices.","VP-002 Decision Advantage, VP-008 Pre-Commitment Foresight",Primitive ambiguity; Why-now missing
C-0581,Climate Migration Intelligence,Predict,Predict outcomes,Infrastructure,Infrastructure planner,2,Intuition,VP-008,Pre-Commitment Foresight,Creates value by reducing the cost of uncertainty before irreversible action is taken.,OF-002,Decision and Foresight Infrastructure,Value Pattern VP-008 Pre-Commitment Foresight -> Decision and Foresight Infrastructure,"Raise judgment quality and reduce irreversible mistakes by turning weak signals, tradeoffs, and scenario uncertainty into clearer pre-commitment choices.","VP-002 Decision Advantage, VP-008 Pre-Commitment Foresight",Low concept confidence; Why-now missing
C-0582,Infrastructure Digital Aging,Predict,Predict outcomes,Healthcare,Care coordinator,2,Intuition,VP-008,Pre-Commitment Foresight,Creates value by reducing the cost of uncertainty before irreversible action is taken.,OF-002,Decision and Foresight Infrastructure,Value Pattern VP-008 Pre-Commitment Foresight -> Decision and Foresight Infrastructure,"Raise judgment quality and reduce irreversible mistakes by turning weak signals, tradeoffs, and scenario uncertainty into clearer pre-commitment choices.","VP-002 Decision Advantage, VP-008 Pre-Commitment Foresight",Low concept confidence; Why-now missing
C-0583,Water Value Exchange,Match,Match resources,Physical Operations,Infrastructure operator,2,Intuition,VP-005,Matching Liquidity,"Creates value by lowering search friction and increasing utilization, fit, or fill-rate in a constrained network.",OF-004,Discovery and Liquidity Networks,Value Pattern VP-005 Matching Liquidity -> Discovery and Liquidity Networks,Create upside by increasing what the user can see and lowering the search friction required to turn discovery into allocation.,"VP-005 Matching Liquidity, VP-006 Opportunity Surface Expansion",Low concept confidence; Primitive ambiguity; Why-now missing
C-0584,Resilience Score,Adapt,Adapt continuously,Infrastructure,City planner,2,Intuition,VP-009,Adaptive Control,Preserves performance by continuously re-tuning decisions and structures instead of letting them drift out of date.,OF-003,Trust and Adaptive Governance,Value Pattern VP-009 Adaptive Control -> Trust and Adaptive Governance,"Lower the cost of action under uncertainty by combining verification, readiness, and continuous re-alignment instead of static governance.","VP-004 Trust Infrastructure, VP-009 Adaptive Control",Low concept confidence; Why-now missing
C-0585,Local Manufacturing Planner,Coordinate,Coordinate work,Physical Operations,Supply chain manager,2,Intuition,VP-001,Workflow Compression,"Converts fragmented workflows into shorter cycle times, fewer stalls, and lower execution overhead.",OF-001,Operational Execution Infrastructure,Value Pattern VP-001 Workflow Compression -> Operational Execution Infrastructure,"Convert fragmented execution and lost context into faster cycle times, lower coordination overhead, and more repeatable operating throughput.","VP-001 Workflow Compression, VP-003 Memory Infrastructure",Low concept confidence; Primitive ambiguity; Why-now missing
C-0586,Climate Insurance Engine,Adapt,Adapt continuously,Infrastructure,Infrastructure planner,2,Intuition,VP-009,Adaptive Control,Preserves performance by continuously re-tuning decisions and structures instead of letting them drift out of date.,OF-003,Trust and Adaptive Governance,Value Pattern VP-009 Adaptive Control -> Trust and Adaptive Governance,"Lower the cost of action under uncertainty by combining verification, readiness, and continuous re-alignment instead of static governance.","VP-004 Trust Infrastructure, VP-009 Adaptive Control",Low concept confidence; Primitive ambiguity; Why-now missing
C-0587,Energy Flex Marketplace,Match,Match resources,Infrastructure,Utility planner,2,Intuition,VP-005,Matching Liquidity,"Creates value by lowering search friction and increasing utilization, fit, or fill-rate in a constrained network.",OF-004,Discovery and Liquidity Networks,Value Pattern VP-005 Matching Liquidity -> Discovery and Liquidity Networks,Create upside by increasing what the user can see and lowering the search friction required to turn discovery into allocation.,"VP-005 Matching Liquidity, VP-006 Opportunity Surface Expansion",Low concept confidence; Primitive ambiguity; Why-now missing
C-0588,Infrastructure ROI Simulator,Simulate,Test scenarios,Infrastructure,Infrastructure planner,2,Intuition,VP-008,Pre-Commitment Foresight,Creates value by reducing the cost of uncertainty before irreversible action is taken.,OF-002,Decision and Foresight Infrastructure,Value Pattern VP-008 Pre-Commitment Foresight -> Decision and Foresight Infrastructure,"Raise judgment quality and reduce irreversible mistakes by turning weak signals, tradeoffs, and scenario uncertainty into clearer pre-commitment choices.","VP-002 Decision Advantage, VP-008 Pre-Commitment Foresight",Low concept confidence; Why-now missing
C-0589,Urban Adaptation Planner,Adapt,Adapt continuously,Infrastructure,City planner,2,Intuition,VP-009,Adaptive Control,Preserves performance by continuously re-tuning decisions and structures instead of letting them drift out of date.,OF-003,Trust and Adaptive Governance,Value Pattern VP-009 Adaptive Control -> Trust and Adaptive Governance,"Lower the cost of action under uncertainty by combining verification, readiness, and continuous re-alignment instead of static governance.","VP-004 Trust Infrastructure, VP-009 Adaptive Control",Low concept confidence; Primitive ambiguity; Why-now missing
C-0590,Future Geography Layer,Verify,Verify quality,Infrastructure,Infrastructure planner,4,Secondary Research,VP-004,Trust Infrastructure,"Unlocks action by reducing the cost of validation, compliance, and quality assurance.",OF-003,Trust and Adaptive Governance,Value Pattern VP-004 Trust Infrastructure -> Trust and Adaptive Governance,"Lower the cost of action under uncertainty by combining verification, readiness, and continuous re-alignment instead of static governance.","VP-004 Trust Infrastructure, VP-009 Adaptive Control",Primitive ambiguity; Why-now missing
C-0591,Synthetic Expertise,Remember,Preserve context,Operations,Operations executive,2,Intuition,VP-003,Memory Infrastructure,"Transforms past operating knowledge into future leverage by lowering search, reconstruction, and onboarding costs.",OF-001,Operational Execution Infrastructure,Value Pattern VP-003 Memory Infrastructure -> Operational Execution Infrastructure,"Convert fragmented execution and lost context into faster cycle times, lower coordination overhead, and more repeatable operating throughput.","VP-001 Workflow Compression, VP-003 Memory Infrastructure",Low concept confidence; Broad initial wedge; Why-now missing
C-0592,Discovery Compiler,Discover,Find opportunities,Research,Research scientist,3,Secondary Research,VP-006,Opportunity Surface Expansion,"Creates upside by expanding the set of credible opportunities a team can see, compare, or pursue.",OF-004,Discovery and Liquidity Networks,Value Pattern VP-006 Opportunity Surface Expansion -> Discovery and Liquidity Networks,Create upside by increasing what the user can see and lowering the search friction required to turn discovery into allocation.,"VP-005 Matching Liquidity, VP-006 Opportunity Surface Expansion",Why-now missing
C-0593,Materials Discovery Studio,Discover,Find opportunities,Research,R&D leader,2,Intuition,VP-006,Opportunity Surface Expansion,"Creates upside by expanding the set of credible opportunities a team can see, compare, or pursue.",OF-004,Discovery and Liquidity Networks,Value Pattern VP-006 Opportunity Surface Expansion -> Discovery and Liquidity Networks,Create upside by increasing what the user can see and lowering the search friction required to turn discovery into allocation.,"VP-005 Matching Liquidity, VP-006 Opportunity Surface Expansion",Low concept confidence; Why-now missing
C-0594,Experiment Economy,Discover,Find opportunities,Research,Research scientist,3,Intuition,VP-006,Opportunity Surface Expansion,"Creates upside by expanding the set of credible opportunities a team can see, compare, or pursue.",OF-004,Discovery and Liquidity Networks,Value Pattern VP-006 Opportunity Surface Expansion -> Discovery and Liquidity Networks,Create upside by increasing what the user can see and lowering the search friction required to turn discovery into allocation.,"VP-005 Matching Liquidity, VP-006 Opportunity Surface Expansion",Why-now missing
C-0595,Knowledge Half-Life Engine,Remember,Preserve context,Operations,Operations executive,2,Intuition,VP-003,Memory Infrastructure,"Transforms past operating knowledge into future leverage by lowering search, reconstruction, and onboarding costs.",OF-001,Operational Execution Infrastructure,Value Pattern VP-003 Memory Infrastructure -> Operational Execution Infrastructure,"Convert fragmented execution and lost context into faster cycle times, lower coordination overhead, and more repeatable operating throughput.","VP-001 Workflow Compression, VP-003 Memory Infrastructure",Low concept confidence; Broad initial wedge; Why-now missing
C-0596,Scientific Prediction League,Predict,Predict outcomes,Research,Research scientist,3,Pattern Evidence,VP-008,Pre-Commitment Foresight,Creates value by reducing the cost of uncertainty before irreversible action is taken.,OF-002,Decision and Foresight Infrastructure,Value Pattern VP-008 Pre-Commitment Foresight -> Decision and Foresight Infrastructure,"Raise judgment quality and reduce irreversible mistakes by turning weak signals, tradeoffs, and scenario uncertainty into clearer pre-commitment choices.","VP-002 Decision Advantage, VP-008 Pre-Commitment Foresight",Why-now missing
C-0597,Cross-Disciplinary Discovery,Discover,Find opportunities,Research,R&D leader,2,Intuition,VP-006,Opportunity Surface Expansion,"Creates upside by expanding the set of credible opportunities a team can see, compare, or pursue.",OF-004,Discovery and Liquidity Networks,Value Pattern VP-006 Opportunity Surface Expansion -> Discovery and Liquidity Networks,Create upside by increasing what the user can see and lowering the search friction required to turn discovery into allocation.,"VP-005 Matching Liquidity, VP-006 Opportunity Surface Expansion",Low concept confidence; Why-now missing
C-0598,Validation-as-a-Service,Discover,Find opportunities,Operations,Operations executive,2,Intuition,VP-006,Opportunity Surface Expansion,"Creates upside by expanding the set of credible opportunities a team can see, compare, or pursue.",OF-004,Discovery and Liquidity Networks,Value Pattern VP-006 Opportunity Surface Expansion -> Discovery and Liquidity Networks,Create upside by increasing what the user can see and lowering the search friction required to turn discovery into allocation.,"VP-005 Matching Liquidity, VP-006 Opportunity Surface Expansion",Low concept confidence; Broad initial wedge; Why-now missing
C-0599,Research Capital Market,Discover,Find opportunities,Research,R&D leader,2,Intuition,VP-006,Opportunity Surface Expansion,"Creates upside by expanding the set of credible opportunities a team can see, compare, or pursue.",OF-004,Discovery and Liquidity Networks,Value Pattern VP-006 Opportunity Surface Expansion -> Discovery and Liquidity Networks,Create upside by increasing what the user can see and lowering the search friction required to turn discovery into allocation.,"VP-005 Matching Liquidity, VP-006 Opportunity Surface Expansion",Low concept confidence; Why-now missing
C-0600,Discovery Operating Layer,Discover,Find opportunities,Research,Research scientist,4,Secondary Research,VP-006,Opportunity Surface Expansion,"Creates upside by expanding the set of credible opportunities a team can see, compare, or pursue.",OF-004,Discovery and Liquidity Networks,Value Pattern VP-006 Opportunity Surface Expansion -> Discovery and Liquidity Networks,Create upside by increasing what the user can see and lowering the search friction required to turn discovery into allocation.,"VP-005 Matching Liquidity, VP-006 Opportunity Surface Expansion",Why-now missing
C-0601,Physical Workforce Exchange,Match,Match resources,Automation,Automation operations leader,2,Intuition,VP-005,Matching Liquidity,"Creates value by lowering search friction and increasing utilization, fit, or fill-rate in a constrained network.",OF-004,Discovery and Liquidity Networks,Value Pattern VP-005 Matching Liquidity -> Discovery and Liquidity Networks,Create upside by increasing what the user can see and lowering the search friction required to turn discovery into allocation.,"VP-005 Matching Liquidity, VP-006 Opportunity Surface Expansion",Low concept confidence; Primitive ambiguity; Why-now missing
C-0602,Robot Career Paths,Coordinate,Coordinate work,Automation,Automation operations leader,2,Pattern Evidence,VP-001,Workflow Compression,"Converts fragmented workflows into shorter cycle times, fewer stalls, and lower execution overhead.",OF-001,Operational Execution Infrastructure,Value Pattern VP-001 Workflow Compression -> Operational Execution Infrastructure,"Convert fragmented execution and lost context into faster cycle times, lower coordination overhead, and more repeatable operating throughput.","VP-001 Workflow Compression, VP-003 Memory Infrastructure",Low concept confidence; Primitive ambiguity; Why-now missing
C-0603,Factory-in-a-Box,Coordinate,Coordinate work,Physical Operations,Plant manager,2,Intuition,VP-001,Workflow Compression,"Converts fragmented workflows into shorter cycle times, fewer stalls, and lower execution overhead.",OF-001,Operational Execution Infrastructure,Value Pattern VP-001 Workflow Compression -> Operational Execution Infrastructure,"Convert fragmented execution and lost context into faster cycle times, lower coordination overhead, and more repeatable operating throughput.","VP-001 Workflow Compression, VP-003 Memory Infrastructure",Low concept confidence; Primitive ambiguity; Why-now missing
C-0604,Physical Skill Library,Compound,Compound gains,Operations,Operations executive,2,Intuition,VP-007,Compounding Loops,Creates durable value through repeated-use reinforcement rather than one-time task completion.,OF-005,Capability Capital Platforms,Value Pattern VP-007 Compounding Loops -> Capability Capital Platforms,"Build durable leverage by ensuring each cycle leaves behind skills, assets, or operating capital that makes the next cycle stronger.","VP-007 Compounding Loops, VP-010 Assetization Engines",Low concept confidence; Primitive ambiguity; Broad initial wedge; Why-now missing
C-0605,Infrastructure Swarms,Coordinate,Coordinate work,Infrastructure,Infrastructure planner,2,Intuition,VP-001,Workflow Compression,"Converts fragmented workflows into shorter cycle times, fewer stalls, and lower execution overhead.",OF-001,Operational Execution Infrastructure,Value Pattern VP-001 Workflow Compression -> Operational Execution Infrastructure,"Convert fragmented execution and lost context into faster cycle times, lower coordination overhead, and more repeatable operating throughput.","VP-001 Workflow Compression, VP-003 Memory Infrastructure",Low concept confidence; Primitive ambiguity; Why-now missing
C-0606,Human-Robot Team Designer,Coordinate,Coordinate work,Workflow,Operations manager,2,Intuition,VP-001,Workflow Compression,"Converts fragmented workflows into shorter cycle times, fewer stalls, and lower execution overhead.",OF-001,Operational Execution Infrastructure,Value Pattern VP-001 Workflow Compression -> Operational Execution Infrastructure,"Convert fragmented execution and lost context into faster cycle times, lower coordination overhead, and more repeatable operating throughput.","VP-001 Workflow Compression, VP-003 Memory Infrastructure",Low concept confidence; Primitive ambiguity; Why-now missing
C-0607,Autonomous Construction Layer,Coordinate,Coordinate work,Operations,Operations executive,2,Intuition,VP-001,Workflow Compression,"Converts fragmented workflows into shorter cycle times, fewer stalls, and lower execution overhead.",OF-001,Operational Execution Infrastructure,Value Pattern VP-001 Workflow Compression -> Operational Execution Infrastructure,"Convert fragmented execution and lost context into faster cycle times, lower coordination overhead, and more repeatable operating throughput.","VP-001 Workflow Compression, VP-003 Memory Infrastructure",Low concept confidence; Primitive ambiguity; Broad initial wedge; Why-now missing
C-0608,Physical Simulation Exchange,Match,Match resources,Operations,Operations executive,2,Intuition,VP-005,Matching Liquidity,"Creates value by lowering search friction and increasing utilization, fit, or fill-rate in a constrained network.",OF-004,Discovery and Liquidity Networks,Value Pattern VP-005 Matching Liquidity -> Discovery and Liquidity Networks,Create upside by increasing what the user can see and lowering the search friction required to turn discovery into allocation.,"VP-005 Matching Liquidity, VP-006 Opportunity Surface Expansion",Low concept confidence; Primitive ambiguity; Broad initial wedge; Why-now missing
C-0609,Robot Insurance Market,Optimize,Improve execution,Automation,Automation operations leader,3,Intuition,VP-002,Decision Advantage,Improves the quality of prioritization and intervention decisions where mistakes or delays are expensive.,OF-002,Decision and Foresight Infrastructure,Value Pattern VP-002 Decision Advantage -> Decision and Foresight Infrastructure,"Raise judgment quality and reduce irreversible mistakes by turning weak signals, tradeoffs, and scenario uncertainty into clearer pre-commitment choices.","VP-002 Decision Advantage, VP-008 Pre-Commitment Foresight",Why-now missing
C-0610,Embodied Knowledge Engine,Remember,Preserve context,Automation,Automation operations leader,4,Secondary Research,VP-003,Memory Infrastructure,"Transforms past operating knowledge into future leverage by lowering search, reconstruction, and onboarding costs.",OF-001,Operational Execution Infrastructure,Value Pattern VP-003 Memory Infrastructure -> Operational Execution Infrastructure,"Convert fragmented execution and lost context into faster cycle times, lower coordination overhead, and more repeatable operating throughput.","VP-001 Workflow Compression, VP-003 Memory Infrastructure",Why-now missing
C-0611,Outcome Markets,Coordinate,Coordinate work,Operations,Operations executive,2,Pattern Evidence,VP-001,Workflow Compression,"Converts fragmented workflows into shorter cycle times, fewer stalls, and lower execution overhead.",OF-001,Operational Execution Infrastructure,Value Pattern VP-001 Workflow Compression -> Operational Execution Infrastructure,"Convert fragmented execution and lost context into faster cycle times, lower coordination overhead, and more repeatable operating throughput.","VP-001 Workflow Compression, VP-003 Memory Infrastructure",Low concept confidence; Primitive ambiguity; Broad initial wedge; Why-now missing
C-0612,Expertise Liquidity,Remember,Preserve context,Operations,Operations executive,3,Intuition,VP-003,Memory Infrastructure,"Transforms past operating knowledge into future leverage by lowering search, reconstruction, and onboarding costs.",OF-001,Operational Execution Infrastructure,Value Pattern VP-003 Memory Infrastructure -> Operational Execution Infrastructure,"Convert fragmented execution and lost context into faster cycle times, lower coordination overhead, and more repeatable operating throughput.","VP-001 Workflow Compression, VP-003 Memory Infrastructure",Broad initial wedge; Why-now missing
C-0613,Autonomous Business Builder,Discover,Find opportunities,Operations,Operations executive,3,Intuition,VP-006,Opportunity Surface Expansion,"Creates upside by expanding the set of credible opportunities a team can see, compare, or pursue.",OF-004,Discovery and Liquidity Networks,Value Pattern VP-006 Opportunity Surface Expansion -> Discovery and Liquidity Networks,Create upside by increasing what the user can see and lowering the search friction required to turn discovery into allocation.,"VP-005 Matching Liquidity, VP-006 Opportunity Surface Expansion",Broad initial wedge; Why-now missing
C-0614,Reputation Capital,Remember,Preserve context,Operations,Operations executive,3,Intuition,VP-003,Memory Infrastructure,"Transforms past operating knowledge into future leverage by lowering search, reconstruction, and onboarding costs.",OF-001,Operational Execution Infrastructure,Value Pattern VP-003 Memory Infrastructure -> Operational Execution Infrastructure,"Convert fragmented execution and lost context into faster cycle times, lower coordination overhead, and more repeatable operating throughput.","VP-001 Workflow Compression, VP-003 Memory Infrastructure",Broad initial wedge; Why-now missing
C-0615,Decision Insurance,Optimize,Improve decisions,Operations,Operations executive,3,Intuition,VP-002,Decision Advantage,Improves the quality of prioritization and intervention decisions where mistakes or delays are expensive.,OF-002,Decision and Foresight Infrastructure,Value Pattern VP-002 Decision Advantage -> Decision and Foresight Infrastructure,"Raise judgment quality and reduce irreversible mistakes by turning weak signals, tradeoffs, and scenario uncertainty into clearer pre-commitment choices.","VP-002 Decision Advantage, VP-008 Pre-Commitment Foresight",Broad initial wedge; Why-now missing
C-0616,Knowledge Arbitrage,Remember,Preserve context,Operations,Operations executive,2,Intuition,VP-003,Memory Infrastructure,"Transforms past operating knowledge into future leverage by lowering search, reconstruction, and onboarding costs.",OF-001,Operational Execution Infrastructure,Value Pattern VP-003 Memory Infrastructure -> Operational Execution Infrastructure,"Convert fragmented execution and lost context into faster cycle times, lower coordination overhead, and more repeatable operating throughput.","VP-001 Workflow Compression, VP-003 Memory Infrastructure",Low concept confidence; Primitive ambiguity; Broad initial wedge; Why-now missing
C-0617,Zero-Marginal Consulting,Coordinate,Coordinate work,Infrastructure,Infrastructure planner,2,Intuition,VP-001,Workflow Compression,"Converts fragmented workflows into shorter cycle times, fewer stalls, and lower execution overhead.",OF-001,Operational Execution Infrastructure,Value Pattern VP-001 Workflow Compression -> Operational Execution Infrastructure,"Convert fragmented execution and lost context into faster cycle times, lower coordination overhead, and more repeatable operating throughput.","VP-001 Workflow Compression, VP-003 Memory Infrastructure",Low concept confidence; Primitive ambiguity; Why-now missing
C-0618,Business Evolution Engine,Adapt,Adapt continuously,Operations,Operations executive,2,Intuition,VP-009,Adaptive Control,Preserves performance by continuously re-tuning decisions and structures instead of letting them drift out of date.,OF-003,Trust and Adaptive Governance,Value Pattern VP-009 Adaptive Control -> Trust and Adaptive Governance,"Lower the cost of action under uncertainty by combining verification, readiness, and continuous re-alignment instead of static governance.","VP-004 Trust Infrastructure, VP-009 Adaptive Control",Low concept confidence; Primitive ambiguity; Broad initial wedge; Why-now missing
C-0619,Organizational Compounding,Compound,Compound gains,Operations,Operations executive,3,Intuition,VP-007,Compounding Loops,Creates durable value through repeated-use reinforcement rather than one-time task completion.,OF-005,Capability Capital Platforms,Value Pattern VP-007 Compounding Loops -> Capability Capital Platforms,"Build durable leverage by ensuring each cycle leaves behind skills, assets, or operating capital that makes the next cycle stronger.","VP-007 Compounding Loops, VP-010 Assetization Engines",Broad initial wedge; Why-now missing
C-0620,Economic Operating Layer,Coordinate,Coordinate work,Operations,Operations executive,4,Secondary Research,VP-001,Workflow Compression,"Converts fragmented workflows into shorter cycle times, fewer stalls, and lower execution overhead.",OF-001,Operational Execution Infrastructure,Value Pattern VP-001 Workflow Compression -> Operational Execution Infrastructure,"Convert fragmented execution and lost context into faster cycle times, lower coordination overhead, and more repeatable operating throughput.","VP-001 Workflow Compression, VP-003 Memory Infrastructure",Broad initial wedge; Why-now missing
C-0621,Supply Chain Sovereignty,Coordinate,Coordinate work,Physical Operations,Supply chain manager,2,Intuition,VP-001,Workflow Compression,"Converts fragmented workflows into shorter cycle times, fewer stalls, and lower execution overhead.",OF-001,Operational Execution Infrastructure,Value Pattern VP-001 Workflow Compression -> Operational Execution Infrastructure,"Convert fragmented execution and lost context into faster cycle times, lower coordination overhead, and more repeatable operating throughput.","VP-001 Workflow Compression, VP-003 Memory Infrastructure",Low concept confidence; Primitive ambiguity; Why-now missing
C-0622,Critical Infrastructure Shield,Verify,Verify quality,Infrastructure,Infrastructure planner,3,Intuition,VP-004,Trust Infrastructure,"Unlocks action by reducing the cost of validation, compliance, and quality assurance.",OF-003,Trust and Adaptive Governance,Value Pattern VP-004 Trust Infrastructure -> Trust and Adaptive Governance,"Lower the cost of action under uncertainty by combining verification, readiness, and continuous re-alignment instead of static governance.","VP-004 Trust Infrastructure, VP-009 Adaptive Control",Why-now missing
C-0623,Strategic Dependency Exchange,Optimize,Improve planning,Infrastructure,Utility planner,3,Pattern Evidence,VP-002,Decision Advantage,Improves the quality of prioritization and intervention decisions where mistakes or delays are expensive.,OF-002,Decision and Foresight Infrastructure,Value Pattern VP-002 Decision Advantage -> Decision and Foresight Infrastructure,"Raise judgment quality and reduce irreversible mistakes by turning weak signals, tradeoffs, and scenario uncertainty into clearer pre-commitment choices.","VP-002 Decision Advantage, VP-008 Pre-Commitment Foresight",Why-now missing
C-0624,Industrial Mobilization Engine,Adapt,Adapt continuously,Physical Operations,Plant manager,2,Intuition,VP-009,Adaptive Control,Preserves performance by continuously re-tuning decisions and structures instead of letting them drift out of date.,OF-003,Trust and Adaptive Governance,Value Pattern VP-009 Adaptive Control -> Trust and Adaptive Governance,"Lower the cost of action under uncertainty by combining verification, readiness, and continuous re-alignment instead of static governance.","VP-004 Trust Infrastructure, VP-009 Adaptive Control",Low concept confidence; Primitive ambiguity; Why-now missing
C-0625,National Talent Reserve,Match,Match resources,Public Sector,Public sector strategist,2,Intuition,VP-005,Matching Liquidity,"Creates value by lowering search friction and increasing utilization, fit, or fill-rate in a constrained network.",OF-004,Discovery and Liquidity Networks,Value Pattern VP-005 Matching Liquidity -> Discovery and Liquidity Networks,Create upside by increasing what the user can see and lowering the search friction required to turn discovery into allocation.,"VP-005 Matching Liquidity, VP-006 Opportunity Surface Expansion",Low concept confidence; Primitive ambiguity; Why-now missing
C-0626,Infrastructure Readiness Score,Verify,Verify quality,Infrastructure,Infrastructure planner,3,Intuition,VP-004,Trust Infrastructure,"Unlocks action by reducing the cost of validation, compliance, and quality assurance.",OF-003,Trust and Adaptive Governance,Value Pattern VP-004 Trust Infrastructure -> Trust and Adaptive Governance,"Lower the cost of action under uncertainty by combining verification, readiness, and continuous re-alignment instead of static governance.","VP-004 Trust Infrastructure, VP-009 Adaptive Control",Why-now missing
C-0627,Continuity Markets,Coordinate,Coordinate work,Physical Operations,Supply chain manager,2,Pattern Evidence,VP-001,Workflow Compression,"Converts fragmented workflows into shorter cycle times, fewer stalls, and lower execution overhead.",OF-001,Operational Execution Infrastructure,Value Pattern VP-001 Workflow Compression -> Operational Execution Infrastructure,"Convert fragmented execution and lost context into faster cycle times, lower coordination overhead, and more repeatable operating throughput.","VP-001 Workflow Compression, VP-003 Memory Infrastructure",Low concept confidence; Primitive ambiguity; Why-now missing
C-0628,Strategic Simulation Studio,Simulate,Test scenarios,Operations,Operations executive,2,Intuition,VP-008,Pre-Commitment Foresight,Creates value by reducing the cost of uncertainty before irreversible action is taken.,OF-002,Decision and Foresight Infrastructure,Value Pattern VP-008 Pre-Commitment Foresight -> Decision and Foresight Infrastructure,"Raise judgment quality and reduce irreversible mistakes by turning weak signals, tradeoffs, and scenario uncertainty into clearer pre-commitment choices.","VP-002 Decision Advantage, VP-008 Pre-Commitment Foresight",Low concept confidence; Broad initial wedge; Why-now missing
C-0629,Trust Infrastructure,Verify,Verify quality,Infrastructure,Infrastructure planner,2,Intuition,VP-004,Trust Infrastructure,"Unlocks action by reducing the cost of validation, compliance, and quality assurance.",OF-003,Trust and Adaptive Governance,Value Pattern VP-004 Trust Infrastructure -> Trust and Adaptive Governance,"Lower the cost of action under uncertainty by combining verification, readiness, and continuous re-alignment instead of static governance.","VP-004 Trust Infrastructure, VP-009 Adaptive Control",Low concept confidence; Why-now missing
C-0630,National Resilience Index,Adapt,Adapt continuously,Infrastructure,Utility planner,4,Secondary Research,VP-009,Adaptive Control,Preserves performance by continuously re-tuning decisions and structures instead of letting them drift out of date.,OF-003,Trust and Adaptive Governance,Value Pattern VP-009 Adaptive Control -> Trust and Adaptive Governance,"Lower the cost of action under uncertainty by combining verification, readiness, and continuous re-alignment instead of static governance.","VP-004 Trust Infrastructure, VP-009 Adaptive Control",Why-now missing
C-0631,Orbital Logistics Layer,Optimize,Improve execution,Physical Operations,Supply chain manager,2,Intuition,VP-002,Decision Advantage,Improves the quality of prioritization and intervention decisions where mistakes or delays are expensive.,OF-002,Decision and Foresight Infrastructure,Value Pattern VP-002 Decision Advantage -> Decision and Foresight Infrastructure,"Raise judgment quality and reduce irreversible mistakes by turning weak signals, tradeoffs, and scenario uncertainty into clearer pre-commitment choices.","VP-002 Decision Advantage, VP-008 Pre-Commitment Foresight",Low concept confidence; Primitive ambiguity; Why-now missing
C-0632,Space Asset Exchange,Match,Match resources,Operations,Operations executive,2,Intuition,VP-005,Matching Liquidity,"Creates value by lowering search friction and increasing utilization, fit, or fill-rate in a constrained network.",OF-004,Discovery and Liquidity Networks,Value Pattern VP-005 Matching Liquidity -> Discovery and Liquidity Networks,Create upside by increasing what the user can see and lowering the search friction required to turn discovery into allocation.,"VP-005 Matching Liquidity, VP-006 Opportunity Surface Expansion",Low concept confidence; Primitive ambiguity; Broad initial wedge; Why-now missing
C-0633,Orbital Insurance Engine,Coordinate,Coordinate work,Operations,Operations executive,2,Pattern Evidence,VP-001,Workflow Compression,"Converts fragmented workflows into shorter cycle times, fewer stalls, and lower execution overhead.",OF-001,Operational Execution Infrastructure,Value Pattern VP-001 Workflow Compression -> Operational Execution Infrastructure,"Convert fragmented execution and lost context into faster cycle times, lower coordination overhead, and more repeatable operating throughput.","VP-001 Workflow Compression, VP-003 Memory Infrastructure",Low concept confidence; Primitive ambiguity; Broad initial wedge; Why-now missing
C-0634,Lunar Supply Network,Match,Match resources,Infrastructure,Infrastructure planner,2,Intuition,VP-005,Matching Liquidity,"Creates value by lowering search friction and increasing utilization, fit, or fill-rate in a constrained network.",OF-004,Discovery and Liquidity Networks,Value Pattern VP-005 Matching Liquidity -> Discovery and Liquidity Networks,Create upside by increasing what the user can see and lowering the search friction required to turn discovery into allocation.,"VP-005 Matching Liquidity, VP-006 Opportunity Surface Expansion",Low concept confidence; Primitive ambiguity; Why-now missing
C-0635,Planetary Digital Twin,Simulate,Test scenarios,Infrastructure,Infrastructure planner,2,Intuition,VP-008,Pre-Commitment Foresight,Creates value by reducing the cost of uncertainty before irreversible action is taken.,OF-002,Decision and Foresight Infrastructure,Value Pattern VP-008 Pre-Commitment Foresight -> Decision and Foresight Infrastructure,"Raise judgment quality and reduce irreversible mistakes by turning weak signals, tradeoffs, and scenario uncertainty into clearer pre-commitment choices.","VP-002 Decision Advantage, VP-008 Pre-Commitment Foresight",Low concept confidence; Why-now missing
C-0636,Autonomous Mission Planner,Coordinate,Coordinate work,Operations,Operations executive,2,Intuition,VP-001,Workflow Compression,"Converts fragmented workflows into shorter cycle times, fewer stalls, and lower execution overhead.",OF-001,Operational Execution Infrastructure,Value Pattern VP-001 Workflow Compression -> Operational Execution Infrastructure,"Convert fragmented execution and lost context into faster cycle times, lower coordination overhead, and more repeatable operating throughput.","VP-001 Workflow Compression, VP-003 Memory Infrastructure",Low concept confidence; Primitive ambiguity; Broad initial wedge; Why-now missing
C-0637,Space Resource Registry,Remember,Preserve context,Legal,Legal operations leader,3,Intuition,VP-003,Memory Infrastructure,"Transforms past operating knowledge into future leverage by lowering search, reconstruction, and onboarding costs.",OF-001,Operational Execution Infrastructure,Value Pattern VP-003 Memory Infrastructure -> Operational Execution Infrastructure,"Convert fragmented execution and lost context into faster cycle times, lower coordination overhead, and more repeatable operating throughput.","VP-001 Workflow Compression, VP-003 Memory Infrastructure",Why-now missing
C-0638,Space Manufacturing Scheduler,Coordinate,Coordinate work,Automation,Automation operations leader,2,Intuition,VP-001,Workflow Compression,"Converts fragmented workflows into shorter cycle times, fewer stalls, and lower execution overhead.",OF-001,Operational Execution Infrastructure,Value Pattern VP-001 Workflow Compression -> Operational Execution Infrastructure,"Convert fragmented execution and lost context into faster cycle times, lower coordination overhead, and more repeatable operating throughput.","VP-001 Workflow Compression, VP-003 Memory Infrastructure",Low concept confidence; Primitive ambiguity; Why-now missing
C-0639,Multi-Planet Compliance,Coordinate,Coordinate work,Operations,Operations executive,2,Intuition,VP-001,Workflow Compression,"Converts fragmented workflows into shorter cycle times, fewer stalls, and lower execution overhead.",OF-001,Operational Execution Infrastructure,Value Pattern VP-001 Workflow Compression -> Operational Execution Infrastructure,"Convert fragmented execution and lost context into faster cycle times, lower coordination overhead, and more repeatable operating throughput.","VP-001 Workflow Compression, VP-003 Memory Infrastructure",Low concept confidence; Primitive ambiguity; Broad initial wedge; Why-now missing
C-0640,Space Economy Ledger,Match,Match resources,Research,R&D leader,4,Secondary Research,VP-005,Matching Liquidity,"Creates value by lowering search friction and increasing utilization, fit, or fill-rate in a constrained network.",OF-004,Discovery and Liquidity Networks,Value Pattern VP-005 Matching Liquidity -> Discovery and Liquidity Networks,Create upside by increasing what the user can see and lowering the search friction required to turn discovery into allocation.,"VP-005 Matching Liquidity, VP-006 Opportunity Surface Expansion",Primitive ambiguity; Why-now missing
C-0641,Prediction Corporations,Predict,Predict outcomes,Operations,Operations executive,3,Intuition,VP-008,Pre-Commitment Foresight,Creates value by reducing the cost of uncertainty before irreversible action is taken.,OF-002,Decision and Foresight Infrastructure,Value Pattern VP-008 Pre-Commitment Foresight -> Decision and Foresight Infrastructure,"Raise judgment quality and reduce irreversible mistakes by turning weak signals, tradeoffs, and scenario uncertainty into clearer pre-commitment choices.","VP-002 Decision Advantage, VP-008 Pre-Commitment Foresight",Broad initial wedge; Why-now missing
C-0642,Autonomous Capital Allocation,Coordinate,Coordinate work,Operations,Operations executive,2,Intuition,VP-001,Workflow Compression,"Converts fragmented workflows into shorter cycle times, fewer stalls, and lower execution overhead.",OF-001,Operational Execution Infrastructure,Value Pattern VP-001 Workflow Compression -> Operational Execution Infrastructure,"Convert fragmented execution and lost context into faster cycle times, lower coordination overhead, and more repeatable operating throughput.","VP-001 Workflow Compression, VP-003 Memory Infrastructure",Low concept confidence; Primitive ambiguity; Broad initial wedge; Why-now missing
C-0643,Experiment Stock Market,Discover,Find opportunities,Operations,Operations executive,3,Pattern Evidence,VP-006,Opportunity Surface Expansion,"Creates upside by expanding the set of credible opportunities a team can see, compare, or pursue.",OF-004,Discovery and Liquidity Networks,Value Pattern VP-006 Opportunity Surface Expansion -> Discovery and Liquidity Networks,Create upside by increasing what the user can see and lowering the search friction required to turn discovery into allocation.,"VP-005 Matching Liquidity, VP-006 Opportunity Surface Expansion",Broad initial wedge; Why-now missing
C-0644,Knowledge Derivatives,Remember,Preserve context,Operations,Operations executive,3,Intuition,VP-003,Memory Infrastructure,"Transforms past operating knowledge into future leverage by lowering search, reconstruction, and onboarding costs.",OF-001,Operational Execution Infrastructure,Value Pattern VP-003 Memory Infrastructure -> Operational Execution Infrastructure,"Convert fragmented execution and lost context into faster cycle times, lower coordination overhead, and more repeatable operating throughput.","VP-001 Workflow Compression, VP-003 Memory Infrastructure",Broad initial wedge; Why-now missing
C-0645,Decision Exchanges,Optimize,Improve decisions,Operations,Operations executive,2,Intuition,VP-002,Decision Advantage,Improves the quality of prioritization and intervention decisions where mistakes or delays are expensive.,OF-002,Decision and Foresight Infrastructure,Value Pattern VP-002 Decision Advantage -> Decision and Foresight Infrastructure,"Raise judgment quality and reduce irreversible mistakes by turning weak signals, tradeoffs, and scenario uncertainty into clearer pre-commitment choices.","VP-002 Decision Advantage, VP-008 Pre-Commitment Foresight",Low concept confidence; Broad initial wedge; Why-now missing
C-0646,Trust Markets,Verify,Verify quality,Community,Community manager,3,Pattern Evidence,VP-004,Trust Infrastructure,"Unlocks action by reducing the cost of validation, compliance, and quality assurance.",OF-003,Trust and Adaptive Governance,Value Pattern VP-004 Trust Infrastructure -> Trust and Adaptive Governance,"Lower the cost of action under uncertainty by combining verification, readiness, and continuous re-alignment instead of static governance.","VP-004 Trust Infrastructure, VP-009 Adaptive Control",Why-now missing
C-0647,Opportunity Futures,Coordinate,Coordinate work,Public Sector,Public sector strategist,2,Intuition,VP-001,Workflow Compression,"Converts fragmented workflows into shorter cycle times, fewer stalls, and lower execution overhead.",OF-001,Operational Execution Infrastructure,Value Pattern VP-001 Workflow Compression -> Operational Execution Infrastructure,"Convert fragmented execution and lost context into faster cycle times, lower coordination overhead, and more repeatable operating throughput.","VP-001 Workflow Compression, VP-003 Memory Infrastructure",Low concept confidence; Primitive ambiguity; Broad initial wedge; Why-now missing
C-0648,Compound Asset Funds,Compound,Compound gains,Operations,Operations executive,2,Pattern Evidence,VP-007,Compounding Loops,Creates durable value through repeated-use reinforcement rather than one-time task completion.,OF-005,Capability Capital Platforms,Value Pattern VP-007 Compounding Loops -> Capability Capital Platforms,"Build durable leverage by ensuring each cycle leaves behind skills, assets, or operating capital that makes the next cycle stronger.","VP-007 Compounding Loops, VP-010 Assetization Engines",Low concept confidence; Primitive ambiguity; Broad initial wedge; Why-now missing
C-0649,Economic Simulation Layer,Simulate,Test scenarios,Operations,Operations executive,2,Intuition,VP-008,Pre-Commitment Foresight,Creates value by reducing the cost of uncertainty before irreversible action is taken.,OF-002,Decision and Foresight Infrastructure,Value Pattern VP-008 Pre-Commitment Foresight -> Decision and Foresight Infrastructure,"Raise judgment quality and reduce irreversible mistakes by turning weak signals, tradeoffs, and scenario uncertainty into clearer pre-commitment choices.","VP-002 Decision Advantage, VP-008 Pre-Commitment Foresight",Low concept confidence; Broad initial wedge; Why-now missing
C-0650,Market Creation Engine,Predict,Predict outcomes,Operations,Operations executive,4,Pattern Evidence,VP-008,Pre-Commitment Foresight,Creates value by reducing the cost of uncertainty before irreversible action is taken.,OF-002,Decision and Foresight Infrastructure,Value Pattern VP-008 Pre-Commitment Foresight -> Decision and Foresight Infrastructure,"Raise judgment quality and reduce irreversible mistakes by turning weak signals, tradeoffs, and scenario uncertainty into clearer pre-commitment choices.","VP-002 Decision Advantage, VP-008 Pre-Commitment Foresight",Broad initial wedge; Why-now missing
C-0651,Civilization Memory,Remember,Preserve context,Institutions,Individual professional,2,Pattern Evidence,VP-003,Memory Infrastructure,"Transforms past operating knowledge into future leverage by lowering search, reconstruction, and onboarding costs.",OF-001,Operational Execution Infrastructure,Value Pattern VP-003 Memory Infrastructure -> Operational Execution Infrastructure,"Convert fragmented execution and lost context into faster cycle times, lower coordination overhead, and more repeatable operating throughput.","VP-001 Workflow Compression, VP-003 Memory Infrastructure",Low concept confidence; Broad initial wedge; Why-now missing
C-0652,Coordination Protocol,Optimize,Improve decisions,Operations,Operations executive,3,Intuition,VP-002,Decision Advantage,Improves the quality of prioritization and intervention decisions where mistakes or delays are expensive.,OF-002,Decision and Foresight Infrastructure,Value Pattern VP-002 Decision Advantage -> Decision and Foresight Infrastructure,"Raise judgment quality and reduce irreversible mistakes by turning weak signals, tradeoffs, and scenario uncertainty into clearer pre-commitment choices.","VP-002 Decision Advantage, VP-008 Pre-Commitment Foresight",Broad initial wedge; Why-now missing
C-0653,Reality Verification Layer,Discover,Find opportunities,Research,R&D leader,2,Pattern Evidence,VP-006,Opportunity Surface Expansion,"Creates upside by expanding the set of credible opportunities a team can see, compare, or pursue.",OF-004,Discovery and Liquidity Networks,Value Pattern VP-006 Opportunity Surface Expansion -> Discovery and Liquidity Networks,Create upside by increasing what the user can see and lowering the search friction required to turn discovery into allocation.,"VP-005 Matching Liquidity, VP-006 Opportunity Surface Expansion",Low concept confidence; Primitive ambiguity; Why-now missing
C-0654,Human Capability Index,Verify,Verify quality,Public Sector,Public sector strategist,3,Intuition,VP-004,Trust Infrastructure,"Unlocks action by reducing the cost of validation, compliance, and quality assurance.",OF-003,Trust and Adaptive Governance,Value Pattern VP-004 Trust Infrastructure -> Trust and Adaptive Governance,"Lower the cost of action under uncertainty by combining verification, readiness, and continuous re-alignment instead of static governance.","VP-004 Trust Infrastructure, VP-009 Adaptive Control",Broad initial wedge; Why-now missing
C-0655,Discovery Exchange,Discover,Find opportunities,Operations,Operations executive,2,Intuition,VP-006,Opportunity Surface Expansion,"Creates upside by expanding the set of credible opportunities a team can see, compare, or pursue.",OF-004,Discovery and Liquidity Networks,Value Pattern VP-006 Opportunity Surface Expansion -> Discovery and Liquidity Networks,Create upside by increasing what the user can see and lowering the search friction required to turn discovery into allocation.,"VP-005 Matching Liquidity, VP-006 Opportunity Surface Expansion",Low concept confidence; Broad initial wedge; Why-now missing
C-0656,Collective Intelligence Engine,Optimize,Improve decisions,Operations,Operations executive,3,Pattern Evidence,VP-002,Decision Advantage,Improves the quality of prioritization and intervention decisions where mistakes or delays are expensive.,OF-002,Decision and Foresight Infrastructure,Value Pattern VP-002 Decision Advantage -> Decision and Foresight Infrastructure,"Raise judgment quality and reduce irreversible mistakes by turning weak signals, tradeoffs, and scenario uncertainty into clearer pre-commitment choices.","VP-002 Decision Advantage, VP-008 Pre-Commitment Foresight",Broad initial wedge; Why-now missing
C-0657,Optionality Market,Coordinate,Coordinate work,Operations,Operations executive,2,Pattern Evidence,VP-001,Workflow Compression,"Converts fragmented workflows into shorter cycle times, fewer stalls, and lower execution overhead.",OF-001,Operational Execution Infrastructure,Value Pattern VP-001 Workflow Compression -> Operational Execution Infrastructure,"Convert fragmented execution and lost context into faster cycle times, lower coordination overhead, and more repeatable operating throughput.","VP-001 Workflow Compression, VP-003 Memory Infrastructure",Low concept confidence; Primitive ambiguity; Broad initial wedge; Why-now missing
C-0658,Civilization Simulator,Simulate,Test scenarios,Institutions,Public sector strategist,2,Intuition,VP-008,Pre-Commitment Foresight,Creates value by reducing the cost of uncertainty before irreversible action is taken.,OF-002,Decision and Foresight Infrastructure,Value Pattern VP-008 Pre-Commitment Foresight -> Decision and Foresight Infrastructure,"Raise judgment quality and reduce irreversible mistakes by turning weak signals, tradeoffs, and scenario uncertainty into clearer pre-commitment choices.","VP-002 Decision Advantage, VP-008 Pre-Commitment Foresight",Low concept confidence; Broad initial wedge; Why-now missing
C-0659,Progress Index,Verify,Verify quality,Institutions,Public sector strategist,2,Intuition,VP-004,Trust Infrastructure,"Unlocks action by reducing the cost of validation, compliance, and quality assurance.",OF-003,Trust and Adaptive Governance,Value Pattern VP-004 Trust Infrastructure -> Trust and Adaptive Governance,"Lower the cost of action under uncertainty by combining verification, readiness, and continuous re-alignment instead of static governance.","VP-004 Trust Infrastructure, VP-009 Adaptive Control",Low concept confidence; Broad initial wedge; Why-now missing
C-0660,Possibility Infrastructure,Discover,Find opportunities,Institutions,Public sector strategist,4,Pattern Evidence,VP-006,Opportunity Surface Expansion,"Creates upside by expanding the set of credible opportunities a team can see, compare, or pursue.",OF-004,Discovery and Liquidity Networks,Value Pattern VP-006 Opportunity Surface Expansion -> Discovery and Liquidity Networks,Create upside by increasing what the user can see and lowering the search friction required to turn discovery into allocation.,"VP-005 Matching Liquidity, VP-006 Opportunity Surface Expansion",Broad initial wedge; Why-now missing
C-0661,Opportunity Operating System,Discover,Find opportunities,Talent,Learning and development leader,2,Pattern Evidence,VP-006,Opportunity Surface Expansion,"Creates upside by expanding the set of credible opportunities a team can see, compare, or pursue.",OF-004,Discovery and Liquidity Networks,Value Pattern VP-006 Opportunity Surface Expansion -> Discovery and Liquidity Networks,Create upside by increasing what the user can see and lowering the search friction required to turn discovery into allocation.,"VP-005 Matching Liquidity, VP-006 Opportunity Surface Expansion",Low concept confidence; Why-now missing
C-0662,Civilization Memory Network,Remember,Preserve context,Institutions,Community manager,2,Pattern Evidence,VP-003,Memory Infrastructure,"Transforms past operating knowledge into future leverage by lowering search, reconstruction, and onboarding costs.",OF-001,Operational Execution Infrastructure,Value Pattern VP-003 Memory Infrastructure -> Operational Execution Infrastructure,"Convert fragmented execution and lost context into faster cycle times, lower coordination overhead, and more repeatable operating throughput.","VP-001 Workflow Compression, VP-003 Memory Infrastructure",Low concept confidence; Why-now missing
C-0663,Decision Capital,Optimize,Improve decisions,Operations,Operations executive,2,Pattern Evidence,VP-002,Decision Advantage,Improves the quality of prioritization and intervention decisions where mistakes or delays are expensive.,OF-002,Decision and Foresight Infrastructure,Value Pattern VP-002 Decision Advantage -> Decision and Foresight Infrastructure,"Raise judgment quality and reduce irreversible mistakes by turning weak signals, tradeoffs, and scenario uncertainty into clearer pre-commitment choices.","VP-002 Decision Advantage, VP-008 Pre-Commitment Foresight",Low concept confidence; Broad initial wedge; Why-now missing
C-0664,Human Capability Engine,Verify,Verify quality,Talent,Learning and development leader,2,Pattern Evidence,VP-004,Trust Infrastructure,"Unlocks action by reducing the cost of validation, compliance, and quality assurance.",OF-003,Trust and Adaptive Governance,Value Pattern VP-004 Trust Infrastructure -> Trust and Adaptive Governance,"Lower the cost of action under uncertainty by combining verification, readiness, and continuous re-alignment instead of static governance.","VP-004 Trust Infrastructure, VP-009 Adaptive Control",Low concept confidence; Why-now missing
C-0665,Organizational Evolution Layer,Compound,Compound gains,Operations,Operations executive,2,Pattern Evidence,VP-007,Compounding Loops,Creates durable value through repeated-use reinforcement rather than one-time task completion.,OF-005,Capability Capital Platforms,Value Pattern VP-007 Compounding Loops -> Capability Capital Platforms,"Build durable leverage by ensuring each cycle leaves behind skills, assets, or operating capital that makes the next cycle stronger.","VP-007 Compounding Loops, VP-010 Assetization Engines",Low concept confidence; Broad initial wedge; Why-now missing
C-0666,Reality Engine,Predict,Predict outcomes,Research,R&D leader,2,Pattern Evidence,VP-008,Pre-Commitment Foresight,Creates value by reducing the cost of uncertainty before irreversible action is taken.,OF-002,Decision and Foresight Infrastructure,Value Pattern VP-008 Pre-Commitment Foresight -> Decision and Foresight Infrastructure,"Raise judgment quality and reduce irreversible mistakes by turning weak signals, tradeoffs, and scenario uncertainty into clearer pre-commitment choices.","VP-002 Decision Advantage, VP-008 Pre-Commitment Foresight",Low concept confidence; Why-now missing
C-0667,Future Possibility Engine,Discover,Find opportunities,Public Sector,Public sector strategist,2,Pattern Evidence,VP-006,Opportunity Surface Expansion,"Creates upside by expanding the set of credible opportunities a team can see, compare, or pursue.",OF-004,Discovery and Liquidity Networks,Value Pattern VP-006 Opportunity Surface Expansion -> Discovery and Liquidity Networks,Create upside by increasing what the user can see and lowering the search friction required to turn discovery into allocation.,"VP-005 Matching Liquidity, VP-006 Opportunity Surface Expansion",Low concept confidence; Primitive ambiguity; Broad initial wedge; Why-now missing
C-0668,Adaptive Society Layer,Adapt,Adapt continuously,Institutions,Public sector strategist,2,Pattern Evidence,VP-009,Adaptive Control,Preserves performance by continuously re-tuning decisions and structures instead of letting them drift out of date.,OF-003,Trust and Adaptive Governance,Value Pattern VP-009 Adaptive Control -> Trust and Adaptive Governance,"Lower the cost of action under uncertainty by combining verification, readiness, and continuous re-alignment instead of static governance.","VP-004 Trust Infrastructure, VP-009 Adaptive Control",Low concept confidence; Why-now missing
C-0669,Asset Evolution Engine,Compound,Compound gains,Public Sector,Public sector strategist,2,Pattern Evidence,VP-007,Compounding Loops,Creates durable value through repeated-use reinforcement rather than one-time task completion.,OF-005,Capability Capital Platforms,Value Pattern VP-007 Compounding Loops -> Capability Capital Platforms,"Build durable leverage by ensuring each cycle leaves behind skills, assets, or operating capital that makes the next cycle stronger.","VP-007 Compounding Loops, VP-010 Assetization Engines",Low concept confidence; Primitive ambiguity; Broad initial wedge; Why-now missing
C-0670,Trust Infrastructure,Verify,Verify quality,Operations,Operations executive,4,Secondary Research,VP-004,Trust Infrastructure,"Unlocks action by reducing the cost of validation, compliance, and quality assurance.",OF-003,Trust and Adaptive Governance,Value Pattern VP-004 Trust Infrastructure -> Trust and Adaptive Governance,"Lower the cost of action under uncertainty by combining verification, readiness, and continuous re-alignment instead of static governance.","VP-004 Trust Infrastructure, VP-009 Adaptive Control",Broad initial wedge; Why-now missing
C-0671,Company MRI,Remember,Preserve context,Operations,Operations executive,2,Pattern Evidence,VP-003,Memory Infrastructure,"Transforms past operating knowledge into future leverage by lowering search, reconstruction, and onboarding costs.",OF-001,Operational Execution Infrastructure,Value Pattern VP-003 Memory Infrastructure -> Operational Execution Infrastructure,"Convert fragmented execution and lost context into faster cycle times, lower coordination overhead, and more repeatable operating throughput.","VP-001 Workflow Compression, VP-003 Memory Infrastructure",Low concept confidence; Broad initial wedge; Why-now missing
C-0672,Civilization Apprenticeship,Discover,Find opportunities,Institutions,Individual professional,2,Pattern Evidence,VP-006,Opportunity Surface Expansion,"Creates upside by expanding the set of credible opportunities a team can see, compare, or pursue.",OF-004,Discovery and Liquidity Networks,Value Pattern VP-006 Opportunity Surface Expansion -> Discovery and Liquidity Networks,Create upside by increasing what the user can see and lowering the search friction required to turn discovery into allocation.,"VP-005 Matching Liquidity, VP-006 Opportunity Surface Expansion",Low concept confidence; Broad initial wedge; Why-now missing
C-0673,Opportunity Genome,Discover,Find opportunities,Public Sector,Public sector strategist,2,Pattern Evidence,VP-006,Opportunity Surface Expansion,"Creates upside by expanding the set of credible opportunities a team can see, compare, or pursue.",OF-004,Discovery and Liquidity Networks,Value Pattern VP-006 Opportunity Surface Expansion -> Discovery and Liquidity Networks,Create upside by increasing what the user can see and lowering the search friction required to turn discovery into allocation.,"VP-005 Matching Liquidity, VP-006 Opportunity Surface Expansion",Low concept confidence; Broad initial wedge; Why-now missing
C-0674,Compounding Company,Compound,Compound gains,Operations,Operations executive,2,Pattern Evidence,VP-007,Compounding Loops,Creates durable value through repeated-use reinforcement rather than one-time task completion.,OF-005,Capability Capital Platforms,Value Pattern VP-007 Compounding Loops -> Capability Capital Platforms,"Build durable leverage by ensuring each cycle leaves behind skills, assets, or operating capital that makes the next cycle stronger.","VP-007 Compounding Loops, VP-010 Assetization Engines",Low concept confidence; Broad initial wedge; Why-now missing
C-0675,Reality Capital,Predict,Predict outcomes,Public Sector,Public sector strategist,2,Pattern Evidence,VP-008,Pre-Commitment Foresight,Creates value by reducing the cost of uncertainty before irreversible action is taken.,OF-002,Decision and Foresight Infrastructure,Value Pattern VP-008 Pre-Commitment Foresight -> Decision and Foresight Infrastructure,"Raise judgment quality and reduce irreversible mistakes by turning weak signals, tradeoffs, and scenario uncertainty into clearer pre-commitment choices.","VP-002 Decision Advantage, VP-008 Pre-Commitment Foresight",Low concept confidence; Broad initial wedge; Why-now missing
C-0676,Discovery Factory,Discover,Find opportunities,Operations,Operations executive,2,Pattern Evidence,VP-006,Opportunity Surface Expansion,"Creates upside by expanding the set of credible opportunities a team can see, compare, or pursue.",OF-004,Discovery and Liquidity Networks,Value Pattern VP-006 Opportunity Surface Expansion -> Discovery and Liquidity Networks,Create upside by increasing what the user can see and lowering the search friction required to turn discovery into allocation.,"VP-005 Matching Liquidity, VP-006 Opportunity Surface Expansion",Low concept confidence; Broad initial wedge; Why-now missing
C-0677,Human Leverage Engine,Optimize,Improve capability,Talent,Learning and development leader,2,Pattern Evidence,VP-002,Decision Advantage,Improves the quality of prioritization and intervention decisions where mistakes or delays are expensive.,OF-002,Decision and Foresight Infrastructure,Value Pattern VP-002 Decision Advantage -> Decision and Foresight Infrastructure,"Raise judgment quality and reduce irreversible mistakes by turning weak signals, tradeoffs, and scenario uncertainty into clearer pre-commitment choices.","VP-002 Decision Advantage, VP-008 Pre-Commitment Foresight",Low concept confidence; Why-now missing
C-0678,Future Readiness Index,Verify,Verify quality,Public Sector,Public sector strategist,2,Intuition,VP-004,Trust Infrastructure,"Unlocks action by reducing the cost of validation, compliance, and quality assurance.",OF-003,Trust and Adaptive Governance,Value Pattern VP-004 Trust Infrastructure -> Trust and Adaptive Governance,"Lower the cost of action under uncertainty by combining verification, readiness, and continuous re-alignment instead of static governance.","VP-004 Trust Infrastructure, VP-009 Adaptive Control",Low concept confidence; Broad initial wedge; Why-now missing
C-0679,Possibility Studio,Discover,Find opportunities,Physical Operations,Quality manager,2,Pattern Evidence,VP-006,Opportunity Surface Expansion,"Creates upside by expanding the set of credible opportunities a team can see, compare, or pursue.",OF-004,Discovery and Liquidity Networks,Value Pattern VP-006 Opportunity Surface Expansion -> Discovery and Liquidity Networks,Create upside by increasing what the user can see and lowering the search friction required to turn discovery into allocation.,"VP-005 Matching Liquidity, VP-006 Opportunity Surface Expansion",Low concept confidence; Primitive ambiguity; Why-now missing
C-0680,Adaptive Knowledge Layer,Adapt,Adapt continuously,Operations,Operations executive,3,Secondary Research,VP-009,Adaptive Control,Preserves performance by continuously re-tuning decisions and structures instead of letting them drift out of date.,OF-003,Trust and Adaptive Governance,Value Pattern VP-009 Adaptive Control -> Trust and Adaptive Governance,"Lower the cost of action under uncertainty by combining verification, readiness, and continuous re-alignment instead of static governance.","VP-004 Trust Infrastructure, VP-009 Adaptive Control",Primitive ambiguity; Broad initial wedge; Why-now missing
C-0681,Capability Cloud,Verify,Verify quality,Operations,Operations executive,2,Pattern Evidence,VP-004,Trust Infrastructure,"Unlocks action by reducing the cost of validation, compliance, and quality assurance.",OF-003,Trust and Adaptive Governance,Value Pattern VP-004 Trust Infrastructure -> Trust and Adaptive Governance,"Lower the cost of action under uncertainty by combining verification, readiness, and continuous re-alignment instead of static governance.","VP-004 Trust Infrastructure, VP-009 Adaptive Control",Low concept confidence; Broad initial wedge; Why-now missing
C-0682,Opportunity Exchange,Discover,Find opportunities,Public Sector,Public sector strategist,2,Pattern Evidence,VP-006,Opportunity Surface Expansion,"Creates upside by expanding the set of credible opportunities a team can see, compare, or pursue.",OF-004,Discovery and Liquidity Networks,Value Pattern VP-006 Opportunity Surface Expansion -> Discovery and Liquidity Networks,Create upside by increasing what the user can see and lowering the search friction required to turn discovery into allocation.,"VP-005 Matching Liquidity, VP-006 Opportunity Surface Expansion",Low concept confidence; Broad initial wedge; Why-now missing
C-0683,Evidence Economy,Predict,Predict outcomes,Physical Operations,Quality manager,2,Pattern Evidence,VP-008,Pre-Commitment Foresight,Creates value by reducing the cost of uncertainty before irreversible action is taken.,OF-002,Decision and Foresight Infrastructure,Value Pattern VP-008 Pre-Commitment Foresight -> Decision and Foresight Infrastructure,"Raise judgment quality and reduce irreversible mistakes by turning weak signals, tradeoffs, and scenario uncertainty into clearer pre-commitment choices.","VP-002 Decision Advantage, VP-008 Pre-Commitment Foresight",Low concept confidence; Why-now missing
C-0684,Human Evolution Engine,Compound,Compound capability,Talent,Learning and development leader,2,Pattern Evidence,VP-007,Compounding Loops,Creates durable value through repeated-use reinforcement rather than one-time task completion.,OF-005,Capability Capital Platforms,Value Pattern VP-007 Compounding Loops -> Capability Capital Platforms,"Build durable leverage by ensuring each cycle leaves behind skills, assets, or operating capital that makes the next cycle stronger.","VP-007 Compounding Loops, VP-010 Assetization Engines",Low concept confidence; Why-now missing
C-0685,Company Genome,Compound,Compound gains,Operations,Operations executive,2,Pattern Evidence,VP-007,Compounding Loops,Creates durable value through repeated-use reinforcement rather than one-time task completion.,OF-005,Capability Capital Platforms,Value Pattern VP-007 Compounding Loops -> Capability Capital Platforms,"Build durable leverage by ensuring each cycle leaves behind skills, assets, or operating capital that makes the next cycle stronger.","VP-007 Compounding Loops, VP-010 Assetization Engines",Low concept confidence; Broad initial wedge; Why-now missing
C-0686,Discovery Venture Studio,Discover,Find opportunities,Physical Operations,Plant manager,2,Pattern Evidence,VP-006,Opportunity Surface Expansion,"Creates upside by expanding the set of credible opportunities a team can see, compare, or pursue.",OF-004,Discovery and Liquidity Networks,Value Pattern VP-006 Opportunity Surface Expansion -> Discovery and Liquidity Networks,Create upside by increasing what the user can see and lowering the search friction required to turn discovery into allocation.,"VP-005 Matching Liquidity, VP-006 Opportunity Surface Expansion",Low concept confidence; Why-now missing
C-0687,Personal Capital Engine,Compound,Compound gains,Public Sector,Public sector strategist,2,Pattern Evidence,VP-007,Compounding Loops,Creates durable value through repeated-use reinforcement rather than one-time task completion.,OF-005,Capability Capital Platforms,Value Pattern VP-007 Compounding Loops -> Capability Capital Platforms,"Build durable leverage by ensuring each cycle leaves behind skills, assets, or operating capital that makes the next cycle stronger.","VP-007 Compounding Loops, VP-010 Assetization Engines",Low concept confidence; Primitive ambiguity; Broad initial wedge; Why-now missing
C-0688,Adaptive Civilization Layer,Adapt,Adapt continuously,Institutions,Individual professional,2,Pattern Evidence,VP-009,Adaptive Control,Preserves performance by continuously re-tuning decisions and structures instead of letting them drift out of date.,OF-003,Trust and Adaptive Governance,Value Pattern VP-009 Adaptive Control -> Trust and Adaptive Governance,"Lower the cost of action under uncertainty by combining verification, readiness, and continuous re-alignment instead of static governance.","VP-004 Trust Infrastructure, VP-009 Adaptive Control",Low concept confidence; Why-now missing
C-0689,Trust OS,Verify,Verify quality,Operations,Operations executive,2,Pattern Evidence,VP-004,Trust Infrastructure,"Unlocks action by reducing the cost of validation, compliance, and quality assurance.",OF-003,Trust and Adaptive Governance,Value Pattern VP-004 Trust Infrastructure -> Trust and Adaptive Governance,"Lower the cost of action under uncertainty by combining verification, readiness, and continuous re-alignment instead of static governance.","VP-004 Trust Infrastructure, VP-009 Adaptive Control",Low concept confidence; Broad initial wedge; Why-now missing
C-0690,Possibility Capital,Discover,Find opportunities,Public Sector,Public sector strategist,4,Secondary Research,VP-006,Opportunity Surface Expansion,"Creates upside by expanding the set of credible opportunities a team can see, compare, or pursue.",OF-004,Discovery and Liquidity Networks,Value Pattern VP-006 Opportunity Surface Expansion -> Discovery and Liquidity Networks,Create upside by increasing what the user can see and lowering the search friction required to turn discovery into allocation.,"VP-005 Matching Liquidity, VP-006 Opportunity Surface Expansion",Broad initial wedge; Why-now missing
C-0691,Global Opportunity Exchange,Discover,Find opportunities,Public Sector,Public sector strategist,2,Pattern Evidence,VP-006,Opportunity Surface Expansion,"Creates upside by expanding the set of credible opportunities a team can see, compare, or pursue.",OF-004,Discovery and Liquidity Networks,Value Pattern VP-006 Opportunity Surface Expansion -> Discovery and Liquidity Networks,Create upside by increasing what the user can see and lowering the search friction required to turn discovery into allocation.,"VP-005 Matching Liquidity, VP-006 Opportunity Surface Expansion",Low concept confidence; Primitive ambiguity; Broad initial wedge; Why-now missing
C-0692,Human Capability Standard,Optimize,Improve decisions,Operations,Operations executive,2,Pattern Evidence,VP-002,Decision Advantage,Improves the quality of prioritization and intervention decisions where mistakes or delays are expensive.,OF-002,Decision and Foresight Infrastructure,Value Pattern VP-002 Decision Advantage -> Decision and Foresight Infrastructure,"Raise judgment quality and reduce irreversible mistakes by turning weak signals, tradeoffs, and scenario uncertainty into clearer pre-commitment choices.","VP-002 Decision Advantage, VP-008 Pre-Commitment Foresight",Low concept confidence; Broad initial wedge; Why-now missing
C-0693,Reality Ledger,Verify,Verify quality,Healthcare,Care coordinator,2,Pattern Evidence,VP-004,Trust Infrastructure,"Unlocks action by reducing the cost of validation, compliance, and quality assurance.",OF-003,Trust and Adaptive Governance,Value Pattern VP-004 Trust Infrastructure -> Trust and Adaptive Governance,"Lower the cost of action under uncertainty by combining verification, readiness, and continuous re-alignment instead of static governance.","VP-004 Trust Infrastructure, VP-009 Adaptive Control",Low concept confidence; Primitive ambiguity; Why-now missing
C-0694,Compound IP,Compound,Compound gains,Content & IP,Creator,2,Pattern Evidence,VP-007,Compounding Loops,Creates durable value through repeated-use reinforcement rather than one-time task completion.,OF-005,Capability Capital Platforms,Value Pattern VP-007 Compounding Loops -> Capability Capital Platforms,"Build durable leverage by ensuring each cycle leaves behind skills, assets, or operating capital that makes the next cycle stronger.","VP-007 Compounding Loops, VP-010 Assetization Engines",Low concept confidence; Primitive ambiguity; Why-now missing
C-0695,Collective Discovery Network,Discover,Find opportunities,Research,Research scientist,2,Pattern Evidence,VP-006,Opportunity Surface Expansion,"Creates upside by expanding the set of credible opportunities a team can see, compare, or pursue.",OF-004,Discovery and Liquidity Networks,Value Pattern VP-006 Opportunity Surface Expansion -> Discovery and Liquidity Networks,Create upside by increasing what the user can see and lowering the search friction required to turn discovery into allocation.,"VP-005 Matching Liquidity, VP-006 Opportunity Surface Expansion",Low concept confidence; Why-now missing
C-0696,Optionality Exchange,Match,Match resources,Operations,Operations executive,2,Intuition,VP-005,Matching Liquidity,"Creates value by lowering search friction and increasing utilization, fit, or fill-rate in a constrained network.",OF-004,Discovery and Liquidity Networks,Value Pattern VP-005 Matching Liquidity -> Discovery and Liquidity Networks,Create upside by increasing what the user can see and lowering the search friction required to turn discovery into allocation.,"VP-005 Matching Liquidity, VP-006 Opportunity Surface Expansion",Low concept confidence; Primitive ambiguity; Broad initial wedge; Why-now missing
C-0697,Civilization Dashboard,Optimize,Improve decisions,Institutions,Operations executive,2,Pattern Evidence,VP-002,Decision Advantage,Improves the quality of prioritization and intervention decisions where mistakes or delays are expensive.,OF-002,Decision and Foresight Infrastructure,Value Pattern VP-002 Decision Advantage -> Decision and Foresight Infrastructure,"Raise judgment quality and reduce irreversible mistakes by turning weak signals, tradeoffs, and scenario uncertainty into clearer pre-commitment choices.","VP-002 Decision Advantage, VP-008 Pre-Commitment Foresight",Low concept confidence; Broad initial wedge; Why-now missing
C-0698,Adaptive Institutions,Adapt,Adapt continuously,Institutions,Public sector strategist,2,Pattern Evidence,VP-009,Adaptive Control,Preserves performance by continuously re-tuning decisions and structures instead of letting them drift out of date.,OF-003,Trust and Adaptive Governance,Value Pattern VP-009 Adaptive Control -> Trust and Adaptive Governance,"Lower the cost of action under uncertainty by combining verification, readiness, and continuous re-alignment instead of static governance.","VP-004 Trust Infrastructure, VP-009 Adaptive Control",Low concept confidence; Broad initial wedge; Why-now missing
C-0699,Leverage Index,Verify,Verify quality,Operations,Operations executive,2,Pattern Evidence,VP-004,Trust Infrastructure,"Unlocks action by reducing the cost of validation, compliance, and quality assurance.",OF-003,Trust and Adaptive Governance,Value Pattern VP-004 Trust Infrastructure -> Trust and Adaptive Governance,"Lower the cost of action under uncertainty by combining verification, readiness, and continuous re-alignment instead of static governance.","VP-004 Trust Infrastructure, VP-009 Adaptive Control",Low concept confidence; Broad initial wedge; Why-now missing
C-0700,Possibility Network,Discover,Find opportunities,Institutions,Public sector strategist,3,Pattern Evidence,VP-006,Opportunity Surface Expansion,"Creates upside by expanding the set of credible opportunities a team can see, compare, or pursue.",OF-004,Discovery and Liquidity Networks,Value Pattern VP-006 Opportunity Surface Expansion -> Discovery and Liquidity Networks,Create upside by increasing what the user can see and lowering the search friction required to turn discovery into allocation.,"VP-005 Matching Liquidity, VP-006 Opportunity Surface Expansion",Broad initial wedge; Why-now missing
